<?xml version="1.0" encoding="UTF-8"?>
<TEI xmlns="http://www.tei-c.org/ns/1.0" xml:id="F0000598" xml:lang="sl">
   <teiHeader>
      <fileDesc>
         <titleStmt>
            <title>ccKRES: Dolenjski list (2001-05)</title>
            <funder>Operacijo delno financira Evropska unija iz Evropskega socialnega sklada ter Ministrstvo za šolstvo in šport. Operacija se izvaja v okviru Operativnega programa razvoja človeških virov za obdobje 2007-2013, razvojne prioritete: razvoj človeških virov in vseživljenjskega učenja; prednostne usmeritve: izboljšanje kakovosti in učinkovitosti sistemov izobraževanja in usposabljanja 2007-2013.</funder>
         </titleStmt>
         <editionStmt>
            <edition>1.0</edition>
         </editionStmt>
         <extent>637 besed</extent>
         <publicationStmt>
            <idno>DL5_01</idno>
            <availability status="free">
               <p xml:lang="sl">Avtorske pravice za to izdajo ureja licenca <ref target="http://creativecommons.org/licenses/by-nc/2.5/si/">Creative Commons Priznanje avtorstva-Nekomercialno 2.5 Slovenija</ref>.</p>
               <p xml:lang="en">This work is licenced under the <ref target="http://creativecommons.org/licenses/by-nc/2.5/si/deed.en">Creative Commons Attribution-Noncommercial 2.5 Slovenia</ref>.</p>
            </availability>
            <date>2012-05-06</date>
         </publicationStmt>
         <sourceDesc>
            <bibl>
               <title>Dolenjski list</title>
               <author n="???">neznani novinar</author>
               <date>2001-05</date>
               <publisher n="Dolenjski list">Dolenjski list</publisher>
               <note type="sourceLang">sl</note>
            </bibl>
         </sourceDesc>
      </fileDesc>
      <encodingDesc>
         <projectDesc>
            <p xml:lang="sl">Glej <ref target="http://www.korpus-kres.net/">www.korpus-kres.net</ref> oz. <ref target="http://nl.ijs.si/ssj/">nl.ijs.si/ssj</ref>.</p>
            <p xml:lang="en">See <ref target="http://www.korpus-kres.net/">www.korpus-kres.net</ref> or <ref target="http://nl.ijs.si/ssj/">nl.ijs.si/ssj</ref>.</p>
         </projectDesc>
         <samplingDecl>
            <p xml:lang="sl">
            Besedila in odstavki v korpusu KRES so bili vzorčeni iz
            Gigafide tako, da smo dobili 100-milijonski referenčni
            korpus, v katerem so besedila uravnotežena po vnaprej
            določenih taksonomskih deležih in po podatkih o branosti
            vira (časopisi, revije, novičarski portali).  Korpus
            ccKRES nato, z namenom, da je lahko dostopen po licenci CC,
            vsebuje 10 % naključno vzorčenih odstavkov besedil iz
            korpusa KRES, torej 10 milijonov besed.
	    Več o sestavi korpusa lahko preberete na 
            <ref target="http://www.korpus-kres.net/">www.korpus-kres.net</ref> oz.
            <ref target="http://nl.ijs.si/ssj/">nl.ijs.si/ssj</ref>.
	  </p>
            <p xml:lang="en">
            Texts and paragraphs in the KRES corpus have been sampled from the 
	    Gigafida corpus. The result of the sampling is a 100-million-word 
	    reference corpus. The texts in KRES are balanced according to the 
	    predetermined categories, with particular consideration being paid to 
	    the data on the popularity of the source (newspapers, magazines, 
	    Internet news sites). 
	    To enable free (CC) distribution of the corpus, the ccKRES corpus contains 
	    10% of randomly sampled paragraphs from KRES, i.e. contains 10 million words.
	    For more information about the contents of the corpus, 
	    see <ref target="http://www.korpus-kres.net/">www.korpus-kres.net</ref>
	    and <ref target="http://nl.ijs.si/ssj/">nl.ijs.si/ssj</ref>.
	  </p>
         </samplingDecl>
         <tagsDecl>
            <namespace name="http://www.tei-c.org/ns/1.0">
               <tagUsage gi="p" occurs="13"/>
               <tagUsage gi="s" occurs="37"/>
               <tagUsage gi="c" occurs="100"/>
               <tagUsage gi="S" occurs="626"/>
               <tagUsage gi="w" occurs="637"/>
            </namespace>
         </tagsDecl>
         <classDecl>
            <taxonomy xml:id="SSJ">
               <category xml:id="SSJ.T">
                  <catDesc>tisk</catDesc>
                  <category xml:id="SSJ.T.K">
                     <catDesc>knjižno</catDesc>
                     <category xml:id="SSJ.T.K.L">
                        <catDesc>leposlovno</catDesc>
                     </category>
                     <category xml:id="SSJ.T.K.S">
                        <catDesc>strokovno</catDesc>
                     </category>
                  </category>
                  <category xml:id="SSJ.T.P">
                     <catDesc>periodično</catDesc>
                     <category xml:id="SSJ.T.P.C">
                        <catDesc>časopis</catDesc>
                     </category>
                     <category xml:id="SSJ.T.P.R">
                        <catDesc>revija</catDesc>
                     </category>
                  </category>
                  <category xml:id="SSJ.T.D">
                     <catDesc>drugo</catDesc>
                  </category>
               </category>
               <category xml:id="SSJ.I">
                  <catDesc>internet</catDesc>
               </category>
            </taxonomy>
         </classDecl>
      </encodingDesc>
      <profileDesc>
         <textClass>
            <catRef target="#SSJ.T.P.C"/>
         </textClass>
      </profileDesc>
   </teiHeader>
   <text xml:id="F0000598." xml:lang="sl">
      <body>
         <p xml:id="F0000598.000122">
            <s>
               <w msd="Rsn" lemma="spet">Spet</w>
               <S/>
               <w msd="Ggnstm" lemma="oživljati">oživljajo</w>
               <S/>
               <w msd="Ppnsei" lemma="kulturen">Kulturno</w>
               <c>-</c>
               <w msd="Ppnsei" lemma="umetniški">umetniško</w>
               <S/>
               <w msd="Sosei" lemma="društvo">društvo</w>
               <S/>
               <c>-</c>
               <S/>
               <w msd="Sozei" lemma="predsednica">Predsednica</w>
               <S/>
               <w msd="Soser" lemma="društvo">društva</w>
               <S/>
               <w msd="Gp-ste-n" lemma="biti">je</w>
               <S/>
               <w msd="Slzei" lemma="Magda">Magda</w>
               <S/>
               <w msd="Slmei" lemma="Kastelic">Kastelic</w>
               <S/>
               <c>-</c>
               <S/>
               <w msd="Slmei" lemma="Hočevar">Hočevar</w>
            </s>
         </p>
         <p xml:id="F0000598.000452">
            <s>
               <w msd="Sosei" lemma="dopolnilo">Dopolnilo</w>
               <S/>
               <w msd="Somer" lemma="poslanec">poslanca</w>
               <S/>
               <w msd="Slmer" lemma="Vizjak">Vizjaka</w>
               <S/>
               <w msd="Ggnste" lemma="izhajati">izhaja</w>
               <S/>
               <w msd="L" lemma="tudi">tudi</w>
               <S/>
               <w msd="Dr" lemma="iz">iz</w>
               <S/>
               <w msd="Sozer" lemma="obveza">obveze</w>
               <S/>
               <w msd="Slzer" lemma="Slovenija">Slovenije</w>
               <S/>
               <w msd="Dr" lemma="do">do</w>
               <S/>
               <w msd="Ppnzer" lemma="evropski">Evropske</w>
               <S/>
               <w msd="Sozer" lemma="skupnost">skupnosti</w>
               <c>,</c>
               <S/>
               <w msd="Vd" lemma="da">da</w>
               <S/>
               <w msd="Ggnspm" lemma="morati">moramo</w>
               <S/>
               <w msd="Dm" lemma="v">v</w>
               <S/>
               <w msd="Slzem" lemma="Slovenija">Sloveniji</w>
               <S/>
               <w msd="Rsr" lemma="bolj">bolj</w>
               <S/>
               <w msd="Ggnn" lemma="vzpodbujati">vzpodbujati</w>
               <S/>
               <w msd="Sometn" lemma="razvoj">razvoj</w>
               <S/>
               <w msd="Ppnzmr" lemma="zaseben">zasebnih</w>
               <S/>
               <w msd="Sozmr" lemma="agencija">agencij</w>
               <S/>
               <w msd="Dt" lemma="za">za</w>
               <S/>
               <w msd="Soset" lemma="zaposlovanje">zaposlovanje</w>
               <c>,</c>
               <S/>
               <w msd="Vd" lemma="da">da</w>
               <S/>
               <w msd="Gp-g" lemma="biti">bi</w>
               <S/>
               <w msd="Ggdd-mm" lemma="izboljšati">izboljšali</w>
               <S/>
               <w msd="Ppnmeid" lemma="sedanji">sedanji</w>
               <S/>
               <w msd="Somei" lemma="sistem">sistem</w>
               <S/>
               <w msd="Soser" lemma="posredovanje">posredovanja</w>
               <S/>
               <w msd="Sozmr" lemma="zaposlitev">zaposlitev</w>
               <S/>
               <w msd="Dm" lemma="na">na</w>
               <S/>
               <w msd="Somem" lemma="trg">trgu</w>
               <S/>
               <w msd="Soser" lemma="delo">dela</w>
               <c>.</c>
               <S/>
            </s>
            <s>
               <w msd="Somei" lemma="predlagatelj">Predlagatelj</w>
               <S/>
               <w msd="Slmei" lemma="Vizjak">Vizjak</w>
               <S/>
               <w msd="Ggnste" lemma="pričakovati">pričakuje</w>
               <c>,</c>
               <S/>
               <w msd="Vd" lemma="da">da</w>
               <S/>
               <w msd="Gp-pte-n" lemma="biti">bo</w>
               <S/>
               <w msd="Zstzetem" lemma="njegov">njegovo</w>
               <S/>
               <w msd="Sosei" lemma="dopolnilo">dopolnilo</w>
               <S/>
               <w msd="Ggnd-es" lemma="vplivati">vplivalo</w>
               <S/>
               <w msd="Dt" lemma="na">na</w>
               <S/>
               <w msd="Sometn" lemma="padec">padec</w>
               <S/>
               <w msd="Sozer" lemma="brezposelnost">brezposelnosti</w>
               <S/>
               <w msd="Dm" lemma="v">v</w>
               <S/>
               <w msd="Slzem" lemma="Slovenija">Sloveniji</w>
               <c>.</c>
            </s>
         </p>
         <p xml:id="F0000598.000609">
            <s>
               <w msd="Sozei" lemma="novinka">Novinka</w>
               <S/>
               <w msd="Gp-ste-n" lemma="biti">je</w>
               <S/>
               <w msd="L" lemma="tudi">tudi</w>
               <S/>
               <w msd="Rsn" lemma="nekoliko">nekoliko</w>
               <S/>
               <w msd="Ggdd-ez" lemma="zrasti">zrasla</w>
               <S/>
               <w msd="Dm" lemma="v">v</w>
               <S/>
               <w msd="Sozem" lemma="primerjava">primerjavi</w>
               <S/>
               <w msd="Do" lemma="z">s</w>
               <S/>
               <w msd="Sozeo" lemma="predhodnica">predhodnico</w>
               <c>.</c>
               <S/>
            </s>
            <s>
               <w msd="Dt" lemma="v">V</w>
               <S/>
               <w msd="Sozet" lemma="dolžina">dolžino</w>
               <S/>
               <w msd="Gp-ste-n" lemma="biti">je</w>
               <S/>
               <w msd="Gp-ste-n" lemma="biti">je</w>
               <S/>
               <w msd="L" lemma="več">več</w>
               <S/>
               <w msd="Dt" lemma="za">za</w>
               <S/>
               <w msd="Kag" lemma="5">5</w>
               <S/>
               <w msd="Somei" lemma="cm">cm</w>
               <c>,</c>
               <S/>
               <w msd="Dt" lemma="v">v</w>
               <S/>
               <w msd="Sozet" lemma="širina">širino</w>
               <S/>
               <w msd="Vp" lemma="pa">pa</w>
               <S/>
               <w msd="Dt" lemma="za">za</w>
               <S/>
               <w msd="Kag" lemma="2">2</w>
               <S/>
               <w msd="Somei" lemma="cm">cm</w>
               <c>.</c>
               <S/>
            </s>
            <s>
               <w msd="Zc-sei" lemma="ves">Vse</w>
               <S/>
               <w msd="Rsn" lemma="skupaj">skupaj</w>
               <S/>
               <w msd="Gp-ste-n" lemma="biti">je</w>
               <S/>
               <w msd="Ggnd-es" lemma="pogojevati">pogojevalo</w>
               <S/>
               <w msd="L" lemma="tudi">tudi</w>
               <S/>
               <w msd="Pppzet" lemma="velik">večjo</w>
               <S/>
               <w msd="Ppnzet" lemma="medosen">medosno</w>
               <S/>
               <w msd="Sozet" lemma="razdalja">razdaljo</w>
               <c>.</c>
               <S/>
            </s>
            <s>
               <w msd="Vp" lemma="zato">Zato</w>
               <S/>
               <w msd="Gp-ste-n" lemma="biti">je</w>
               <S/>
               <w msd="Rsn" lemma="sedaj">sedaj</w>
               <S/>
               <w msd="Rsr" lemma="več">več</w>
               <S/>
               <w msd="Somer" lemma="prostor">prostora</w>
               <S/>
               <w msd="Dm" lemma="v">v</w>
               <S/>
               <w msd="Sozem" lemma="notranjost">notranjosti</w>
               <c>,</c>
               <S/>
               <w msd="Pppmeid" lemma="velik">večji</w>
               <S/>
               <w msd="Vp" lemma="pa">pa</w>
               <S/>
               <w msd="Gp-ste-n" lemma="biti">je</w>
               <S/>
               <w msd="L" lemma="tudi">tudi</w>
               <S/>
               <w msd="Ppnmeid" lemma="prtljažen">prtljažni</w>
               <S/>
               <w msd="Somei" lemma="prostor">prostor</w>
               <c>.</c>
               <S/>
            </s>
            <s>
               <w msd="Somei" lemma="model">Model</w>
               <S/>
               <w msd="Do" lemma="z">s</w>
               <S/>
               <w msd="Kbg-mo" lemma="pet">petimi</w>
               <S/>
               <w msd="Sosmo" lemma="vrata">vrati</w>
               <S/>
               <w msd="Ggnste" lemma="dopuščati">dopušča</w>
               <S/>
               <w msd="L" lemma="tudi">tudi</w>
               <S/>
               <w msd="Ppnsei" lemma="deljiv">deljivo</w>
               <S/>
               <w msd="Sosei" lemma="prevračanje">prevračanje</w>
               <S/>
               <w msd="Ppnzer" lemma="zadnji">zadnje</w>
               <S/>
               <w msd="Sozer" lemma="klop">klopi</w>
               <c>,</c>
               <S/>
               <w msd="Vp" lemma="zato">zato</w>
               <S/>
               <w msd="Zp------k" lemma="se">se</w>
               <S/>
               <w msd="Do" lemma="z">z</w>
               <S/>
               <w msd="Sozeo" lemma="elantra">elantro</w>
               <S/>
               <w msd="Rsn" lemma="lahko">lahko</w>
               <S/>
               <w msd="Ggdsdm" lemma="odpraviti">odpravite</w>
               <S/>
               <w msd="L" lemma="tudi">tudi</w>
               <S/>
               <w msd="Dm" lemma="po">po</w>
               <S/>
               <w msd="Pppmmr" lemma="velik">večjih</w>
               <S/>
               <w msd="Sommm" lemma="nakup">nakupih</w>
               <c>.</c>
               <S/>
            </s>
            <s>
               <w msd="Ppnzei" lemma="armaturen">Armaturna</w>
               <S/>
               <w msd="Sozei" lemma="plošča">plošča</w>
               <S/>
               <w msd="Gp-ste-n" lemma="biti">je</w>
               <S/>
               <w msd="Pppzei" lemma="pregleden">preglednejša</w>
               <S/>
               <w msd="Vp" lemma="in">in</w>
               <S/>
               <w msd="Rsr" lemma="bolj">bolj</w>
               <S/>
               <w msd="Ppnzei" lemma="funkcionalen">funkcionalna</w>
               <c>,</c>
               <S/>
               <w msd="Ppnzei" lemma="moderen">moderna</w>
               <S/>
               <w msd="Vp" lemma="pa">pa</w>
               <S/>
               <w msd="Gp-ste-n" lemma="biti">je</w>
               <S/>
               <w msd="L" lemma="tudi">tudi</w>
               <S/>
               <w msd="Ppnzei" lemma="moder">modra</w>
               <S/>
               <w msd="Sozei" lemma="osvetlitev">osvetlitev</w>
               <S/>
               <w msd="Sommr" lemma="merilnik">merilnikov</w>
               <c>.</c>
               <S/>
            </s>
            <s>
               <w msd="Sommi" lemma="sedež">Sedeži</w>
               <S/>
               <w msd="Gp-stm-n" lemma="biti">so</w>
               <S/>
               <w msd="Pppmmi" lemma="velik">večji</w>
               <S/>
               <w msd="Vp" lemma="in">in</w>
               <S/>
               <w msd="Pppmmi" lemma="udoben">udobnejši</w>
               <c>,</c>
               <S/>
               <w msd="Vd" lemma="če">če</w>
               <S/>
               <w msd="Vp" lemma="pa">pa</w>
               <S/>
               <w msd="Gp-sdm-n" lemma="biti">ste</w>
               <S/>
               <w msd="Rsr" lemma="bolj">bolj</w>
               <S/>
               <w msd="Pdnmmi" lemma="razvajen">razvajeni</w>
               <c>,</c>
               <S/>
               <w msd="Gp-pdm-n" lemma="biti">boste</w>
               <S/>
               <w msd="Ggnd-mm" lemma="pogrešati">pogrešali</w>
               <S/>
               <w msd="L" lemma="le">le</w>
               <S/>
               <w msd="Soset" lemma="usnje">usnje</w>
               <S/>
               <w msd="Vp" lemma="in">in</w>
               <S/>
               <w msd="Rsn" lemma="globinsko">globinsko</w>
               <S/>
               <w msd="Ppnmein" lemma="nastavljiv">nastavljiv</w>
               <S/>
               <w msd="Ppnmeid" lemma="volanski">volanski</w>
               <S/>
               <w msd="Somei" lemma="obroč">obroč</w>
               <c>,</c>
               <S/>
               <w msd="Vp" lemma="saj">saj</w>
               <S/>
               <w msd="Rsn" lemma="vse">vse</w>
               <S/>
               <w msd="Ggdd-es" lemma="ostati">ostalo</w>
               <S/>
               <w msd="Ggdsdm" lemma="dobiti">dobite</w>
               <S/>
               <w msd="Dm" lemma="v">v</w>
               <S/>
               <w msd="Ppnzem" lemma="standarden">standardni</w>
               <S/>
               <w msd="Sozem" lemma="oprema">opremi</w>
               <c>.</c>
            </s>
         </p>
         <p xml:id="F0000598.000777">
            <s>
               <w msd="Slmei" lemma="Janez">Janez</w>
               <S/>
               <w msd="Slmei" lemma="Trdina">Trdina</w>
               <c>,</c>
               <S/>
               <w msd="Zk-mei" lemma="ta">ta</w>
               <S/>
               <w msd="Ppnmeid" lemma="prodoren">prodorni</w>
               <S/>
               <w msd="Vp" lemma="in">in</w>
               <S/>
               <w msd="Ppnmeid" lemma="neusmiljen">neusmiljeni</w>
               <S/>
               <w msd="Somei" lemma="opazovalec">opazovalec</w>
               <S/>
               <w msd="Soser" lemma="življenje">življenja</w>
               <S/>
               <w msd="Dm" lemma="na">na</w>
               <S/>
               <w msd="Slsem" lemma="Dolenjsko">Dolenjskem</w>
               <S/>
               <w msd="Dm" lemma="v">v</w>
               <S/>
               <w msd="Kbzzem" lemma="drug">drugi</w>
               <S/>
               <w msd="Sozet" lemma="polovica">polovico</w>
               <S/>
               <w msd="Kav" lemma="19.">19.</w>
               <S/>
               <w msd="Soser" lemma="stoletje">stoletja</w>
               <c>,</c>
               <S/>
               <w msd="Gp-ste-n" lemma="biti">je</w>
               <S/>
               <w msd="Ppnmeid" lemma="podgorski">podgorski</w>
               <S/>
               <w msd="Sometn" lemma="rod">rod</w>
               <S/>
               <w msd="L" lemma="prav">prav</w>
               <S/>
               <w msd="Dr" lemma="zaradi">zaradi</w>
               <S/>
               <w msd="Zk-zmr" lemma="ta">teh</w>
               <S/>
               <w msd="Sozmr" lemma="lastnost">lastnosti</w>
               <S/>
               <w msd="Rsn" lemma="zelo">zelo</w>
               <S/>
               <w msd="Ggnd-em" lemma="ceniti">cenil</w>
               <c>.</c>
               <S/>
            </s>
            <s>
               <w msd="L" lemma="še">Še</w>
               <S/>
               <w msd="Rsn" lemma="posebej">posebej</w>
               <S/>
               <w msd="Gp-stm-n" lemma="biti">so</w>
               <S/>
               <w msd="Zp------k" lemma="se">se</w>
               <S/>
               <w msd="Zotmed--k" lemma="on">mu</w>
               <S/>
               <w msd="Sommi" lemma="podgorec">Podgorci</w>
               <S/>
               <w msd="Ggdd-mm" lemma="priljubiti">priljubili</w>
               <S/>
               <w msd="Vd" lemma="kot">kot</w>
               <S/>
               <c>"</c>
               <w msd="Ppnmmi" lemma="star">stari</w>
               <S/>
               <w msd="Sommi" lemma="demokrat">demokrati</w>
               <c>"</c>
               <c>.</c>
               <S/>
            </s>
            <s>
               <w msd="Rsn" lemma="danes">Danes</w>
               <S/>
               <w msd="Gp-g" lemma="biti">bi</w>
               <S/>
               <w msd="Gp-d-em" lemma="biti">bil</w>
               <S/>
               <w msd="Ppnmeid" lemma="gorjanski">gorjanski</w>
               <S/>
               <w msd="Somei" lemma="bard">bard</w>
               <S/>
               <w msd="Rsn" lemma="gotovo">gotovo</w>
               <S/>
               <w msd="Rsn" lemma="nadvse">nadvse</w>
               <S/>
               <w msd="Ppnmein" lemma="vesel">vesel</w>
               <c>,</c>
               <S/>
               <w msd="Vd" lemma="ko">ko</w>
               <S/>
               <w msd="Gp-g" lemma="biti">bi</w>
               <S/>
               <w msd="Ggvd-em" lemma="videti">videl</w>
               <c>,</c>
               <S/>
               <w msd="Vd" lemma="da">da</w>
               <S/>
               <w msd="Gp-stm-n" lemma="biti">so</w>
               <S/>
               <w msd="Zstmmiem" lemma="njegov">njegovi</w>
               <S/>
               <w msd="Sommi" lemma="podgorec">Podgorci</w>
               <S/>
               <w msd="Dm" lemma="v">v</w>
               <S/>
               <w msd="Sosem" lemma="bistvo">bistvu</w>
               <S/>
               <w msd="Ggdd-mm" lemma="ostati">ostali</w>
               <S/>
               <w msd="Zk-mmi" lemma="tak">taki</w>
               <c>,</c>
               <S/>
               <w msd="Vd" lemma="kot">kot</w>
               <S/>
               <w msd="Zotmmt--k" lemma="on">jih</w>
               <S/>
               <w msd="Gp-ste-n" lemma="biti">je</w>
               <S/>
               <w msd="Ggnd-em" lemma="imeti">imel</w>
               <S/>
               <w msd="Rss" lemma="najraje">najrajši</w>
               <c>,</c>
               <S/>
               <w msd="L" lemma="še">še</w>
               <S/>
               <w msd="Rsn" lemma="posebej">posebej</w>
               <S/>
               <w msd="Vp" lemma="pa">pa</w>
               <c>,</c>
               <S/>
               <w msd="Vd" lemma="ko">ko</w>
               <S/>
               <w msd="Gp-g" lemma="biti">bi</w>
               <S/>
               <w msd="Ggvd-em" lemma="videti">videl</w>
               <c>,</c>
               <S/>
               <w msd="Rsn" lemma="kako">kako</w>
               <S/>
               <w msd="Gp-stm-n" lemma="biti">so</w>
               <S/>
               <w msd="Zp------k" lemma="se">se</w>
               <S/>
               <w msd="Zk-mmi" lemma="ta">ti</w>
               <S/>
               <w msd="Sommi" lemma="kraj">kraji</w>
               <S/>
               <w msd="Ggdd-mm" lemma="razviti">razvili</w>
               <c>,</c>
               <S/>
               <w msd="Pdnmmi" lemma="napredoval">napredovali</w>
               <c>,</c>
               <S/>
               <w msd="Vd" lemma="da">da</w>
               <S/>
               <w msd="Sozer" lemma="revščina">revščine</w>
               <S/>
               <w msd="Rsn" lemma="tako">tako</w>
               <S/>
               <w msd="Rd" lemma="rekoč">rekoč</w>
               <S/>
               <w msd="L" lemma="sploh">sploh</w>
               <S/>
               <w msd="Gp-ste-d" lemma="biti">ni</w>
               <S/>
               <w msd="L" lemma="več">več</w>
               <c>.</c>
               <S/>
            </s>
            <s>
               <w msd="Dm" lemma="ob">Ob</w>
               <S/>
               <w msd="Zk-sem" lemma="ta">tem</w>
               <S/>
               <w msd="Vp" lemma="pa">pa</w>
               <S/>
               <w msd="Zp------k" lemma="se">se</w>
               <S/>
               <w msd="Zp------k" lemma="se">se</w>
               <S/>
               <w msd="Ppnmmi" lemma="podgorski">podgorski</w>
               <S/>
               <w msd="Sommi" lemma="kraj">kraji</w>
               <S/>
               <w msd="Ggdd-mm" lemma="izogniti">izognili</w>
               <S/>
               <w msd="Sozmd" lemma="neprijetnost">neprijetnostim</w>
               <c>,</c>
               <S/>
               <w msd="Ppnseo" lemma="slab">slabim</w>
               <S/>
               <w msd="Sozmd" lemma="stran">stranem</w>
               <S/>
               <w msd="Vp" lemma="in">in</w>
               <S/>
               <w msd="Sozmd" lemma="napaka">napakam</w>
               <c>,</c>
               <S/>
               <w msd="Do" lemma="z">s</w>
               <S/>
               <w msd="Zv-zmo" lemma="kateri">katerimi</w>
               <S/>
               <w msd="Gp-ste-n" lemma="biti">je</w>
               <S/>
               <c>(</c>
               <w msd="N" lemma="pre">pre</w>
               <c>)</c>
               <w msd="Ppnmein" lemma="hiter">hiter</w>
               <S/>
               <w msd="Somei" lemma="napredek">napredek</w>
               <S/>
               <w msd="Dt" lemma="na">na</w>
               <S/>
               <w msd="Rsn" lemma="veliko">veliko</w>
               <S/>
               <w msd="Ggnd-em" lemma="opletati">opletal</w>
               <S/>
               <w msd="Dm" lemma="po">po</w>
               <S/>
               <w msd="Ppnsem" lemma="bližnji">bližnjem</w>
               <S/>
               <w msd="Sosem" lemma="mesto">mestu</w>
               <S/>
               <w msd="Vp" lemma="in">in</w>
               <S/>
               <w msd="Zstzemem" lemma="njegov">njegovi</w>
               <S/>
               <w msd="Sozem" lemma="okolica">okolici</w>
               <c>.</c>
               <S/>
            </s>
            <s>
               <w msd="Rsn" lemma="danes">Danes</w>
               <S/>
               <w msd="Gp-ste-n" lemma="biti">je</w>
               <S/>
               <w msd="Sosei" lemma="življenje">življenje</w>
               <S/>
               <w msd="Dm" lemma="v">v</w>
               <S/>
               <w msd="Somem" lemma="dolž">Dolžu</w>
               <S/>
               <w msd="Vp" lemma="in">in</w>
               <S/>
               <w msd="Zc-zem" lemma="ves">vsej</w>
               <S/>
               <w msd="Zk-zed" lemma="ta">tej</w>
               <S/>
               <w msd="Ppnzem" lemma="podgorski">podgorski</w>
               <S/>
               <w msd="Ppnzem" lemma="krajeven">krajevni</w>
               <S/>
               <w msd="Sozed" lemma="skupnost">skupnosti</w>
               <S/>
               <w msd="Dm" lemma="v">v</w>
               <S/>
               <w msd="Ppnsem" lemma="glaven">glavnem</w>
               <S/>
               <w msd="Rsn" lemma="lepo">lepo</w>
               <S/>
               <w msd="Vp" lemma="in">in</w>
               <S/>
               <w msd="Rsn" lemma="prijetno">prijetno</w>
               <c>,</c>
               <S/>
               <w msd="L" lemma="vsekakor">vsekakor</w>
               <S/>
               <w msd="Dm" lemma="v">v</w>
               <S/>
               <w msd="Zn-sem" lemma="marsikaj">marsičem</w>
               <S/>
               <w msd="Rsn" lemma="precej">precej</w>
               <S/>
               <w msd="Pppsei" lemma="lep">lepše</w>
               <S/>
               <w msd="Vp" lemma="in">in</w>
               <S/>
               <w msd="Pppsei" lemma="prijeten">prijetnejše</w>
               <S/>
               <w msd="Vd" lemma="kot">kot</w>
               <S/>
               <w msd="Dm" lemma="v">v</w>
               <S/>
               <w msd="Zn-sem" lemma="marsikateri">marsikaterem</w>
               <S/>
               <w msd="Sosem" lemma="mesto">mestu</w>
               <c>.</c>
               <S/>
            </s>
            <s>
               <w msd="Dt" lemma="za">Za</w>
               <S/>
               <w msd="Slmmt" lemma="Dolžan">Dolžane</w>
               <S/>
               <w msd="Rsn" lemma="lahko">lahko</w>
               <S/>
               <w msd="Rsn" lemma="mirno">mirno</w>
               <S/>
               <w msd="Ggnspm" lemma="trditi">trdimo</w>
               <c>,</c>
               <S/>
               <w msd="Vd" lemma="da">da</w>
               <S/>
               <w msd="Gp-ste-n" lemma="biti">je</w>
               <S/>
               <w msd="Zk-sei" lemma="ta">to</w>
               <S/>
               <w msd="Dm" lemma="v">v</w>
               <S/>
               <w msd="Ppszem" lemma="velik">največji</w>
               <S/>
               <w msd="Sozem" lemma="mera">meri</w>
               <S/>
               <w msd="Zstzeim" lemma="njihov">njihova</w>
               <S/>
               <w msd="Sozei" lemma="zasluga">zasluga</w>
               <c>.</c>
               <S/>
            </s>
            <s>
               <w msd="L" lemma="še">Še</w>
               <S/>
               <w msd="Rsn" lemma="posebej">posebej</w>
               <S/>
               <w msd="Ppnzmr" lemma="zadnji">zadnjih</w>
               <S/>
               <w msd="Sozmr" lemma="generacija">generacij</w>
               <c>.</c>
               <S/>
            </s>
            <s>
               <w msd="Rsn" lemma="danes">Danes</w>
               <S/>
               <w msd="L" lemma="tudi">tudi</w>
               <S/>
               <w msd="Dm" lemma="v">v</w>
               <S/>
               <w msd="Sozem" lemma="dolina">dolini</w>
               <S/>
               <w msd="Somei" lemma="podgorec">Podgorec</w>
               <S/>
               <w msd="Gp-ste-d" lemma="biti">ni</w>
               <S/>
               <w msd="L" lemma="več">več</w>
               <S/>
               <w msd="Ppnzei" lemma="zaničljiv">zaničljiva</w>
               <S/>
               <w msd="Sozei" lemma="označba">označba</w>
               <c>,</c>
               <S/>
               <w msd="L" lemma="skoraj">skoraj</w>
               <S/>
               <w msd="Sozei" lemma="zmerljivka">zmerljivka</w>
               <S/>
               <w msd="Vp" lemma="in">in</w>
               <S/>
               <w msd="Kbzsei" lemma="drug">drugo</w>
               <S/>
               <w msd="Sosei" lemma="ime">ime</w>
               <S/>
               <w msd="Dt" lemma="za">za</w>
               <S/>
               <c>"</c>
               <w msd="Somer" lemma="zarukanec">zarukanca</w>
               <c>"</c>
               <c>.</c>
               <S/>
            </s>
            <s>
               <w msd="Sommi" lemma="podgorec">Podgorci</w>
               <S/>
               <w msd="Ppnmmi" lemma="sam">sami</w>
               <S/>
               <w msd="Zp------k" lemma="se">se</w>
               <S/>
               <w msd="Rsn" lemma="tako">tako</w>
               <S/>
               <w msd="Vp" lemma="in">in</w>
               <S/>
               <w msd="Rsn" lemma="tako">tako</w>
               <S/>
               <w msd="Gp-stm-d" lemma="biti">niso</w>
               <S/>
               <w msd="Rsn" lemma="nikoli">nikoli</w>
               <S/>
               <w msd="Ggnd-mm" lemma="sramovati">sramovali</w>
               <S/>
               <w msd="Zp-ser" lemma="svoj">svojega</w>
               <S/>
               <w msd="Soser" lemma="poreklo">porekla</w>
               <c>,</c>
               <S/>
               <w msd="Vp" lemma="ampak">ampak</w>
               <S/>
               <w msd="Gp-stm-n" lemma="biti">so</w>
               <S/>
               <w msd="Gp-d-mm" lemma="biti">bili</w>
               <S/>
               <w msd="Zotmet--z" lemma="name">nanj</w>
               <S/>
               <w msd="Rsn" lemma="vedno">vedno</w>
               <S/>
               <w msd="Ppnmmi" lemma="ponosen">ponosni</w>
               <c>,</c>
               <S/>
               <w msd="Rsn" lemma="danes">danes</w>
               <S/>
               <w msd="Vp" lemma="pa">pa</w>
               <S/>
               <w msd="Zp------k" lemma="se">se</w>
               <S/>
               <w msd="L" lemma="tudi">tudi</w>
               <S/>
               <w msd="Sommi" lemma="meščan">meščani</w>
               <c>,</c>
               <S/>
               <w msd="Zk-mmi" lemma="tisti">tisti</w>
               <c>,</c>
               <S/>
               <w msd="Vd" lemma="ki">ki</w>
               <S/>
               <w msd="Zp------k" lemma="se">se</w>
               <S/>
               <w msd="Rsn" lemma="lahko">lahko</w>
               <c>,</c>
               <S/>
               <w msd="Ggnstm" lemma="postavljati">postavljajo</w>
               <S/>
               <w msd="Do" lemma="z">s</w>
               <S/>
               <w msd="Zp-mmo" lemma="svoj">svojimi</w>
               <S/>
               <w msd="Ppnzmo" lemma="podgorski">podgorskimi</w>
               <S/>
               <w msd="Sozmo" lemma="korenina">koreninami</w>
               <c>.</c>
               <S/>
            </s>
            <s>
               <w msd="L" lemma="sicer">Sicer</w>
               <S/>
               <w msd="Vp" lemma="pa">pa</w>
               <c>,</c>
               <S/>
               <w msd="Vd" lemma="kot">kot</w>
               <S/>
               <w msd="Ggvste" lemma="praviti">pravi</w>
               <S/>
               <w msd="Ppnmmi" lemma="hudomušen">hudomušni</w>
               <S/>
               <w msd="Vp" lemma="in">in</w>
               <S/>
               <w msd="Do" lemma="z">s</w>
               <S/>
               <w msd="Someo" lemma="smisel">smislom</w>
               <S/>
               <w msd="Dt" lemma="za">za</w>
               <S/>
               <w msd="Ppnmetd" lemma="poseben">posebni</w>
               <S/>
               <w msd="Ppnmetd" lemma="podgorski">podgorski</w>
               <S/>
               <w msd="Sometn" lemma="humor">humor</w>
               <S/>
               <w msd="Rsn" lemma="izdatno">izdatno</w>
               <S/>
               <w msd="Pdnmmi" lemma="obdarjen">obdarjeni</w>
               <S/>
               <w msd="Psnmetn" lemma="Čučkov">Čučkov</w>
               <S/>
               <w msd="Slmei" lemma="Florjan">Florjan</w>
               <c>,</c>
               <S/>
               <w msd="Slmmi" lemma="Dolžan">Dolžani</w>
               <S/>
               <w msd="Gp-stm-d" lemma="biti">niso</w>
               <S/>
               <w msd="Slmmi" lemma="Podgorec">Podgorci</w>
               <c>.</c>
               <S/>
            </s>
            <s>
               <w msd="Dm" lemma="po">Po</w>
               <S/>
               <w msd="Zstsemem" lemma="njegov">njegovem</w>
               <S/>
               <w msd="Gp-stm-n" lemma="biti">so</w>
               <S/>
               <w msd="Sommi" lemma="podgorec">Podgorci</w>
               <S/>
               <w msd="Zk-mmi" lemma="tisti">tisti</w>
               <c>,</c>
               <S/>
               <w msd="Vd" lemma="ki">ki</w>
               <S/>
               <w msd="Gp-stm-n" lemma="biti">so</w>
               <S/>
               <w msd="Do" lemma="pod">pod</w>
               <S/>
               <w msd="Zotmmo" lemma="on">njimi</w>
               <c>,</c>
               <S/>
               <w msd="Zotmmi" lemma="on">oni</w>
               <S/>
               <w msd="Gp-stm-n" lemma="biti">so</w>
               <S/>
               <w msd="Vp" lemma="pa">pa</w>
               <S/>
               <w msd="Sommi" lemma="vrhgorec">Vrhgorci</w>
               <c>,</c>
               <S/>
               <w msd="Do" lemma="nad">nad</w>
               <S/>
               <w msd="Zotmmo" lemma="on">njimi</w>
               <S/>
               <w msd="Gp-stm-n" lemma="biti">so</w>
               <S/>
               <w msd="L" lemma="samo">samo</w>
               <S/>
               <w msd="L" lemma="še">še</w>
               <S/>
               <w msd="Sommi" lemma="gorjanec">Gorjanci</w>
               <c>!</c>
            </s>
         </p>
         <p xml:id="F0000598.001162">
            <s>
               <w msd="Sommi" lemma="glas">Glasovi</w>
               <c>,</c>
               <S/>
               <w msd="Vd" lemma="ki">ki</w>
               <S/>
               <w msd="Zp------k" lemma="se">se</w>
               <S/>
               <w msd="Ggnstm" lemma="prepletati">prepletajo</w>
               <S/>
               <w msd="Vd" lemma="kot">kot</w>
               <S/>
               <w msd="Sozer" lemma="vitra">vitre</w>
            </s>
         </p>
         <p xml:id="F0000598.001847">
            <s>
               <w msd="Slzei" lemma="SLOVENIJA">SLOVENIJA</w>
               <S/>
               <w msd="Kag" lemma="2">2</w>
            </s>
         </p>
         <p xml:id="F0000598.002014">
            <s>
               <w msd="Sozet" lemma="cesta">CESTO</w>
               <S/>
               <w msd="Ggnstm" lemma="širiti">ŠIRIJO</w>
               <S/>
               <c>-</c>
               <S/>
               <w msd="Ppnmeid" lemma="preozek">Preozki</w>
               <S/>
               <w msd="Ppnmetd" lemma="voden">vodni</w>
               <S/>
               <w msd="Somei" lemma="propust">propust</w>
               <S/>
               <w msd="Dm" lemma="v">v</w>
               <S/>
               <w msd="Sosem" lemma="trnje">Trnju</w>
               <S/>
               <w msd="Dm" lemma="pri">pri</w>
               <S/>
               <w msd="Slzmm" lemma="Brežice">Brežicah</w>
               <S/>
               <w msd="Dm" lemma="na">na</w>
               <S/>
               <w msd="Ppnzem" lemma="državen">državni</w>
               <S/>
               <w msd="Sozem" lemma="cesta">cesti</w>
               <S/>
               <w msd="Do" lemma="med">med</w>
               <S/>
               <w msd="Slzmo" lemma="Brežice">Brežicami</w>
               <S/>
               <w msd="Vp" lemma="in">in</w>
               <S/>
               <w msd="Slzeo" lemma="Dobova">Dobovo</w>
               <S/>
               <w msd="Gp-ste-n" lemma="biti">je</w>
               <S/>
               <w msd="Gp-d-em" lemma="biti">bil</w>
               <S/>
               <w msd="Ppnzei" lemma="prometen">prometna</w>
               <S/>
               <w msd="Sozei" lemma="past">past</w>
               <c>.</c>
               <S/>
            </s>
            <s>
               <w msd="Do" lemma="pred">Pred</w>
               <S/>
               <w msd="Someo" lemma="čas">časom</w>
               <S/>
               <w msd="Gp-ste-n" lemma="biti">je</w>
               <S/>
               <w msd="Slmei" lemma="Miran">Miran</w>
               <S/>
               <w msd="Slmei" lemma="Marussig">Marussig</w>
               <c>,</c>
               <S/>
               <w msd="Somei" lemma="direktor">direktor</w>
               <S/>
               <w msd="Somer" lemma="projekt">projekta</w>
               <S/>
               <w msd="Dt" lemma="za">za</w>
               <S/>
               <w msd="Slzet" lemma="Dolenjska">Dolenjsko</w>
               <S/>
               <w msd="Dm" lemma="v">v</w>
               <S/>
               <w msd="Ppnzem" lemma="ljubljanski">ljubljanski</w>
               <S/>
               <w msd="Sozem" lemma="družba">Družbi</w>
               <S/>
               <w msd="Dt" lemma="za">za</w>
               <S/>
               <w msd="Ppnzmt" lemma="državen">državne</w>
               <S/>
               <w msd="Sozmt" lemma="cesta">ceste</w>
               <c>,</c>
               <S/>
               <w msd="Ggdd-em" lemma="napovedati">napovedal</w>
               <c>,</c>
               <S/>
               <w msd="Vd" lemma="da">da</w>
               <S/>
               <w msd="Gp-ptm-n" lemma="biti">bodo</w>
               <S/>
               <w msd="Pdnmeid" lemma="omenjen">omenjeni</w>
               <S/>
               <w msd="Sometn" lemma="mostič">mostič</w>
               <S/>
               <w msd="Ggdd-mm" lemma="razširiti">razširili</w>
               <S/>
               <w msd="L" lemma="še">še</w>
               <S/>
               <w msd="Do" lemma="pred">pred</w>
               <S/>
               <w msd="Soseo" lemma="poletje">poletjem</w>
               <c>.</c>
               <S/>
            </s>
            <s>
               <w msd="Dm" lemma="v">V</w>
               <S/>
               <w msd="Zk-mmm" lemma="ta">teh</w>
               <S/>
               <w msd="Sommm" lemma="dan">dneh</w>
               <S/>
               <w msd="Ggnstm" lemma="razširjati">razširjajo</w>
               <S/>
               <w msd="Sozet" lemma="cesta">cesto</w>
               <S/>
               <w msd="Dm" lemma="na">na</w>
               <S/>
               <w msd="Pdnmem" lemma="omenjen">omenjenem</w>
               <S/>
               <w msd="Sosem" lemma="mesto">mestu</w>
               <S/>
               <w msd="Vp" lemma="in">in</w>
               <S/>
               <w msd="Do" lemma="z">s</w>
               <S/>
               <w msd="Zk-seo" lemma="ta">tem</w>
               <S/>
               <w msd="Gp-ptm-n" lemma="biti">bodo</w>
               <S/>
               <w msd="Sozet" lemma="napoved">napoved</w>
               <S/>
               <w msd="Slzer" lemma="Ljubljana">Ljubljane</w>
               <S/>
               <w msd="Rsn" lemma="očitno">očitno</w>
               <S/>
               <w msd="Ggdd-mm" lemma="uresničiti">uresničili</w>
               <c>.</c>
               <S/>
            </s>
            <s>
               <c>(</c>
               <w msd="Somei" lemma="foto">Foto</w>
               <c>:</c>
               <S/>
               <w msd="O" lemma="M.">M.</w>
               <S/>
               <w msd="O" lemma="L.">L.</w>
               <c>)</c>
            </s>
         </p>
         <p xml:id="F0000598.002536">
            <s>
               <w msd="Slmei" lemma="Bordo">Bordo</w>
               <S/>
               <w msd="Ppnzei" lemma="rdeč">rdeča</w>
               <S/>
               <w msd="Sozei" lemma="knjižica">knjižica</w>
            </s>
         </p>
         <p xml:id="F0000598.003416">
            <s>
               <w msd="Rsn" lemma="dobro">Dobro</w>
               <S/>
               <w msd="Gp-ste-n" lemma="biti">je</w>
               <S/>
               <w msd="Ggnn" lemma="vedeti">vedeti</w>
               <c>,</c>
               <S/>
               <w msd="Vd" lemma="da">da</w>
               <S/>
               <w msd="Rsn" lemma="če">če</w>
               <S/>
               <w msd="Dt" lemma="čez">čez</w>
               <S/>
               <w msd="Sozet" lemma="meja">mejo</w>
               <S/>
               <w msd="Ggnste" lemma="potovati">potuje</w>
               <S/>
               <w msd="Somei" lemma="otrok">otrok</w>
               <S/>
               <w msd="Dr" lemma="brez">brez</w>
               <S/>
               <w msd="Zp-mmr" lemma="svoj">svojih</w>
               <S/>
               <w msd="Sommr" lemma="starš">staršev</w>
               <S/>
               <w msd="Vp" lemma="ali">ali</w>
               <S/>
               <w msd="Ppnmer" lemma="zakonit">zakonitega</w>
               <S/>
               <w msd="Somer" lemma="zastopnik">zastopnika</w>
               <c>,</c>
               <S/>
               <w msd="Ggnste" lemma="morati">mora</w>
               <S/>
               <w msd="Ggnn" lemma="imeti">imeti</w>
               <S/>
               <w msd="Do" lemma="z">s</w>
               <S/>
               <w msd="Zp---o" lemma="se">sabo</w>
               <S/>
               <w msd="Zstsetem" lemma="njegov">njegovo</w>
               <S/>
               <w msd="Soset" lemma="dovoljenje">dovoljenje</w>
               <S/>
               <w msd="Sozet" lemma="vloga">vlogo</w>
               <S/>
               <w msd="Ggdstm" lemma="potrditi">potrdijo</w>
               <S/>
               <w msd="Dm" lemma="na">na</w>
               <S/>
               <w msd="Ppnzem" lemma="upraven">upravni</w>
               <S/>
               <w msd="Sozem" lemma="enota">enoti</w>
               <c>.</c>
               <S/>
            </s>
            <s>
               <w msd="Vd" lemma="ko">Ko</w>
               <S/>
               <w msd="Somei" lemma="otrok">otrok</w>
               <S/>
               <w msd="Ggnste" lemma="potovati">potuje</w>
               <S/>
               <w msd="Do" lemma="z">s</w>
               <S/>
               <w msd="Sozeo" lemma="skupina">skupino</w>
               <S/>
               <w msd="Dr" lemma="iz">iz</w>
               <S/>
               <w msd="Sozer" lemma="šola">šole</w>
               <S/>
               <w msd="Vp" lemma="ali">ali</w>
               <S/>
               <w msd="Somer" lemma="vrtec">vrtca</w>
               <c>,</c>
               <S/>
               <w msd="O" lemma="npr.">npr.</w>
               <S/>
               <w msd="Dt" lemma="na">na</w>
               <S/>
               <w msd="Sommt" lemma="izlet">izlete</w>
               <c>,</c>
               <S/>
               <w msd="Ggnste" lemma="morati">mora</w>
               <S/>
               <w msd="L" lemma="ravno">ravno</w>
               <S/>
               <w msd="Rsn" lemma="tako">tako</w>
               <S/>
               <w msd="Ggnn" lemma="imeti">imeti</w>
               <S/>
               <w msd="Soset" lemma="potrdilo">potrdilo</w>
               <S/>
               <w msd="Ppnmer" lemma="zakonit">zakonitega</w>
               <S/>
               <w msd="Somer" lemma="zastopnik">zastopnika</w>
               <c>,</c>
               <S/>
               <w msd="Vd" lemma="ki">ki</w>
               <S/>
               <w msd="Vp" lemma="pa">pa</w>
               <S/>
               <w msd="Zotmet--k" lemma="on">ga</w>
               <S/>
               <w msd="Rsn" lemma="zdaj">zdaj</w>
               <S/>
               <w msd="Ggdste" lemma="potrditi">potrdi</w>
               <S/>
               <w msd="Somei" lemma="ravnatelj">ravnatelj</w>
               <S/>
               <w msd="Somer" lemma="zavod">zavoda</w>
               <c>.</c>
               <S/>
            </s>
         </p>
         <p xml:id="F0000598.004088">
            <s>
               <w msd="Slmei" lemma="KANAL">KANAL</w>
               <S/>
               <w msd="Vp" lemma="a">A</w>
            </s>
         </p>
         <p xml:id="F0000598.004317">
            <s>
               <c>(</c>
               <w msd="Dt" lemma="po">po</w>
               <S/>
               <w msd="Rsn" lemma="domače">domače</w>
               <S/>
               <w msd="Psnmer" lemma="Rojčev">Rojčevega</w>
               <S/>
               <w msd="Slzei" lemma="Radkota">Radkota</w>
               <c>)</c>
            </s>
         </p>
         <p xml:id="F0000598.004987">
            <s>
               <w msd="Sozei" lemma="občina">Občina</w>
               <S/>
               <w msd="Gp-ste-n" lemma="biti">je</w>
               <S/>
               <w msd="Rsn" lemma="nedavno">nedavno</w>
               <S/>
               <w msd="Do" lemma="z">s</w>
               <S/>
               <w msd="Someo" lemma="pravilnik">pravilnikom</w>
               <S/>
               <w msd="Ggdd-ez" lemma="urediti">uredila</w>
               <S/>
               <w msd="L" lemma="tudi">tudi</w>
               <S/>
               <w msd="Soset" lemma="dodeljevanje">dodeljevanje</w>
               <S/>
               <w msd="Ppnzmr" lemma="socialen">socialnih</w>
               <S/>
               <w msd="Sozmr" lemma="pomoč">pomoči</w>
               <c>,</c>
               <S/>
               <w msd="Vp" lemma="saj">saj</w>
               <S/>
               <w msd="Gp-ste-n" lemma="biti">je</w>
               <S/>
               <w msd="Rsn" lemma="doslej">doslej</w>
               <S/>
               <w msd="Rsn" lemma="občasno">občasno</w>
               <S/>
               <w msd="Ggvd-ez" lemma="pomagati">pomagala</w>
               <S/>
               <w msd="L" lemma="le">le</w>
               <S/>
               <w msd="Zk-mmd" lemma="tisti">tistim</w>
               <c>,</c>
               <S/>
               <w msd="Vd" lemma="ki">ki</w>
               <S/>
               <w msd="Gp-stm-n" lemma="biti">so</w>
               <S/>
               <w msd="Ggnd-mm" lemma="znati">znali</w>
               <S/>
               <w msd="Ggdn" lemma="potrkati">potrkati</w>
               <S/>
               <w msd="Dt" lemma="na">na</w>
               <S/>
               <w msd="Zstzeiez" lemma="njen">njena</w>
               <S/>
               <w msd="Sosmt" lemma="vrata">vrata</w>
               <c>.</c>
               <S/>
            </s>
            <s>
               <w msd="Sometd" lemma="upravičenec">Upravičenca</w>
               <S/>
               <w msd="Dr" lemma="do">do</w>
               <S/>
               <w msd="Ppnzer" lemma="socialen">socialne</w>
               <S/>
               <w msd="Sozer" lemma="pomoč">pomoči</w>
               <S/>
               <w msd="Rsn" lemma="lahko">lahko</w>
               <S/>
               <w msd="Rsn" lemma="zdaj">zdaj</w>
               <S/>
               <w msd="Ggvste" lemma="predlagati">predlaga</w>
               <S/>
               <w msd="Sozei" lemma="šola">šola</w>
               <c>,</c>
               <S/>
               <w msd="Sozei" lemma="organizacija">organizacija</w>
               <S/>
               <w msd="Ppnmer" lemma="rdeč">Rdečega</w>
               <S/>
               <w msd="Somer" lemma="križ">križa</w>
               <S/>
               <w msd="Vp" lemma="ali">ali</w>
               <S/>
               <w msd="Slmer" lemma="Karitas">Karitasa</w>
               <c>,</c>
               <S/>
               <w msd="Somei" lemma="center">Center</w>
               <S/>
               <w msd="Dt" lemma="za">za</w>
               <S/>
               <w msd="Ppnset" lemma="socialen">socialno</w>
               <S/>
               <w msd="Soset" lemma="delo">delo</w>
               <c>,</c>
               <S/>
               <w msd="Rsn" lemma="lahko">lahko</w>
               <S/>
               <w msd="Vp" lemma="pa">pa</w>
               <S/>
               <w msd="Ggdste" lemma="zaprositi">zaprosi</w>
               <S/>
               <w msd="Dt" lemma="za">za</w>
               <S/>
               <w msd="Sozet" lemma="pomoč">pomoč</w>
               <S/>
               <w msd="Somei" lemma="občan">občan</w>
               <S/>
               <w msd="Ppnmein" lemma="sam">sam</w>
               <c>.</c>
               <S/>
            </s>
            <s>
               <w msd="Sozei" lemma="občina">Občina</w>
               <S/>
               <w msd="Ggnste" lemma="dodeljevati">dodeljuje</w>
               <S/>
               <w msd="Ppnzet" lemma="enkraten">enkratno</w>
               <S/>
               <w msd="Ppnzet" lemma="denaren">denarno</w>
               <S/>
               <w msd="Sozet" lemma="pomoč">pomoč</w>
               <S/>
               <w msd="Vp" lemma="ali">ali</w>
               <S/>
               <w msd="Vp" lemma="pa">pa</w>
               <S/>
               <w msd="Ggvste" lemma="pomagati">pomaga</w>
               <S/>
               <w msd="Dm" lemma="pri">pri</w>
               <S/>
               <w msd="Sommm" lemma="strošek">stroških</w>
               <S/>
               <w msd="Dt" lemma="za">za</w>
               <S/>
               <w msd="Ppnzmt" lemma="šolski">šolske</w>
               <S/>
               <w msd="Sozmt" lemma="potrebščina">potrebščine</w>
               <c>,</c>
               <S/>
               <w msd="Sozet" lemma="šola">šolo</w>
               <S/>
               <w msd="Dm" lemma="v">v</w>
               <S/>
               <w msd="Sozem" lemma="narava">naravi</w>
               <c>,</c>
               <S/>
               <w msd="Sozet" lemma="prehrana">prehrano</w>
               <S/>
               <w msd="Dm" lemma="v">v</w>
               <S/>
               <w msd="Ppnzem" lemma="osnoven">osnovni</w>
               <S/>
               <w msd="Sozem" lemma="šola">šoli</w>
               <c>,</c>
               <S/>
               <w msd="Ppnzmi" lemma="zdravstven">zdravstvene</w>
               <S/>
               <w msd="Sozmi" lemma="storitev">storitve</w>
               <c>,</c>
               <S/>
               <w msd="Somei" lemma="nakup">nakup</w>
               <S/>
               <w msd="Sozmr" lemma="ozimnica">ozimnic</w>
               <S/>
               <w msd="Vp" lemma="in">in</w>
               <S/>
               <w msd="Sozer" lemma="kurjava">kurjave</w>
               <S/>
               <w msd="Vp" lemma="ter">ter</w>
               <S/>
               <w msd="Dm" lemma="pri">pri</w>
               <S/>
               <w msd="Sozem" lemma="najemnina">najemnini</w>
               <S/>
               <w msd="Dt" lemma="za">za</w>
               <S/>
               <w msd="Soset" lemma="stanovanje">stanovanje</w>
               <c>.</c>
               <S/>
            </s>
            <s>
               <w msd="Sommi" lemma="obrazec">Obrazci</w>
               <S/>
               <w msd="Gp-stm-n" lemma="biti">so</w>
               <S/>
               <w msd="Dt" lemma="na">na</w>
               <S/>
               <w msd="Sozet" lemma="volja">voljo</w>
               <S/>
               <w msd="Dm" lemma="v">v</w>
               <S/>
               <w msd="Ppnzem" lemma="občinski">občinski</w>
               <S/>
               <w msd="Sozem" lemma="uprava">upravi</w>
               <S/>
               <w msd="Vp" lemma="ali">ali</w>
               <S/>
               <w msd="Dm" lemma="pri">pri</w>
               <S/>
               <w msd="Somem" lemma="center">Centru</w>
               <S/>
               <w msd="Dt" lemma="za">za</w>
               <S/>
               <w msd="Ppnset" lemma="socialen">socialno</w>
               <S/>
               <w msd="Soset" lemma="delo">delo</w>
               <c>,</c>
               <S/>
               <w msd="Vd" lemma="ki">ki</w>
               <S/>
               <w msd="Ggdste" lemma="dati">da</w>
               <S/>
               <w msd="Soset" lemma="mnenje">mnenje</w>
               <S/>
               <w msd="Dm" lemma="o">o</w>
               <S/>
               <w msd="Sozem" lemma="vloga">vlogi</w>
               <c>,</c>
               <S/>
               <w msd="Rsn" lemma="nakar">nakar</w>
               <S/>
               <w msd="Zp------k" lemma="se">se</w>
               <S/>
               <w msd="Ggdste" lemma="izdati">izda</w>
               <S/>
               <w msd="Sozei" lemma="odločba">odločba</w>
               <S/>
               <w msd="Dm" lemma="o">o</w>
               <S/>
               <w msd="Sozem" lemma="višina">višini</w>
               <S/>
               <w msd="Sozer" lemma="pomoč">pomoči</w>
               <c>.</c>
            </s>
         </p>
         <p xml:id="F0000598.006886">
            <s>
               <w msd="Dr" lemma="iz">iz</w>
               <S/>
               <w msd="Psnzer" lemma="Finžgarjev">Finžgarjeve</w>
               <S/>
               <w msd="Sozer" lemma="ulica">ulice</w>
               <S/>
               <w msd="Kag" lemma="20">20</w>
               <c>,</c>
               <S/>
               <w msd="Ppnsei" lemma="nov">Novo</w>
               <S/>
               <w msd="Sosei" lemma="mesto">mesto</w>
            </s>
         </p>
      </body>
   </text>
</TEI>