<?xml version="1.0" encoding="UTF-8"?>
<TEI xmlns="http://www.tei-c.org/ns/1.0" xml:id="F0000415" xml:lang="sl">
   <teiHeader>
      <fileDesc>
         <titleStmt>
            <title>ccKRES: Moj lepi vrt (2005-08)</title>
            <funder>Operacijo delno financira Evropska unija iz Evropskega socialnega sklada ter Ministrstvo za šolstvo in šport. Operacija se izvaja v okviru Operativnega programa razvoja človeških virov za obdobje 2007-2013, razvojne prioritete: razvoj človeških virov in vseživljenjskega učenja; prednostne usmeritve: izboljšanje kakovosti in učinkovitosti sistemov izobraževanja in usposabljanja 2007-2013.</funder>
         </titleStmt>
         <editionStmt>
            <edition>1.0</edition>
         </editionStmt>
         <extent>1005 besed</extent>
         <publicationStmt>
            <idno>mlv8_05</idno>
            <availability status="free">
               <p xml:lang="sl">Avtorske pravice za to izdajo ureja licenca <ref target="http://creativecommons.org/licenses/by-nc/2.5/si/">Creative Commons Priznanje avtorstva-Nekomercialno 2.5 Slovenija</ref>.</p>
               <p xml:lang="en">This work is licenced under the <ref target="http://creativecommons.org/licenses/by-nc/2.5/si/deed.en">Creative Commons Attribution-Noncommercial 2.5 Slovenia</ref>.</p>
            </availability>
            <date>2012-05-06</date>
         </publicationStmt>
         <sourceDesc>
            <bibl>
               <title>Moj lepi vrt</title>
               <author n="???">neznani novinar</author>
               <date>2005-08</date>
               <publisher n="drugo">Burda</publisher>
               <note type="sourceLang">sl</note>
            </bibl>
         </sourceDesc>
      </fileDesc>
      <encodingDesc>
         <projectDesc>
            <p xml:lang="sl">Glej <ref target="http://www.korpus-kres.net/">www.korpus-kres.net</ref> oz. <ref target="http://nl.ijs.si/ssj/">nl.ijs.si/ssj</ref>.</p>
            <p xml:lang="en">See <ref target="http://www.korpus-kres.net/">www.korpus-kres.net</ref> or <ref target="http://nl.ijs.si/ssj/">nl.ijs.si/ssj</ref>.</p>
         </projectDesc>
         <samplingDecl>
            <p xml:lang="sl">
            Besedila in odstavki v korpusu KRES so bili vzorčeni iz
            Gigafide tako, da smo dobili 100-milijonski referenčni
            korpus, v katerem so besedila uravnotežena po vnaprej
            določenih taksonomskih deležih in po podatkih o branosti
            vira (časopisi, revije, novičarski portali).  Korpus
            ccKRES nato, z namenom, da je lahko dostopen po licenci CC,
            vsebuje 10 % naključno vzorčenih odstavkov besedil iz
            korpusa KRES, torej 10 milijonov besed.
	    Več o sestavi korpusa lahko preberete na 
            <ref target="http://www.korpus-kres.net/">www.korpus-kres.net</ref> oz.
            <ref target="http://nl.ijs.si/ssj/">nl.ijs.si/ssj</ref>.
	  </p>
            <p xml:lang="en">
            Texts and paragraphs in the KRES corpus have been sampled from the 
	    Gigafida corpus. The result of the sampling is a 100-million-word 
	    reference corpus. The texts in KRES are balanced according to the 
	    predetermined categories, with particular consideration being paid to 
	    the data on the popularity of the source (newspapers, magazines, 
	    Internet news sites). 
	    To enable free (CC) distribution of the corpus, the ccKRES corpus contains 
	    10% of randomly sampled paragraphs from KRES, i.e. contains 10 million words.
	    For more information about the contents of the corpus, 
	    see <ref target="http://www.korpus-kres.net/">www.korpus-kres.net</ref>
	    and <ref target="http://nl.ijs.si/ssj/">nl.ijs.si/ssj</ref>.
	  </p>
         </samplingDecl>
         <tagsDecl>
            <namespace name="http://www.tei-c.org/ns/1.0">
               <tagUsage gi="p" occurs="73"/>
               <tagUsage gi="s" occurs="115"/>
               <tagUsage gi="c" occurs="165"/>
               <tagUsage gi="S" occurs="932"/>
               <tagUsage gi="w" occurs="1005"/>
            </namespace>
         </tagsDecl>
         <classDecl>
            <taxonomy xml:id="SSJ">
               <category xml:id="SSJ.T">
                  <catDesc>tisk</catDesc>
                  <category xml:id="SSJ.T.K">
                     <catDesc>knjižno</catDesc>
                     <category xml:id="SSJ.T.K.L">
                        <catDesc>leposlovno</catDesc>
                     </category>
                     <category xml:id="SSJ.T.K.S">
                        <catDesc>strokovno</catDesc>
                     </category>
                  </category>
                  <category xml:id="SSJ.T.P">
                     <catDesc>periodično</catDesc>
                     <category xml:id="SSJ.T.P.C">
                        <catDesc>časopis</catDesc>
                     </category>
                     <category xml:id="SSJ.T.P.R">
                        <catDesc>revija</catDesc>
                     </category>
                  </category>
                  <category xml:id="SSJ.T.D">
                     <catDesc>drugo</catDesc>
                  </category>
               </category>
               <category xml:id="SSJ.I">
                  <catDesc>internet</catDesc>
               </category>
            </taxonomy>
         </classDecl>
      </encodingDesc>
      <profileDesc>
         <textClass>
            <catRef target="#SSJ.T.P.R"/>
         </textClass>
      </profileDesc>
   </teiHeader>
   <text xml:id="F0000415." xml:lang="sl">
      <body>
         <p xml:id="F0000415.000001">
            <s>
               <w msd="Kag" lemma="001">001</w>
               <S/>
               <w msd="Sozei" lemma="naslovnica">NASLOVNICA</w>
            </s>
         </p>
         <p xml:id="F0000415.000007">
            <s>
               <c>#</c>
               <w msd="Ppnmetn" lemma="velik">VELIK</w>
               <S/>
               <w msd="Somei" lemma="naslov">NASLOV</w>
               <S/>
               <w msd="Rsn" lemma="spodaj">SPODAJ</w>
               <c>#</c>
            </s>
         </p>
         <p xml:id="F0000415.000019">
            <s>
               <w msd="Sozmr" lemma="sprostitev">SPROSTITEV</w>
               <S/>
               <w msd="Dm" lemma="v">V</w>
               <S/>
               <w msd="Ppnsem" lemma="cveten">CVETNEM</w>
               <S/>
               <w msd="Sosem" lemma="morje">MORJU</w>
            </s>
         </p>
         <p xml:id="F0000415.000061">
            <s>
               <w msd="Soset" lemma="oblikovanje">OBLIKOVANJE</w>
            </s>
         </p>
         <p xml:id="F0000415.000065">
            <s>
               <w msd="Sozei" lemma="stran">STRAN</w>
               <S/>
               <w msd="Kag" lemma="7">7</w>
            </s>
         </p>
         <p xml:id="F0000415.000078">
            <s>
               <w msd="Somei" lemma="naslov">NASLOV</w>
            </s>
         </p>
         <p xml:id="F0000415.000084">
            <s>
               <w msd="Sozem" lemma="fotografija">FOTOGRAFIJI</w>
            </s>
         </p>
         <p xml:id="F0000415.000086">
            <s>
               <w msd="L" lemma="tudi">Tudi</w>
               <S/>
               <w msd="Dm" lemma="na">na</w>
               <S/>
               <w msd="Ppnmmm" lemma="majhen">majhnih</w>
               <S/>
               <w msd="Sommm" lemma="vrt">vrtovih</w>
               <S/>
               <w msd="Zp------k" lemma="se">se</w>
               <S/>
               <w msd="Rsn" lemma="lahko">lahko</w>
               <S/>
               <w msd="Rsn" lemma="lagodno">lagodno</w>
               <S/>
               <w msd="Ggnsdm" lemma="sprehajati">sprehajate</w>
               <c>.</c>
               <S/>
            </s>
            <s>
               <w msd="Do" lemma="med">Med</w>
               <S/>
               <w msd="Ppnzmo" lemma="pisan">pisanimi</w>
               <S/>
               <w msd="Sozmo" lemma="gredica">gredicami</w>
               <S/>
               <w msd="Sozmr" lemma="vrtnica">vrtnic</w>
               <c>,</c>
               <S/>
               <w msd="Sozmr" lemma="lilija">lilij</w>
               <c>,</c>
               <S/>
               <w msd="Somer" lemma="timijan">timijana</w>
               <S/>
               <w msd="Vp" lemma="in">in</w>
               <S/>
               <w msd="Ppnzmr" lemma="poleten">poletnih</w>
               <S/>
               <w msd="Sozmr" lemma="cvetlica">cvetlic</w>
               <S/>
               <w msd="Zp------k" lemma="se">se</w>
               <S/>
               <w msd="Ggnste" lemma="viti">vije</w>
               <S/>
               <w msd="Pdnzei" lemma="pokošen">pokošena</w>
               <S/>
               <w msd="Ppnzei" lemma="travnat">travnata</w>
               <S/>
               <w msd="Sozei" lemma="stezica">stezica</w>
               <c>.</c>
            </s>
         </p>
         <p xml:id="F0000415.000115">
            <s>
               <w msd="Ppnmein" lemma="idiličen">Idiličen</w>
               <S/>
               <w msd="Ppnmeid" lemma="podeželski">podeželski</w>
               <S/>
               <w msd="Somei" lemma="vrt">vrt</w>
               <S/>
               <w msd="Gp-ste-n" lemma="biti">je</w>
               <S/>
               <w msd="Rsn" lemma="vedno">vedno</w>
               <S/>
               <w msd="Dm" lemma="v">v</w>
               <S/>
               <w msd="Sozem" lemma="moda">modi</w>
               <c>.</c>
               <S/>
            </s>
            <s>
               <w msd="L" lemma="že">Že</w>
               <S/>
               <w msd="Do" lemma="z">z</w>
               <S/>
               <w msd="Rsn" lemma="malo">malo</w>
               <S/>
               <w msd="Sozmo" lemma="sprememba">spremembami</w>
               <S/>
               <w msd="Rsn" lemma="lahko">lahko</w>
               <S/>
               <w msd="Ggdsdm" lemma="vnesti">vnesete</w>
               <S/>
               <w msd="Ppnmetd" lemma="podeželski">podeželski</w>
               <S/>
               <w msd="Sometn" lemma="pridih">pridih</w>
               <S/>
               <w msd="Dt" lemma="na">na</w>
               <S/>
               <w msd="Zp-met" lemma="svoj">svoj</w>
               <S/>
               <w msd="Sometn" lemma="vrt">vrt</w>
               <c>.</c>
            </s>
         </p>
         <p xml:id="F0000415.000116">
            <s>
               <w msd="Rsn" lemma="stran">STRAN</w>
               <S/>
               <w msd="Kag" lemma="14">14</w>
            </s>
         </p>
         <p xml:id="F0000415.000129">
            <s>
               <w msd="Ppnsei" lemma="poleten">POLETNO</w>
               <S/>
               <w msd="Sosei" lemma="razpoloženje">RAZPOLOŽENJE</w>
               <S/>
               <w msd="Dm" lemma="v">V</w>
               <S/>
               <w msd="Somem" lemma="lonec">LONCU</w>
            </s>
         </p>
         <p xml:id="F0000415.000145">
            <s>
               <w msd="Rsr" lemma="prej">Prej</w>
            </s>
         </p>
         <p xml:id="F0000415.000146">
            <s>
               <w msd="Rsn" lemma="potem">Potem</w>
            </s>
         </p>
         <p xml:id="F0000415.000152">
            <s>
               <w msd="Somei" lemma="foto">FOTO</w>
            </s>
         </p>
         <p xml:id="F0000415.000153">
            <s>
               <w msd="Ppnmein" lemma="lep">LEP</w>
               <S/>
               <w msd="Vp" lemma="in">IN</w>
               <S/>
               <w msd="Pdnmein" lemma="razigran">RAZIGRAN</w>
            </s>
         </p>
         <p xml:id="F0000415.000162">
            <s>
               <w msd="Sometn" lemma="okvir">OKVIR</w>
               <S/>
               <w msd="Rsn" lemma="zgoraj">ZGORAJ</w>
               <S/>
               <w msd="Rsn" lemma="levo">LEVO</w>
            </s>
         </p>
         <p xml:id="F0000415.000181">
            <s>
               <w msd="Sozei" lemma="stran">STRAN</w>
               <S/>
               <w msd="Kag" lemma="21">21</w>
            </s>
         </p>
         <p xml:id="F0000415.000186">
            <s>
               <w msd="Rsn" lemma="tako">Tako</w>
               <S/>
               <w msd="Ggdste" lemma="priti">pride</w>
               <S/>
               <w msd="Sozet" lemma="napetost">napetost</w>
               <S/>
               <w msd="Dt" lemma="na">na</w>
               <S/>
               <w msd="Sometn" lemma="vrt">vrt</w>
            </s>
         </p>
         <p xml:id="F0000415.000189">
            <s>
               <w msd="Sosei" lemma="oblikovanje">OBLIKOVANJE</w>
            </s>
         </p>
         <p xml:id="F0000415.000193">
            <s>
               <w msd="Somei" lemma="okvir">OKVIR</w>
               <S/>
               <w msd="Dm" lemma="v">V</w>
               <S/>
               <w msd="Sozem" lemma="sredina">SREDINI</w>
            </s>
         </p>
         <p xml:id="F0000415.000203">
            <s>
               <w msd="Somei" lemma="košček">Košček</w>
               <S/>
               <w msd="Somer" lemma="jug">juga</w>
            </s>
         </p>
         <p xml:id="F0000415.000207">
            <s>
               <w msd="Ppnmeid" lemma="dopustniški">DOPUSTNIŠKI</w>
               <S/>
               <w msd="Somei" lemma="raj">RAJ</w>
            </s>
         </p>
         <p xml:id="F0000415.000231">
            <s>
               <w msd="Dm" lemma="na">Na</w>
               <S/>
               <w msd="Ppnmem" lemma="majhen">majhnem</w>
               <S/>
               <w msd="Somem" lemma="prostor">prostoru</w>
               <S/>
               <w msd="Somei" lemma="žajbelj">žajbelj</w>
               <c>,</c>
               <S/>
               <w msd="Somei" lemma="rožmarin">rožmarin</w>
               <c>,</c>
               <S/>
               <w msd="Somei" lemma="timijan">timijan</w>
               <S/>
               <w msd="Vp" lemma="in">in</w>
               <S/>
               <w msd="Somei" lemma="origano">origano</w>
               <S/>
               <w msd="Ggnstm" lemma="krasiti">krasijo</w>
               <S/>
               <w msd="Ppnmeid" lemma="zeliščen">zeliščni</w>
               <S/>
               <w msd="Sometn" lemma="vrt">vrt</w>
               <S/>
               <w msd="Do" lemma="z">s</w>
               <S/>
               <w msd="Ppnmeo" lemma="sredozemski">sredozemskim</w>
               <S/>
               <w msd="Someo" lemma="pridih">pridihom</w>
               <c>.</c>
               <S/>
            </s>
            <s>
               <w msd="Ppnmeid" lemma="nemški">Nemški</w>
               <S/>
               <w msd="Somei" lemma="rožmarin">rožmarin</w>
               <S/>
               <w msd="Ggvste" lemma="prispevati">prispeva</w>
               <S/>
               <w msd="Rsn" lemma="sončno">sončno</w>
               <S/>
               <w msd="Rsn" lemma="toplo">toplo</w>
               <S/>
               <w msd="Ppnzet" lemma="rumen">rumeno</w>
               <S/>
               <w msd="Sozet" lemma="barva">barvo</w>
               <c>.</c>
            </s>
         </p>
         <p xml:id="F0000415.000250">
            <s>
               <w msd="Sozmi" lemma="fotografija">FOTOGRAFIJE</w>
               <S/>
               <w msd="Dr" lemma="od">OD</w>
               <S/>
               <w msd="Rsn" lemma="zgoraj">ZGORAJ</w>
               <S/>
               <w msd="Rsn" lemma="navzdol">NAVZDOL</w>
            </s>
         </p>
         <p xml:id="F0000415.000264">
            <s>
               <w msd="Ppnzei" lemma="žlahten">Žlahtna</w>
               <S/>
               <w msd="Sozei" lemma="terakota">terakota</w>
               <S/>
               <w msd="Ggnste" lemma="spadati">spada</w>
               <S/>
               <w msd="Dt" lemma="med">med</w>
               <S/>
               <w msd="Sozer" lemma="klasika">klasike</w>
               <c>.</c>
               <S/>
            </s>
            <s>
               <w msd="Rsn" lemma="napeto">Napeto</w>
               <S/>
               <w msd="Ggdste" lemma="postati">postane</w>
               <c>,</c>
               <S/>
               <w msd="Vd" lemma="ko">ko</w>
               <S/>
               <w msd="Ggvsdm" lemma="kombinirati">kombinirate</w>
               <S/>
               <w msd="Ppnzmt" lemma="velik">velike</w>
               <S/>
               <w msd="Sozmt" lemma="amfora">amfore</w>
               <S/>
               <w msd="Do" lemma="z">z</w>
               <S/>
               <w msd="Ppnzmo" lemma="majhen">majhnimi</w>
               <S/>
               <w msd="Sommo" lemma="storž">storži</w>
               <S/>
               <w msd="Vp" lemma="in">in</w>
               <S/>
               <w msd="Ppnmmi" lemma="mini">mini</w>
               <S/>
               <w msd="Sommt" lemma="lonec">lonce</w>
               <S/>
               <w msd="Do" lemma="z">z</w>
               <S/>
               <w msd="Ppnmmo" lemma="velikanski">velikanskimi</w>
               <S/>
               <w msd="Sommo" lemma="storž">storži</w>
               <S/>
               <c>(</c>
               <w msd="Rsn" lemma="desno">desno</w>
               <c>)</c>
               <c>.</c>
            </s>
         </p>
         <p xml:id="F0000415.000289">
            <s>
               <w msd="Kag" lemma="3">3</w>
               <S/>
               <w msd="Sozei" lemma="kovina">Kovina</w>
               <S/>
               <w msd="Gp-ste-n" lemma="biti">je</w>
               <S/>
               <w msd="Ppnzei" lemma="moden">modna</w>
               <c>.</c>
               <S/>
            </s>
            <s>
               <w msd="Dm" lemma="v">V</w>
               <S/>
               <w msd="Ppnmem" lemma="majhen">majhnem</w>
               <S/>
               <w msd="Somem" lemma="lonec">loncu</w>
               <S/>
               <w msd="Ggnste" lemma="rasti">raste</w>
               <S/>
               <w msd="Ppnmetd" lemma="ognjen">ognjeni</w>
               <S/>
               <w msd="Somei" lemma="dež">dež</w>
               <c>,</c>
               <S/>
               <w msd="Dm" lemma="v">v</w>
               <S/>
               <w msd="Ppnmem" lemma="srednji">srednjem</w>
               <S/>
               <w msd="Somei" lemma="šaš">šaš</w>
               <S/>
               <c>(</c>
               <w msd="Slmei" lemma="Carex">Carex</w>
               <c>)</c>
               <c>,</c>
               <S/>
               <w msd="Sozei" lemma="lilijevka">lilijevka</w>
               <S/>
               <c>(</c>
               <w msd="Somei" lemma="ophiopogon">Ophiopogon</w>
               <c>)</c>
               <S/>
               <w msd="Vp" lemma="in">in</w>
               <S/>
               <w msd="Ppnmeid" lemma="srebrnolisten">srebrnolistni</w>
               <S/>
               <w msd="Slmei" lemma="slak">slak</w>
               <S/>
               <c>(</c>
               <w msd="Somei" lemma="convolvulus">Convolvulus</w>
               <S/>
               <w msd="Somei" lemma="cneorum">cneorum</w>
               <c>)</c>
               <c>,</c>
               <S/>
               <w msd="Dm" lemma="v">v</w>
               <S/>
               <w msd="Ppnzem" lemma="velik">veliki</w>
               <S/>
               <w msd="Sozem" lemma="posoda">posodi</w>
               <S/>
               <w msd="Vp" lemma="pa">pa</w>
               <S/>
               <w msd="Ggnstm" lemma="uspevati">uspevajo</w>
               <S/>
               <w msd="Ppnmetd" lemma="ognjen">ognjeni</w>
               <S/>
               <w msd="Sometn" lemma="dež">dež</w>
               <c>,</c>
               <S/>
               <w msd="Somei" lemma="šaš">šaš</w>
               <S/>
               <w msd="Vp" lemma="in">in</w>
               <S/>
               <w msd="Slmei" lemma="lan">lan</w>
               <S/>
               <c>(</c>
               <w msd="Slmei" lemma="Phormium">Phormium</w>
               <c>)</c>
               <c>.</c>
            </s>
         </p>
         <p xml:id="F0000415.000295">
            <s>
               <w msd="Zp-mmd" lemma="svoj">Svojim</w>
               <S/>
               <w msd="Sommd" lemma="vzornik">vzornikom</w>
               <S/>
               <w msd="Gp-stm-n" lemma="biti">so</w>
               <S/>
               <w msd="Rsn" lemma="zelo">zelo</w>
               <S/>
               <w msd="Ppnmmi" lemma="podoben">podobni</w>
               <S/>
               <w msd="Vp" lemma="in">in</w>
               <S/>
               <w msd="Gp-stm-n" lemma="biti">so</w>
               <S/>
               <w msd="Dm" lemma="pri">pri</w>
               <S/>
               <w msd="Zk-sem" lemma="ta">tem</w>
               <S/>
               <w msd="Ppnzer" lemma="pravi">prave</w>
               <S/>
               <w msd="Ppnzer" lemma="lahek">lahke</w>
               <S/>
               <w msd="Sozer" lemma="kategorija">kategorije</w>
               <c>.</c>
               <S/>
            </s>
            <s>
               <w msd="Ppnzmi" lemma="nov">Nove</w>
               <S/>
               <w msd="Sozmi" lemma="serija">serije</w>
               <S/>
               <w msd="Sozmr" lemma="posoda">posod</w>
               <S/>
               <w msd="Gp-stm-n" lemma="biti">so</w>
               <S/>
               <w msd="Ppnzmi" lemma="podoben">podobne</w>
               <S/>
               <w msd="Zk-zmd" lemma="tisti">tistim</w>
               <S/>
               <w msd="Dr" lemma="iz">iz</w>
               <S/>
               <w msd="Sozer" lemma="terakota">terakote</w>
               <S/>
               <c>(</c>
               <w msd="Rsn" lemma="levo">levo</w>
               <c>)</c>
               <S/>
               <w msd="Vp" lemma="in">in</w>
               <S/>
               <w msd="Gp-stm-n" lemma="biti">so</w>
               <S/>
               <w msd="Dt" lemma="na">na</w>
               <S/>
               <w msd="Sometn" lemma="videz">videz</w>
               <S/>
               <w msd="Ppnzer" lemma="podoben">podobne</w>
               <S/>
               <w msd="Ppnmmd" lemma="tradicionalen">tradicionalnim</w>
               <S/>
               <w msd="Ppnzmd" lemma="angleški">angleškim</w>
               <S/>
               <w msd="Ppnzmd" lemma="svinčen">svinčenim</w>
               <S/>
               <w msd="Sozmd" lemma="posoda">posodam</w>
               <S/>
               <c>(</c>
               <w msd="Ppnzei" lemma="desen">desna</w>
               <S/>
               <w msd="Sozei" lemma="fotografija">fotografija</w>
               <c>)</c>
               <c>.</c>
               <S/>
            </s>
            <s>
               <w msd="Dr" lemma="zaradi">Zaradi</w>
               <S/>
               <w msd="Rsn" lemma="izredno">izredno</w>
               <S/>
               <w msd="Ppnmer" lemma="lahek">lahkega</w>
               <S/>
               <w msd="Somer" lemma="material">materiala</w>
               <S/>
               <w msd="Gp-ste-n" lemma="biti">je</w>
               <S/>
               <w msd="Rsn" lemma="možno">možno</w>
               <S/>
               <w msd="L" lemma="tudi">tudi</w>
               <S/>
               <w msd="Ppnzmt" lemma="velik">velike</w>
               <S/>
               <w msd="Sozmt" lemma="posoda">posode</w>
               <S/>
               <w msd="Ggnn" lemma="prevažati">prevažati</w>
               <S/>
               <w msd="Dr" lemma="brez">brez</w>
               <S/>
               <w msd="Sozmr" lemma="težava">težav</w>
               <S/>
               <w msd="Dt" lemma="na">na</w>
               <S/>
               <w msd="Sometn" lemma="primer">primer</w>
               <S/>
               <w msd="Dm" lemma="pri">pri</w>
               <S/>
               <w msd="Sosem" lemma="aranžiranje">aranžiranju</w>
               <S/>
               <w msd="Sommr" lemma="lonec">loncev</w>
               <S/>
               <w msd="Vp" lemma="ali">ali</w>
               <S/>
               <w msd="Dm" lemma="pri">pri</w>
               <S/>
               <w msd="Sosem" lemma="prenašanje">prenašanju</w>
               <S/>
               <w msd="Sozmr" lemma="posodovka">posodovk</w>
               <c>,</c>
               <S/>
               <w msd="Vd" lemma="ki">ki</w>
               <S/>
               <w msd="Gp-stm-n" lemma="biti">so</w>
               <S/>
               <w msd="Ppnzmi" lemma="občutljiv">občutljive</w>
               <S/>
               <w msd="Dt" lemma="na">na</w>
               <S/>
               <w msd="Sometn" lemma="mraz">mraz</w>
               <c>.</c>
               <S/>
            </s>
            <s>
               <w msd="Sozmi" lemma="posoda">Posode</w>
               <S/>
               <w msd="Gp-stm-n" lemma="biti">so</w>
               <S/>
               <w msd="Rsn" lemma="ročno">ročno</w>
               <S/>
               <w msd="Pdnzmi" lemma="izdelan">izdelane</w>
               <c>,</c>
               <S/>
               <w msd="L" lemma="skoraj">skoraj</w>
               <S/>
               <w msd="Ppnzmi" lemma="neuničljiv">neuničljive</w>
               <S/>
               <w msd="Vp" lemma="in">in</w>
               <S/>
               <w msd="Ppnzmi" lemma="odporen">odporne</w>
               <S/>
               <w msd="Dd" lemma="proti">proti</w>
               <S/>
               <w msd="Somed" lemma="veter">vetru</w>
               <c>.</c>
               <S/>
            </s>
         </p>
         <p xml:id="F0000415.000318">
            <s>
               <w msd="Ggdvdm" lemma="pobrati">Poberite</w>
               <S/>
               <w msd="Ppnmmt" lemma="pasijonkin">pasijonkine</w>
               <S/>
               <w msd="Sommt" lemma="sadež">sadeže</w>
            </s>
         </p>
         <p xml:id="F0000415.000329">
            <s>
               <w msd="Somei" lemma="tekst">Tekst</w>
               <S/>
               <w msd="Dm" lemma="v">v</w>
               <S/>
               <w msd="Sozem" lemma="slika">sliki</w>
               <c>:</c>
            </s>
         </p>
         <p xml:id="F0000415.000341">
            <s>
               <w msd="Slmei" lemma="Vode">Vode</w>
               <S/>
               <w msd="L" lemma="ne">ne</w>
               <S/>
               <w msd="Ggnvdm" lemma="zlivati">zlivajte</w>
               <S/>
               <w msd="Dm" lemma="po">po</w>
               <S/>
               <w msd="Sommm" lemma="list">listih</w>
               <c>,</c>
               <S/>
               <w msd="Vp" lemma="temveč">temveč</w>
               <S/>
               <w msd="Rsn" lemma="neposredno">neposredno</w>
               <S/>
               <w msd="Dt" lemma="v">v</w>
               <S/>
               <w msd="Sozet" lemma="bližina">bližino</w>
               <S/>
               <w msd="Sosmr" lemma="tla">tal</w>
               <c>.</c>
            </s>
         </p>
         <p xml:id="F0000415.000371">
            <s>
               <w msd="Dm" lemma="v">V</w>
               <S/>
               <w msd="Zk-mem" lemma="ta">tem</w>
               <S/>
               <w msd="Somem" lemma="čas">času</w>
               <S/>
               <w msd="L" lemma="še">še</w>
               <S/>
               <w msd="Rsn" lemma="enkrat">enkrat</w>
               <S/>
               <w msd="Ggdvdm" lemma="obrezati">obrežite</w>
               <S/>
               <w msd="Ppnzmt" lemma="zelen">zelene</w>
               <S/>
               <w msd="Ppnzer" lemma="živ">žive</w>
               <S/>
               <w msd="Sozer" lemma="meja">meje</w>
               <c>.</c>
            </s>
         </p>
         <p xml:id="F0000415.000393">
            <s>
               <w msd="Pdnzei" lemma="zagotovljen">Zagotovljena</w>
               <S/>
               <w msd="Ppnzei" lemma="bogat">bogata</w>
               <S/>
               <w msd="Sozei" lemma="letina">letina</w>
               <S/>
               <w msd="L" lemma="tudi">tudi</w>
               <S/>
               <w msd="Dm" lemma="po">po</w>
               <S/>
               <w msd="Somem" lemma="dopust">dopustu</w>
               <c>.</c>
            </s>
         </p>
         <p xml:id="F0000415.000404">
            <s>
               <w msd="Somei" lemma="tekst">Tekst</w>
               <S/>
               <w msd="Do" lemma="pod">pod</w>
               <S/>
               <w msd="Sozet" lemma="slika">sliko</w>
               <S/>
               <w msd="Rsn" lemma="desno">desno</w>
               <S/>
               <w msd="Rsn" lemma="spodaj">spodaj</w>
               <c>:</c>
            </s>
         </p>
         <p xml:id="F0000415.000418">
            <s>
               <w msd="Somei" lemma="tekst">Tekst</w>
               <S/>
               <w msd="Dm" lemma="v">v</w>
               <S/>
               <w msd="Sozem" lemma="slika">sliki</w>
               <S/>
               <w msd="Rsn" lemma="levo">levo</w>
               <S/>
               <w msd="Rsn" lemma="zgoraj">zgoraj</w>
               <c>:</c>
            </s>
         </p>
         <p xml:id="F0000415.000458">
            <s>
               <w msd="Ggnste" lemma="zdeti">Zdi</w>
               <S/>
               <w msd="Zp------k" lemma="se">se</w>
               <S/>
               <w msd="Zop-md" lemma="jaz">nam</w>
               <c>,</c>
               <S/>
               <w msd="Vd" lemma="da">da</w>
               <S/>
               <w msd="Slmei" lemma="palme">palme</w>
               <S/>
               <w msd="Dm" lemma="v">v</w>
               <S/>
               <w msd="Ppnsem" lemma="naraven">naravnem</w>
               <S/>
               <w msd="Sosem" lemma="okolje">okolju</w>
               <S/>
               <w msd="Ggnstm" lemma="rasti">rastejo</w>
               <S/>
               <w msd="Rsn" lemma="večinoma">večinoma</w>
               <S/>
               <w msd="Dm" lemma="na">na</w>
               <S/>
               <w msd="Ppnsmm" lemma="suh">suhih</w>
               <S/>
               <w msd="Sosmm" lemma="tla">tleh</w>
               <c>.</c>
               <S/>
            </s>
            <s>
               <w msd="Sozei" lemma="resnica">Resnica</w>
               <S/>
               <w msd="Vp" lemma="pa">pa</w>
               <S/>
               <w msd="Gp-ste-n" lemma="biti">je</w>
               <c>,</c>
               <S/>
               <w msd="Vd" lemma="da">da</w>
               <S/>
               <w msd="Zstzerm" lemma="njihov">njihove</w>
               <S/>
               <w msd="Sozmi" lemma="korenina">korenine</w>
               <S/>
               <w msd="Ggnstm" lemma="črpati">črpajo</w>
               <S/>
               <w msd="Sozet" lemma="voda">vodo</w>
               <S/>
               <w msd="Dr" lemma="iz">iz</w>
               <S/>
               <w msd="Rsn" lemma="globoko">globoko</w>
               <S/>
               <w msd="Pdnzmr" lemma="ležeč">ležečih</w>
               <S/>
               <w msd="Sozmr" lemma="žila">žil</w>
               <S/>
               <w msd="Sozer" lemma="podtalnica">podtalnice</w>
               <c>.</c>
               <S/>
            </s>
            <s>
               <w msd="Slmei" lemma="Palme">Palme</w>
               <S/>
               <w msd="Dm" lemma="v">v</w>
               <S/>
               <w msd="Ppnmmm" lemma="cvetličen">cvetličnih</w>
               <S/>
               <w msd="Sommm" lemma="lonec">loncih</w>
               <S/>
               <w msd="Vp" lemma="zato">zato</w>
               <S/>
               <w msd="Ggnstm" lemma="potrebovati">potrebujejo</w>
               <S/>
               <w msd="Ppnzet" lemma="neprestan">neprestano</w>
               <S/>
               <w msd="Sozet" lemma="oskrba">oskrbo</w>
               <S/>
               <w msd="Do" lemma="z">z</w>
               <S/>
               <w msd="Sozeo" lemma="voda">vodo</w>
               <c>.</c>
               <S/>
            </s>
            <s>
               <w msd="Ggnvdm" lemma="zalivati">Zalivajte</w>
               <S/>
               <w msd="Zotmmt--k" lemma="on">jih</w>
               <S/>
               <w msd="Do" lemma="z">z</w>
               <S/>
               <w msd="Ppnzeo" lemma="velik">veliko</w>
               <S/>
               <w msd="Sozeo" lemma="količina">količino</w>
               <S/>
               <w msd="Sozer" lemma="voda">vode</w>
               <S/>
               <w msd="Vp" lemma="in">in</w>
               <S/>
               <w msd="L" lemma="sicer">sicer</w>
               <S/>
               <w msd="Rsn" lemma="toliko">toliko</w>
               <S/>
               <w msd="Somer" lemma="čas">časa</w>
               <c>,</c>
               <S/>
               <w msd="Vd" lemma="da">da</w>
               <S/>
               <w msd="Gp-ste-n" lemma="biti">je</w>
               <S/>
               <w msd="Ppnzei" lemma="moker">mokra</w>
               <S/>
               <w msd="L" lemma="tudi">tudi</w>
               <S/>
               <w msd="Sozei" lemma="zemlja">zemlja</w>
               <S/>
               <w msd="Dm" lemma="na">na</w>
               <S/>
               <w msd="Sosem" lemma="dno">dnu</w>
               <S/>
               <w msd="Somer" lemma="lonec">lonca</w>
               <c>.</c>
               <S/>
            </s>
            <s>
               <w msd="Zk-zei" lemma="ta">Ta</w>
               <S/>
               <w msd="Sozei" lemma="zaloga">zaloga</w>
               <S/>
               <w msd="L" lemma="naj">naj</w>
               <S/>
               <w msd="Gp-g" lemma="biti">bi</w>
               <S/>
               <w msd="Ggnd-ez" lemma="zadostovati">zadostovala</w>
               <S/>
               <w msd="Dt" lemma="za">za</w>
               <S/>
               <w msd="Rsn" lemma="nekaj">nekaj</w>
               <S/>
               <w msd="Sommr" lemma="dan">dni</w>
               <c>.</c>
               <S/>
            </s>
            <s>
               <w msd="Vd" lemma="če">Če</w>
               <S/>
               <w msd="Zp------k" lemma="se">se</w>
               <S/>
               <w msd="Sozei" lemma="zemlja">zemlja</w>
               <S/>
               <w msd="Ggdste" lemma="izsušiti">izsuši</w>
               <c>,</c>
               <S/>
               <w msd="Sozet" lemma="rastlina">rastlino</w>
               <S/>
               <w msd="Rsn" lemma="ponovno">ponovno</w>
               <S/>
               <w msd="Ggdvdm" lemma="zaliti">zalijte</w>
               <c>.</c>
            </s>
         </p>
         <p xml:id="F0000415.000503">
            <s>
               <w msd="Ggdvdm" lemma="povezati">POVEŽITE</w>
               <S/>
               <w msd="Ppnzmi" lemma="vretenčast">VRETENČASTE</w>
               <S/>
               <w msd="Sommt" lemma="grm">GRME</w>
            </s>
         </p>
         <p xml:id="F0000415.000507">
            <s>
               <w msd="Sozei" lemma="nega">NEGA</w>
               <S/>
               <w msd="Sozmr" lemma="višnja">VIŠENJ</w>
            </s>
         </p>
         <p xml:id="F0000415.000509">
            <s>
               <w msd="Kag" lemma="038">038</w>
               <S/>
               <w msd="Slmei" lemma="VP">VP</w>
               <S/>
               <w msd="Do" lemma="pod">POD</w>
               <S/>
               <w msd="Soseo" lemma="steklo">STEKLOM</w>
            </s>
         </p>
         <p xml:id="F0000415.000516">
            <s>
               <w msd="Rsn" lemma="koliko">Koliko</w>
               <S/>
               <w msd="Sozer" lemma="voda">vode</w>
               <S/>
               <w msd="Dm" lemma="v">v</w>
               <S/>
               <w msd="Sozem" lemma="resnica">resnici</w>
               <S/>
               <w msd="Ggnstm" lemma="potrebovati">potrebujejo</w>
               <S/>
               <w msd="Sommi" lemma="paradižnik">paradižniki</w>
               <c>?</c>
               <S/>
            </s>
            <s>
               <w msd="Sommi" lemma="rezultat">Rezultati</w>
               <S/>
               <w msd="Ppnzer" lemma="nemški">nemške</w>
               <S/>
               <w msd="Ppnzer" lemma="vrtnarski">vrtnarske</w>
               <S/>
               <w msd="Sozer" lemma="šola">šole</w>
               <S/>
               <w msd="Dr" lemma="iz">iz</w>
               <S/>
               <w msd="Slmer" lemma="Hohenheim">Hohenheima</w>
               <c>,</c>
               <S/>
               <w msd="Vd" lemma="kjer">kjer</w>
               <S/>
               <w msd="Gp-stm-n" lemma="biti">so</w>
               <S/>
               <w msd="Zp------k" lemma="se">se</w>
               <S/>
               <w msd="Somer" lemma="preizkus">preizkusa</w>
               <S/>
               <w msd="Ggdd-mm" lemma="lotiti">lotili</w>
               <S/>
               <w msd="Do" lemma="z">z</w>
               <S/>
               <w msd="Soseo" lemma="merilce">merilcem</w>
               <S/>
               <w msd="Sozer" lemma="vlažnost">vlažnosti</w>
               <S/>
               <w msd="Sosmr" lemma="tla">tal</w>
               <c>,</c>
               <S/>
               <w msd="Gp-stm-n" lemma="biti">so</w>
               <S/>
               <w msd="Ggdd-mm" lemma="pokazati">pokazali</w>
               <c>,</c>
               <S/>
               <w msd="Vd" lemma="da">da</w>
               <S/>
               <w msd="Dr" lemma="do">do</w>
               <S/>
               <w msd="Rsn" lemma="zdaj">zdaj</w>
               <S/>
               <w msd="Pdnzei" lemma="priporočen">priporočena</w>
               <S/>
               <w msd="Sozei" lemma="količina">količina</w>
               <S/>
               <w msd="Sozer" lemma="voda">vode</w>
               <S/>
               <w msd="Kag" lemma="1,5">1,5</w>
               <S/>
               <w msd="Somer" lemma="liter">litra</w>
               <S/>
               <w msd="Dt" lemma="na">na</w>
               <S/>
               <w msd="Sozet" lemma="rastlina">rastlino</w>
               <S/>
               <w msd="Dt" lemma="na">na</w>
               <S/>
               <w msd="Sometn" lemma="dan">dan</w>
               <S/>
               <w msd="L" lemma="ne">ne</w>
               <S/>
               <w msd="Ggnste" lemma="zadostovati">zadostuje</w>
               <c>.</c>
               <S/>
            </s>
            <s>
               <w msd="Vd" lemma="če">Če</w>
               <S/>
               <w msd="Ggnsdm" lemma="želeti">želite</w>
               <c>,</c>
               <S/>
               <w msd="Vd" lemma="da">da</w>
               <S/>
               <w msd="Gp-ptm-n" lemma="biti">bodo</w>
               <S/>
               <w msd="Sommi" lemma="plod">plodovi</w>
               <S/>
               <w msd="Pdnmmi" lemma="napet">napeti</w>
               <S/>
               <w msd="Vp" lemma="in">in</w>
               <S/>
               <w msd="Ppnmmi" lemma="čvrst">čvrsti</w>
               <S/>
               <w msd="Vp" lemma="in">in</w>
               <S/>
               <w msd="Vd" lemma="da">da</w>
               <S/>
               <w msd="Gp-ptm-n" lemma="biti">bodo</w>
               <S/>
               <w msd="Sozmi" lemma="rastlina">rastline</w>
               <S/>
               <w msd="Ggnd-mz" lemma="tvoriti">tvorile</w>
               <S/>
               <w msd="Rsn" lemma="vedno">vedno</w>
               <S/>
               <w msd="Ppnmmt" lemma="nov">nove</w>
               <S/>
               <w msd="Sommt" lemma="cvet">cvetove</w>
               <c>,</c>
               <S/>
               <w msd="Ggnsdm" lemma="morati">morate</w>
               <S/>
               <w msd="Dt" lemma="na">na</w>
               <S/>
               <w msd="Sozet" lemma="rastlina">rastlino</w>
               <S/>
               <w msd="Rsn" lemma="dnevno">dnevno</w>
               <S/>
               <w msd="Ggdn" lemma="zagotoviti">zagotoviti</w>
               <S/>
               <w msd="Rss" lemma="najmanj">najmanj</w>
               <S/>
               <w msd="Kag" lemma="2">2</w>
               <c>,</c>
               <S/>
               <w msd="L" lemma="še">še</w>
               <S/>
               <w msd="Rsr" lemma="dobro">bolje</w>
               <S/>
               <w msd="Vp" lemma="pa">pa</w>
               <S/>
               <w msd="Kag" lemma="2">2</w>
               <S/>
               <w msd="Vp" lemma="in">in</w>
               <S/>
               <w msd="Rsn" lemma="pol">pol</w>
               <S/>
               <w msd="Somer" lemma="liter">litra</w>
               <S/>
               <w msd="Sozer" lemma="voda">vode</w>
               <c>.</c>
               <S/>
            </s>
            <s>
               <w msd="Vd" lemma="če">Če</w>
               <S/>
               <w msd="Ggnsdm" lemma="zalivati">zalivate</w>
               <S/>
               <w msd="L" lemma="le">le</w>
               <S/>
               <w msd="Zc-zer" lemma="vsak">vsake</w>
               <S/>
               <w msd="Kbgmmt" lemma="trije">tri</w>
               <S/>
               <w msd="Sommt" lemma="dan">dni</w>
               <c>,</c>
               <S/>
               <w msd="Ggnsdm" lemma="morati">morate</w>
               <S/>
               <w msd="Zk-sed" lemma="ta">temu</w>
               <S/>
               <w msd="Rsn" lemma="ustrezno">ustrezno</w>
               <S/>
               <w msd="Ggdn" lemma="zvišati">zvišati</w>
               <S/>
               <w msd="Ppnzmt" lemma="potreben">potrebne</w>
               <S/>
               <w msd="Sozmt" lemma="količina">količine</w>
               <c>.</c>
            </s>
         </p>
         <p xml:id="F0000415.000527">
            <s>
               <w msd="Ppnmein" lemma="idealen">Idealen</w>
               <S/>
               <w msd="Somei" lemma="čas">čas</w>
               <S/>
               <w msd="Dt" lemma="za">za</w>
               <S/>
               <w msd="Soset" lemma="zalivanje">zalivanje</w>
               <S/>
               <w msd="Dm" lemma="v">v</w>
               <S/>
               <w msd="Sommm" lemma="rastlinjak">rastlinjakih</w>
               <S/>
               <w msd="Gp-stm-n" lemma="biti">so</w>
               <S/>
               <w msd="Ppnzmi" lemma="zgodnji">zgodnje</w>
               <S/>
               <w msd="Ppnzmi" lemma="jutranji">jutranje</w>
               <S/>
               <w msd="Sozmi" lemma="ura">ure</w>
               <c>.</c>
            </s>
         </p>
         <p xml:id="F0000415.000539">
            <s>
               <w msd="Somei" lemma="tekst">Tekst</w>
               <S/>
               <w msd="Dm" lemma="v">v</w>
               <S/>
               <w msd="Ppnmem" lemma="moder">modrem</w>
               <S/>
               <w msd="Somem" lemma="okvirček">okvirčku</w>
               <S/>
               <w msd="Rsn" lemma="spodaj">spodaj</w>
               <c>:</c>
            </s>
         </p>
         <p xml:id="F0000415.000555">
            <s>
               <w msd="Soset" lemma="varstvo">VARSTVO</w>
               <S/>
               <w msd="Sozmr" lemma="rastlina">RASTLIN</w>
            </s>
         </p>
         <p xml:id="F0000415.000565">
            <s>
               <w msd="Somei" lemma="alarm">ALARM</w>
               <S/>
               <w msd="Do" lemma="pred">PRED</w>
               <S/>
               <w msd="Ppnzmo" lemma="traven">TRAVNIMI</w>
               <S/>
               <w msd="Sozmo" lemma="pršica">PRŠICAMI</w>
            </s>
         </p>
         <p xml:id="F0000415.000571">
            <s>
               <w msd="Somei" lemma="tekst">Tekst</w>
               <S/>
               <w msd="Dm" lemma="v">v</w>
               <S/>
               <w msd="Ppnmem" lemma="barven">barvnem</w>
               <S/>
               <w msd="Somem" lemma="okvir">okvirju</w>
               <S/>
               <w msd="Rsn" lemma="levo">levo</w>
               <S/>
               <w msd="Rsn" lemma="spodaj">spodaj</w>
               <c>:</c>
            </s>
         </p>
         <p xml:id="F0000415.000604">
            <s>
               <w msd="Sozei" lemma="stran">STRAN</w>
               <S/>
               <w msd="Kag" lemma="42">42</w>
            </s>
         </p>
         <p xml:id="F0000415.000607">
            <s>
               <w msd="Pdnmein" lemma="navdušujoč">Navdušujoč</w>
               <S/>
               <w msd="Ppnmeid" lemma="pravljičen">pravljični</w>
               <S/>
               <w msd="Somei" lemma="vrt">vrt</w>
            </s>
         </p>
         <p xml:id="F0000415.000640">
            <s>
               <w msd="Rsn" lemma="stran">STRAN</w>
               <S/>
               <w msd="Kag" lemma="46">46</w>
            </s>
         </p>
         <p xml:id="F0000415.000644">
            <s>
               <w msd="Rsn" lemma="veličastno">Veličastno</w>
               <S/>
               <w msd="Sosei" lemma="proso">proso</w>
               <S/>
               <c>(</c>
               <w msd="Slmei" lemma="Panicum">Panicum</w>
               <S/>
               <w msd="Somei" lemma="virgatum">virgatum</w>
               <c>)</c>
               <S/>
               <w msd="Vd" lemma="kot">kot</w>
               <S/>
               <w msd="Ppnmein" lemma="nežen">nežen</w>
               <S/>
               <w msd="Somei" lemma="pajčolan">pajčolan</w>
               <S/>
               <w msd="Ggnste" lemma="ležati">leži</w>
               <S/>
               <w msd="Dm" lemma="na">na</w>
               <S/>
               <w msd="Ppnmem" lemma="rumen">rumenem</w>
               <S/>
               <w msd="Somem" lemma="slamnik">slamniku</w>
               <S/>
               <c>'</c>
               <w msd="Slmei" lemma="Goldsturm">Goldsturm</w>
               <c>'</c>
               <S/>
               <c>(</c>
               <w msd="N" lemma="rudbeckia">Rudbeckia</w>
               <S/>
               <w msd="Sozei" lemma="fulgida">fulgida</w>
               <S/>
               <w msd="O" lemma="var.">var.</w>
               <S/>
               <w msd="N" lemma="sullivantii">sullivantii</w>
               <c>)</c>
               <c>.</c>
            </s>
         </p>
         <p xml:id="F0000415.000656">
            <s>
               <w msd="L" lemma="tudi">Tudi</w>
               <S/>
               <w msd="Rsn" lemma="pozimi">pozimi</w>
               <S/>
               <w msd="Gp-stm-n" lemma="biti">so</w>
               <S/>
               <w msd="Ppnzmi" lemma="večleten">večletne</w>
               <S/>
               <w msd="Sozmi" lemma="trava">trave</w>
               <S/>
               <w msd="Rsn" lemma="zelo">zelo</w>
               <S/>
               <w msd="Ppnzmi" lemma="lep">lepe</w>
               <c>.</c>
               <S/>
            </s>
            <s>
               <w msd="Rsn" lemma="posebno">Posebno</w>
               <S/>
               <w msd="Rsn" lemma="slikovito">slikovito</w>
               <S/>
               <w msd="Ggnste" lemma="učinkovati">učinkuje</w>
               <c>,</c>
               <S/>
               <w msd="Vd" lemma="ko">ko</w>
               <S/>
               <w msd="Sosei" lemma="ivje">ivje</w>
               <S/>
               <w msd="Ggdste" lemma="prevleči">prevleče</w>
               <S/>
               <w msd="Ppnmmt" lemma="cveten">cvetne</w>
               <S/>
               <w msd="Sommt" lemma="klas">klase</w>
               <c>.</c>
               <S/>
            </s>
            <s>
               <w msd="Zk-ser" lemma="ta">Tega</w>
               <S/>
               <w msd="Somer" lemma="pogled">pogleda</w>
               <S/>
               <w msd="Zp---d--k" lemma="se">si</w>
               <S/>
               <w msd="L" lemma="ne">ne</w>
               <S/>
               <w msd="Ggdvdm" lemma="pustiti">pustite</w>
               <S/>
               <w msd="Ggdn" lemma="vzeti">vzeti</w>
               <S/>
               <w msd="Vp" lemma="in">in</w>
               <S/>
               <w msd="Ggdvdm" lemma="počakati">počakajte</w>
               <S/>
               <w msd="Do" lemma="z">z</w>
               <S/>
               <w msd="Soseo" lemma="obrezovanje">obrezovanjem</w>
               <S/>
               <w msd="Dr" lemma="do">do</w>
               <S/>
               <w msd="Ppnzer" lemma="zgodnji">zgodnje</w>
               <S/>
               <w msd="Sozer" lemma="pomlad">pomladi</w>
               <c>.</c>
               <S/>
            </s>
            <s>
               <w msd="Sozet" lemma="večina">Večino</w>
               <S/>
               <w msd="Sozmr" lemma="vrsta">vrst</w>
               <S/>
               <w msd="Gp-ste-n" lemma="biti">je</w>
               <S/>
               <w msd="Ppnsei" lemma="možen">možno</w>
               <S/>
               <w msd="Ggnn" lemma="saditi">saditi</w>
               <S/>
               <w msd="Rsn" lemma="tako">tako</w>
               <S/>
               <w msd="Rsn" lemma="jeseni">jeseni</w>
               <S/>
               <w msd="Vd" lemma="kot">kot</w>
               <S/>
               <w msd="Rsn" lemma="spomladi">spomladi</w>
               <c>.</c>
               <S/>
            </s>
            <s>
               <w msd="Rsn" lemma="visoko">Visoko</w>
               <S/>
               <w msd="Pdnzer" lemma="rastoč">rastoče</w>
               <S/>
               <w msd="Sozer" lemma="sorta">sorte</w>
               <c>,</c>
               <S/>
               <w msd="Vd" lemma="kot">kot</w>
               <S/>
               <w msd="Gp-std-n" lemma="biti">sta</w>
               <S/>
               <w msd="Ppnmeid" lemma="kitajski">kitajski</w>
               <S/>
               <w msd="Somei" lemma="miskant">miskant</w>
               <S/>
               <w msd="Vp" lemma="in">in</w>
               <S/>
               <w msd="Rsn" lemma="veličastno">veličastno</w>
               <S/>
               <w msd="Sosei" lemma="proso">proso</w>
               <c>,</c>
               <S/>
               <w msd="Gp-ste-n" lemma="biti">je</w>
               <S/>
               <w msd="Rsr" lemma="dobro">bolje</w>
               <S/>
               <w msd="Ggnn" lemma="saditi">saditi</w>
               <S/>
               <w msd="L" lemma="le">le</w>
               <S/>
               <w msd="Rsn" lemma="spomladi">spomladi</w>
               <c>.</c>
            </s>
         </p>
         <p xml:id="F0000415.000668">
            <s>
               <w msd="Rsn" lemma="stran">STRAN</w>
               <S/>
               <w msd="Kag" lemma="49">49</w>
            </s>
         </p>
         <p xml:id="F0000415.000669">
            <s>
               <w msd="Somei" lemma="foto">FOTO</w>
            </s>
         </p>
         <p xml:id="F0000415.000672">
            <s>
               <w msd="Kag" lemma="050">050</w>
               <c>-</c>
               <w msd="Kag" lemma="051">051</w>
               <S/>
               <w msd="Rsr" lemma="manj">MANJ</w>
               <S/>
               <w msd="Gp-ste-n" lemma="biti">JE</w>
               <S/>
               <w msd="Somei" lemma="vec">VEC</w>
            </s>
         </p>
         <p xml:id="F0000415.000681">
            <s>
               <w msd="Do" lemma="z">Z</w>
               <S/>
               <w msd="Sozeo" lemma="manšeta">manšeto</w>
               <S/>
               <w msd="Rsn" lemma="učinkovito">učinkovito</w>
               <S/>
               <w msd="Ggdvdm" lemma="poudariti">poudarite</w>
               <S/>
               <w msd="Ppnzmi" lemma="cveten">cvetne</w>
               <S/>
               <w msd="Sozer" lemma="žoga">žoge</w>
               <S/>
               <w msd="Sozer" lemma="dalija">dalije</w>
               <c>:</c>
               <S/>
               <w msd="Sozmi" lemma="lista">liste</w>
               <S/>
               <w msd="Sozer" lemma="funkija">funkije</w>
               <S/>
               <w msd="Rsn" lemma="enostavno">enostavno</w>
               <S/>
               <w msd="Ggdvdm" lemma="oviti">ovijte</w>
               <S/>
               <w msd="Dr" lemma="okoli">okoli</w>
               <S/>
               <w msd="Soser" lemma="steblo">stebla</w>
               <S/>
               <w msd="Dm" lemma="v">v</w>
               <S/>
               <w msd="Sozem" lemma="oblika">obliki</w>
               <S/>
               <w msd="Sozer" lemma="vrečica">vrečice</w>
               <S/>
               <w msd="Vp" lemma="in">in</w>
               <S/>
               <w msd="Rsn" lemma="trdno">trdno</w>
               <S/>
               <w msd="Ggdvdm" lemma="zavezati">zavežite</w>
               <S/>
               <w msd="Do" lemma="z">z</w>
               <S/>
               <w msd="Sozeo" lemma="rafija">rafijo</w>
               <c>.</c>
               <S/>
            </s>
            <s>
               <w msd="Do" lemma="z">S</w>
               <S/>
               <w msd="Dt" lemma="po">po</w>
               <S/>
               <w msd="Sozeo" lemma="kapljica">kapljico</w>
               <S/>
               <w msd="Ppnzer" lemma="živilski">živilske</w>
               <S/>
               <w msd="Sozer" lemma="barva">barve</w>
               <S/>
               <w msd="Ggdvdm" lemma="obarvati">obarvajte</w>
               <S/>
               <w msd="Sozet" lemma="voda">vodo</w>
               <S/>
               <w msd="Dm" lemma="v">v</w>
               <S/>
               <w msd="Sozem" lemma="vaza">vazi</w>
               <S/>
               <w msd="Rsn" lemma="zeleno">zeleno</w>
               <S/>
               <w msd="Vp" lemma="ali">ali</w>
               <S/>
               <w msd="Ppnsei" lemma="rdeč">rdeče</w>
               <c>.</c>
            </s>
         </p>
         <p xml:id="F0000415.000684">
            <s>
               <w msd="Rsr" lemma="enostavno">ENOSTAVNEJE</w>
               <S/>
               <w msd="L" lemma="ne">NE</w>
               <S/>
               <w msd="Ggvste" lemma="iti">GRE</w>
            </s>
         </p>
         <p xml:id="F0000415.000691">
            <s>
               <w msd="Rsn" lemma="čim">Čim</w>
               <S/>
               <w msd="Rsr" lemma="bolj">bolj</w>
               <S/>
               <w msd="Rsn" lemma="pogosto">pogosto</w>
               <S/>
               <w msd="Ggdsdm" lemma="odrezati">odrežete</w>
               <S/>
               <w msd="Sommt" lemma="zajček">zajčke</w>
               <c>,</c>
               <S/>
               <w msd="Rsr" lemma="bolj">bolj</w>
               <S/>
               <w msd="Rsn" lemma="bogato">bogato</w>
               <S/>
               <w msd="Gp-ptm-n" lemma="biti">bodo</w>
               <S/>
               <w msd="Ggnd-mm" lemma="cveteti">cveteli</w>
               <c>.</c>
               <S/>
            </s>
            <s>
               <w msd="Vp" lemma="zato">Zato</w>
               <S/>
               <w msd="Zp---d--k" lemma="se">si</w>
               <S/>
               <w msd="Rsn" lemma="vedno">vedno</w>
               <S/>
               <w msd="Ggdvdm" lemma="prinesti">prinesite</w>
               <S/>
               <w msd="Rsn" lemma="nekaj">nekaj</w>
               <S/>
               <w msd="Ppnzmr" lemma="svež">svežih</w>
               <S/>
               <w msd="Sosmr" lemma="steblo">stebel</w>
               <S/>
               <w msd="Dt" lemma="v">v</w>
               <S/>
               <w msd="Sozet" lemma="hiša">hišo</w>
               <c>.</c>
               <S/>
            </s>
            <s>
               <w msd="Dm" lemma="na">Na</w>
               <S/>
               <w msd="Somem" lemma="podstavek">podstavku</w>
               <S/>
               <w msd="Gp-pdm-n" lemma="biti">boste</w>
               <S/>
               <w msd="Dm" lemma="v">v</w>
               <S/>
               <w msd="Sommm" lemma="kozarec">kozarcih</w>
               <S/>
               <w msd="Dt" lemma="za">za</w>
               <S/>
               <w msd="Sozet" lemma="voda">vodo</w>
               <S/>
               <w msd="Ggdd-mm" lemma="prinesti">prinesli</w>
               <S/>
               <w msd="Soset" lemma="poletje">poletje</w>
               <S/>
               <w msd="Dt" lemma="na">na</w>
               <S/>
               <w msd="Sozet" lemma="miza">mizo</w>
               <c>.</c>
            </s>
         </p>
         <p xml:id="F0000415.000704">
            <s>
               <w msd="Ppnzei" lemma="listnat">LISTNATA</w>
               <S/>
               <w msd="Sozei" lemma="streha">STREHA</w>
            </s>
         </p>
         <p xml:id="F0000415.000706">
            <s>
               <w msd="Somei" lemma="foto">FOTO</w>
               <S/>
               <w msd="Rsn" lemma="zgoraj">ZGORAJ</w>
               <S/>
               <w msd="Rsn" lemma="desno">DESNO</w>
            </s>
         </p>
         <p xml:id="F0000415.000710">
            <s>
               <w msd="Ppnmeid" lemma="vrten">VRTNI</w>
               <S/>
               <w msd="Somei" lemma="zaklad">ZAKLAD</w>
            </s>
         </p>
         <p xml:id="F0000415.000712">
            <s>
               <w msd="Somei" lemma="foto">FOTO</w>
               <S/>
               <w msd="Rsn" lemma="spodaj">SPODAJ</w>
               <S/>
               <w msd="Rsn" lemma="desno">DESNO</w>
            </s>
         </p>
         <p xml:id="F0000415.000724">
            <s>
               <w msd="Sozmi" lemma="fotografija">FOTOGRAFIJE</w>
            </s>
         </p>
         <p xml:id="F0000415.000726">
            <s>
               <w msd="Ppnzei" lemma="nadstropen">Nadstropna</w>
               <S/>
               <w msd="Sozei" lemma="brogovita">brogovita</w>
               <S/>
               <c>'</c>
               <w msd="Slmei" lemma="Mariesii">Mariesii</w>
               <c>'</c>
               <S/>
               <w msd="Ggnste-d" lemma="imeti">nima</w>
               <S/>
               <w msd="L" lemma="le">le</w>
               <S/>
               <w msd="Ppnzmt" lemma="poseben">posebne</w>
               <S/>
               <w msd="Sozmt" lemma="oblika">oblike</w>
               <S/>
               <w msd="Sozer" lemma="rast">rasti</w>
               <c>.</c>
               <S/>
            </s>
            <s>
               <w msd="L" lemma="tudi">Tudi</w>
               <S/>
               <w msd="Ggnste" lemma="cveteti">cveti</w>
               <S/>
               <w msd="Rsn" lemma="čudovito">čudovito</w>
               <S/>
               <w msd="Vp" lemma="in">in</w>
               <S/>
               <w msd="Rsn" lemma="jeseni">jeseni</w>
               <S/>
               <w msd="Ggnste-n" lemma="imeti">ima</w>
               <S/>
               <w msd="Rsn" lemma="intenzivno">intenzivno</w>
               <S/>
               <w msd="Ppnzmt" lemma="rdeč">rdeče</w>
               <S/>
               <w msd="Sozmt" lemma="lista">liste</w>
               <c>.</c>
            </s>
         </p>
         <p xml:id="F0000415.000740">
            <s>
               <w msd="Vp" lemma="toda">Toda</w>
               <S/>
               <w msd="Dr" lemma="brez">brez</w>
               <S/>
               <w msd="Sozer" lemma="skrb">skrbi</w>
               <c>,</c>
               <S/>
               <w msd="Zk-sei" lemma="ta">to</w>
               <S/>
               <w msd="Gp-ste-n" lemma="biti">je</w>
               <S/>
               <w msd="L" lemma="predvsem">predvsem</w>
               <S/>
               <w msd="Somei" lemma="problem">problem</w>
               <S/>
               <w msd="Ppnmer" lemma="pravilen">pravilnega</w>
               <S/>
               <w msd="Somer" lemma="izbor">izbora</w>
               <S/>
               <w msd="Sozmr" lemma="rastlina">rastlin</w>
               <S/>
               <w msd="Vp" lemma="in">in</w>
               <S/>
               <w msd="Sozer" lemma="tehnika">tehnike</w>
               <S/>
               <w msd="Soser" lemma="sajenje">sajenja</w>
               <c>.</c>
               <S/>
            </s>
            <s>
               <w msd="Rsn" lemma="posebno">Posebno</w>
               <S/>
               <w msd="Rsn" lemma="težavno">težavno</w>
               <S/>
               <w msd="Gp-ste-n" lemma="biti">je</w>
               <S/>
               <w msd="Ggdn" lemma="podsaditi">podsaditi</w>
               <S/>
               <w msd="Soser" lemma="drevo">drevesa</w>
               <c>,</c>
               <S/>
               <w msd="Vd" lemma="kot">kot</w>
               <S/>
               <w msd="Gp-std-n" lemma="biti">sta</w>
               <S/>
               <w msd="Ppnmeid" lemma="ostrolisten">ostrolistni</w>
               <S/>
               <w msd="Somei" lemma="javor">javor</w>
               <S/>
               <w msd="Vp" lemma="in">in</w>
               <S/>
               <w msd="Sozei" lemma="breza">breza</w>
               <c>.</c>
               <S/>
            </s>
            <s>
               <w msd="Ppnzet" lemma="zgornji">Zgornjo</w>
               <S/>
               <w msd="Sozet" lemma="plast">plast</w>
               <S/>
               <w msd="Sozer" lemma="zemlja">zemlje</w>
               <S/>
               <w msd="Rsn" lemma="intenzivno">intenzivno</w>
               <S/>
               <w msd="Ggdstm" lemma="preplesti">prepletejo</w>
               <S/>
               <w msd="Do" lemma="z">s</w>
               <S/>
               <w msd="Sozmo" lemma="korenina">koreninami</w>
               <S/>
               <w msd="Vp" lemma="in">in</w>
               <S/>
               <w msd="Kbzmmd" lemma="drug">drugim</w>
               <S/>
               <w msd="Sozmd" lemma="rastlina">rastlinam</w>
               <S/>
               <w msd="Rsn" lemma="dobesedno">dobesedno</w>
               <S/>
               <w msd="Ggnstm" lemma="odžirati">odžirajo</w>
               <S/>
               <w msd="Sozet" lemma="voda">vodo</w>
               <c>.</c>
               <S/>
            </s>
            <s>
               <w msd="L" lemma="tudi">Tudi</w>
               <S/>
               <w msd="Dm" lemma="v">v</w>
               <S/>
               <w msd="Sosem" lemma="območje">območju</w>
               <S/>
               <w msd="Sozmr" lemma="korenina">korenin</w>
               <S/>
               <w msd="Ppnmer" lemma="divji">divjega</w>
               <S/>
               <w msd="Somer" lemma="kostanj">kostanja</w>
               <S/>
               <w msd="Vp" lemma="in">in</w>
               <S/>
               <w msd="Sozer" lemma="bukev">bukve</w>
               <S/>
               <w msd="Gp-ste-n" lemma="biti">je</w>
               <S/>
               <w msd="Kbzmmd" lemma="drug">drugim</w>
               <S/>
               <w msd="Sozmd" lemma="rastlina">rastlinam</w>
               <S/>
               <w msd="Rsn" lemma="težko">težko</w>
               <S/>
               <w msd="Rsn" lemma="tukaj">tukaj</w>
               <S/>
               <w msd="L" lemma="predvsem">predvsem</w>
               <S/>
               <w msd="Dr" lemma="zaradi">zaradi</w>
               <S/>
               <w msd="Ppnzmr" lemma="neugoden">neugodnih</w>
               <S/>
               <w msd="Ppnzmr" lemma="svetloben">svetlobnih</w>
               <S/>
               <w msd="Sozmr" lemma="razmera">razmer</w>
               <c>.</c>
               <S/>
            </s>
            <s>
               <w msd="Rsn" lemma="dobro">Dobro</w>
               <S/>
               <w msd="Rsn" lemma="lahko">lahko</w>
               <S/>
               <w msd="Ggdspm" lemma="podsaditi">podsadimo</w>
               <S/>
               <w msd="Sozet" lemma="jablana">jablano</w>
               <c>,</c>
               <S/>
               <w msd="Sozet" lemma="jerebika">jerebiko</w>
               <c>,</c>
               <S/>
               <w msd="Somei" lemma="glog">glog</w>
               <S/>
               <c>(</c>
               <w msd="Slmei" lemma="Crataegus">Crataegus</w>
               <S/>
               <c>'</c>
               <w msd="N" lemma="carrierei">Carrierei</w>
               <c>'</c>
               <c>)</c>
               <c>,</c>
               <S/>
               <w msd="Somei" lemma="hrast">hrast</w>
               <S/>
               <w msd="Vp" lemma="in">in</w>
               <S/>
               <w msd="Somei" lemma="bor">bor</w>
               <c>.</c>
            </s>
         </p>
         <p xml:id="F0000415.000743">
            <s>
               <w msd="Sosmi" lemma="drevo">Drevesa</w>
               <S/>
               <w msd="Rsn" lemma="lahko">lahko</w>
               <S/>
               <w msd="Ggdsdm" lemma="podsaditi">podsadite</w>
               <S/>
               <w msd="L" lemma="tudi">tudi</w>
               <S/>
               <w msd="Do" lemma="z">z</w>
               <S/>
               <w msd="Sommo" lemma="grm">grmi</w>
               <c>.</c>
               <S/>
            </s>
            <s>
               <w msd="Somei" lemma="bršljan">Bršljan</w>
               <S/>
               <w msd="Gp-ste-n" lemma="biti">je</w>
               <S/>
               <w msd="Ppnmein" lemma="robusten">robusten</w>
               <S/>
               <w msd="Pdnmeid" lemma="plazeč">plazeči</w>
               <S/>
               <w msd="Sometn" lemma="grm">grm</w>
               <c>,</c>
               <S/>
               <w msd="Vd" lemma="ki">ki</w>
               <S/>
               <w msd="Ggnste" lemma="rasti">raste</w>
               <S/>
               <w msd="L" lemma="celo">celo</w>
               <S/>
               <w msd="Dm" lemma="v">v</w>
               <S/>
               <w msd="Ppnzem" lemma="globok">globoki</w>
               <S/>
               <w msd="Sozem" lemma="senca">senci</w>
               <S/>
               <w msd="Do" lemma="pod">pod</w>
               <S/>
               <w msd="Sosmo" lemma="drevo">drevesi</w>
               <c>.</c>
               <S/>
            </s>
            <s>
               <w msd="L" lemma="tudi">Tudi</w>
               <S/>
               <w msd="Somei" lemma="lovorikovec">lovorikovec</w>
               <c>,</c>
               <S/>
               <w msd="Sozei" lemma="bodika">bodika</w>
               <S/>
               <w msd="Vp" lemma="in">in</w>
               <S/>
               <w msd="Sozei" lemma="tisa">tisa</w>
               <S/>
               <w msd="Zp------k" lemma="se">se</w>
               <S/>
               <w msd="Rsn" lemma="dobro">dobro</w>
               <S/>
               <w msd="Ggnstm" lemma="upirati">upirajo</w>
               <S/>
               <w msd="Sozem" lemma="konkurenca">konkurenci</w>
               <S/>
               <w msd="Sozer" lemma="svetloba">svetlobe</w>
               <S/>
               <w msd="Vp" lemma="in">in</w>
               <S/>
               <w msd="Slmei" lemma="korenin">korenin</w>
               <c>.</c>
               <S/>
            </s>
            <s>
               <w msd="Rsn" lemma="poleti">Poleti</w>
               <S/>
               <w msd="Ppnmmi" lemma="zelen">zeleni</w>
               <S/>
               <w msd="Sommi" lemma="grm">grmi</w>
               <c>,</c>
               <S/>
               <w msd="Vd" lemma="kot">kot</w>
               <S/>
               <w msd="Gp-stm-n" lemma="biti">so</w>
               <S/>
               <w msd="Rsn" lemma="alpsko">alpsko</w>
               <S/>
               <w msd="Soset" lemma="grozdičje">grozdičje</w>
               <S/>
               <c>(</c>
               <w msd="N" lemma="ribes">Ribes</w>
               <S/>
               <w msd="N" lemma="alpinum">alpinum</w>
               <S/>
               <c>'</c>
               <w msd="Slmei" lemma="Schmidt">Schmidt</w>
               <c>'</c>
               <c>)</c>
               <c>,</c>
               <S/>
               <w msd="Sozmi" lemma="vrsta">vrste</w>
               <S/>
               <w msd="Vp" lemma="in">in</w>
               <S/>
               <w msd="Sozer" lemma="sorta">sorte</w>
               <S/>
               <w msd="Somer" lemma="bisernik">bisernika</w>
               <S/>
               <c>(</c>
               <w msd="Slmei" lemma="Symphoricarpos">Symphoricarpos</w>
               <c>)</c>
               <S/>
               <w msd="Vp" lemma="in">in</w>
               <S/>
               <w msd="L" lemma="skoraj">skoraj</w>
               <S/>
               <w msd="Zc-set" lemma="ves">vse</w>
               <S/>
               <w msd="Soset" lemma="kosteličevje">kosteličevje</w>
               <S/>
               <c>(</c>
               <w msd="Slzei" lemma="Lonicera">Lonicera</w>
               <c>)</c>
               <S/>
               <w msd="Gp-stm-n" lemma="biti">so</w>
               <S/>
               <w msd="L" lemma="prav">prav</w>
               <S/>
               <w msd="Rsn" lemma="tako">tako</w>
               <S/>
               <w msd="Ppnmmi" lemma="primeren">primerni</w>
               <S/>
               <w msd="Dt" lemma="za">za</w>
               <S/>
               <w msd="Sozet" lemma="senca">senco</w>
               <S/>
               <w msd="Sosmr" lemma="drevo">dreves</w>
               <c>.</c>
            </s>
         </p>
         <p xml:id="F0000415.000745">
            <s>
               <w msd="Somei" lemma="foto">FOTO</w>
               <S/>
               <w msd="Rsn" lemma="zgoraj">ZGORAJ</w>
            </s>
         </p>
         <p xml:id="F0000415.000748">
            <s>
               <w msd="Sommi" lemma="napis">NAPISI</w>
               <S/>
               <w msd="Dm" lemma="na">NA</w>
               <S/>
               <w msd="Sozmm" lemma="fotografija">FOTOGRAFIJAH</w>
               <S/>
               <w msd="Dr" lemma="od">OD</w>
               <S/>
               <w msd="Rsn" lemma="zgoraj">ZGORAJ</w>
               <S/>
               <w msd="Rsn" lemma="navzdol">NAVZDOL</w>
            </s>
         </p>
         <p xml:id="F0000415.000753">
            <s>
               <w msd="Somei" lemma="foto">FOTO</w>
               <S/>
               <w msd="Rsn" lemma="spodaj">SPODAJ</w>
               <S/>
               <w msd="Rsn" lemma="desno">DESNO</w>
            </s>
         </p>
         <p xml:id="F0000415.000833">
            <s>
               <w msd="Somei" lemma="foto">FOTO</w>
               <S/>
               <w msd="Rsn" lemma="zgoraj">ZGORAJ</w>
            </s>
         </p>
         <p xml:id="F0000415.000835">
            <s>
               <w msd="Somei" lemma="foto">FOTO</w>
               <S/>
               <w msd="Rsn" lemma="spodaj">SPODAJ</w>
            </s>
         </p>
         <p xml:id="F0000415.000839">
            <s>
               <w msd="Sozei" lemma="zamisel">Zamisel</w>
               <S/>
               <w msd="Zp------k" lemma="se">se</w>
               <S/>
               <w msd="Gp-ste-n" lemma="biti">je</w>
               <S/>
               <w msd="Ggdd-ez" lemma="poroditi">porodila</w>
               <S/>
               <w msd="Dm" lemma="ob">ob</w>
               <S/>
               <w msd="Ppnzer" lemma="gardski">Gardske</w>
               <S/>
               <w msd="Sosem" lemma="jezero">jezeru</w>
               <c>:</c>
               <S/>
               <w msd="Dm" lemma="ob">ob</w>
               <S/>
               <w msd="Somem" lemma="pogled">pogledu</w>
               <S/>
               <w msd="Dt" lemma="na">na</w>
               <S/>
               <w msd="Ppnzet" lemma="velik">veliko</w>
               <S/>
               <w msd="Sozmr" lemma="roža">rož</w>
               <S/>
               <w msd="Do" lemma="pred">pred</w>
               <S/>
               <w msd="Ppnseo" lemma="gorat">goratim</w>
               <S/>
               <w msd="Soseo" lemma="ozadje">ozadjem</w>
               <S/>
               <w msd="Gp-std-n" lemma="biti">sta</w>
               <S/>
               <w msd="Slzei" lemma="Renate">Renate</w>
               <S/>
               <w msd="Vp" lemma="in">in</w>
               <S/>
               <w msd="Slmei" lemma="Wolfgang">Wolfgang</w>
               <S/>
               <w msd="Slmei" lemma="Bahls">Bahls</w>
               <S/>
               <w msd="Ggnd-ez" lemma="sanjati">sanjala</w>
               <S/>
               <w msd="Dm" lemma="o">o</w>
               <S/>
               <w msd="Pppmem" lemma="velik">večjem</w>
               <S/>
               <w msd="Somem" lemma="vrt">vrtu</w>
               <c>.</c>
               <S/>
            </s>
            <s>
               <w msd="Zstmetd" lemma="njun">Njun</w>
               <S/>
               <w msd="Sometn" lemma="vrt">vrt</w>
               <S/>
               <w msd="Dm" lemma="ob">ob</w>
               <S/>
               <w msd="Ppnzem" lemma="vrsten">vrstni</w>
               <S/>
               <w msd="Sozem" lemma="hiša">hiši</w>
               <S/>
               <w msd="Gp-ste-n" lemma="biti">je</w>
               <S/>
               <w msd="Gp-d-em" lemma="biti">bil</w>
               <S/>
               <w msd="L" lemma="sicer">sicer</w>
               <S/>
               <w msd="Ppnmein" lemma="lep">lep</w>
               <c>,</c>
               <S/>
               <w msd="Vp" lemma="toda">toda</w>
               <S/>
               <w msd="Ppnmein" lemma="velik">velik</w>
               <S/>
               <w msd="L" lemma="le">le</w>
               <S/>
               <w msd="Kag" lemma="350">350</w>
               <S/>
               <w msd="Ppnmmr" lemma="kvadraten">kvadratnih</w>
               <S/>
               <w msd="Sommr" lemma="meter">metrov</w>
               <c>.</c>
               <S/>
            </s>
            <s>
               <w msd="Rsn" lemma="veliko">Veliko</w>
               <S/>
               <w msd="Ppnzmr" lemma="nov">novih</w>
               <S/>
               <w msd="Sozmr" lemma="zamisel">zamisli</w>
               <S/>
               <w msd="Dm" lemma="na">na</w>
               <S/>
               <w msd="Zotmem" lemma="on">njem</w>
               <S/>
               <w msd="Gp-std-d" lemma="biti">nista</w>
               <S/>
               <w msd="Ggnd-dm" lemma="moči">mogla</w>
               <S/>
               <w msd="Ggdn" lemma="uresničiti">uresničiti</w>
               <c>.</c>
               <S/>
            </s>
            <s>
               <w msd="Sozmi" lemma="sanja">Sanje</w>
               <S/>
               <w msd="L" lemma="naj">naj</w>
               <S/>
               <w msd="Gp-g" lemma="biti">bi</w>
               <S/>
               <w msd="Rsn" lemma="kmalu">kmalu</w>
               <S/>
               <w msd="Ggdd-mz" lemma="postati">postale</w>
               <S/>
               <w msd="Sozet" lemma="resničnost">resničnost</w>
               <c>.</c>
               <S/>
            </s>
            <s>
               <c>»</c>
               <w msd="Sosei" lemma="leto">Leto</w>
               <S/>
               <w msd="Sommr" lemma="dan">dni</w>
               <S/>
               <w msd="Rsr" lemma="pozno">pozneje</w>
               <S/>
               <w msd="Gp-spd-n" lemma="biti">sva</w>
               <S/>
               <w msd="Ggnd-dm" lemma="imeti">imela</w>
               <S/>
               <w msd="Kbg-mt" lemma="tisoč">tisoč</w>
               <S/>
               <w msd="Ppnmmr" lemma="kvadraten">kvadratnih</w>
               <S/>
               <w msd="Sommr" lemma="meter">metrov</w>
               <S/>
               <w msd="Rsn" lemma="veliko">veliko</w>
               <S/>
               <w msd="Soset" lemma="zemljišče">zemljišče</w>
               <S/>
               <w msd="Dm" lemma="na">na</w>
               <S/>
               <w msd="Sosem" lemma="obrobje">obrobju</w>
               <S/>
               <w msd="Slmer" lemma="Hamburg">Hamburga</w>
               <c>.</c>
               <S/>
            </s>
            <s>
               <w msd="Zspmmie" lemma="moj">Moji</w>
               <S/>
               <w msd="Sommi" lemma="starš">starši</w>
               <S/>
               <w msd="Gp-stm-n" lemma="biti">so</w>
               <S/>
               <w msd="Zop-dd" lemma="jaz">nama</w>
               <S/>
               <w msd="Ggdd-mm" lemma="podariti">podarili</w>
               <S/>
               <w msd="Ppnmetd" lemma="zadnji">zadnji</w>
               <S/>
               <w msd="Sometn" lemma="del">del</w>
               <S/>
               <w msd="Zp-mer" lemma="svoj">svojega</w>
               <S/>
               <w msd="Somer" lemma="vrt">vrta</w>
               <c>,</c>
               <S/>
               <w msd="Vd" lemma="kjer">kjer</w>
               <S/>
               <w msd="Gp-ste-n" lemma="biti">je</w>
               <S/>
               <w msd="Gp-d-ez" lemma="biti">bila</w>
               <S/>
               <w msd="L" lemma="le">le</w>
               <S/>
               <w msd="Sozei" lemma="trava">trava</w>
               <c>,</c>
               <c>«</c>
               <S/>
               <w msd="Ggvste" lemma="praviti">pravi</w>
               <S/>
               <w msd="Slmei" lemma="Wolfgang">Wolfgang</w>
               <S/>
               <w msd="Slmei" lemma="Bahls">Bahls</w>
               <c>.</c>
            </s>
         </p>
         <p xml:id="F0000415.000848">
            <s>
               <w msd="Rsn" lemma="stran">STRAN</w>
               <S/>
               <w msd="Kag" lemma="65">65</w>
            </s>
         </p>
         <p xml:id="F0000415.000859">
            <s>
               <w msd="Ppnzei" lemma="siv">Siva</w>
               <S/>
               <w msd="Sozei" lemma="plesen">plesen</w>
               <S/>
               <w msd="Ggnste" lemma="postajati">postaja</w>
               <S/>
               <w msd="Dm" lemma="v">v</w>
               <S/>
               <w msd="Ppnsem" lemma="letošnji">letošnjem</w>
               <S/>
               <w msd="Ppnsem" lemma="vlažen">vlažnem</w>
               <S/>
               <w msd="Sosem" lemma="vreme">vremenu</w>
               <S/>
               <w msd="Rsn" lemma="zelo">zelo</w>
               <S/>
               <w msd="Ppnzei" lemma="nevaren">nevarna</w>
               <S/>
               <w msd="Sozei" lemma="bolezen">bolezen</w>
               <c>.</c>
               <S/>
            </s>
            <s>
               <w msd="Rsn" lemma="običajno">Običajno</w>
               <S/>
               <w msd="Zp------k" lemma="se">se</w>
               <S/>
               <w msd="Gp-ste-n" lemma="biti">je</w>
               <S/>
               <w msd="Ggnd-ez" lemma="pojavljati">pojavljala</w>
               <S/>
               <w msd="L" lemma="predvsem">predvsem</w>
               <S/>
               <w msd="Dm" lemma="v">v</w>
               <S/>
               <w msd="Ppnmem" lemma="jesenski">jesenskem</w>
               <S/>
               <w msd="Somem" lemma="čas">času</w>
               <c>,</c>
               <S/>
               <w msd="Dr" lemma="od">od</w>
               <S/>
               <w msd="Somer" lemma="september">septembra</w>
               <S/>
               <w msd="Rsn" lemma="dalje">dalje</w>
               <c>,</c>
               <S/>
               <w msd="Rsn" lemma="letos">letos</w>
               <S/>
               <w msd="Vp" lemma="pa">pa</w>
               <S/>
               <w msd="Zp------k" lemma="se">se</w>
               <S/>
               <w msd="Gp-ste-n" lemma="biti">je</w>
               <S/>
               <w msd="Ggdd-ez" lemma="pričeti">pričela</w>
               <S/>
               <w msd="Ggnn" lemma="pojavljati">pojavljati</w>
               <S/>
               <w msd="L" lemma="že">že</w>
               <S/>
               <w msd="Rsn" lemma="zgodaj">zgodaj</w>
               <S/>
               <w msd="Rsn" lemma="spomladi">spomladi</w>
               <c>,</c>
               <S/>
               <w msd="Rss" lemma="najprej">najprej</w>
               <S/>
               <w msd="Dm" lemma="na">na</w>
               <S/>
               <w msd="Sommm" lemma="tulipan">tulipanih</w>
               <S/>
               <w msd="Vp" lemma="in">in</w>
               <S/>
               <w msd="Kbzzmr" lemma="drug">drugih</w>
               <S/>
               <w msd="Sozmr" lemma="spomlad">spomladi</w>
               <S/>
               <w msd="Pdnzmm" lemma="cvetoč">cvetočih</w>
               <S/>
               <w msd="Sozmm" lemma="čebulnica">čebulnicah</w>
               <c>.</c>
               <S/>
            </s>
            <s>
               <w msd="Zp-met" lemma="svoj">Svoj</w>
               <S/>
               <w msd="Sometn" lemma="pohod">pohod</w>
               <S/>
               <w msd="Gp-ste-n" lemma="biti">je</w>
               <S/>
               <w msd="Ggnd-ez" lemma="nadaljevati">nadaljevala</w>
               <S/>
               <w msd="Dm" lemma="na">na</w>
               <S/>
               <w msd="Sozmm" lemma="potonika">potonikah</w>
               <c>,</c>
               <S/>
               <w msd="Dr" lemma="zaradi">zaradi</w>
               <S/>
               <w msd="Zz-ser" lemma="kar">česar</w>
               <S/>
               <w msd="Zn-smi" lemma="marsikateri">marsikatera</w>
               <S/>
               <w msd="Gp-ste-d" lemma="biti">ni</w>
               <S/>
               <w msd="Ggnd-ez" lemma="cveteti">cvetela</w>
               <c>,</c>
               <S/>
               <w msd="Vp" lemma="saj">saj</w>
               <S/>
               <w msd="Zp------k" lemma="se">se</w>
               <S/>
               <w msd="Gp-ste-n" lemma="biti">je</w>
               <S/>
               <w msd="Ggdd-ez" lemma="pojaviti">pojavila</w>
               <S/>
               <w msd="Dm" lemma="na">na</w>
               <S/>
               <w msd="Sommm" lemma="popek">popkih</w>
               <c>,</c>
               <S/>
               <w msd="Vd" lemma="ki">ki</w>
               <S/>
               <w msd="Gp-stm-n" lemma="biti">so</w>
               <S/>
               <w msd="Pdnmmi" lemma="ostal">ostali</w>
               <S/>
               <w msd="Pdnmmi" lemma="zaprt">zaprti</w>
               <c>.</c>
               <S/>
            </s>
            <s>
               <w msd="Rsn" lemma="nekaj">Nekaj</w>
               <S/>
               <w msd="Ppnser" lemma="podoben">podobnega</w>
               <S/>
               <w msd="Zp------k" lemma="se">se</w>
               <S/>
               <w msd="Ggnste" lemma="dogajati">dogaja</w>
               <S/>
               <w msd="L" lemma="tudi">tudi</w>
               <S/>
               <w msd="Dm" lemma="pri">pri</w>
               <S/>
               <w msd="Sozmm" lemma="vrtnica">vrtnicah</w>
               <c>.</c>
               <S/>
            </s>
            <s>
               <w msd="Vd" lemma="ker">Ker</w>
               <S/>
               <w msd="Vp" lemma="pa">pa</w>
               <S/>
               <w msd="Zp------k" lemma="se">se</w>
               <S/>
               <w msd="Ggnste" lemma="nadaljevati">nadaljuje</w>
               <S/>
               <w msd="Rsn" lemma="vlažno">vlažno</w>
               <S/>
               <w msd="Vp" lemma="in">in</w>
               <S/>
               <w msd="Ppnsei" lemma="spremenljiv">spremenljivo</w>
               <S/>
               <w msd="Sosei" lemma="vreme">vreme</w>
               <c>,</c>
               <S/>
               <w msd="Gp-stm-n" lemma="biti">so</w>
               <S/>
               <w msd="Rsn" lemma="sedaj">sedaj</w>
               <S/>
               <w msd="Dm" lemma="v">v</w>
               <S/>
               <w msd="Sozem" lemma="nevarnost">nevarnosti</w>
               <S/>
               <w msd="L" lemma="prav">prav</w>
               <S/>
               <w msd="Rsn" lemma="vse">vse</w>
               <S/>
               <w msd="Sozmi" lemma="rastlina">rastline</w>
               <c>.</c>
            </s>
         </p>
         <p xml:id="F0000415.000860">
            <s>
               <w msd="Dd" lemma="proti">Proti</w>
               <S/>
               <w msd="Ppnzed" lemma="siv">sivi</w>
               <S/>
               <w msd="Sozed" lemma="plesen">plesni</w>
               <S/>
               <w msd="Gp-ste-n" lemma="biti">je</w>
               <S/>
               <w msd="Ppszei" lemma="dober">najboljša</w>
               <S/>
               <w msd="Sozei" lemma="preventiva">preventiva</w>
               <S/>
               <w msd="Ppnzei" lemma="rastlinski">rastlinska</w>
               <S/>
               <w msd="Sozei" lemma="higiena">higiena</w>
               <c>.</c>
               <S/>
            </s>
            <s>
               <w msd="Zk-sei" lemma="ta">To</w>
               <S/>
               <w msd="Ggvste" lemma="pomeniti">pomeni</w>
               <c>,</c>
               <S/>
               <w msd="Vd" lemma="da">da</w>
               <S/>
               <w msd="Ggnspm" lemma="morati">moramo</w>
               <S/>
               <w msd="Zc-mmt" lemma="ves">vse</w>
               <S/>
               <w msd="Ggvd-mz" lemma="odcveteti">odcvetele</w>
               <S/>
               <w msd="Sommt" lemma="cvet">cvetove</w>
               <S/>
               <w msd="Rsn" lemma="pravočasno">pravočasno</w>
               <S/>
               <w msd="Ggdn" lemma="odstraniti">odstraniti</w>
               <c>,</c>
               <S/>
               <w msd="Vd" lemma="da">da</w>
               <S/>
               <w msd="Zp------k" lemma="se">se</w>
               <S/>
               <w msd="Sozei" lemma="bolezen">bolezen</w>
               <S/>
               <w msd="L" lemma="ne">ne</w>
               <S/>
               <w msd="Ggnste" lemma="moči">more</w>
               <S/>
               <w msd="Ggnn" lemma="širiti">širiti</w>
               <c>,</c>
               <S/>
               <w msd="Vp" lemma="saj">saj</w>
               <S/>
               <w msd="Gp-ste-n" lemma="biti">je</w>
               <S/>
               <w msd="Ppnzei" lemma="siv">siva</w>
               <S/>
               <w msd="Sozei" lemma="plesen">plesen</w>
               <S/>
               <w msd="Somei" lemma="saprofit">saprofit</w>
               <c>,</c>
               <S/>
               <w msd="Zz-sei" lemma="kar">kar</w>
               <S/>
               <w msd="Ggvste" lemma="pomeniti">pomeni</w>
               <c>,</c>
               <S/>
               <w msd="Vd" lemma="da">da</w>
               <S/>
               <w msd="Ggdste" lemma="napasti">napade</w>
               <S/>
               <w msd="Rss" lemma="najprej">najprej</w>
               <S/>
               <w msd="Ggdd-mz" lemma="odmreti">odmrle</w>
               <S/>
               <w msd="Ppnmmt" lemma="rastlinski">rastlinske</w>
               <S/>
               <w msd="Sommt" lemma="del">dele</w>
               <c>.</c>
               <S/>
            </s>
            <s>
               <w msd="Ggdste" lemma="pojaviti">Pojavi</w>
               <S/>
               <w msd="Zp------k" lemma="se">se</w>
               <S/>
               <w msd="L" lemma="tudi">tudi</w>
               <S/>
               <w msd="Dm" lemma="na">na</w>
               <S/>
               <w msd="Sozmm" lemma="poškodba">poškodbah</w>
               <c>,</c>
               <S/>
               <w msd="Vd" lemma="ki">ki</w>
               <S/>
               <w msd="Zotmmt--k" lemma="on">jih</w>
               <S/>
               <w msd="Gp-ste-n" lemma="biti">je</w>
               <S/>
               <w msd="Ggdd-ez" lemma="povzročiti">povzročila</w>
               <S/>
               <w msd="Sozei" lemma="toča">toča</w>
               <S/>
               <w msd="Vp" lemma="ali">ali</w>
               <S/>
               <w msd="Ppnmein" lemma="močen">močan</w>
               <S/>
               <w msd="Somei" lemma="veter">veter</w>
               <c>,</c>
               <S/>
               <w msd="Dr" lemma="od">od</w>
               <S/>
               <w msd="Rsn" lemma="tam">tam</w>
               <S/>
               <w msd="Vp" lemma="pa">pa</w>
               <S/>
               <w msd="Zp------k" lemma="se">se</w>
               <S/>
               <w msd="Dm" lemma="v">v</w>
               <S/>
               <w msd="Ppnmem" lemma="kratek">kratkem</w>
               <S/>
               <w msd="Somem" lemma="čas">času</w>
               <S/>
               <w msd="Ggdste" lemma="razširiti">razširi</w>
               <S/>
               <w msd="L" lemma="tudi">tudi</w>
               <S/>
               <w msd="Dt" lemma="na">na</w>
               <S/>
               <w msd="Ppnmmt" lemma="zdrav">zdrave</w>
               <S/>
               <w msd="Sommt" lemma="poganjek">poganjke</w>
               <c>,</c>
               <S/>
               <w msd="Sommt" lemma="popek">popke</w>
               <S/>
               <w msd="Vp" lemma="ali">ali</w>
               <S/>
               <w msd="Sommt" lemma="cvet">cvetove</w>
               <c>.</c>
            </s>
         </p>
         <p xml:id="F0000415.000879">
            <s>
               <w msd="Sozdt" lemma="moba">Mobi</w>
               <c>:</c>
               <S/>
               <w msd="Kag" lemma="041">041</w>
               <S/>
               <w msd="Kag" lemma="341">341</w>
               <S/>
               <w msd="Kag" lemma="5572">5572</w>
            </s>
         </p>
      </body>
   </text>
</TEI>