<?xml version="1.0" encoding="UTF-8"?>
<TEI xmlns="http://www.tei-c.org/ns/1.0" xml:id="F0000517" xml:lang="sl">
   <teiHeader>
      <fileDesc>
         <titleStmt>
            <title>ccKRES: Delo (2004-03-18)</title>
            <funder>Operacijo delno financira Evropska unija iz Evropskega socialnega sklada ter Ministrstvo za šolstvo in šport. Operacija se izvaja v okviru Operativnega programa razvoja človeških virov za obdobje 2007-2013, razvojne prioritete: razvoj človeških virov in vseživljenjskega učenja; prednostne usmeritve: izboljšanje kakovosti in učinkovitosti sistemov izobraževanja in usposabljanja 2007-2013.</funder>
         </titleStmt>
         <editionStmt>
            <edition>1.0</edition>
         </editionStmt>
         <extent>242 besed</extent>
         <publicationStmt>
            <idno>A0005828</idno>
            <availability status="free">
               <p xml:lang="sl">Avtorske pravice za to izdajo ureja licenca <ref target="http://creativecommons.org/licenses/by-nc/2.5/si/">Creative Commons Priznanje avtorstva-Nekomercialno 2.5 Slovenija</ref>.</p>
               <p xml:lang="en">This work is licenced under the <ref target="http://creativecommons.org/licenses/by-nc/2.5/si/deed.en">Creative Commons Attribution-Noncommercial 2.5 Slovenia</ref>.</p>
            </availability>
            <date>2012-05-06</date>
         </publicationStmt>
         <sourceDesc>
            <bibl>
               <title>Delo</title>
               <author n="???">neznani novinar</author>
               <date>2004-03-18</date>
               <publisher n="Delo">Delo</publisher>
               <note type="sourceLang">sl</note>
            </bibl>
         </sourceDesc>
      </fileDesc>
      <encodingDesc>
         <projectDesc>
            <p xml:lang="sl">Glej <ref target="http://www.korpus-kres.net/">www.korpus-kres.net</ref> oz. <ref target="http://nl.ijs.si/ssj/">nl.ijs.si/ssj</ref>.</p>
            <p xml:lang="en">See <ref target="http://www.korpus-kres.net/">www.korpus-kres.net</ref> or <ref target="http://nl.ijs.si/ssj/">nl.ijs.si/ssj</ref>.</p>
         </projectDesc>
         <samplingDecl>
            <p xml:lang="sl">
            Besedila in odstavki v korpusu KRES so bili vzorčeni iz
            Gigafide tako, da smo dobili 100-milijonski referenčni
            korpus, v katerem so besedila uravnotežena po vnaprej
            določenih taksonomskih deležih in po podatkih o branosti
            vira (časopisi, revije, novičarski portali).  Korpus
            ccKRES nato, z namenom, da je lahko dostopen po licenci CC,
            vsebuje 10 % naključno vzorčenih odstavkov besedil iz
            korpusa KRES, torej 10 milijonov besed.
	    Več o sestavi korpusa lahko preberete na 
            <ref target="http://www.korpus-kres.net/">www.korpus-kres.net</ref> oz.
            <ref target="http://nl.ijs.si/ssj/">nl.ijs.si/ssj</ref>.
	  </p>
            <p xml:lang="en">
            Texts and paragraphs in the KRES corpus have been sampled from the 
	    Gigafida corpus. The result of the sampling is a 100-million-word 
	    reference corpus. The texts in KRES are balanced according to the 
	    predetermined categories, with particular consideration being paid to 
	    the data on the popularity of the source (newspapers, magazines, 
	    Internet news sites). 
	    To enable free (CC) distribution of the corpus, the ccKRES corpus contains 
	    10% of randomly sampled paragraphs from KRES, i.e. contains 10 million words.
	    For more information about the contents of the corpus, 
	    see <ref target="http://www.korpus-kres.net/">www.korpus-kres.net</ref>
	    and <ref target="http://nl.ijs.si/ssj/">nl.ijs.si/ssj</ref>.
	  </p>
         </samplingDecl>
         <tagsDecl>
            <namespace name="http://www.tei-c.org/ns/1.0">
               <tagUsage gi="S" occurs="238"/>
               <tagUsage gi="p" occurs="4"/>
               <tagUsage gi="s" occurs="12"/>
               <tagUsage gi="w" occurs="242"/>
               <tagUsage gi="c" occurs="35"/>
            </namespace>
         </tagsDecl>
         <classDecl>
            <taxonomy xml:id="SSJ">
               <category xml:id="SSJ.T">
                  <catDesc>tisk</catDesc>
                  <category xml:id="SSJ.T.K">
                     <catDesc>knjižno</catDesc>
                     <category xml:id="SSJ.T.K.L">
                        <catDesc>leposlovno</catDesc>
                     </category>
                     <category xml:id="SSJ.T.K.S">
                        <catDesc>strokovno</catDesc>
                     </category>
                  </category>
                  <category xml:id="SSJ.T.P">
                     <catDesc>periodično</catDesc>
                     <category xml:id="SSJ.T.P.C">
                        <catDesc>časopis</catDesc>
                     </category>
                     <category xml:id="SSJ.T.P.R">
                        <catDesc>revija</catDesc>
                     </category>
                  </category>
                  <category xml:id="SSJ.T.D">
                     <catDesc>drugo</catDesc>
                  </category>
               </category>
               <category xml:id="SSJ.I">
                  <catDesc>internet</catDesc>
               </category>
            </taxonomy>
         </classDecl>
      </encodingDesc>
      <profileDesc>
         <textClass>
            <catRef target="#SSJ.T.P.C"/>
         </textClass>
      </profileDesc>
   </teiHeader>
   <text xml:id="F0000517." xml:lang="sl">
      <body>
         <p xml:id="F0000517.000120">
            <s>
               <c>&gt;</c>
               <w msd="Sozei" lemma="disciplina">Disciplina</w>
               <S/>
               <w msd="Gp-ste-n" lemma="biti">je</w>
               <S/>
               <w msd="Rsn" lemma="neobhodno">neobhodno</w>
               <S/>
               <w msd="Pdnzei" lemma="vezan">vezana</w>
               <S/>
               <w msd="Dt" lemma="na">na</w>
               <S/>
               <w msd="Sozet" lemma="odgovornost">odgovornost</w>
               <c>,</c>
               <S/>
               <w msd="Vp" lemma="kajti">kajti</w>
               <S/>
               <w msd="Zz-mei" lemma="kdor">kdor</w>
               <S/>
               <w msd="Gp-ste-n" lemma="biti">je</w>
               <S/>
               <w msd="Ppnmein" lemma="odgovoren">odgovoren</w>
               <S/>
               <w msd="Dr" lemma="do">do</w>
               <S/>
               <w msd="Zp---r" lemma="se">sebe</w>
               <c>,</c>
               <S/>
               <w msd="Gp-pte-n" lemma="biti">bo</w>
               <S/>
               <w msd="Ggdd-em" lemma="poskrbeti">poskrbel</w>
               <S/>
               <w msd="Dt" lemma="za">za</w>
               <S/>
               <w msd="Zc-zmt" lemma="ves">vse</w>
               <S/>
               <w msd="Zp-set" lemma="svoj">svoje</w>
               <S/>
               <w msd="Ppnzmt" lemma="notranji">notranje</w>
               <S/>
               <w msd="Sozmt" lemma="potreba">potrebe</w>
               <c>.</c>
            </s>
         </p>
         <p xml:id="F0000517.000196">
            <s>
               <w msd="Somei" lemma="avtor">Avtor</w>
               <c>:</c>
            </s>
         </p>
         <p xml:id="F0000517.000237">
            <s>
               <w msd="Sosei" lemma="ozadje">Ozadje</w>
               <c>:</c>
               <S/>
               <w msd="Sosei" lemma="gledališče">Gledališče</w>
               <S/>
               <w msd="Slmei" lemma="Satirikon">Satirikon</w>
               <S/>
               <w msd="Gp-stm-n" lemma="biti">so</w>
               <S/>
               <w msd="Somer" lemma="marec">marca</w>
               <S/>
               <w msd="Soser" lemma="leto">leta</w>
               <S/>
               <w msd="Kag" lemma="2003">2003</w>
               <S/>
               <w msd="Ggdd-mm" lemma="ustanoviti">ustanovili</w>
               <S/>
               <w msd="Somei" lemma="režiser">režiser</w>
               <S/>
               <w msd="Slmei" lemma="Viktor">Viktor</w>
               <S/>
               <w msd="Slmei" lemma="Ljubutin">Ljubutin</w>
               <c>,</c>
               <S/>
               <w msd="Sozei" lemma="igralka">igralka</w>
               <S/>
               <w msd="Vp" lemma="in">in</w>
               <S/>
               <w msd="Sozei" lemma="prevajalka">prevajalka</w>
               <S/>
               <w msd="Slzei" lemma="Vanja">Vanja</w>
               <S/>
               <w msd="Slzei" lemma="Slapar">Slapar</w>
               <S/>
               <w msd="Vp" lemma="in">in</w>
               <S/>
               <w msd="Zstzemd" lemma="njun">njuni</w>
               <S/>
               <w msd="Sommi" lemma="sodelavec">sodelavci</w>
               <c>.</c>
               <S/>
            </s>
            <s>
               <w msd="Zstzeim" lemma="njihov">Njihova</w>
               <S/>
               <w msd="Kbvzei" lemma="prvi">prva</w>
               <S/>
               <w msd="Sozei" lemma="uprizoritev">uprizoritev</w>
               <S/>
               <w msd="Rsn" lemma="kako">Kako</w>
               <S/>
               <w msd="Gp-g" lemma="biti">bi</w>
               <S/>
               <w msd="Zp------k" lemma="se">se</w>
               <S/>
               <w msd="Ggdd-mm" lemma="znebiti">znebili</w>
               <S/>
               <w msd="Somer" lemma="tujec">tujca</w>
               <S/>
               <w msd="Gp-ste-n" lemma="biti">je</w>
               <S/>
               <w msd="L" lemma="samo">samo</w>
               <S/>
               <w msd="Dm" lemma="v">v</w>
               <S/>
               <w msd="Pdnzem" lemma="tekoč">tekoči</w>
               <S/>
               <w msd="Sozem" lemma="sezona">sezoni</w>
               <S/>
               <w msd="Ggdd-ez" lemma="doživeti">doživela</w>
               <S/>
               <w msd="L" lemma="že">že</w>
               <S/>
               <w msd="Rsr" lemma="več">več</w>
               <S/>
               <w msd="Vd" lemma="kot">kot</w>
               <S/>
               <w msd="Kbg-mi" lemma="petdeset">petdeset</w>
               <S/>
               <w msd="Sozmr" lemma="ponovitev">ponovitev</w>
               <c>.</c>
               <S/>
            </s>
            <s>
               <w msd="Zstzeim" lemma="njihov">Njihova</w>
               <S/>
               <w msd="Ppszei" lemma="nov">najnovejša</w>
               <S/>
               <w msd="Sozei" lemma="uprizoritev">uprizoritev</w>
               <c>,</c>
               <S/>
               <w msd="Ppnzei" lemma="romantičen">romantična</w>
               <S/>
               <w msd="Sozei" lemma="komedija">komedija</w>
               <S/>
               <w msd="Somei" lemma="poljub">Poljub</w>
               <S/>
               <w msd="Dt" lemma="za">za</w>
               <S/>
               <w msd="Ppnzet" lemma="lahek">lahko</w>
               <S/>
               <w msd="Sozet" lemma="noč">noč</w>
               <c>,</c>
               <S/>
               <w msd="Gp-ste-n" lemma="biti">je</w>
               <S/>
               <w msd="Ggdd-ez" lemma="nastati">nastala</w>
               <S/>
               <w msd="Dm" lemma="po">po</w>
               <S/>
               <w msd="Sommm" lemma="motiv">motivih</w>
               <S/>
               <w msd="Slmer" lemma="Braginski">Braginskega</w>
               <S/>
               <w msd="Vp" lemma="in">in</w>
               <S/>
               <w msd="Rsn" lemma="rezanova">Rezanova</w>
               <S/>
               <w msd="Dm" lemma="v">v</w>
               <S/>
               <w msd="Somem" lemma="prevod">prevodu</w>
               <S/>
               <w msd="Vp" lemma="in">in</w>
               <S/>
               <w msd="Sozem" lemma="priredba">priredbi</w>
               <S/>
               <w msd="Zotmmt--z" lemma="vame">Vanje</w>
               <S/>
               <w msd="Slmei" lemma="Slapar">Slapar</w>
               <c>,</c>
               <S/>
               <w msd="Vd" lemma="ki">ki</w>
               <S/>
               <w msd="Zotzet--k" lemma="on">jo</w>
               <S/>
               <w msd="Ggnspm" lemma="poznati">poznamo</w>
               <S/>
               <w msd="Vd" lemma="kot">kot</w>
               <S/>
               <w msd="Sozet" lemma="prevajalka">prevajalko</w>
               <S/>
               <w msd="Sozer" lemma="knjiga">knjige</w>
               <S/>
               <w msd="Dm" lemma="o">O</w>
               <S/>
               <w msd="Ppnzem" lemma="igralski">igralski</w>
               <S/>
               <w msd="Sozem" lemma="umetnost">umetnosti</w>
               <S/>
               <w msd="Somer" lemma="avtor">avtorja</w>
               <S/>
               <w msd="Slmer" lemma="Mihail">Mihaila</w>
               <S/>
               <w msd="Slmer" lemma="Čehov">Čehova</w>
               <S/>
               <c>(</c>
               <w msd="Sozei" lemma="knjižnica">Knjižnica</w>
               <S/>
               <w msd="Slmei" lemma="MGL">MGL</w>
               <c>)</c>
               <S/>
               <w msd="Vp" lemma="ter">ter</w>
               <S/>
               <w msd="Dm" lemma="po">po</w>
               <S/>
               <w msd="Ppnzem" lemma="zadnji">zadnji</w>
               <S/>
               <w msd="Sozem" lemma="izdaja">izdaji</w>
               <S/>
               <w msd="Psnzer" lemma="Puškinov">Puškinove</w>
               <S/>
               <w msd="Psnzer" lemma="Pikov">Pikove</w>
               <S/>
               <w msd="Sozer" lemma="dama">dame</w>
               <S/>
               <w msd="Dr" lemma="iz">iz</w>
               <S/>
               <w msd="Soser" lemma="leto">leta</w>
               <S/>
               <w msd="Kag" lemma="2000">2000</w>
               <S/>
               <w msd="Vp" lemma="in">in</w>
               <S/>
               <w msd="Somem" lemma="prevod">prevodu</w>
               <S/>
               <w msd="Psnzmr" lemma="Schisgalov">Schisgalovih</w>
               <S/>
               <w msd="Sozmr" lemma="strojepiska">Strojepisk</w>
               <c>.</c>
               <S/>
            </s>
            <s>
               <w msd="Sosei" lemma="gledališče">Gledališče</w>
               <S/>
               <w msd="Somei" lemma="satirikon">Satirikon</w>
               <S/>
               <w msd="Zp------k" lemma="se">se</w>
               <S/>
               <w msd="Ggnste" lemma="osredotočati">osredotoča</w>
               <S/>
               <w msd="Dt" lemma="na">na</w>
               <S/>
               <w msd="Ppnmmt" lemma="kvaliteten">kvalitetne</w>
               <S/>
               <w msd="Ppnzer" lemma="komedijski">komedijske</w>
               <S/>
               <w msd="Sozer" lemma="prvina">prvine</w>
               <S/>
               <w msd="Dm" lemma="v">v</w>
               <S/>
               <w msd="Sommm" lemma="tekst">tekstih</w>
               <c>,</c>
               <S/>
               <w msd="Zz-mei" lemma="kakršen">kakršen</w>
               <S/>
               <w msd="Gp-ste-n" lemma="biti">je</w>
               <S/>
               <w msd="L" lemma="tudi">tudi</w>
               <S/>
               <w msd="Somei" lemma="poljub">Poljub</w>
               <S/>
               <w msd="Dt" lemma="za">za</w>
               <S/>
               <w msd="Ppnzet" lemma="lahek">lahko</w>
               <S/>
               <w msd="Sozet" lemma="noč">noč</w>
               <c>,</c>
               <S/>
               <w msd="Ggvstm" lemma="praviti">pravijo</w>
               <S/>
               <w msd="Slmei" lemma="Ljubutin">Ljubutin</w>
               <S/>
               <w msd="Vp" lemma="in">in</w>
               <S/>
               <w msd="Zstmmiem" lemma="njegov">njegovi</w>
               <S/>
               <w msd="Sommi" lemma="sodelavec">sodelavci</w>
               <c>.</c>
               <S/>
            </s>
            <s>
               <c>»</c>
               <w msd="Dm" lemma="v">V</w>
               <S/>
               <w msd="Zl-mem" lemma="noben">nobenem</w>
               <S/>
               <w msd="Somem" lemma="primer">primeru</w>
               <S/>
               <w msd="L" lemma="ne">ne</w>
               <S/>
               <w msd="Gp-ppm-n" lemma="biti">bomo</w>
               <S/>
               <w msd="Ggnd-mm" lemma="uprizarjati">uprizarjali</w>
               <S/>
               <w msd="Ppnmmr" lemma="banalen">banalnih</w>
               <S/>
               <w msd="Sommr" lemma="tekst">tekstov</w>
               <c>,</c>
               <S/>
               <w msd="L" lemma="pač">pač</w>
               <S/>
               <w msd="Vp" lemma="pa">pa</w>
               <S/>
               <w msd="Ppnzei" lemma="kvaliteten">kvalitetna</w>
               <S/>
               <w msd="Vp" lemma="in">in</w>
               <S/>
               <w msd="Ppnsmt" lemma="duhovit">duhovita</w>
               <S/>
               <w msd="Sosmt" lemma="besedilo">besedila</w>
               <c>,</c>
               <S/>
               <w msd="Vd" lemma="ki">ki</w>
               <S/>
               <w msd="Somed" lemma="igralec">igralcu</w>
               <S/>
               <w msd="Ggnstm" lemma="ponujati">ponujajo</w>
               <S/>
               <w msd="Sommt" lemma="izziv">izzive</w>
               <c>,</c>
               <S/>
               <w msd="Somem" lemma="gledalec">gledalcu</w>
               <S/>
               <w msd="Vp" lemma="pa">pa</w>
               <S/>
               <w msd="Rsr" lemma="več">več</w>
               <S/>
               <w msd="Vd" lemma="kot">kot</w>
               <S/>
               <w msd="L" lemma="zgolj">zgolj</w>
               <S/>
               <w msd="Sozet" lemma="zabava">zabavo</w>
               <c>.</c>
               <S/>
            </s>
            <s>
               <w msd="L" lemma="ne">Ne</w>
               <S/>
               <w msd="Ggnspm" lemma="truditi">trudimo</w>
               <S/>
               <w msd="Zp------k" lemma="se">se</w>
               <c>,</c>
               <S/>
               <w msd="Vd" lemma="da">da</w>
               <S/>
               <w msd="Gp-g" lemma="biti">bi</w>
               <S/>
               <w msd="Dt" lemma="za">za</w>
               <S/>
               <w msd="Zc-zet" lemma="vsak">vsako</w>
               <S/>
               <w msd="Sozet" lemma="cena">ceno</w>
               <S/>
               <w msd="Ggnd-mm" lemma="ugajati">ugajali</w>
               <c>,</c>
               <S/>
               <w msd="L" lemma="pač">pač</w>
               <S/>
               <w msd="Vp" lemma="pa">pa</w>
               <S/>
               <w msd="Ggnspm" lemma="izbirati">izbiramo</w>
               <S/>
               <w msd="Soser" lemma="besedilo">besedila</w>
               <c>,</c>
               <S/>
               <w msd="Vd" lemma="ki">ki</w>
               <S/>
               <w msd="Zp------k" lemma="se">se</w>
               <S/>
               <w msd="Zop-md" lemma="jaz">nam</w>
               <S/>
               <w msd="Ggnstm" lemma="zdeti">zdijo</w>
               <S/>
               <w msd="Rsn" lemma="resnično">resnično</w>
               <S/>
               <w msd="Ppnzei" lemma="smešen">smešna</w>
               <S/>
               <w msd="Vp" lemma="in">in</w>
               <S/>
               <w msd="Ppnzei" lemma="zanimiv">zanimiva</w>
               <c>,</c>
               <S/>
               <w msd="Vp" lemma="saj">saj</w>
               <S/>
               <w msd="Gp-ste-n" lemma="biti">je</w>
               <S/>
               <w msd="Rsn" lemma="drugače">drugače</w>
               <S/>
               <w msd="Somei" lemma="dolgčas">dolgčas</w>
               <c>.</c>
               <S/>
            </s>
            <s>
               <w msd="Dm" lemma="v">V</w>
               <S/>
               <w msd="Sosem" lemma="gledališče">gledališču</w>
               <S/>
               <w msd="Vp" lemma="pa">pa</w>
               <S/>
               <w msd="L" lemma="ne">ne</w>
               <S/>
               <w msd="Ggnste" lemma="smeti">sme</w>
               <S/>
               <w msd="Gp-n" lemma="biti">biti</w>
               <S/>
               <w msd="Somei" lemma="dolgčas">dolgčas</w>
               <c>!</c>
               <c>«</c>
               <S/>
               <w msd="Ggnstm" lemma="dodajati">dodajajo</w>
               <S/>
               <w msd="Sommi" lemma="ustvarjalec">ustvarjalci</w>
               <S/>
               <w msd="Soser" lemma="gledališče">Gledališča</w>
               <S/>
               <w msd="Slmei" lemma="Satirikon">Satirikon</w>
               <c>.</c>
               <S/>
            </s>
            <s>
               <w msd="Zstmeim" lemma="njihov">Njihov</w>
               <S/>
               <w msd="Somei" lemma="vodja">vodja</w>
               <S/>
               <w msd="Slmei" lemma="Viktor">Viktor</w>
               <S/>
               <w msd="Slmei" lemma="Ljubutin">Ljubutin</w>
               <S/>
               <w msd="Gp-ste-n" lemma="biti">je</w>
               <S/>
               <w msd="Dm" lemma="po">po</w>
               <S/>
               <w msd="Somem" lemma="študij">študiju</w>
               <S/>
               <w msd="Ppnzer" lemma="gledališki">gledališke</w>
               <S/>
               <w msd="Sozer" lemma="režija">režije</w>
               <S/>
               <w msd="Dm" lemma="na">na</w>
               <S/>
               <w msd="Ppnzem" lemma="moskovski">moskovski</w>
               <S/>
               <w msd="Sozem" lemma="akademija">akademiji</w>
               <S/>
               <w msd="Slmei" lemma="GITIS">GITIS</w>
               <S/>
               <w msd="Ggvd-em" lemma="diplomirati">diplomiral</w>
               <S/>
               <w msd="L" lemma="še">še</w>
               <S/>
               <w msd="Dr" lemma="iz">iz</w>
               <S/>
               <w msd="Ppnzer" lemma="dramski">dramske</w>
               <S/>
               <w msd="Sozer" lemma="igra">igre</w>
               <S/>
               <w msd="Vp" lemma="ter">ter</w>
               <S/>
               <w msd="Vd" lemma="kot">kot</w>
               <S/>
               <w msd="Somei" lemma="režiser">režiser</w>
               <S/>
               <w msd="Vp" lemma="in">in</w>
               <S/>
               <w msd="Somei" lemma="igralec">igralec</w>
               <S/>
               <w msd="Ggnd-em" lemma="sodelovati">sodeloval</w>
               <S/>
               <w msd="Dm" lemma="pri">pri</w>
               <S/>
               <w msd="Ppnmmm" lemma="številen">številnih</w>
               <S/>
               <w msd="Sommm" lemma="projekt">projektih</w>
               <S/>
               <w msd="Rsn" lemma="doma">doma</w>
               <c>,</c>
               <S/>
               <w msd="Dm" lemma="v">v</w>
               <S/>
               <w msd="Slzem" lemma="Rusija">Rusiji</w>
               <c>.</c>
               <S/>
            </s>
            <s>
               <w msd="Ppnmmi" lemma="slovenski">Slovenski</w>
               <S/>
               <w msd="Sozem" lemma="publika">publiki</w>
               <S/>
               <w msd="Vp" lemma="pa">pa</w>
               <S/>
               <w msd="Zp------k" lemma="se">se</w>
               <S/>
               <w msd="Gp-ste-n" lemma="biti">je</w>
               <S/>
               <w msd="Rsn" lemma="doslej">doslej</w>
               <S/>
               <w msd="Ggdd-em" lemma="predstaviti">predstavil</w>
               <S/>
               <w msd="Do" lemma="z">z</w>
               <S/>
               <w msd="Sozdo" lemma="režija">režijama</w>
               <S/>
               <w msd="Psnzmr" lemma="Schisgalov">Schisgalovih</w>
               <S/>
               <w msd="Sozmr" lemma="strojepiska">Strojepisk</w>
               <S/>
               <w msd="Dm" lemma="v">v</w>
               <S/>
               <w msd="Sosem" lemma="gledališče">Gledališču</w>
               <S/>
               <w msd="Slmei" lemma="Ptuj">Ptuj</w>
               <S/>
               <w msd="Vp" lemma="in">in</w>
               <S/>
               <w msd="Sozer" lemma="komedija">komedije</w>
               <S/>
               <w msd="Sozei" lemma="kača">Kača</w>
               <S/>
               <w msd="Slmer" lemma="Nikolaj">Nikolaja</w>
               <S/>
               <w msd="Sozer" lemma="koljada">Koljade</w>
               <S/>
               <w msd="Dt" lemma="v">v</w>
               <S/>
               <w msd="Slmetn" lemma="MGL">MGL</w>
               <c>.</c>
            </s>
         </p>
         <p xml:id="F0000517.000252">
            <s>
               <w msd="Pdnmeid" lemma="citiran">Citirani</w>
               <c>:</c>
            </s>
         </p>
      </body>
   </text>
</TEI>