<?xml version="1.0" encoding="UTF-8"?>
<TEI xmlns="http://www.tei-c.org/ns/1.0" xml:id="F0000337" xml:lang="sl">
   <teiHeader>
      <fileDesc>
         <titleStmt>
            <title>ccKRES: Avto magazin (2004-06)</title>
            <funder>Operacijo delno financira Evropska unija iz Evropskega socialnega sklada ter Ministrstvo za šolstvo in šport. Operacija se izvaja v okviru Operativnega programa razvoja človeških virov za obdobje 2007-2013, razvojne prioritete: razvoj človeških virov in vseživljenjskega učenja; prednostne usmeritve: izboljšanje kakovosti in učinkovitosti sistemov izobraževanja in usposabljanja 2007-2013.</funder>
         </titleStmt>
         <editionStmt>
            <edition>1.0</edition>
         </editionStmt>
         <extent>251 besed</extent>
         <publicationStmt>
            <idno>am12_04</idno>
            <availability status="restricted">
               <availability xmlns="" status="free">
                  <p xml:lang="sl">Avtorske pravice za to izdajo ureja licenca <ref target="http://creativecommons.org/licenses/by-nc/2.5/si/">Creative Commons Priznanje avtorstva-Nekomercialno 2.5 Slovenija</ref>.</p>
                  <p xml:lang="en">This work is licenced under the <ref target="http://creativecommons.org/licenses/by-nc/2.5/si/deed.en">Creative Commons Attribution-Noncommercial 2.5 Slovenia</ref>.</p>
               </availability>
            </availability>
            <date>2012-05-06</date>
         </publicationStmt>
         <sourceDesc>
            <bibl>
               <title>Avto magazin</title>
               <author n="???">neznani novinar</author>
               <date>2004-06</date>
               <publisher n="Delo Revije">Delo Revije</publisher>
               <note type="sourceLang">sl</note>
            </bibl>
         </sourceDesc>
      </fileDesc>
      <encodingDesc>
         <projectDesc>
            <p xml:lang="sl">Glej <ref target="http://www.korpus-kres.net/">www.korpus-kres.net</ref> oz. <ref target="http://nl.ijs.si/ssj/">nl.ijs.si/ssj/</ref>.</p>
            <p xml:lang="en">See <ref target="http://www.korpus-kres.net/">www.korpus-kres.net</ref> or <ref target="http://nl.ijs.si/ssj/">nl.ijs.si/ssj/</ref>.</p>
         </projectDesc>
         <samplingDecl>
            <p xml:lang="sl">
            Besedila in odstavki v korpusu KRES so bili vzorčeni iz
            Gigafide tako, da smo dobili 100-milijonski referenčni
            korpus, v katerem so besedila uravnotežena po vnaprej
            določenih taksonomskih deležih in po podatkih o branosti
            vira (časopisi, revije, novičarski portali).  Korpus
            ccKRES nato, z namenom, da je lahko dostopen po licenci CC,
            vsebuje 10 % naključno vzorčenih odstavkov besedil iz
            korpusa KRES, torej 10 milijonov besed.
	    Več o sestavi korpusa lahko preberete na 
            <ref target="http://www.korpus-kres.net/">www.korpus-kres.net</ref> oz.
            <ref target="http://nl.ijs.si/ssj/">nl.ijs.si/ssj/</ref>.
	  </p>
            <p xml:lang="en">
            Texts and paragraphs in the KRES corpus have been sampled from the 
	    Gigafida corpus. The result of the sampling is a 100-million-word 
	    reference corpus. The texts in KRES are balanced according to the 
	    predetermined categories, with particular consideration being paid to 
	    the data on the popularity of the source (newspapers, magazines, 
	    Internet news sites). 
	    To enable free (CC) distribution of the corpus, the ccKRES corpus contains 
	    10% of randomly sampled paragraphs from KRES, i.e. contains 10 million words.
	    For more information about the contents of the corpus, 
	    see <ref target="http://www.korpus-kres.net/">www.korpus-kres.net</ref>
	    and <ref target="http://nl.ijs.si/ssj/">nl.ijs.si/ssj/</ref>.
	  </p>
         </samplingDecl>
         <tagsDecl>
            <namespace name="http://www.tei-c.org/ns/1.0">
               <tagUsage gi="p" occurs="4"/>
               <tagUsage gi="s" occurs="15"/>
               <tagUsage gi="S" occurs="247"/>
               <tagUsage gi="w" occurs="251"/>
               <tagUsage gi="c" occurs="44"/>
            </namespace>
         </tagsDecl>
         <classDecl>
            <taxonomy xml:id="SSJ">
               <category xml:id="SSJ.T">
                  <catDesc>tisk</catDesc>
                  <category xml:id="SSJ.T.K">
                     <catDesc>knjižno</catDesc>
                     <category xml:id="SSJ.T.K.L">
                        <catDesc>leposlovno</catDesc>
                     </category>
                     <category xml:id="SSJ.T.K.S">
                        <catDesc>strokovno</catDesc>
                     </category>
                  </category>
                  <category xml:id="SSJ.T.P">
                     <catDesc>periodično</catDesc>
                     <category xml:id="SSJ.T.P.C">
                        <catDesc>časopis</catDesc>
                     </category>
                     <category xml:id="SSJ.T.P.R">
                        <catDesc>revija</catDesc>
                     </category>
                  </category>
                  <category xml:id="SSJ.T.D">
                     <catDesc>drugo</catDesc>
                  </category>
               </category>
               <category xml:id="SSJ.I">
                  <catDesc>internet</catDesc>
               </category>
            </taxonomy>
         </classDecl>
      </encodingDesc>
      <profileDesc>
         <textClass>
            <catRef target="#SSJ.T.P.R"/>
         </textClass>
      </profileDesc>
   </teiHeader>
   <text xml:id="F0000337." xml:lang="sl">
      <body>
         <p xml:id="F0000337.000277">
            <s>
               <w msd="Zspmmim" lemma="naš">Naši</w>
               <S/>
               <w msd="Sommi" lemma="bralec">bralci</w>
               <S/>
               <w msd="Gp-stm-n" lemma="biti">so</w>
               <S/>
               <w msd="Ggdd-mm" lemma="postati">postali</w>
               <S/>
               <w msd="Ppnmmi" lemma="testen">testni</w>
               <S/>
               <w msd="Sommi" lemma="voznik">vozniki</w>
               <S/>
               <w msd="Dt" lemma="za">za</w>
               <S/>
               <w msd="Kbzset" lemma="en">eno</w>
               <S/>
               <w msd="Soset" lemma="popoldne">popoldne</w>
               <c>.</c>
               <S/>
            </s>
            <s>
               <w msd="Rsn" lemma="kako">Kako</w>
               <S/>
               <w msd="Rsn" lemma="prijetno">prijetno</w>
               <S/>
               <w msd="Gp-ste-n" lemma="biti">je</w>
               <S/>
               <w msd="Zk-sei" lemma="ta">to</w>
               <S/>
               <w msd="Sosei" lemma="delo">delo</w>
               <c>,</c>
               <S/>
               <w msd="Zp---d--k" lemma="se">si</w>
               <S/>
               <w msd="Rsn" lemma="lahko">lahko</w>
               <S/>
               <w msd="Ggdsdm" lemma="ogledati">ogledate</w>
               <S/>
               <w msd="Dm" lemma="v">v</w>
               <S/>
               <w msd="Sozem" lemma="slika">sliki</w>
               <S/>
               <w msd="Vp" lemma="in">in</w>
               <S/>
               <w msd="Ggnste" lemma="besediti">besedi</w>
               <c>.</c>
               <S/>
            </s>
            <s>
               <w msd="Sozei" lemma="reportaža">Reportaža</w>
               <c>.</c>
            </s>
         </p>
         <p xml:id="F0000337.000451">
            <s>
               <w msd="Kag" lemma="402">402</w>
               <S/>
               <w msd="Somei" lemma="m">m</w>
               <S/>
               <w msd="Do" lemma="z">z</w>
               <S/>
               <w msd="Soser" lemma="mesto">mesta</w>
               <c>:</c>
               <S/>
               <w msd="Kag" lemma="16,9">16,9</w>
               <S/>
               <w msd="Somei" lemma="s">s</w>
               <S/>
               <c>(</c>
               <w msd="Kag" lemma="132">132</w>
               <S/>
               <w msd="Somei" lemma="km">km</w>
               <c>/</c>
               <w msd="Somei" lemma="h">h</w>
               <c>)</c>
            </s>
         </p>
         <p xml:id="F0000337.000737">
            <s>
               <w msd="Vd" lemma="če">Če</w>
               <S/>
               <w msd="Zp------k" lemma="se">se</w>
               <S/>
               <w msd="Zod-md" lemma="ti">vam</w>
               <S/>
               <w msd="Ggnste" lemma="zdeti">zdi</w>
               <S/>
               <w msd="Sozei" lemma="agila">Agila</w>
               <S/>
               <w msd="Pdnzei" lemma="znan">znana</w>
               <c>,</c>
               <S/>
               <w msd="Vd" lemma="kot">kot</w>
               <S/>
               <w msd="Gp-g" lemma="biti">bi</w>
               <S/>
               <w msd="Zotzet--k" lemma="on">jo</w>
               <S/>
               <w msd="L" lemma="že">že</w>
               <S/>
               <w msd="Rsn" lemma="nekje">nekje</w>
               <S/>
               <w msd="Ggvd-mm" lemma="videti">videli</w>
               <S/>
               <w msd="Dm" lemma="v">v</w>
               <S/>
               <w msd="Rsn" lemma="malce">malce</w>
               <S/>
               <w msd="Ppnzem" lemma="drugačen">drugačni</w>
               <S/>
               <w msd="Sozem" lemma="podoba">podobi</w>
               <c>,</c>
               <S/>
               <w msd="Zp------k" lemma="se">se</w>
               <S/>
               <w msd="Gp-sdm-d" lemma="biti">niste</w>
               <S/>
               <w msd="Ggdd-mm" lemma="zmotiti">zmotili</w>
               <c>.</c>
               <S/>
            </s>
            <s>
               <w msd="Somei" lemma="opel">Opel</w>
               <S/>
               <w msd="Gp-ste-n" lemma="biti">je</w>
               <S/>
               <w msd="Zk-mei" lemma="ta">ta</w>
               <S/>
               <w msd="Somei" lemma="model">model</w>
               <S/>
               <w msd="Ggdd-em" lemma="razviti">razvil</w>
               <S/>
               <w msd="Rsn" lemma="skupaj">skupaj</w>
               <S/>
               <w msd="Do" lemma="z">z</w>
               <S/>
               <w msd="Ppnmeo" lemma="japonski">japonskim</w>
               <S/>
               <w msd="Someo" lemma="suzuki">Suzukijem</w>
               <c>,</c>
               <S/>
               <w msd="Vd" lemma="ki">ki</w>
               <S/>
               <w msd="Ggnste-n" lemma="imeti">ima</w>
               <S/>
               <w msd="Rsr" lemma="več">več</w>
               <S/>
               <w msd="Sozmr" lemma="izkušnja">izkušenj</w>
               <S/>
               <w msd="Dm" lemma="pri">pri</w>
               <S/>
               <w msd="Ppnmmm" lemma="majhen">majhnih</w>
               <S/>
               <w msd="Sommm" lemma="avtomobil">avtomobilih</w>
               <c>.</c>
               <S/>
            </s>
            <s>
               <w msd="Vp" lemma="zato">Zato</w>
               <S/>
               <w msd="L" lemma="naj">naj</w>
               <S/>
               <w msd="Zod-mt" lemma="ti">vas</w>
               <S/>
               <w msd="L" lemma="ne">ne</w>
               <S/>
               <w msd="Ggnste" lemma="motiti">moti</w>
               <c>,</c>
               <S/>
               <w msd="Vd" lemma="če">če</w>
               <S/>
               <w msd="Gp-pdm-n" lemma="biti">boste</w>
               <S/>
               <w msd="Dm" lemma="pri">pri</w>
               <S/>
               <w msd="Ppnmmi" lemma="podoben">podobni</w>
               <S/>
               <w msd="Ppnzem" lemma="karoserijski">karoserijski</w>
               <S/>
               <w msd="Sozem" lemma="oblika">obliki</w>
               <S/>
               <w msd="Ggvd-mm" lemma="videti">videli</w>
               <S/>
               <w msd="Do" lemma="z">S</w>
               <S/>
               <w msd="Dm" lemma="na">na</w>
               <S/>
               <w msd="Sozem" lemma="maska">maski</w>
               <S/>
               <w msd="Vp" lemma="in">in</w>
               <S/>
               <w msd="Somei" lemma="napis">napis</w>
               <S/>
               <w msd="Slmei" lemma="Wagon">Wagon</w>
               <S/>
               <w msd="Somei" lemma="R">R</w>
               <c>+</c>
               <S/>
               <w msd="Dm" lemma="na">na</w>
               <S/>
               <w msd="Somem" lemma="zadek">zadku</w>
               <c>.</c>
               <S/>
            </s>
            <s>
               <w msd="Sozei" lemma="prostornost">Prostornost</w>
               <S/>
               <w msd="Dm" lemma="v">v</w>
               <S/>
               <w msd="Sozem" lemma="notranjost">notranjosti</w>
               <S/>
               <w msd="Gp-ste-n" lemma="biti">je</w>
               <S/>
               <w msd="Zk-mei" lemma="tisti">tisti</w>
               <S/>
               <w msd="Somei" lemma="adut">adut</w>
               <c>,</c>
               <S/>
               <w msd="Vd" lemma="ki">ki</w>
               <S/>
               <w msd="Zotmet--k" lemma="on">ga</w>
               <S/>
               <w msd="Zk-med" lemma="ta">temu</w>
               <S/>
               <w msd="Ppnsei" lemma="nemški">nemško</w>
               <c>-</c>
               <w msd="Ppnmed" lemma="japonski">japonskemu</w>
               <S/>
               <w msd="Somed" lemma="izdelek">izdelku</w>
               <S/>
               <w msd="L" lemma="ne">ne</w>
               <S/>
               <w msd="Ggnspm" lemma="moči">moremo</w>
               <S/>
               <w msd="Ggnn" lemma="oporekati">oporekati</w>
               <c>.</c>
               <S/>
            </s>
            <s>
               <w msd="Dm" lemma="na">Na</w>
               <S/>
               <w msd="Ppnmmm" lemma="prednji">prednjih</w>
               <S/>
               <w msd="Sommm" lemma="sedež">sedežih</w>
               <S/>
               <w msd="Gp-ptd-n" lemma="biti">bosta</w>
               <S/>
               <w msd="Kbgmdi" lemma="dva">dva</w>
               <S/>
               <w msd="Ggdd-dm" lemma="odrasti">odrasla</w>
               <S/>
               <w msd="Ggnd-ez" lemma="sedeti">sedela</w>
               <S/>
               <w msd="Dr" lemma="brez">brez</w>
               <S/>
               <w msd="Sozmr" lemma="težava">težav</w>
               <c>,</c>
               <S/>
               <w msd="Dm" lemma="na">na</w>
               <S/>
               <w msd="Ppnzem" lemma="zadnji">zadnji</w>
               <S/>
               <w msd="Sozem" lemma="klop">klopi</w>
               <S/>
               <c>(</c>
               <w msd="Vd" lemma="ki">ki</w>
               <S/>
               <w msd="Gp-ste-n" lemma="biti">je</w>
               <S/>
               <w msd="Dt" lemma="za">za</w>
               <S/>
               <w msd="Kbg-mt" lemma="deset">deset</w>
               <S/>
               <w msd="Sommr" lemma="centimeter">centimetrov</w>
               <S/>
               <w msd="Pppzei" lemma="visok">višja</w>
               <S/>
               <w msd="Vd" lemma="kot">kot</w>
               <S/>
               <w msd="Ppnzei" lemma="prednji">prednja</w>
               <S/>
               <w msd="Somer" lemma="sedež">sedeža</w>
               <c>!</c>
               <c>)</c>
               <S/>
               <w msd="Vp" lemma="pa">pa</w>
               <S/>
               <w msd="Gp-ptm-n" lemma="biti">bodo</w>
               <S/>
               <w msd="Ggnd-mm" lemma="uživati">uživali</w>
               <S/>
               <w msd="L" lemma="predvsem">predvsem</w>
               <S/>
               <w msd="Sommi" lemma="otrok">otroci</w>
               <c>.</c>
               <S/>
            </s>
            <s>
               <w msd="Sozei" lemma="agila">Agila</w>
               <S/>
               <w msd="Dr" lemma="zaradi">zaradi</w>
               <S/>
               <w msd="Ppnzmr" lemma="velik">velikih</w>
               <S/>
               <w msd="Ppnzmr" lemma="steklen">steklenih</w>
               <S/>
               <w msd="Sozmr" lemma="površina">površin</w>
               <S/>
               <w msd="Rsn" lemma="kar">kar</w>
               <S/>
               <w msd="Ggnste" lemma="razvajati">razvaja</w>
               <S/>
               <w msd="Do" lemma="z">s</w>
               <S/>
               <w msd="Sozeo" lemma="preglednost">preglednostjo</w>
               <c>,</c>
               <S/>
               <w msd="Zz-sei" lemma="kar">kar</w>
               <S/>
               <w msd="Ggvste" lemma="pomeniti">pomeni</w>
               <S/>
               <w msd="L" lemma="tudi">tudi</w>
               <c>,</c>
               <S/>
               <w msd="Vd" lemma="da">da</w>
               <S/>
               <w msd="Zp------k" lemma="se">se</w>
               <S/>
               <w msd="Dm" lemma="v">v</w>
               <S/>
               <w msd="Ppnmmm" lemma="poleten">poletnih</w>
               <S/>
               <w msd="Sommm" lemma="mesec">mesecih</w>
               <S/>
               <w msd="Sozei" lemma="notranjost">notranjost</w>
               <S/>
               <w msd="Rsn" lemma="zelo">zelo</w>
               <S/>
               <w msd="Ggdste" lemma="ogreti">ogreje</w>
               <c>.</c>
               <S/>
            </s>
            <s>
               <w msd="Rsn" lemma="zato">Zato</w>
               <S/>
               <w msd="Gp-spm-n" lemma="biti">smo</w>
               <S/>
               <w msd="Ggnd-mm" lemma="imeti">imeli</w>
               <S/>
               <w msd="Dm" lemma="v">v</w>
               <S/>
               <w msd="Ppnmem" lemma="testen">testnem</w>
               <S/>
               <w msd="Somem" lemma="avtomobil">avtomobilu</w>
               <S/>
               <w msd="Rsn" lemma="mehansko">mehansko</w>
               <S/>
               <w msd="Sozet" lemma="klima">klimo</w>
               <S/>
               <c>(</c>
               <w msd="L" lemma="ne">ne</w>
               <S/>
               <w msd="Gp-pdm-n" lemma="biti">boste</w>
               <S/>
               <w msd="Ggvd-mm" lemma="verjeti">verjeli</w>
               <c>,</c>
               <S/>
               <w msd="Vp" lemma="ampak">ampak</w>
               <S/>
               <w msd="Zotzet--k" lemma="on">jo</w>
               <S/>
               <w msd="L" lemma="tudi">tudi</w>
               <S/>
               <w msd="Rsn" lemma="toplo">toplo</w>
               <S/>
               <w msd="Ggnspm" lemma="priporočati">priporočamo</w>
               <c>!</c>
               <c>)</c>
               <c>,</c>
               <S/>
               <w msd="Vd" lemma="da">da</w>
               <S/>
               <w msd="Zop-md" lemma="jaz">nam</w>
               <S/>
               <w msd="Gp-ste-d" lemma="biti">ni</w>
               <S/>
               <w msd="Gp-d-es" lemma="biti">bilo</w>
               <S/>
               <w msd="Ppnsei" lemma="vroč">vroče</w>
               <c>,</c>
               <S/>
               <w msd="Rsn" lemma="medtem">medtem</w>
               <S/>
               <w msd="Vd" lemma="ko">ko</w>
               <S/>
               <w msd="Gp-spm-n" lemma="biti">smo</w>
               <S/>
               <w msd="Zp------k" lemma="se">se</w>
               <S/>
               <w msd="Ggnd-mm" lemma="igrati">igrali</w>
               <S/>
               <w msd="Do" lemma="z">z</w>
               <S/>
               <w msd="Someo" lemma="radio">radiem</w>
               <S/>
               <w msd="Do" lemma="z">s</w>
               <S/>
               <w msd="Someo" lemma="CD">CD-jem</w>
               <S/>
               <w msd="Vp" lemma="in">in</w>
               <S/>
               <w msd="Ggnd-mm" lemma="upravljati">upravljali</w>
               <S/>
               <w msd="Rsn" lemma="električno">električno</w>
               <S/>
               <w msd="Ppnsmt" lemma="pomičen">pomična</w>
               <S/>
               <w msd="Sosmt" lemma="steklo">stekla</w>
               <c>.</c>
               <S/>
            </s>
            <s>
               <w msd="Ppnzei" lemma="sredinski">Sredinska</w>
               <S/>
               <w msd="Sozei" lemma="konzola">konzola</w>
               <S/>
               <w msd="Do" lemma="z">s</w>
               <S/>
               <w msd="Ppnzet" lemma="srebrn">srebrno</w>
               <S/>
               <w msd="Sozeo" lemma="barva">barvo</w>
               <S/>
               <w msd="Rsn" lemma="malce">malce</w>
               <S/>
               <w msd="Ggdste" lemma="razgibati">razgiba</w>
               <S/>
               <w msd="Vp" lemma="sicer">sicer</w>
               <S/>
               <w msd="Ppnzet" lemma="monoton">monotono</w>
               <S/>
               <w msd="Ppnzet" lemma="armaturen">armaturno</w>
               <S/>
               <w msd="Sozet" lemma="plošča">ploščo</w>
               <c>,</c>
               <S/>
               <w msd="Ppnmmi" lemma="moder">modri</w>
               <S/>
               <w msd="Sommi" lemma="sedež">sedeži</w>
               <S/>
               <w msd="Dm" lemma="v">v</w>
               <S/>
               <w msd="Sozem" lemma="notranjost">notranjosti</w>
               <S/>
               <w msd="Vp" lemma="pa">pa</w>
               <S/>
               <w msd="L" lemma="prav">prav</w>
               <S/>
               <w msd="Ggnstm" lemma="bosti">bodejo</w>
               <S/>
               <w msd="Dt" lemma="v">v</w>
               <S/>
               <w msd="Sozmt" lemma="oči">oči</w>
               <S/>
               <w msd="Dr" lemma="zaradi">zaradi</w>
               <S/>
               <w msd="Zp-zer" lemma="svoj">svoje</w>
               <S/>
               <w msd="Ppnzer" lemma="intenziven">intenzivne</w>
               <S/>
               <w msd="Ppnzer" lemma="moder">modre</w>
               <S/>
               <w msd="Sozer" lemma="barva">barve</w>
               <c>.</c>
               <S/>
            </s>
            <s>
               <w msd="Vd" lemma="da">Da</w>
               <c>,</c>
               <S/>
               <w msd="Sozei" lemma="agila">Agila</w>
               <S/>
               <w msd="Do" lemma="z">z</w>
               <S/>
               <w msd="Sozeo" lemma="oprema">opremo</w>
               <S/>
               <w msd="Slmei" lemma="Njoy">Njoy</w>
               <S/>
               <w msd="Gp-ste-n" lemma="biti">je</w>
               <S/>
               <w msd="Pdnzei" lemma="namenjen">namenjena</w>
               <S/>
               <w msd="Zk-mmd" lemma="tisti">tistim</w>
               <c>,</c>
               <S/>
               <w msd="Vd" lemma="ki">ki</w>
               <S/>
               <w msd="Zotmmd--k" lemma="on">jim</w>
               <S/>
               <w msd="Gp-ste-d" lemma="biti">ni</w>
               <S/>
               <w msd="Rsn" lemma="nerodno">nerodno</w>
               <S/>
               <c>…</c>
               <S/>
               <w msd="L" lemma="tudi">tudi</w>
               <S/>
               <w msd="Rsn" lemma="takrat">takrat</w>
               <c>,</c>
               <S/>
               <w msd="Vd" lemma="ko">ko</w>
               <S/>
               <w msd="Zotmmt--k" lemma="on">jih</w>
               <S/>
               <w msd="Dr" lemma="zaradi">zaradi</w>
               <S/>
               <w msd="Ppnzer" lemma="dvobarven">dvobarvne</w>
               <S/>
               <w msd="Sozer" lemma="karoserija">karoserije</w>
               <S/>
               <w msd="Ggnstm" lemma="opazovati">opazujejo</w>
               <S/>
               <w msd="Kbzmmi" lemma="drug">drugi</w>
               <S/>
               <w msd="Sommi" lemma="udeleženec">udeleženci</w>
               <S/>
               <w msd="Dm" lemma="v">v</w>
               <S/>
               <w msd="Somem" lemma="promet">prometu</w>
               <c>!</c>
               <S/>
            </s>
         </p>
         <p xml:id="F0000337.000880">
            <s>
               <w msd="Vd" lemma="kot">Kot</w>
               <S/>
               <w msd="Gp-ste-n" lemma="biti">je</w>
               <S/>
               <w msd="Dt" lemma="za">za</w>
               <S/>
               <w msd="Slmmt" lemma="Šved">Švede</w>
               <S/>
               <w msd="Ppnsei" lemma="značilen">značilno</w>
               <c>,</c>
               <S/>
               <w msd="Gp-ste-n" lemma="biti">je</w>
               <S/>
               <w msd="L" lemma="tudi">tudi</w>
               <S/>
               <w msd="Somei" lemma="s40">S40</w>
               <S/>
               <w msd="Rsn" lemma="dobro">dobro</w>
               <S/>
               <w msd="Pdnmein" lemma="založen">založen</w>
               <S/>
               <w msd="Do" lemma="z">z</w>
               <S/>
               <w msd="Ppnzeo" lemma="varnosten">varnostno</w>
               <S/>
               <w msd="Sozeo" lemma="oprema">opremo</w>
               <c>.</c>
               <S/>
            </s>
            <s>
               <w msd="Dt" lemma="za">Za</w>
               <S/>
               <w msd="Ppnset" lemma="učinkovit">učinkovito</w>
               <S/>
               <w msd="Soset" lemma="ustavljanje">ustavljanje</w>
               <S/>
               <w msd="Ggdstm" lemma="poskrbeti">poskrbijo</w>
               <S/>
               <w msd="Ppnzmt" lemma="zanesljiv">zanesljive</w>
               <S/>
               <w msd="Sozmi" lemma="zavora">zavore</w>
               <c>.</c>
            </s>
         </p>
      </body>
   </text>
</TEI>