<?xml version="1.0" encoding="UTF-8"?>
<TEI xmlns="http://www.tei-c.org/ns/1.0" xml:id="F0001439" xml:lang="sl">
   <teiHeader>
      <fileDesc>
         <titleStmt>
            <title>ccKRES: José Lezama Lima. Paradiso. (1999)</title>
            <funder>Operacijo delno financira Evropska unija iz Evropskega socialnega sklada ter Ministrstvo za šolstvo in šport. Operacija se izvaja v okviru Operativnega programa razvoja človeških virov za obdobje 2007-2013, razvojne prioritete: razvoj človeških virov in vseživljenjskega učenja; prednostne usmeritve: izboljšanje kakovosti in učinkovitosti sistemov izobraževanja in usposabljanja 2007-2013.</funder>
         </titleStmt>
         <editionStmt>
            <edition>1.0</edition>
         </editionStmt>
         <extent>709 besed</extent>
         <publicationStmt>
            <idno>lima-l</idno>
            <availability status="free">
               <p xml:lang="sl">Avtorske pravice za to izdajo ureja licenca <ref target="http://creativecommons.org/licenses/by-nc/2.5/si/">Creative Commons Priznanje avtorstva-Nekomercialno 2.5 Slovenija</ref>.</p>
               <p xml:lang="en">This work is licenced under the <ref target="http://creativecommons.org/licenses/by-nc/2.5/si/deed.en">Creative Commons Attribution-Noncommercial 2.5 Slovenia</ref>.</p>
            </availability>
            <date>2012-05-06</date>
         </publicationStmt>
         <sourceDesc>
            <bibl>
               <note>
Vec avtorjev.
</note>
               <title>Paradiso</title>
               <author>José Lezama Lima</author>
               <date>1999</date>
               <publisher n="drugo">Študentska organizacija Univerze, Študentska založba</publisher>
               <note type="sourceLang">es</note>
            </bibl>
         </sourceDesc>
      </fileDesc>
      <encodingDesc>
         <projectDesc>
            <p xml:lang="sl">Glej <ref target="http://www.korpus-kres.net/">www.korpus-kres.net</ref> oz. <ref target="http://nl.ijs.si/ssj/">nl.ijs.si/ssj</ref>.</p>
            <p xml:lang="en">See <ref target="http://www.korpus-kres.net/">www.korpus-kres.net</ref> or <ref target="http://nl.ijs.si/ssj/">nl.ijs.si/ssj</ref>.</p>
         </projectDesc>
         <samplingDecl>
            <p xml:lang="sl">
            Besedila in odstavki v korpusu KRES so bili vzorčeni iz
            Gigafide tako, da smo dobili 100-milijonski referenčni
            korpus, v katerem so besedila uravnotežena po vnaprej
            določenih taksonomskih deležih in po podatkih o branosti
            vira (časopisi, revije, novičarski portali).  Korpus
            ccKRES nato, z namenom, da je lahko dostopen po licenci CC,
            vsebuje 10 % naključno vzorčenih odstavkov besedil iz
            korpusa KRES, torej 10 milijonov besed.
	    Več o sestavi korpusa lahko preberete na 
            <ref target="http://www.korpus-kres.net/">www.korpus-kres.net</ref> oz.
            <ref target="http://nl.ijs.si/ssj/">nl.ijs.si/ssj</ref>.
	  </p>
            <p xml:lang="en">
            Texts and paragraphs in the KRES corpus have been sampled from the 
	    Gigafida corpus. The result of the sampling is a 100-million-word 
	    reference corpus. The texts in KRES are balanced according to the 
	    predetermined categories, with particular consideration being paid to 
	    the data on the popularity of the source (newspapers, magazines, 
	    Internet news sites). 
	    To enable free (CC) distribution of the corpus, the ccKRES corpus contains 
	    10% of randomly sampled paragraphs from KRES, i.e. contains 10 million words.
	    For more information about the contents of the corpus, 
	    see <ref target="http://www.korpus-kres.net/">www.korpus-kres.net</ref>
	    and <ref target="http://nl.ijs.si/ssj/">nl.ijs.si/ssj</ref>.
	  </p>
         </samplingDecl>
         <tagsDecl>
            <namespace name="http://www.tei-c.org/ns/1.0">
               <tagUsage gi="p" occurs="7"/>
               <tagUsage gi="s" occurs="26"/>
               <tagUsage gi="S" occurs="705"/>
               <tagUsage gi="w" occurs="709"/>
               <tagUsage gi="c" occurs="163"/>
            </namespace>
         </tagsDecl>
         <classDecl>
            <taxonomy xml:id="SSJ">
               <category xml:id="SSJ.T">
                  <catDesc>tisk</catDesc>
                  <category xml:id="SSJ.T.K">
                     <catDesc>knjižno</catDesc>
                     <category xml:id="SSJ.T.K.L">
                        <catDesc>leposlovno</catDesc>
                     </category>
                     <category xml:id="SSJ.T.K.S">
                        <catDesc>strokovno</catDesc>
                     </category>
                  </category>
                  <category xml:id="SSJ.T.P">
                     <catDesc>periodično</catDesc>
                     <category xml:id="SSJ.T.P.C">
                        <catDesc>časopis</catDesc>
                     </category>
                     <category xml:id="SSJ.T.P.R">
                        <catDesc>revija</catDesc>
                     </category>
                  </category>
                  <category xml:id="SSJ.T.D">
                     <catDesc>drugo</catDesc>
                  </category>
               </category>
               <category xml:id="SSJ.I">
                  <catDesc>internet</catDesc>
               </category>
            </taxonomy>
         </classDecl>
      </encodingDesc>
      <profileDesc>
         <textClass>
            <catRef target="#SSJ.T.K.S"/>
         </textClass>
      </profileDesc>
   </teiHeader>
   <text xml:id="F0001439." xml:lang="sl">
      <body>
         <p xml:id="F0001439.000052">
            <s>
               <w msd="Rsn" lemma="tako">Tako</w>
               <S/>
               <w msd="Zp------k" lemma="se">se</w>
               <S/>
               <w msd="Ggdste" lemma="zgoditi">zgodi</w>
               <c>,</c>
               <S/>
               <w msd="Vd" lemma="da">da</w>
               <S/>
               <w msd="Ggvstd" lemma="iti">gresta</w>
               <S/>
               <w msd="Kbgmdi" lemma="dva">dva</w>
               <S/>
               <w msd="Somdi" lemma="deček">dečka</w>
               <S/>
               <w msd="Dt" lemma="v">v</w>
               <S/>
               <w msd="Sozet" lemma="šola">šolo</w>
               <c>,</c>
               <S/>
               <w msd="Ggdstd" lemma="navezati">navežeta</w>
               <S/>
               <w msd="Sometn" lemma="stik">stik</w>
               <S/>
               <w msd="Vp" lemma="in">in</w>
               <S/>
               <w msd="Zp------k" lemma="se">se</w>
               <c>,</c>
               <S/>
               <w msd="Zk-zei" lemma="ta">ta</w>
               <S/>
               <w msd="Ppnzei" lemma="kubanski">kubanska</w>
               <S/>
               <w msd="Somdi" lemma="deček">dečka</w>
               <c>,</c>
               <S/>
               <w msd="Ggnstd" lemma="pogovarjati">pogovarjata</w>
               <S/>
               <w msd="Rsn" lemma="takole">takole</w>
               <c>:</c>
            </s>
         </p>
         <p xml:id="F0001439.000076">
            <s>
               <w msd="Ppnmeid" lemma="zadnji">Zadnji</w>
               <S/>
               <w msd="Somei" lemma="korak">korak</w>
               <S/>
               <w msd="Gp-pte-n" lemma="biti">bo</w>
               <S/>
               <w msd="Ppnmein" lemma="metafizičen">metafizičen</w>
               <c>,</c>
               <S/>
               <w msd="Somei" lemma="os">os</w>
               <S/>
               <w msd="Gp-pte-n" lemma="biti">bo</w>
               <c>,</c>
               <S/>
               <w msd="Dr" lemma="okrog">okrog</w>
               <S/>
               <w msd="Zv-zer" lemma="kateri">katere</w>
               <S/>
               <w msd="Ggvste" lemma="kristalizirati">kristalizira</w>
               <S/>
               <w msd="Somei" lemma="sistem">sistem</w>
               <c>,</c>
               <S/>
               <w msd="Vd" lemma="ki">ki</w>
               <S/>
               <w msd="Ggnste" lemma="omogočati">omogoča</w>
               <S/>
               <w msd="Sozet" lemma="paradisa">Paradiso</w>
               <c>,</c>
               <S/>
               <w msd="Vd" lemma="ko">ko</w>
               <S/>
               <w msd="Vp" lemma="namreč">namreč</w>
               <S/>
               <w msd="Dt" lemma="skozi">skozi</w>
               <S/>
               <w msd="Sozet" lemma="podoba">podobo</w>
               <S/>
               <w msd="Ggdste" lemma="narediti">naredi</w>
               <S/>
               <w msd="Ppnsei" lemma="viden">vidno</w>
               <S/>
               <w msd="Sosei" lemma="vesoljstvo">vesoljstvo</w>
               <S/>
               <w msd="Sosmr" lemma="bistvo">bistev</w>
               <c>,</c>
               <S/>
               <w msd="Vd" lemma="ki">ki</w>
               <S/>
               <w msd="Zotmet--k" lemma="on">ga</w>
               <S/>
               <w msd="Rsn" lemma="ponavadi">ponavadi</w>
               <S/>
               <w msd="Ggdspm" lemma="uzreti">uzremo</w>
               <S/>
               <w msd="L" lemma="le">le</w>
               <S/>
               <w msd="Rsn" lemma="tu">tu</w>
               <S/>
               <w msd="Vp" lemma="in">in</w>
               <S/>
               <w msd="Rsn" lemma="tam">tam</w>
               <c>,</c>
               <S/>
               <w msd="Dm" lemma="v">v</w>
               <S/>
               <w msd="Ppnsmm" lemma="posamezen">posameznih</w>
               <S/>
               <w msd="Sosmm" lemma="doživetje">doživetjih</w>
               <c>.</c>
               <S/>
            </s>
            <s>
               <w msd="Vp" lemma="ampak">Ampak</w>
               <S/>
               <w msd="Rsn" lemma="tedaj">tedaj</w>
               <S/>
               <w msd="Rsn" lemma="cemí">Cemí</w>
               <S/>
               <w msd="Ggdste" lemma="opaziti">opazi</w>
               <c>,</c>
               <S/>
               <w msd="Vd" lemma="da">da</w>
               <S/>
               <w msd="Pdnset" lemma="umirjen">umirjeno</w>
               <S/>
               <w msd="Sosei" lemma="veselje">veselje</w>
               <c>,</c>
               <S/>
               <w msd="Vd" lemma="ki">ki</w>
               <S/>
               <w msd="Zotmet--k" lemma="on">ga</w>
               <S/>
               <w msd="Dm" lemma="v">v</w>
               <S/>
               <w msd="Zotmem" lemma="on">njem</w>
               <S/>
               <w msd="Ggnstm" lemma="zbujati">zbujajo</w>
               <S/>
               <w msd="Zk-zer" lemma="ta">te</w>
               <S/>
               <w msd="Sozer" lemma="ureditev">ureditve</w>
               <c>,</c>
               <S/>
               <c>"</c>
               <w msd="Vd" lemma="ko">ko</w>
               <S/>
               <w msd="Zp------k" lemma="se">se</w>
               <S/>
               <w msd="Gp-ste-n" lemma="biti">je</w>
               <S/>
               <w msd="Somei" lemma="tok">tok</w>
               <S/>
               <w msd="Sozer" lemma="moč">moči</w>
               <S/>
               <w msd="Ggdd-em" lemma="obdržati">obdržal</w>
               <S/>
               <w msd="Dm" lemma="v">v</w>
               <S/>
               <w msd="Sosem" lemma="središče">središču</w>
               <S/>
               <w msd="Sozer" lemma="kompozicija">kompozicije</w>
               <c>"</c>
               <c>,</c>
               <S/>
               <w msd="Ggnste" lemma="izzivati">izziva</w>
               <S/>
               <w msd="Dm" lemma="v">v</w>
               <S/>
               <w msd="Kbzmmm" lemma="drug">drugih</w>
               <S/>
               <c>"</c>
               <w msd="Sozei" lemma="razdraženost">razdraženost</w>
               <c>,</c>
               <S/>
               <w msd="Rsn" lemma="včasih">včasih</w>
               <S/>
               <w msd="Pdnzet" lemma="prenapet">prenapeto</w>
               <S/>
               <w msd="Sozet" lemma="nelagodnost">nelagodnost</w>
               <c>,</c>
               <S/>
               <w msd="Vd" lemma="kot">kot</w>
               <S/>
               <w msd="Gp-g" lemma="biti">bi</w>
               <S/>
               <w msd="Gp-d-ez" lemma="biti">bila</w>
               <S/>
               <w msd="Dm" lemma="v">v</w>
               <S/>
               <w msd="Sosem" lemma="ozadje">ozadju</w>
               <S/>
               <w msd="Ppnzei" lemma="skrajen">skrajna</w>
               <S/>
               <w msd="Sozei" lemma="nezaupljivost">nezaupljivost</w>
               <c>"</c>
               <c>.</c>
               <S/>
            </s>
            <s>
               <w msd="Dm" lemma="v">V</w>
               <S/>
               <w msd="Zn-mem" lemma="nek">nekem</w>
               <S/>
               <w msd="Somem" lemma="odstavek">odstavku</w>
               <c>,</c>
               <S/>
               <w msd="Vd" lemma="ki">ki</w>
               <S/>
               <w msd="Zotmet--k" lemma="on">ga</w>
               <S/>
               <w msd="Ggvste" lemma="odlikovati">odlikuje</w>
               <S/>
               <w msd="Zk-zei" lemma="tisti">tista</w>
               <S/>
               <c>"</c>
               <w msd="Ppnzei" lemma="temen">temna</w>
               <S/>
               <w msd="Sozei" lemma="jasnost">jasnost</w>
               <c>"</c>
               <S/>
               <w msd="Dr" lemma="iz">iz</w>
               <S/>
               <w msd="Ppnmer" lemma="slaven">slavnega</w>
               <S/>
               <w msd="Ppnmer" lemma="corneillovski">corneillovskega</w>
               <S/>
               <w msd="Somer" lemma="verz">verza</w>
               <c>,</c>
               <S/>
               <w msd="Slmei" lemma="Lezama">Lezama</w>
               <S/>
               <w msd="Ggnste" lemma="kronati">krona</w>
               <S/>
               <w msd="Zp-set" lemma="svoj">svoje</w>
               <S/>
               <w msd="Soset" lemma="videnje">videnje</w>
               <c>:</c>
            </s>
         </p>
         <p xml:id="F0001439.000079">
            <s>
               <w msd="Slmei" lemma="José">José</w>
               <S/>
               <w msd="Slmei" lemma="Cemí">Cemí</w>
               <S/>
               <w msd="Zp------k" lemma="se">se</w>
               <S/>
               <w msd="Gp-ste-n" lemma="biti">je</w>
               <S/>
               <w msd="Somei" lemma="kot">kot</w>
               <S/>
               <w msd="Ppnmmr" lemma="aladinski">aladinskih</w>
               <S/>
               <w msd="Sommr" lemma="dan">dni</w>
               <S/>
               <w msd="Ggnd-em" lemma="spominjati">spominjal</w>
               <S/>
               <w msd="Sosmr" lemma="jutro">juter</w>
               <c>,</c>
               <S/>
               <w msd="Vd" lemma="ko">ko</w>
               <S/>
               <w msd="Gp-ste-n" lemma="biti">je</w>
               <S/>
               <w msd="Sozei" lemma="babica">Babica</w>
               <c>,</c>
               <S/>
               <w msd="Rsn" lemma="komaj">komaj</w>
               <S/>
               <w msd="Gp-ste-n" lemma="biti">je</w>
               <S/>
               <w msd="Ggdd-ez" lemma="vstati">vstala</w>
               <c>,</c>
               <S/>
               <w msd="Ggdd-ez" lemma="reči">rekla</w>
               <c>:</c>
               <S/>
               <c>"</c>
               <w msd="Rsn" lemma="danes">Danes</w>
               <S/>
               <w msd="Zop-et--k" lemma="jaz">me</w>
               <S/>
               <w msd="Ggnste-n" lemma="imeti">ima</w>
               <c>,</c>
               <S/>
               <w msd="Vd" lemma="da">da</w>
               <S/>
               <w msd="Gp-g" lemma="biti">bi</w>
               <S/>
               <w msd="Ggdd-ez" lemma="pripraviti">pripravila</w>
               <S/>
               <w msd="Ppnzet" lemma="mlečen">mlečno</w>
               <S/>
               <w msd="Sozet" lemma="krema">kremo</w>
               <c>,</c>
               <S/>
               <w msd="Vp" lemma="pa">pa</w>
               <S/>
               <w msd="L" lemma="ne">ne</w>
               <S/>
               <w msd="Rsn" lemma="tako">tako</w>
               <c>,</c>
               <S/>
               <w msd="Vd" lemma="kot">kot</w>
               <S/>
               <w msd="Zotmmt--k" lemma="on">jih</w>
               <S/>
               <w msd="Rsn" lemma="danes">danes</w>
               <S/>
               <w msd="Ggnstm" lemma="jesti">jedo</w>
               <c>,</c>
               <S/>
               <w msd="Vd" lemma="kot">kot</w>
               <S/>
               <w msd="Gp-g" lemma="biti">bi</w>
               <S/>
               <w msd="Gp-d-ez" lemma="biti">bila</w>
               <S/>
               <w msd="Dr" lemma="iz">iz</w>
               <S/>
               <w msd="Ggdste" lemma="izkuhati">izkuha</w>
               <c>,</c>
               <S/>
               <w msd="Vp" lemma="ampak">ampak</w>
               <S/>
               <w msd="Rsn" lemma="tako">tako</w>
               <c>,</c>
               <S/>
               <w msd="Vd" lemma="ki">ki</w>
               <S/>
               <w msd="Gp-ste-n" lemma="biti">je</w>
               <S/>
               <w msd="Rsn" lemma="napol">napol</w>
               <S/>
               <w msd="Somei" lemma="narastek">narastek</w>
               <c>,</c>
               <S/>
               <w msd="Rsn" lemma="napol">napol</w>
               <S/>
               <w msd="Sozei" lemma="strjenka">strjenka</w>
               <c>.</c>
               <c>"</c>
               <S/>
            </s>
            <s>
               <w msd="Dr" lemma="od">Od</w>
               <S/>
               <w msd="Zk-mer" lemma="tisti">tistega</w>
               <S/>
               <w msd="Somer" lemma="trenutek">trenutka</w>
               <S/>
               <w msd="Gp-ste-n" lemma="biti">je</w>
               <S/>
               <w msd="Gp-d-ez" lemma="biti">bila</w>
               <S/>
               <w msd="Zc-zei" lemma="ves">vsa</w>
               <S/>
               <w msd="Sozei" lemma="hiša">hiša</w>
               <S/>
               <w msd="Dt" lemma="na">na</w>
               <S/>
               <w msd="Sozet" lemma="razpolaga">razpolago</w>
               <S/>
               <w msd="Sozem" lemma="starka">starki</w>
               <c>,</c>
               <S/>
               <w msd="L" lemma="celo">celo</w>
               <S/>
               <w msd="Somei" lemma="polkovnik">Polkovnik</w>
               <S/>
               <w msd="Zotzet--k" lemma="on">jo</w>
               <S/>
               <w msd="Gp-ste-n" lemma="biti">je</w>
               <S/>
               <w msd="Ggvd-em" lemma="ubogati">ubogal</w>
               <S/>
               <w msd="Vp" lemma="in">in</w>
               <S/>
               <w msd="Zotmmt--k" lemma="on">jih</w>
               <S/>
               <w msd="Rsn" lemma="vse">vse</w>
               <S/>
               <w msd="Ggdd-em" lemma="ugnati">ugnal</w>
               <S/>
               <w msd="Dt" lemma="v">v</w>
               <S/>
               <w msd="Ppnzet" lemma="pobožen">pobožno</w>
               <S/>
               <w msd="Sozet" lemma="pokorščina">pokorščino</w>
               <c>;</c>
               <S/>
               <w msd="Gp-d-ez" lemma="biti">bila</w>
               <S/>
               <w msd="Gp-ste-n" lemma="biti">je</w>
               <S/>
               <w msd="Vd" lemma="kot">kot</w>
               <S/>
               <w msd="Zk-zmi" lemma="tisti">tiste</w>
               <S/>
               <w msd="Sozer" lemma="kraljica">kraljice</w>
               <c>,</c>
               <S/>
               <w msd="Vd" lemma="ki">ki</w>
               <S/>
               <w msd="Gp-stm-n" lemma="biti">so</w>
               <S/>
               <w msd="Gp-d-mz" lemma="biti">bile</w>
               <S/>
               <w msd="Rsn" lemma="nekoč">nekoč</w>
               <S/>
               <w msd="Sozmi" lemma="regentinja">regentinje</w>
               <c>,</c>
               <S/>
               <w msd="Vp" lemma="a">a</w>
               <S/>
               <w msd="Gp-stm-n" lemma="biti">so</w>
               <S/>
               <w msd="Rsn" lemma="veliko">veliko</w>
               <S/>
               <w msd="Rsr" lemma="pozno">pozneje</w>
               <c>,</c>
               <S/>
               <w msd="Vd" lemma="ko">ko</w>
               <S/>
               <w msd="Gp-ste-n" lemma="biti">je</w>
               <S/>
               <w msd="Ggnd-em" lemma="morati">moral</w>
               <S/>
               <w msd="Somei" lemma="kralj">kralj</w>
               <S/>
               <w msd="Dt" lemma="na">na</w>
               <S/>
               <w msd="Sometn" lemma="obisk">obisk</w>
               <S/>
               <w msd="Ppnzmr" lemma="amsterdamski">amsterdamskih</w>
               <S/>
               <w msd="Vp" lemma="ali">ali</w>
               <S/>
               <w msd="Ppnzmr" lemma="liverpoolski">liverpoolskih</w>
               <S/>
               <w msd="Sozmr" lemma="orožarna">orožarn</w>
               <c>,</c>
               <S/>
               <w msd="Rsn" lemma="znova">znova</w>
               <S/>
               <w msd="Ggdd-mz" lemma="zaseči">zasegle</w>
               <S/>
               <w msd="Zp-zmt" lemma="svoj">svoje</w>
               <S/>
               <w msd="Ppnzmt" lemma="nekdanji">nekdanje</w>
               <S/>
               <w msd="Sozmt" lemma="predpravica">predpravice</w>
               <S/>
               <w msd="Vp" lemma="in">in</w>
               <S/>
               <w msd="Rsn" lemma="znova">znova</w>
               <S/>
               <w msd="Ggdd-mz" lemma="zaslišati">zaslišale</w>
               <S/>
               <w msd="Ppnmetd" lemma="laskav">laskavi</w>
               <S/>
               <w msd="Sometn" lemma="šepet">šepet</w>
               <S/>
               <w msd="Zp-mmr" lemma="svoj">svojih</w>
               <S/>
               <w msd="Pdnmmr" lemma="upokojen">upokojenih</w>
               <S/>
               <w msd="Sommr" lemma="strežnik">strežnikov</w>
               <c>.</c>
               <S/>
            </s>
            <s>
               <w msd="Ggnd-ez" lemma="spraševati">Spraševala</w>
               <S/>
               <w msd="Gp-ste-n" lemma="biti">je</w>
               <c>,</c>
               <S/>
               <w msd="Do" lemma="z">s</w>
               <S/>
               <w msd="Zv-zeo" lemma="kateri">katero</w>
               <S/>
               <w msd="Sozeo" lemma="ladja">ladjo</w>
               <S/>
               <w msd="Gp-ste-n" lemma="biti">je</w>
               <S/>
               <w msd="Ggdd-em" lemma="priti">prišel</w>
               <S/>
               <w msd="Sometn" lemma="cimet">cimet</w>
               <c>,</c>
               <S/>
               <w msd="Zotmet--k" lemma="on">ga</w>
               <S/>
               <w msd="Dt" lemma="na">na</w>
               <S/>
               <w msd="Rsn" lemma="dolgo">dolgo</w>
               <S/>
               <w msd="Ggdd-ez" lemma="podržati">podržala</w>
               <S/>
               <w msd="Do" lemma="pred">pred</w>
               <S/>
               <w msd="Someo" lemma="nos">nosom</w>
               <c>,</c>
               <S/>
               <w msd="Do" lemma="z">z</w>
               <S/>
               <w msd="Sozmo" lemma="blazinica">blazinicami</w>
               <S/>
               <w msd="Sommr" lemma="prst">prstov</w>
               <S/>
               <w msd="Ggdd-ez" lemma="otipati">otipala</w>
               <S/>
               <w msd="Rsn" lemma="podolgem">podolgem</w>
               <S/>
               <w msd="Vp" lemma="in">in</w>
               <S/>
               <w msd="Rsn" lemma="počez">počez</w>
               <S/>
               <w msd="Zstseiem" lemma="njegov">njegovo</w>
               <S/>
               <w msd="Soset" lemma="površje">površje</w>
               <c>,</c>
               <S/>
               <w msd="Vd" lemma="kot">kot</w>
               <S/>
               <w msd="Gp-g" lemma="biti">bi</w>
               <S/>
               <w msd="Ggnd-ez" lemma="ugotavljati">ugotavljala</w>
               <S/>
               <w msd="Sozei" lemma="starost">starost</w>
               <S/>
               <w msd="Zv-mer" lemma="kak">kakega</w>
               <S/>
               <w msd="Somer" lemma="pergament">pergamenta</w>
               <c>,</c>
               <S/>
               <w msd="L" lemma="ne">ne</w>
               <S/>
               <w msd="Dm" lemma="po">po</w>
               <S/>
               <w msd="Somem" lemma="datum">datumu</w>
               <S/>
               <w msd="Soser" lemma="delo">dela</w>
               <c>,</c>
               <S/>
               <w msd="Pdnmet" lemma="skrit">skritega</w>
               <S/>
               <w msd="Dm" lemma="v">v</w>
               <S/>
               <w msd="Zotmem" lemma="on">njem</w>
               <c>,</c>
               <S/>
               <w msd="Vp" lemma="temveč">temveč</w>
               <S/>
               <w msd="Dm" lemma="po">po</w>
               <S/>
               <w msd="Sozem" lemma="širina">širini</w>
               <c>,</c>
               <S/>
               <w msd="Dm" lemma="po">po</w>
               <S/>
               <w msd="Sozmm" lemma="spozaba">spozabah</w>
               <S/>
               <w msd="Psnmer" lemma="merjaščev">merjaščevega</w>
               <S/>
               <w msd="Somer" lemma="čekan">čekana</w>
               <c>,</c>
               <S/>
               <w msd="Vd" lemma="ki">ki</w>
               <S/>
               <w msd="Gp-ste-n" lemma="biti">je</w>
               <S/>
               <w msd="Ggdd-em" lemma="nalistati">nalistal</w>
               <S/>
               <w msd="Zstzetem" lemma="njegov">njegovo</w>
               <S/>
               <w msd="Sozet" lemma="skorja">skorjo</w>
               <c>.</c>
               <S/>
            </s>
            <s>
               <w msd="L" lemma="še">Še</w>
               <S/>
               <w msd="Rsr" lemma="daleč">dlje</w>
               <S/>
               <w msd="Zp------k" lemma="se">se</w>
               <S/>
               <w msd="Gp-ste-n" lemma="biti">je</w>
               <S/>
               <w msd="Ggdd-ez" lemma="pomuditi">pomudila</w>
               <S/>
               <w msd="Dm" lemma="ob">ob</w>
               <S/>
               <w msd="Sozem" lemma="vanilija">vaniliji</w>
               <c>,</c>
               <S/>
               <w msd="L" lemma="ne">ne</w>
               <S/>
               <w msd="Rsn" lemma="naravnost">naravnost</w>
               <c>,</c>
               <S/>
               <w msd="Dr" lemma="iz">iz</w>
               <S/>
               <w msd="Sozer" lemma="steklenička">stekleničke</w>
               <c>,</c>
               <S/>
               <w msd="Vp" lemma="temveč">temveč</w>
               <S/>
               <w msd="Zp---d--k" lemma="se">si</w>
               <S/>
               <w msd="Zotzet--k" lemma="on">jo</w>
               <S/>
               <w msd="Gp-ste-n" lemma="biti">je</w>
               <S/>
               <w msd="Ggdd-ez" lemma="nakapljati">nakapljala</w>
               <S/>
               <w msd="Dt" lemma="na">na</w>
               <S/>
               <w msd="Sometn" lemma="robec">robec</w>
               <c>,</c>
               <S/>
               <w msd="Rsn" lemma="nakar">nakar</w>
               <S/>
               <w msd="Gp-ste-n" lemma="biti">je</w>
               <S/>
               <w msd="Dr" lemma="od">od</w>
               <S/>
               <w msd="Somer" lemma="čas">časa</w>
               <S/>
               <w msd="Dr" lemma="do">do</w>
               <S/>
               <w msd="Somer" lemma="čas">časa</w>
               <c>,</c>
               <S/>
               <w msd="Dm" lemma="v">v</w>
               <S/>
               <w msd="Pdnmmm" lemma="odmerjen">odmerjenih</w>
               <S/>
               <w msd="Ppnmmm" lemma="nepovraten">nepovratnih</w>
               <S/>
               <w msd="Sommm" lemma="cikel">ciklih</w>
               <c>,</c>
               <S/>
               <w msd="Ggdd-ez" lemma="povonjati">povonjala</w>
               <c>,</c>
               <S/>
               <w msd="Vd" lemma="dokler">dokler</w>
               <S/>
               <w msd="Gp-stm-d" lemma="biti">niso</w>
               <S/>
               <w msd="Sommi" lemma="hlap">hlapi</w>
               <S/>
               <w msd="Ppnzer" lemma="omamen">omamne</w>
               <S/>
               <w msd="Sozer" lemma="esenca">esence</w>
               <S/>
               <w msd="Rsn" lemma="postopoma">postopoma</w>
               <S/>
               <w msd="Ggdd-mm" lemma="presahniti">presahnili</w>
               <c>,</c>
               <S/>
               <w msd="Vp" lemma="in">in</w>
               <S/>
               <w msd="L" lemma="šele">šele</w>
               <S/>
               <w msd="Rsn" lemma="takrat">takrat</w>
               <S/>
               <w msd="Gp-ste-n" lemma="biti">je</w>
               <S/>
               <w msd="Ggdd-ez" lemma="razsoditi">razsodila</w>
               <c>,</c>
               <S/>
               <w msd="Vp" lemma="ali">ali</w>
               <S/>
               <w msd="Gp-ste-n" lemma="biti">je</w>
               <S/>
               <w msd="Sozei" lemma="esenca">esenca</w>
               <S/>
               <w msd="Somer" lemma="vešč">vešča</w>
               <S/>
               <w msd="Vp" lemma="in">in</w>
               <S/>
               <w msd="Zp------k" lemma="se">se</w>
               <S/>
               <w msd="Ggnste" lemma="smeti">sme</w>
               <S/>
               <w msd="Ggdn" lemma="vmešati">vmešati</w>
               <S/>
               <w msd="Dt" lemma="v">v</w>
               <S/>
               <w msd="Sozet" lemma="slaščica">slaščico</w>
               <S/>
               <w msd="Zstzerez" lemma="njen">njene</w>
               <S/>
               <w msd="Sozer" lemma="izvedba">izvedbe</w>
               <c>,</c>
               <S/>
               <w msd="Vp" lemma="ali">ali</w>
               <S/>
               <w msd="Vp" lemma="pa">pa</w>
               <S/>
               <w msd="Gp-ste-n" lemma="biti">je</w>
               <S/>
               <w msd="Ggdd-ez" lemma="zalučati">zalučala</w>
               <S/>
               <w msd="Pdnsei" lemma="odprt">odprto</w>
               <S/>
               <w msd="Sozet" lemma="steklenička">stekleničko</w>
               <S/>
               <w msd="Dt" lemma="na">na</w>
               <S/>
               <w msd="Sometn" lemma="vrt">vrt</w>
               <c>,</c>
               <S/>
               <w msd="Dt" lemma="v">v</w>
               <S/>
               <w msd="Sozet" lemma="trava">travo</w>
               <c>,</c>
               <S/>
               <w msd="L" lemma="češ">češ</w>
               <S/>
               <w msd="Vd" lemma="da">da</w>
               <S/>
               <w msd="Gp-ste-n" lemma="biti">je</w>
               <S/>
               <w msd="Ppnzei" lemma="robat">robata</w>
               <S/>
               <w msd="Vp" lemma="in">in</w>
               <S/>
               <w msd="Ppnzei" lemma="neuporaben">neuporabna</w>
               <c>.</c>
               <S/>
            </s>
            <s>
               <w msd="Ggnspe" lemma="misliti">Mislim</w>
               <c>,</c>
               <S/>
               <w msd="Vd" lemma="da">da</w>
               <S/>
               <w msd="Gp-ste-n" lemma="biti">je</w>
               <S/>
               <w msd="Do" lemma="z">s</w>
               <S/>
               <w msd="Zk-seo" lemma="ta">tem</w>
               <c>,</c>
               <S/>
               <w msd="Vd" lemma="ko">ko</w>
               <S/>
               <w msd="Gp-ste-n" lemma="biti">je</w>
               <S/>
               <w msd="Ggdd-ez" lemma="odvreči">odvrgla</w>
               <S/>
               <w msd="Pdnzet" lemma="odmašen">odmašeno</w>
               <S/>
               <w msd="Sozet" lemma="steklenička">stekleničko</w>
               <c>,</c>
               <S/>
               <w msd="Ggvd-ez" lemma="ubogati">ubogala</w>
               <S/>
               <w msd="Zp-set" lemma="svoj">svoje</w>
               <S/>
               <w msd="Ppnset" lemma="skriven">skrivno</w>
               <S/>
               <w msd="Soset" lemma="načelo">načelo</w>
               <c>,</c>
               <S/>
               <w msd="Vd" lemma="da">da</w>
               <S/>
               <w msd="Gp-ste-n" lemma="biti">je</w>
               <S/>
               <w msd="Rsn" lemma="treba">treba</w>
               <S/>
               <w msd="Zc-set" lemma="ves">vse</w>
               <c>,</c>
               <S/>
               <w msd="Zz-sei" lemma="kar">kar</w>
               <S/>
               <w msd="Gp-ste-n" lemma="biti">je</w>
               <S/>
               <w msd="Ppnmet" lemma="pomanjkljiv">pomanjkljivega</w>
               <S/>
               <w msd="Vp" lemma="in">in</w>
               <S/>
               <w msd="Ppnser" lemma="nedorasel">nedoraslega</w>
               <c>,</c>
               <S/>
               <w msd="Ggdn" lemma="uničiti">uničiti</w>
               <c>,</c>
               <S/>
               <w msd="Vp" lemma="zato">zato</w>
               <S/>
               <w msd="Vd" lemma="da">da</w>
               <S/>
               <w msd="Zp------k" lemma="se">se</w>
               <S/>
               <w msd="Zk-mmi" lemma="tisti">tisti</w>
               <c>,</c>
               <S/>
               <w msd="Vd" lemma="ki">ki</w>
               <S/>
               <w msd="Gp-stm-n" lemma="biti">so</w>
               <S/>
               <w msd="Ppnmmi" lemma="zadovoljen">zadovoljni</w>
               <S/>
               <w msd="Do" lemma="z">z</w>
               <S/>
               <w msd="Ppnmeo" lemma="mali">malim</w>
               <c>,</c>
               <S/>
               <w msd="L" lemma="ne">ne</w>
               <S/>
               <w msd="Gp-g" lemma="biti">bi</w>
               <S/>
               <w msd="Ggnd-mm" lemma="ozirati">ozirali</w>
               <S/>
               <w msd="Dt" lemma="za">za</w>
               <S/>
               <w msd="Sozeo" lemma="puhlost">puhlostjo</w>
               <S/>
               <w msd="Vp" lemma="in">in</w>
               <S/>
               <w msd="Zp------k" lemma="se">se</w>
               <S/>
               <w msd="Gp-ste-n" lemma="biti">je</w>
               <S/>
               <w msd="Ggdd-mm" lemma="navzeti">navzeli</w>
               <c>.</c>
               <S/>
            </s>
            <s>
               <w msd="Rsn" lemma="nato">Nato</w>
               <S/>
               <w msd="Zp------k" lemma="se">se</w>
               <S/>
               <w msd="Gp-ste-n" lemma="biti">je</w>
               <S/>
               <w msd="Dm" lemma="v">v</w>
               <S/>
               <w msd="Pdnzem" lemma="ljubeč">ljubeči</w>
               <S/>
               <w msd="Sozem" lemma="oblastnost">oblastnosti</w>
               <c>,</c>
               <S/>
               <w msd="Do" lemma="z">z</w>
               <S/>
               <w msd="Someo" lemma="odtenek">odtenkom</w>
               <c>,</c>
               <S/>
               <w msd="Zv-mer" lemma="kateri">katerega</w>
               <S/>
               <w msd="Ppnzei" lemma="poslednji">poslednja</w>
               <S/>
               <w msd="Sozei" lemma="tančina">tančina</w>
               <S/>
               <w msd="Zp------k" lemma="se">se</w>
               <S/>
               <w msd="Gp-ste-n" lemma="biti">je</w>
               <S/>
               <w msd="Ggnd-ez" lemma="zdeti">zdela</w>
               <S/>
               <w msd="Zstmeiem" lemma="njegov">njegov</w>
               <S/>
               <w msd="Ppsmeid" lemma="izrazit">najizrazitejši</w>
               <S/>
               <w msd="Sometn" lemma="sozvok">sozvok</w>
               <c>,</c>
               <S/>
               <w msd="Ggdd-ez" lemma="obrniti">obrnila</w>
               <S/>
               <w msd="Vp" lemma="in">in</w>
               <S/>
               <w msd="Ggdd-ez" lemma="reči">rekla</w>
               <S/>
               <w msd="Somem" lemma="polkovnik">Polkovniku</w>
               <c>:</c>
               <S/>
               <c>"</c>
               <w msd="Ggdste" lemma="pripraviti">Pripravi</w>
               <S/>
               <w msd="Sozer" lemma="plošča">plošče</w>
               <S/>
               <w msd="Dt" lemma="za">za</w>
               <S/>
               <w msd="Soset" lemma="žganje">žganje</w>
               <S/>
               <w msd="Somer" lemma="sneg">snega</w>
               <c>,</c>
               <S/>
               <w msd="Zc-met" lemma="vsak">vsak</w>
               <S/>
               <w msd="Sometn" lemma="čas">čas</w>
               <S/>
               <w msd="Gp-pte-n" lemma="biti">bo</w>
               <S/>
               <w msd="Rsn" lemma="treba">treba</w>
               <S/>
               <w msd="Slmei" lemma="Mont">Mont</w>
               <S/>
               <w msd="Rsn" lemma="blancu">Blancu</w>
               <S/>
               <w msd="Ggdn" lemma="namalati">namalati</w>
               <S/>
               <w msd="Sommt" lemma="brk">brke</w>
               <c>,</c>
               <c>"</c>
               <S/>
               <w msd="Gp-ste-n" lemma="biti">je</w>
               <S/>
               <w msd="Ggdd-ez" lemma="reči">rekla</w>
               <c>,</c>
               <S/>
               <w msd="Do" lemma="z">s</w>
               <S/>
               <w msd="L" lemma="skoraj">skoraj</w>
               <S/>
               <w msd="Ppnmeo" lemma="neviden">nevidnim</w>
               <S/>
               <w msd="Someo" lemma="smeh">smehom</w>
               <c>,</c>
               <S/>
               <w msd="Vp" lemma="ampak">ampak</w>
               <S/>
               <w msd="Do" lemma="z">s</w>
               <S/>
               <w msd="Someo" lemma="prizvok">prizvokom</w>
               <c>,</c>
               <S/>
               <w msd="Vd" lemma="da">da</w>
               <S/>
               <w msd="Ggvste" lemma="pomeniti">pomeni</w>
               <S/>
               <w msd="Ggdn" lemma="pripraviti">pripraviti</w>
               <S/>
               <w msd="Sozet" lemma="slaščica">slaščico</w>
               <S/>
               <w msd="Rsn" lemma="toliko">toliko</w>
               <S/>
               <w msd="Vd" lemma="kot">kot</w>
               <S/>
               <w msd="Ggdn" lemma="prignati">prignati</w>
               <S/>
               <w msd="Sometn" lemma="dom">dom</w>
               <S/>
               <w msd="Dr" lemma="do">do</w>
               <S/>
               <w msd="Ppnzer" lemma="poslednji">poslednje</w>
               <S/>
               <w msd="Sozer" lemma="esenca">esence</w>
               <c>,</c>
               <S/>
               <c>"</c>
               <w msd="Vp" lemma="pa">pa</w>
               <S/>
               <w msd="Vd" lemma="da">da</w>
               <S/>
               <w msd="Zop-ed--k" lemma="jaz">mi</w>
               <S/>
               <w msd="L" lemma="ne">ne</w>
               <S/>
               <w msd="Gp-pdm-n" lemma="biti">boste</w>
               <S/>
               <w msd="Ggdd-mm" lemma="stepsti">stepli</w>
               <S/>
               <w msd="Sosmr" lemma="jajce">jajc</w>
               <S/>
               <w msd="Rsn" lemma="skupaj">skupaj</w>
               <S/>
               <w msd="Do" lemma="z">z</w>
               <S/>
               <w msd="Soseo" lemma="mleko">mlekom</w>
               <c>,</c>
               <S/>
               <w msd="Vp" lemma="ampak">ampak</w>
               <S/>
               <w msd="Rsn" lemma="ločeno">ločeno</w>
               <c>,</c>
               <S/>
               <w msd="Rsn" lemma="treba">treba</w>
               <S/>
               <w msd="Zotmmt--k" lemma="on">jih</w>
               <S/>
               <w msd="Gp-ste-n" lemma="biti">je</w>
               <S/>
               <w msd="Ggdn" lemma="vmešati">vmešati</w>
               <S/>
               <w msd="Pdnmmt" lemma="stepen">stepene</w>
               <S/>
               <w msd="Rsn" lemma="posebej">posebej</w>
               <c>,</c>
               <S/>
               <w msd="Vd" lemma="da">da</w>
               <S/>
               <w msd="Ggdstm" lemma="narasti">narastejo</w>
               <S/>
               <w msd="Zc-zet" lemma="vsak">vsako</w>
               <S/>
               <w msd="Zp---t--z" lemma="zase">zase</w>
               <c>,</c>
               <S/>
               <w msd="Rsn" lemma="potem">potem</w>
               <S/>
               <w msd="Vp" lemma="pa">pa</w>
               <S/>
               <w msd="Zp------k" lemma="se">se</w>
               <S/>
               <w msd="Ggdste" lemma="premešati">premeša</w>
               <S/>
               <w msd="Somei" lemma="narastek">narastek</w>
               <S/>
               <w msd="Kbzmet" lemma="en">enega</w>
               <S/>
               <w msd="Vp" lemma="in">in</w>
               <S/>
               <w msd="Kbzmmr" lemma="drug">drugih</w>
               <c>.</c>
               <c>"</c>
               <S/>
            </s>
            <s>
               <w msd="Rsn" lemma="potem">Potem</w>
               <S/>
               <w msd="Gp-ste-n" lemma="biti">je</w>
               <S/>
               <w msd="Ggvd-ez" lemma="iti">šla</w>
               <S/>
               <w msd="Sozei" lemma="vsota">vsota</w>
               <S/>
               <w msd="Zk-zmr" lemma="toliker">tolikerih</w>
               <S/>
               <w msd="Sozmr" lemma="sladkost">sladkosti</w>
               <S/>
               <w msd="Dt" lemma="na">na</w>
               <S/>
               <w msd="Sometn" lemma="ogenj">ogenj</w>
               <c>,</c>
               <S/>
               <w msd="Sozei" lemma="gospa">gospa</w>
               <S/>
               <w msd="Slmer" lemma="August">Augusta</w>
               <S/>
               <w msd="Vp" lemma="pa">pa</w>
               <S/>
               <w msd="Gp-ste-n" lemma="biti">je</w>
               <S/>
               <w msd="Ggnd-ez" lemma="gledati">gledala</w>
               <c>,</c>
               <S/>
               <w msd="Rsn" lemma="kako">kako</w>
               <S/>
               <w msd="Ggnste" lemma="začenjati">začenja</w>
               <S/>
               <w msd="Ggnn" lemma="vreti">vreti</w>
               <c>,</c>
               <S/>
               <w msd="Rsn" lemma="kako">kako</w>
               <S/>
               <w msd="Zp------k" lemma="se">se</w>
               <S/>
               <w msd="Rsn" lemma="čedalje">čedalje</w>
               <S/>
               <w msd="Rsr" lemma="bolj">bolj</w>
               <S/>
               <w msd="Ggnste" lemma="gostiti">gosti</w>
               <S/>
               <w msd="Dt" lemma="v">v</w>
               <S/>
               <w msd="Ppnzet" lemma="lončen">lončeno</w>
               <S/>
               <w msd="Ppnzer" lemma="rumen">rumene</w>
               <S/>
               <w msd="Sozmt" lemma="kosa">kose</w>
               <c>,</c>
               <S/>
               <w msd="Vd" lemma="ki">ki</w>
               <S/>
               <w msd="Gp-stm-n" lemma="biti">so</w>
               <S/>
               <w msd="Zotmmt--k" lemma="on">jih</w>
               <S/>
               <w msd="Rsn" lemma="nato">nato</w>
               <S/>
               <w msd="Ggdd-mm" lemma="postreči">postregli</w>
               <S/>
               <w msd="Dm" lemma="na">na</w>
               <S/>
               <w msd="Sommm" lemma="krožnik">krožnikih</w>
               <S/>
               <w msd="Do" lemma="z">s</w>
               <S/>
               <w msd="Sozeo" lemma="podlaga">podlago</w>
               <S/>
               <w msd="Rsn" lemma="temnordeče">temnordeče</w>
               <c>,</c>
               <S/>
               <w msd="Dr" lemma="iz">iz</w>
               <S/>
               <w msd="Sozer" lemma="noč">noči</w>
               <S/>
               <w msd="Ggdd-mz" lemma="vstati">vstale</w>
               <S/>
               <w msd="Ppnzer" lemma="rdeč">rdeče</w>
               <S/>
               <w msd="Sozer" lemma="barva">barve</w>
               <c>.</c>
               <S/>
            </s>
            <s>
               <w msd="Rsn" lemma="potem">Potem</w>
               <S/>
               <w msd="Gp-ste-n" lemma="biti">je</w>
               <S/>
               <w msd="Sozei" lemma="babica">Babica</w>
               <S/>
               <w msd="Ggdd-ez" lemma="zamenjati">zamenjala</w>
               <S/>
               <w msd="Ppnmmt" lemma="živčen">živčne</w>
               <S/>
               <w msd="Sommt" lemma="ukaz">ukaze</w>
               <S/>
               <w msd="Dt" lemma="za">za</w>
               <S/>
               <w msd="Ppnzet" lemma="neomajen">neomajno</w>
               <S/>
               <w msd="Sozet" lemma="ravnodušnost">ravnodušnost</w>
               <c>.</c>
               <S/>
            </s>
            <s>
               <w msd="Rsn" lemma="nič">Nič</w>
               <S/>
               <w msd="Gp-stm-d" lemma="biti">niso</w>
               <S/>
               <w msd="Ggvd-mm" lemma="zaleči">zalegli</w>
               <S/>
               <w msd="Soset" lemma="laskanje">laskanje</w>
               <c>,</c>
               <S/>
               <w msd="Sozer" lemma="hiperbola">hiperbole</w>
               <c>,</c>
               <S/>
               <w msd="Ppnset" lemma="sladkosneden">sladkosnedno</w>
               <S/>
               <w msd="Soset" lemma="trepljanje">trepljanje</w>
               <c>,</c>
               <S/>
               <w msd="Rsn" lemma="izsiljivo">izsiljivo</w>
               <S/>
               <w msd="Pdnzei" lemma="proseč">proseča</w>
               <S/>
               <w msd="Sozei" lemma="frekvenca">frekvenca</w>
               <S/>
               <w msd="Sozer" lemma="obnova">obnove</w>
               <S/>
               <w msd="Sozer" lemma="sladkost">sladkosti</w>
               <c>,</c>
               <S/>
               <w msd="Rsn" lemma="nič">nič</w>
               <S/>
               <w msd="L" lemma="več">več</w>
               <S/>
               <w msd="Zotzed--k" lemma="on">ji</w>
               <S/>
               <w msd="Gp-ste-d" lemma="biti">ni</w>
               <S/>
               <w msd="Gp-d-es" lemma="biti">bilo</w>
               <S/>
               <w msd="Ggvn" lemma="videti">videti</w>
               <S/>
               <w msd="Rsn" lemma="mar">mar</w>
               <c>,</c>
               <S/>
               <w msd="Rsn" lemma="spet">spet</w>
               <S/>
               <w msd="Zp------k" lemma="se">se</w>
               <S/>
               <w msd="Gp-ste-n" lemma="biti">je</w>
               <S/>
               <w msd="Ggnd-ez" lemma="pogovarjati">pogovarjala</w>
               <S/>
               <w msd="Do" lemma="z">s</w>
               <S/>
               <w msd="Sozeo" lemma="hči">hčerjo</w>
               <c>.</c>
               <S/>
            </s>
            <s>
               <w msd="Kbzzei" lemma="en">Ena</w>
               <S/>
               <w msd="Gp-ste-n" lemma="biti">je</w>
               <S/>
               <w msd="Gp-d-ez" lemma="biti">bila</w>
               <S/>
               <w msd="Ggvn" lemma="videti">videti</w>
               <c>,</c>
               <S/>
               <w msd="Vd" lemma="kot">kot</w>
               <S/>
               <w msd="Vd" lemma="da">da</w>
               <S/>
               <w msd="Ggnste" lemma="spati">spi</w>
               <c>;</c>
               <S/>
               <w msd="Sozei" lemma="druga">druga</w>
               <S/>
               <w msd="Gp-ste-n" lemma="biti">je</w>
               <S/>
               <w msd="Dm" lemma="ob">ob</w>
               <S/>
               <w msd="Zotzem" lemma="on">njej</w>
               <S/>
               <w msd="Ggnd-ez" lemma="pripovedovati">pripovedovala</w>
               <c>.</c>
               <S/>
            </s>
            <s>
               <w msd="Dm" lemma="po">Po</w>
               <S/>
               <w msd="Sommm" lemma="kot">kotih</w>
               <S/>
               <w msd="Gp-ste-n" lemma="biti">je</w>
               <S/>
               <w msd="Kbzzei" lemma="en">ena</w>
               <S/>
               <w msd="Ggnd-ez" lemma="šivati">šivala</w>
               <S/>
               <w msd="Sozer" lemma="nogavica">nogavice</w>
               <c>;</c>
               <S/>
               <w msd="Sozei" lemma="druga">druga</w>
               <S/>
               <w msd="Gp-ste-n" lemma="biti">je</w>
               <S/>
               <w msd="Ggnd-ez" lemma="govoriti">govorila</w>
               <c>.</c>
               <S/>
            </s>
            <s>
               <w msd="Ggdd-mm" lemma="zamenjati">Zamenjali</w>
               <S/>
               <w msd="Gp-std-n" lemma="biti">sta</w>
               <S/>
               <w msd="Sometn" lemma="prostor">prostor</w>
               <c>,</c>
               <S/>
               <w msd="Kbzzei" lemma="en">ena</w>
               <S/>
               <w msd="Gp-ste-n" lemma="biti">je</w>
               <c>,</c>
               <S/>
               <w msd="Vd" lemma="kot">kot</w>
               <S/>
               <w msd="Gp-g" lemma="biti">bi</w>
               <S/>
               <w msd="Ggvd-ez" lemma="iti">šla</w>
               <S/>
               <w msd="Dm" lemma="po">po</w>
               <S/>
               <w msd="Zn-set" lemma="nekaj">nekaj</w>
               <c>,</c>
               <S/>
               <w msd="Zz-ser" lemma="kar">česar</w>
               <S/>
               <w msd="Zp------k" lemma="se">se</w>
               <S/>
               <w msd="Gp-ste-n" lemma="biti">je</w>
               <S/>
               <w msd="Zk-met" lemma="tisti">tisti</w>
               <S/>
               <w msd="Sometn" lemma="hip">hip</w>
               <S/>
               <w msd="Ggdd-ez" lemma="spomniti">spomnila</w>
               <c>,</c>
               <S/>
               <w msd="Ggnd-ez" lemma="peljati">peljala</w>
               <S/>
               <w msd="Dt" lemma="za">za</w>
               <S/>
               <w msd="Sozet" lemma="roka">roko</w>
               <S/>
               <w msd="Sozet" lemma="druga">drugo</w>
               <c>,</c>
               <S/>
               <w msd="Vd" lemma="ki">ki</w>
               <S/>
               <w msd="Gp-ste-n" lemma="biti">je</w>
               <S/>
               <w msd="Rsn" lemma="spotoma">spotoma</w>
               <S/>
               <w msd="Ggnd-ez" lemma="govoriti">govorila</w>
               <c>,</c>
               <S/>
               <w msd="Zp------k" lemma="se">se</w>
               <S/>
               <w msd="Ggnd-ez" lemma="smejati">smejala</w>
               <c>,</c>
               <S/>
               <w msd="Ggnd-ez" lemma="šušljati">šušljala</w>
               <c>.</c>
               <S/>
            </s>
            <s>
               <c>(</c>
               <w msd="O" lemma="str.">str.</w>
               <S/>
               <c>#</c>
               <c>#</c>
               <c>)</c>
            </s>
         </p>
         <p xml:id="F0001439.000082">
            <s>
               <w msd="Rsn" lemma="andresito">Andresito</w>
               <c>,</c>
               <S/>
               <w msd="Somei" lemma="sin">sin</w>
               <S/>
               <w msd="Sozer" lemma="gospa">gospe</w>
               <S/>
               <w msd="Slmei" lemma="Auguste">Auguste</w>
               <c>,</c>
               <S/>
               <w msd="Gp-ste-n" lemma="biti">je</w>
               <S/>
               <w msd="Dm" lemma="v">v</w>
               <S/>
               <w msd="Zp-zem" lemma="svoj">svoji</w>
               <S/>
               <w msd="Ppnzem" lemma="študijski">študijski</w>
               <S/>
               <w msd="Sozem" lemma="soba">sobi</w>
               <S/>
               <w msd="Dm" lemma="na">na</w>
               <S/>
               <w msd="Ppnzem" lemma="strešen">strešni</w>
               <S/>
               <w msd="Sozem" lemma="terasa">terasi</w>
               <S/>
               <w msd="Rsn" lemma="nekajkrat">nekajkrat</w>
               <S/>
               <w msd="Ggdd-em" lemma="otresti">otresel</w>
               <S/>
               <w msd="Sozet" lemma="voda">vodo</w>
               <S/>
               <w msd="Dr" lemma="z">z</w>
               <S/>
               <w msd="Ppnmer" lemma="violinski">violinskega</w>
               <S/>
               <w msd="Somer" lemma="lok">loka</w>
               <c>,</c>
               <S/>
               <w msd="L" lemma="še">še</w>
               <S/>
               <w msd="Rsr" lemma="prej">prej</w>
               <S/>
               <w msd="Ggdd-em" lemma="naravnati">naravnal</w>
               <S/>
               <w msd="Sozet" lemma="stran">stran</w>
               <S/>
               <w msd="Zp-zer" lemma="svoj">svoje</w>
               <S/>
               <w msd="Sozer" lemma="partitura">partiture</w>
               <c>,</c>
               <S/>
               <w msd="Vp" lemma="in">in</w>
               <S/>
               <w msd="Do" lemma="z">z</w>
               <S/>
               <w msd="Ppnmeo" lemma="neoprijemljiv">neoprijemljivim</w>
               <S/>
               <w msd="Someo" lemma="čolnič">čolničem</w>
               <S/>
               <w msd="Ggdd-em" lemma="razbrazdati">razbrazdal</w>
               <S/>
               <w msd="Sometn" lemma="molk">molk</w>
               <S/>
               <w msd="Ppnmer" lemma="zajeten">zajetnega</w>
               <S/>
               <w msd="Somer" lemma="komodor">komodorja</w>
               <c>,</c>
               <S/>
               <w msd="Vd" lemma="ki">ki</w>
               <S/>
               <w msd="Ggdste" lemma="nastopiti">nastopi</w>
               <S/>
               <w msd="Rsn" lemma="tik">tik</w>
               <S/>
               <w msd="Do" lemma="pred">pred</w>
               <S/>
               <w msd="Kbvmmo" lemma="prvi">prvimi</w>
               <S/>
               <w msd="Sommo" lemma="takt">takti</w>
               <S/>
               <c>.</c>
               <c>.</c>
               <c>.</c>
               <S/>
            </s>
            <s>
               <c>(</c>
               <w msd="O" lemma="str.">str.</w>
               <S/>
               <c>#</c>
               <c>#</c>
               <c>)</c>
            </s>
         </p>
         <p xml:id="F0001439.000129">
            <s>
               <w msd="Somei" lemma="pojem">Pojem</w>
               <S/>
               <w msd="Somei" lemma="umbravit">umbravit</w>
               <c>,</c>
               <S/>
               <w msd="Vd" lemma="ki">ki</w>
               <S/>
               <w msd="Zotmet--k" lemma="on">ga</w>
               <S/>
               <w msd="Somei" lemma="pesnik">pesnik</w>
               <S/>
               <w msd="Rsn" lemma="običajno">običajno</w>
               <S/>
               <w msd="L" lemma="ne">ne</w>
               <S/>
               <w msd="Ggnste" lemma="prevajati">prevaja</w>
               <c>,</c>
               <S/>
               <w msd="Gp-ste-n" lemma="biti">je</w>
               <S/>
               <w msd="Sozei" lemma="senca">senca</w>
               <c>,</c>
               <S/>
               <w msd="Sosei" lemma="varstvo">varstvo</w>
               <c>,</c>
               <S/>
               <w msd="Vd" lemma="ki">ki</w>
               <S/>
               <w msd="Ggnste" lemma="spremljati">spremlja</w>
               <S/>
               <w msd="Ppnmer" lemma="svet">svetega</w>
               <S/>
               <w msd="Somer" lemma="duh">Duha</w>
               <S/>
               <w msd="Dt" lemma="v">v</w>
               <S/>
               <w msd="Ppnmein" lemma="sam">sam</w>
               <S/>
               <w msd="Somei" lemma="trebuh">trebuh</w>
               <S/>
               <w msd="Sozer" lemma="devica">Device</w>
               <c>.</c>
               <S/>
            </s>
            <s>
               <w msd="Sozei" lemma="poezija">Poezija</w>
               <S/>
               <w msd="Ggdste" lemma="postati">postane</w>
               <S/>
               <w msd="Ppnzei" lemma="mogoč">mogoča</w>
               <S/>
               <w msd="Vp" lemma="in">in</w>
               <S/>
               <w msd="Ggdste" lemma="doseči">doseže</w>
               <S/>
               <w msd="Do" lemma="z">z</w>
               <S/>
               <w msd="Sometn" lemma="umbravit">umbravit</w>
               <S/>
               <w msd="Zp-zet" lemma="svoj">svojo</w>
               <S/>
               <w msd="Ppnzet" lemma="poslednji">poslednjo</w>
               <S/>
               <w msd="Ppnzet" lemma="velik">veliko</w>
               <S/>
               <w msd="Sozet" lemma="razsežnost">razsežnost</w>
               <c>,</c>
               <S/>
               <w msd="Vp" lemma="namreč">namreč</w>
               <S/>
               <w msd="Sosei" lemma="vstajenje">vstajenje</w>
               <c>.</c>
            </s>
         </p>
         <p xml:id="F0001439.000180">
            <s>
               <w msd="Kag" lemma="1941">1941</w>
               <c>:</c>
               <S/>
               <w msd="O" lemma="J.">J.</w>
               <S/>
               <w msd="O" lemma="L.">L.</w>
               <S/>
               <w msd="O" lemma="L.">L.</w>
               <S/>
               <w msd="Ggdste" lemma="objaviti">objavi</w>
               <S/>
               <w msd="Ppnzet" lemma="pesniški">pesniško</w>
               <S/>
               <w msd="Sozet" lemma="zbirka">zbirko</w>
               <S/>
               <w msd="Slmei" lemma="Enemigo">Enemigo</w>
               <S/>
               <w msd="Somei" lemma="rumor">Rumor</w>
               <c>.</c>
               <S/>
            </s>
            <s>
               <w msd="Vd" lemma="čeprav">Čeprav</w>
               <S/>
               <w msd="Gp-ste-n" lemma="biti">je</w>
               <S/>
               <w msd="Rsn" lemma="danes">danes</w>
               <S/>
               <w msd="Rsn" lemma="pogosto">pogosto</w>
               <S/>
               <w msd="Pdnzei" lemma="obravnavan">obravnavana</w>
               <S/>
               <w msd="Vd" lemma="kot">kot</w>
               <S/>
               <w msd="Ppnsei" lemma="revolucionaren">revolucionarno</w>
               <S/>
               <w msd="Sosei" lemma="delo">delo</w>
               <c>,</c>
               <S/>
               <w msd="Gp-ste-n" lemma="biti">je</w>
               <S/>
               <w msd="Gp-d-ez" lemma="biti">bila</w>
               <S/>
               <w msd="Dm" lemma="ob">ob</w>
               <S/>
               <w msd="Somem" lemma="izid">izidu</w>
               <S/>
               <w msd="Ppnzei" lemma="uraden">uradna</w>
               <S/>
               <w msd="Ppnzei" lemma="kritiški">kritiška</w>
               <S/>
               <w msd="Sozei" lemma="javnost">javnost</w>
               <S/>
               <w msd="Rsn" lemma="popolnoma">popolnoma</w>
               <S/>
               <w msd="Ppnzei" lemma="ravnodušen">ravnodušna</w>
               <S/>
               <w msd="Dr" lemma="do">do</w>
               <S/>
               <w msd="Zotzer" lemma="on">nje</w>
               <c>.</c>
            </s>
         </p>
         <p xml:id="F0001439.000184">
            <s>
               <w msd="Kag" lemma="1949">1949</w>
               <c>:</c>
               <S/>
               <w msd="Ggdste" lemma="iziti">Izide</w>
               <S/>
               <w msd="Ppnzei" lemma="pesniški">pesniška</w>
               <S/>
               <w msd="Sozei" lemma="zbirka">zbirka</w>
               <S/>
               <w msd="N" lemma="la">La</w>
               <S/>
               <w msd="Slzei" lemma="Fijeza">Fijeza</w>
               <c>.</c>
               <S/>
            </s>
            <s>
               <w msd="Zn-ser" lemma="isti">Istega</w>
               <S/>
               <w msd="Soser" lemma="leto">leta</w>
               <S/>
               <w msd="Somei" lemma="pesnik">pesnik</w>
               <S/>
               <w msd="Ggdste" lemma="obiskati">obišče</w>
               <S/>
               <w msd="Slzet" lemma="Mehika">Mehiko</w>
               <c>.</c>
               <S/>
            </s>
            <s>
               <w msd="Sozmi" lemma="izkušnja">Izkušnje</w>
               <S/>
               <w msd="Dr" lemma="z">s</w>
               <S/>
               <w msd="Zk-ser" lemma="ta">tega</w>
               <S/>
               <w msd="Soser" lemma="potovanje">potovanja</w>
               <S/>
               <w msd="Ggdste" lemma="zliti">zlije</w>
               <S/>
               <w msd="Dt" lemma="v">v</w>
               <S/>
               <w msd="Sozet" lemma="zbirka">zbirko</w>
               <S/>
               <w msd="Sommr" lemma="esej">esejev</w>
               <S/>
               <w msd="Dm" lemma="o">o</w>
               <S/>
               <w msd="Sozem" lemma="simbolika">simboliki</w>
               <S/>
               <w msd="Slmei" lemma="Popol">Popol</w>
               <S/>
               <w msd="Somer" lemma="vuh">Vuha</w>
               <c>,</c>
               <S/>
               <w msd="Ppnmmr" lemma="mehiški">mehiških</w>
               <S/>
               <w msd="Ppnmmr" lemma="indijanski">indijanskih</w>
               <S/>
               <w msd="Sommr" lemma="spev">spevov</w>
               <c>,</c>
               <S/>
               <w msd="Dm" lemma="o">o</w>
               <S/>
               <w msd="Slmem" lemma="Simon">Simonu</w>
               <S/>
               <w msd="Slmem" lemma="Bolívar">Bolívarju</w>
               <S/>
               <w msd="O" lemma="itd.">itd.</w>
               <c>,</c>
               <S/>
               <w msd="Do" lemma="z">z</w>
               <S/>
               <w msd="Someo" lemma="naslov">naslovom</w>
               <S/>
               <w msd="Rsn" lemma="la">La</w>
               <S/>
               <w msd="Ppnmeo" lemma="expresión">expresión</w>
               <S/>
               <w msd="N" lemma="americana">americana</w>
               <S/>
               <c>(</c>
               <w msd="Ggdd-ez" lemma="iziti">izšla</w>
               <S/>
               <w msd="Kag" lemma="1957">1957</w>
               <c>)</c>
               <c>.</c>
            </s>
         </p>
      </body>
   </text>
</TEI>