<?xml version="1.0" encoding="UTF-8"?>
<TEI xmlns="http://www.tei-c.org/ns/1.0" xml:id="F0002039" xml:lang="sl">
   <teiHeader>
      <fileDesc>
         <titleStmt>
            <title>ccKRES: Državni zbor Republike Slovenije. ZVojD-A. (1995)</title>
            <funder>Operacijo delno financira Evropska unija iz Evropskega socialnega sklada ter Ministrstvo za šolstvo in šport. Operacija se izvaja v okviru Operativnega programa razvoja človeških virov za obdobje 2007-2013, razvojne prioritete: razvoj človeških virov in vseživljenjskega učenja; prednostne usmeritve: izboljšanje kakovosti in učinkovitosti sistemov izobraževanja in usposabljanja 2007-2013.</funder>
         </titleStmt>
         <editionStmt>
            <edition>1.0</edition>
         </editionStmt>
         <extent>348 besed</extent>
         <publicationStmt>
            <idno>A0050866</idno>
            <availability status="free">
               <p xml:lang="sl">Avtorske pravice za to izdajo ureja licenca <ref target="http://creativecommons.org/licenses/by-nc/2.5/si/">Creative Commons Priznanje avtorstva-Nekomercialno 2.5 Slovenija</ref>.</p>
               <p xml:lang="en">This work is licenced under the <ref target="http://creativecommons.org/licenses/by-nc/2.5/si/deed.en">Creative Commons Attribution-Noncommercial 2.5 Slovenia</ref>.</p>
            </availability>
            <date>2012-05-06</date>
         </publicationStmt>
         <sourceDesc>
            <bibl>
               <pubPlace>Ljubljana</pubPlace>
               <title>ZVojD-A</title>
               <author>Državni zbor Republike Slovenije</author>
               <date>1995</date>
               <publisher n="Državni zbor Republike Slovenije">Državni zbor Republike Slovenije</publisher>
               <note type="sourceLang"/>
            </bibl>
         </sourceDesc>
      </fileDesc>
      <encodingDesc>
         <projectDesc>
            <p xml:lang="sl">Glej <ref target="http://www.korpus-kres.net/">www.korpus-kres.net</ref> oz. <ref target="http://nl.ijs.si/ssj/">nl.ijs.si/ssj</ref>.</p>
            <p xml:lang="en">See <ref target="http://www.korpus-kres.net/">www.korpus-kres.net</ref> or <ref target="http://nl.ijs.si/ssj/">nl.ijs.si/ssj</ref>.</p>
         </projectDesc>
         <samplingDecl>
            <p xml:lang="sl">
            Besedila in odstavki v korpusu KRES so bili vzorčeni iz
            Gigafide tako, da smo dobili 100-milijonski referenčni
            korpus, v katerem so besedila uravnotežena po vnaprej
            določenih taksonomskih deležih in po podatkih o branosti
            vira (časopisi, revije, novičarski portali).  Korpus
            ccKRES nato, z namenom, da je lahko dostopen po licenci CC,
            vsebuje 10 % naključno vzorčenih odstavkov besedil iz
            korpusa KRES, torej 10 milijonov besed.
	    Več o sestavi korpusa lahko preberete na 
            <ref target="http://www.korpus-kres.net/">www.korpus-kres.net</ref> oz.
            <ref target="http://nl.ijs.si/ssj/">nl.ijs.si/ssj</ref>.
	  </p>
            <p xml:lang="en">
            Texts and paragraphs in the KRES corpus have been sampled from the 
	    Gigafida corpus. The result of the sampling is a 100-million-word 
	    reference corpus. The texts in KRES are balanced according to the 
	    predetermined categories, with particular consideration being paid to 
	    the data on the popularity of the source (newspapers, magazines, 
	    Internet news sites). 
	    To enable free (CC) distribution of the corpus, the ccKRES corpus contains 
	    10% of randomly sampled paragraphs from KRES, i.e. contains 10 million words.
	    For more information about the contents of the corpus, 
	    see <ref target="http://www.korpus-kres.net/">www.korpus-kres.net</ref>
	    and <ref target="http://nl.ijs.si/ssj/">nl.ijs.si/ssj</ref>.
	  </p>
         </samplingDecl>
         <tagsDecl>
            <namespace name="http://www.tei-c.org/ns/1.0">
               <tagUsage gi="p" occurs="18"/>
               <tagUsage gi="s" occurs="20"/>
               <tagUsage gi="c" occurs="57"/>
               <tagUsage gi="S" occurs="326"/>
               <tagUsage gi="w" occurs="348"/>
            </namespace>
         </tagsDecl>
         <classDecl>
            <taxonomy xml:id="SSJ">
               <category xml:id="SSJ.T">
                  <catDesc>tisk</catDesc>
                  <category xml:id="SSJ.T.K">
                     <catDesc>knjižno</catDesc>
                     <category xml:id="SSJ.T.K.L">
                        <catDesc>leposlovno</catDesc>
                     </category>
                     <category xml:id="SSJ.T.K.S">
                        <catDesc>strokovno</catDesc>
                     </category>
                  </category>
                  <category xml:id="SSJ.T.P">
                     <catDesc>periodično</catDesc>
                     <category xml:id="SSJ.T.P.C">
                        <catDesc>časopis</catDesc>
                     </category>
                     <category xml:id="SSJ.T.P.R">
                        <catDesc>revija</catDesc>
                     </category>
                  </category>
                  <category xml:id="SSJ.T.D">
                     <catDesc>drugo</catDesc>
                  </category>
               </category>
               <category xml:id="SSJ.I">
                  <catDesc>internet</catDesc>
               </category>
            </taxonomy>
         </classDecl>
      </encodingDesc>
      <profileDesc>
         <textClass>
            <catRef target="#SSJ.T.D"/>
         </textClass>
      </profileDesc>
   </teiHeader>
   <text xml:id="F0002039." xml:lang="sl">
      <body>
         <p xml:id="F0002039.000039">
            <s>
               <w msd="Kav" lemma="13.">13.</w>
               <S/>
               <w msd="Somei" lemma="člen">člen</w>
            </s>
         </p>
         <p xml:id="F0002039.000041">
            <s>
               <c>"</c>
               <w msd="Sommi" lemma="nabornik">Naborniki</w>
               <c>,</c>
               <S/>
               <w msd="Vd" lemma="ki">ki</w>
               <S/>
               <w msd="Ggnstm-n" lemma="imeti">imajo</w>
               <S/>
               <w msd="Ppnzet" lemma="ustrezen">ustrezno</w>
               <S/>
               <w msd="Ppnzet" lemma="šolski">šolsko</w>
               <S/>
               <w msd="Sozet" lemma="izobrazba">izobrazbo</w>
               <S/>
               <w msd="Vp" lemma="in">in</w>
               <S/>
               <w msd="Ggnstm" lemma="izpolnjevati">izpolnjujejo</w>
               <S/>
               <w msd="Kbzmmt" lemma="drug">druge</w>
               <S/>
               <w msd="Sommt" lemma="pogoj">pogoje</w>
               <c>,</c>
               <S/>
               <w msd="Pdnzmi" lemma="določen">določene</w>
               <S/>
               <w msd="Dt" lemma="za">za</w>
               <S/>
               <w msd="Soset" lemma="šolanje">šolanje</w>
               <S/>
               <w msd="Sommr" lemma="častnik">častnikov</w>
               <S/>
               <w msd="Ppnzmr" lemma="vojen">vojnih</w>
               <S/>
               <w msd="Sozmr" lemma="enota">enot</w>
               <c>,</c>
               <S/>
               <w msd="Rsn" lemma="lahko">lahko</w>
               <S/>
               <w msd="Ggnstm" lemma="služiti">služijo</w>
               <S/>
               <w msd="Ppnmetd" lemma="vojaški">vojaški</w>
               <S/>
               <w msd="Sometn" lemma="rok">rok</w>
               <S/>
               <w msd="Dm" lemma="v">v</w>
               <S/>
               <w msd="Sozem" lemma="šola">šoli</w>
               <S/>
               <w msd="Dt" lemma="za">za</w>
               <S/>
               <w msd="Sommt" lemma="častnik">častnike</w>
               <S/>
               <w msd="Ppnzer" lemma="vojen">vojne</w>
               <S/>
               <w msd="Sozmt" lemma="sestava">sestave</w>
               <c>.</c>
               <S/>
            </s>
            <s>
               <w msd="Zstzmim" lemma="njihov">Njihove</w>
               <S/>
               <w msd="Ppnzmi" lemma="poseben">posebne</w>
               <S/>
               <w msd="Sozmi" lemma="pravica">pravice</w>
               <S/>
               <w msd="Ggnstm" lemma="določati">določajo</w>
               <S/>
               <w msd="Sommi" lemma="predpis">predpisi</w>
               <S/>
               <w msd="Dm" lemma="o">o</w>
               <S/>
               <w msd="Ppnzem" lemma="vojaški">vojaški</w>
               <S/>
               <w msd="Sozem" lemma="služba">službi</w>
               <c>.</c>
               <c>"</c>
            </s>
         </p>
         <p xml:id="F0002039.000045">
            <s>
               <c>"</c>
               <w msd="Ggnste" lemma="šteti">Šteje</w>
               <S/>
               <w msd="Zp------k" lemma="se">se</w>
               <c>,</c>
               <S/>
               <w msd="Vd" lemma="da">da</w>
               <S/>
               <w msd="Gp-ste-n" lemma="biti">je</w>
               <S/>
               <w msd="Ppnmeid" lemma="vojaški">vojaški</w>
               <S/>
               <w msd="Somei" lemma="rok">rok</w>
               <S/>
               <w msd="Ggdd-em" lemma="opraviti">opravil</w>
               <S/>
               <w msd="L" lemma="tudi">tudi</w>
               <S/>
               <w msd="Ppnmeid" lemma="vojaški">vojaški</w>
               <S/>
               <w msd="Somei" lemma="obveznik">obveznik</w>
               <c>:</c>
               <S/>
               <w msd="Kav" lemma="1.">1.</w>
               <S/>
               <w msd="Vd" lemma="ki">ki</w>
               <S/>
               <w msd="Gp-ste-n" lemma="biti">je</w>
               <S/>
               <w msd="Ggdd-em" lemma="končati">končal</w>
               <S/>
               <w msd="Sozet" lemma="šola">šolo</w>
               <S/>
               <w msd="Dt" lemma="za">za</w>
               <S/>
               <w msd="Ppnzmt" lemma="notranji">notranje</w>
               <S/>
               <w msd="Sozmt" lemma="zadeva">zadeve</w>
               <c>,</c>
               <S/>
               <w msd="Vd" lemma="ki">ki</w>
               <S/>
               <w msd="Ggnste" lemma="trajati">traja</w>
               <S/>
               <w msd="Rss" lemma="najmanj">najmanj</w>
               <S/>
               <w msd="Kbgsdt" lemma="dva">dve</w>
               <S/>
               <w msd="Sosdt" lemma="leto">leti</w>
               <c>;</c>
               <S/>
               <w msd="Kav" lemma="2.">2.</w>
               <S/>
               <w msd="Vd" lemma="ki">ki</w>
               <S/>
               <w msd="Gp-ste-n" lemma="biti">je</w>
               <S/>
               <w msd="Ggdd-em" lemma="končati">končal</w>
               <S/>
               <w msd="Somei" lemma="študij">študij</w>
               <S/>
               <w msd="Soser" lemma="obramboslovje">obramboslovja</w>
               <S/>
               <w msd="Vp" lemma="in">in</w>
               <S/>
               <w msd="Ggdd-em" lemma="opraviti">opravil</w>
               <S/>
               <w msd="Pdnset" lemma="predpisan">predpisano</w>
               <S/>
               <w msd="Soset" lemma="stažiranje">stažiranje</w>
               <S/>
               <w msd="Dm" lemma="v">v</w>
               <S/>
               <w msd="Ppnzmm" lemma="vojaški">vojaških</w>
               <S/>
               <w msd="Sozmm" lemma="enota">enotah</w>
               <c>,</c>
               <S/>
               <w msd="Rss" lemma="kasno">najkasneje</w>
               <S/>
               <w msd="Dr" lemma="do">do</w>
               <S/>
               <w msd="Somer" lemma="konec">konca</w>
               <S/>
               <w msd="Somer" lemma="september">septembra</w>
               <S/>
               <w msd="Ppnser" lemma="koledarski">koledarskega</w>
               <S/>
               <w msd="Soser" lemma="leto">leta</w>
               <c>,</c>
               <S/>
               <w msd="Dm" lemma="v">v</w>
               <S/>
               <w msd="Zv-sem" lemma="kateri">katerem</w>
               <S/>
               <w msd="Ggdste" lemma="dopolniti">dopolni</w>
               <S/>
               <w msd="Kav" lemma="27.">27.</w>
               <S/>
               <w msd="Soset" lemma="leto">leto</w>
               <S/>
               <w msd="Sozer" lemma="starost">starosti</w>
               <c>;</c>
               <S/>
               <w msd="Kav" lemma="3.">3.</w>
               <S/>
               <w msd="Vd" lemma="ki">ki</w>
               <S/>
               <w msd="Gp-ste-n" lemma="biti">je</w>
               <S/>
               <w msd="Ggdd-em" lemma="končati">končal</w>
               <S/>
               <w msd="Soset" lemma="usposabljanje">usposabljanje</w>
               <S/>
               <w msd="Dt" lemma="za">za</w>
               <S/>
               <w msd="Soset" lemma="opravljanje">opravljanje</w>
               <S/>
               <w msd="Sozmr" lemma="naloga">nalog</w>
               <S/>
               <w msd="Dm" lemma="v">v</w>
               <S/>
               <w msd="Ppnzem" lemma="rezerven">rezervni</w>
               <S/>
               <w msd="Sozem" lemma="sestava">sestavi</w>
               <S/>
               <w msd="Sozer" lemma="policija">policije</w>
               <S/>
               <w msd="Dm" lemma="v">v</w>
               <S/>
               <w msd="Somem" lemma="sklad">skladu</w>
               <S/>
               <w msd="Do" lemma="z">z</w>
               <S/>
               <w msd="Someo" lemma="zakon">zakonom</w>
               <S/>
               <w msd="Vp" lemma="in">in</w>
               <S/>
               <w msd="Dm" lemma="v">v</w>
               <S/>
               <w msd="Sozem" lemma="dolžina">dolžini</w>
               <c>,</c>
               <S/>
               <w msd="Vd" lemma="ki">ki</w>
               <S/>
               <w msd="Gp-ste-d" lemma="biti">ni</w>
               <S/>
               <w msd="Pppzei" lemma="kratek">krajša</w>
               <S/>
               <w msd="Dr" lemma="od">od</w>
               <S/>
               <w msd="Ppnmer" lemma="vojaški">vojaškega</w>
               <S/>
               <w msd="Somer" lemma="rok">roka</w>
               <c>,</c>
               <S/>
               <w msd="Pdnmer" lemma="določen">določenega</w>
               <S/>
               <w msd="Do" lemma="z">s</w>
               <S/>
               <w msd="Zk-meo" lemma="ta">tem</w>
               <S/>
               <w msd="Someo" lemma="zakon">zakonom</w>
               <c>;</c>
               <S/>
               <w msd="Kav" lemma="4.">4.</w>
               <S/>
               <w msd="Vd" lemma="ki">ki</w>
               <S/>
               <w msd="Gp-ste-n" lemma="biti">je</w>
               <S/>
               <w msd="Ggdd-em" lemma="končati">končal</w>
               <S/>
               <w msd="Ppnset" lemma="visokošolski">visokošolsko</w>
               <S/>
               <w msd="Soset" lemma="izobraževanje">izobraževanje</w>
               <S/>
               <w msd="Somer" lemma="dom">doma</w>
               <S/>
               <w msd="Vp" lemma="ali">ali</w>
               <S/>
               <w msd="Dm" lemma="v">v</w>
               <S/>
               <w msd="Sozem" lemma="tujina">tujini</w>
               <c>,</c>
               <S/>
               <w msd="Vd" lemma="ki">ki</w>
               <S/>
               <w msd="Zp------k" lemma="se">se</w>
               <S/>
               <w msd="Ggnste" lemma="šteti">šteje</w>
               <S/>
               <w msd="Dt" lemma="za">za</w>
               <S/>
               <w msd="Sozet" lemma="šola">šolo</w>
               <S/>
               <w msd="Dt" lemma="za">za</w>
               <S/>
               <w msd="Sommt" lemma="častnik">častnike</w>
               <S/>
               <w msd="Vp" lemma="in">in</w>
               <S/>
               <w msd="Sosmr" lemma="opravilo">opravil</w>
               <S/>
               <w msd="Pdnset" lemma="predpisan">predpisano</w>
               <S/>
               <w msd="Soset" lemma="stažiranje">stažiranje</w>
               <S/>
               <w msd="Dm" lemma="v">v</w>
               <S/>
               <w msd="Ppnzem" lemma="slovenski">Slovenski</w>
               <S/>
               <w msd="Sozem" lemma="vojska">vojski</w>
               <c>.</c>
               <c>"</c>
            </s>
         </p>
         <p xml:id="F0002039.000076">
            <s>
               <w msd="Kav" lemma="22.">22.</w>
               <S/>
               <w msd="Somei" lemma="člen">člen</w>
            </s>
         </p>
         <p xml:id="F0002039.000081">
            <s>
               <c>"</c>
               <w msd="Somei" lemma="državljan">Državljan</w>
               <S/>
               <w msd="Dr" lemma="iz">iz</w>
               <S/>
               <w msd="Kbvmer" lemma="prvi">prvega</w>
               <S/>
               <w msd="Vp" lemma="in">in</w>
               <S/>
               <w msd="Ppnmer" lemma="prejšnji">prejšnjega</w>
               <S/>
               <w msd="Somer" lemma="odstavek">odstavka</w>
               <S/>
               <w msd="Zp------k" lemma="se">se</w>
               <S/>
               <w msd="Dm" lemma="po">po</w>
               <S/>
               <w msd="Pdnzem" lemma="opravljen">opravljeni</w>
               <S/>
               <w msd="Ppnzem" lemma="civilen">civilni</w>
               <S/>
               <w msd="Sozem" lemma="služba">službi</w>
               <S/>
               <w msd="Vp" lemma="oziroma">oziroma</w>
               <S/>
               <w msd="Sosem" lemma="usposabljanje">usposabljanju</w>
               <S/>
               <w msd="Dt" lemma="za">za</w>
               <S/>
               <w msd="Sozet" lemma="zaščita">zaščito</w>
               <S/>
               <w msd="Vp" lemma="in">in</w>
               <S/>
               <w msd="Soset" lemma="reševanje">reševanje</w>
               <S/>
               <w msd="Ggdste" lemma="razporediti">razporedi</w>
               <S/>
               <w msd="Dt" lemma="v">v</w>
               <S/>
               <w msd="Ppnzet" lemma="civilen">Civilno</w>
               <S/>
               <w msd="Sozet" lemma="zaščita">zaščito</w>
               <S/>
               <w msd="Vp" lemma="ali">ali</w>
               <S/>
               <w msd="Kbzmmt" lemma="drug">druge</w>
               <S/>
               <w msd="Sozmt" lemma="naloga">naloge</w>
               <S/>
               <w msd="Dm" lemma="v">v</w>
               <S/>
               <w msd="Sozem" lemma="zaščita">zaščiti</w>
               <S/>
               <w msd="Vp" lemma="in">in</w>
               <S/>
               <w msd="Sosem" lemma="reševanje">reševanju</w>
               <c>.</c>
               <c>"</c>
            </s>
         </p>
         <p xml:id="F0002039.000082">
            <s>
               <w msd="Kbvmei" lemma="tretji">Tretji</w>
               <S/>
               <w msd="Somei" lemma="odstavek">odstavek</w>
               <S/>
               <w msd="Ggdste" lemma="postati">postane</w>
               <S/>
               <w msd="Kbvmei" lemma="četrti">četrti</w>
               <S/>
               <w msd="Somei" lemma="odstavek">odstavek</w>
               <c>.</c>
            </s>
         </p>
         <p xml:id="F0002039.000086">
            <s>
               <w msd="Kav" lemma="24.">24.</w>
               <S/>
               <w msd="Somei" lemma="člen">člen</w>
            </s>
         </p>
         <p xml:id="F0002039.000088">
            <s>
               <w msd="Kbzmeid" lemma="drug">Drugi</w>
               <S/>
               <w msd="Somei" lemma="odstavek">odstavek</w>
               <S/>
               <w msd="Zp------k" lemma="se">se</w>
               <S/>
               <w msd="Ggvste" lemma="črtati">črta</w>
               <c>.</c>
            </s>
         </p>
         <p xml:id="F0002039.000099">
            <s>
               <w msd="Dm" lemma="v">V</w>
               <S/>
               <w msd="Kav" lemma="57.">57.</w>
               <S/>
               <w msd="Somem" lemma="člen">členu</w>
               <S/>
               <w msd="Zp------k" lemma="se">se</w>
               <S/>
               <w msd="Sosei" lemma="besedilo">besedilo</w>
               <S/>
               <c>"</c>
               <w msd="Ppnzmr" lemma="rezerven">rezervnih</w>
               <S/>
               <w msd="Sommr" lemma="starešina">starešin</w>
               <S/>
               <w msd="Dm" lemma="v">v</w>
               <S/>
               <w msd="Sozmm" lemma="organizacija">organizacijah</w>
               <S/>
               <w msd="Sozer" lemma="zveza">zveze</w>
               <S/>
               <w msd="Ppnzmr" lemma="rezerven">rezervnih</w>
               <S/>
               <w msd="Sommr" lemma="starešina">starešin</w>
               <S/>
               <w msd="Vp" lemma="in">in</w>
               <S/>
               <w msd="Kbzmmr" lemma="drug">drugih</w>
               <S/>
               <w msd="Sozmm" lemma="organizacija">organizacijah</w>
               <c>"</c>
               <S/>
               <w msd="Ggvste" lemma="črtati">črta</w>
               <c>.</c>
            </s>
         </p>
         <p xml:id="F0002039.000103">
            <s>
               <w msd="Kav" lemma="31.">31.</w>
               <S/>
               <w msd="Somei" lemma="člen">člen</w>
            </s>
         </p>
         <p xml:id="F0002039.000104">
            <s>
               <w msd="Kbvmei" lemma="prvi">Prvi</w>
               <S/>
               <w msd="Vp" lemma="in">in</w>
               <S/>
               <w msd="Kbzmeid" lemma="drug">drugi</w>
               <S/>
               <w msd="Somei" lemma="odstavek">odstavek</w>
               <S/>
               <w msd="Kav" lemma="63.">63.</w>
               <S/>
               <w msd="Somer" lemma="člen">člena</w>
               <S/>
               <w msd="Zp------k" lemma="se">se</w>
               <S/>
               <w msd="Ggdstd" lemma="nadomestiti">nadomestita</w>
               <S/>
               <w msd="Do" lemma="z">z</w>
               <S/>
               <w msd="Ppnmeo" lemma="nov">novim</w>
               <S/>
               <w msd="Kbvmeo" lemma="prvi">prvim</w>
               <S/>
               <w msd="Someo" lemma="odstavek">odstavkom</w>
               <c>,</c>
               <S/>
               <w msd="Vd" lemma="ki">ki</w>
               <S/>
               <w msd="Zp------k" lemma="se">se</w>
               <S/>
               <w msd="Ggnste" lemma="glasiti">glasi</w>
               <c>:</c>
            </s>
         </p>
         <p xml:id="F0002039.000111">
            <s>
               <w msd="Ggdste" lemma="dodati">Doda</w>
               <S/>
               <w msd="Zp------k" lemma="se">se</w>
               <S/>
               <w msd="Ppnmetn" lemma="nov">nov</w>
               <S/>
               <w msd="Kbzmeid" lemma="drug">drugi</w>
               <S/>
               <w msd="Somei" lemma="odstavek">odstavek</w>
               <c>,</c>
               <S/>
               <w msd="Vd" lemma="ki">ki</w>
               <S/>
               <w msd="Zp------k" lemma="se">se</w>
               <S/>
               <w msd="Ggnste" lemma="glasiti">glasi</w>
               <c>:</c>
            </s>
         </p>
         <p xml:id="F0002039.000126">
            <s>
               <w msd="Kav" lemma="37.">37.</w>
               <S/>
               <w msd="Somei" lemma="člen">člen</w>
               <S/>
               <w msd="Kav" lemma="71.">71.</w>
               <c>,</c>
               <S/>
               <w msd="Kav" lemma="72.">72.</w>
               <c>,</c>
               <S/>
               <w msd="Kav" lemma="73.">73.</w>
               <c>,</c>
               <S/>
               <w msd="Kav" lemma="74.">74.</w>
               <S/>
               <w msd="Vp" lemma="in">in</w>
               <S/>
               <w msd="Kav" lemma="75.">75.</w>
               <S/>
               <w msd="Somei" lemma="člen">člen</w>
               <S/>
               <w msd="Zp------k" lemma="se">se</w>
               <S/>
               <w msd="Ggvstm" lemma="črtati">črtajo</w>
               <c>.</c>
            </s>
         </p>
         <p xml:id="F0002039.000128">
            <s>
               <w msd="Sozer" lemma="določba">Določbe</w>
               <S/>
               <w msd="Zk-mer" lemma="ta">tega</w>
               <S/>
               <w msd="Somer" lemma="zakon">zakona</w>
               <S/>
               <w msd="Dm" lemma="o">o</w>
               <S/>
               <w msd="Sozem" lemma="napotitev">napotitvi</w>
               <S/>
               <w msd="Dt" lemma="na">na</w>
               <S/>
               <w msd="Soset" lemma="služenje">služenje</w>
               <S/>
               <w msd="Ppnmer" lemma="vojaški">vojaškega</w>
               <S/>
               <w msd="Somer" lemma="rok">roka</w>
               <c>,</c>
               <S/>
               <w msd="Sosem" lemma="odlaganje">odlaganju</w>
               <S/>
               <w msd="Vp" lemma="in">in</w>
               <S/>
               <w msd="Sozem" lemma="prekinitev">prekinitvi</w>
               <S/>
               <w msd="Ppnmer" lemma="vojaški">vojaškega</w>
               <S/>
               <w msd="Somer" lemma="rok">roka</w>
               <c>,</c>
               <S/>
               <w msd="Sozmm" lemma="pravica">pravicah</w>
               <S/>
               <w msd="Vp" lemma="in">in</w>
               <S/>
               <w msd="Sozmm" lemma="obveznost">obveznostih</w>
               <S/>
               <w msd="Do" lemma="med">med</w>
               <S/>
               <w msd="Soseo" lemma="služenje">služenjem</w>
               <S/>
               <w msd="Ppnmer" lemma="vojaški">vojaškega</w>
               <S/>
               <w msd="Somer" lemma="rok">roka</w>
               <c>,</c>
               <S/>
               <w msd="Dm" lemma="o">o</w>
               <S/>
               <w msd="Sosem" lemma="služenje">služenju</w>
               <S/>
               <w msd="Dm" lemma="v">v</w>
               <S/>
               <w msd="Ppnzem" lemma="rezerven">rezervni</w>
               <S/>
               <w msd="Sozem" lemma="sestava">sestavi</w>
               <c>,</c>
               <S/>
               <w msd="Ppnmmr" lemma="vojaški">vojaških</w>
               <S/>
               <w msd="Sozmm" lemma="vaja">vajah</w>
               <c>,</c>
               <S/>
               <w msd="Sosem" lemma="odlaganje">odlaganju</w>
               <S/>
               <w msd="Sozmr" lemma="vaja">vaj</w>
               <S/>
               <w msd="Vp" lemma="in">in</w>
               <S/>
               <w msd="Sosem" lemma="pozivanje">pozivanju</w>
               <S/>
               <w msd="Zp------k" lemma="se">se</w>
               <S/>
               <w msd="Rsn" lemma="smiselno">smiselno</w>
               <S/>
               <w msd="Ggnstm" lemma="uporabljati">uporabljajo</w>
               <S/>
               <w msd="L" lemma="tudi">tudi</w>
               <S/>
               <w msd="Dt" lemma="za">za</w>
               <S/>
               <w msd="Soset" lemma="usposabljanje">usposabljanje</w>
               <S/>
               <w msd="Ppnmmr" lemma="vojaški">vojaških</w>
               <S/>
               <w msd="Sommr" lemma="obveznik">obveznikov</w>
               <S/>
               <w msd="Dt" lemma="za">za</w>
               <S/>
               <w msd="Sozmt" lemma="naloga">naloge</w>
               <S/>
               <w msd="Dm" lemma="v">v</w>
               <S/>
               <w msd="Ppnzem" lemma="rezerven">rezervni</w>
               <S/>
               <w msd="Sozem" lemma="sestava">sestavi</w>
               <S/>
               <w msd="Sozer" lemma="policija">policije</w>
               <c>,</c>
               <S/>
               <w msd="Dm" lemma="pri">pri</w>
               <S/>
               <w msd="Zz-sem" lemma="kar">čemer</w>
               <S/>
               <w msd="Ppnzer" lemma="upraven">upravne</w>
               <S/>
               <w msd="Sozmt" lemma="zadeva">zadeve</w>
               <S/>
               <w msd="Ggnste" lemma="opravljati">opravlja</w>
               <S/>
               <w msd="Soset" lemma="ministrstvo">ministrstvo</w>
               <c>,</c>
               <S/>
               <w msd="Rsn" lemma="pristojno">pristojno</w>
               <S/>
               <w msd="Dt" lemma="za">za</w>
               <S/>
               <w msd="Ppnzmt" lemma="notranji">notranje</w>
               <S/>
               <w msd="Sozmt" lemma="zadeva">zadeve</w>
               <c>.</c>
            </s>
         </p>
         <p xml:id="F0002039.000130">
            <s>
               <w msd="Ppnmmi" lemma="vojaški">Vojaški</w>
               <S/>
               <w msd="Sommi" lemma="obveznik">obvezniki</w>
               <c>,</c>
               <S/>
               <w msd="Vd" lemma="ki">ki</w>
               <S/>
               <w msd="Gp-stm-n" lemma="biti">so</w>
               <S/>
               <w msd="Ggdd-mm" lemma="opraviti">opravili</w>
               <S/>
               <w msd="Soset" lemma="usposabljanje">usposabljanje</w>
               <S/>
               <w msd="Dr" lemma="iz">iz</w>
               <S/>
               <w msd="Kbvmer" lemma="prvi">prvega</w>
               <S/>
               <w msd="Somer" lemma="odstavek">odstavka</w>
               <S/>
               <w msd="Zk-mer" lemma="ta">tega</w>
               <S/>
               <w msd="Somer" lemma="člen">člena</w>
               <c>,</c>
               <S/>
               <w msd="Zp------k" lemma="se">se</w>
               <S/>
               <w msd="Rsn" lemma="praviloma">praviloma</w>
               <S/>
               <w msd="Ggdstm" lemma="razporediti">razporedijo</w>
               <S/>
               <w msd="Dt" lemma="v">v</w>
               <S/>
               <w msd="Ppnzet" lemma="rezerven">rezervno</w>
               <S/>
               <w msd="Sozet" lemma="sestava">sestavo</w>
               <S/>
               <w msd="Sozer" lemma="policija">policije</w>
               <c>.</c>
            </s>
         </p>
         <p xml:id="F0002039.000133">
            <s>
               <w msd="Kav" lemma="40.">40.</w>
               <S/>
               <w msd="Somei" lemma="člen">člen</w>
            </s>
         </p>
         <p xml:id="F0002039.000138">
            <s>
               <w msd="Somei" lemma="čas">Čas</w>
               <c>,</c>
               <S/>
               <w msd="Vd" lemma="ki">ki</w>
               <S/>
               <w msd="Gp-stm-n" lemma="biti">so</w>
               <S/>
               <w msd="Zotmet--k" lemma="on">ga</w>
               <S/>
               <w msd="Sommi" lemma="gojenec">gojenci</w>
               <S/>
               <w msd="Ppnzmr" lemma="vojaški">vojaških</w>
               <S/>
               <w msd="Sozmr" lemma="šola">šol</w>
               <S/>
               <w msd="Do" lemma="pred">pred</w>
               <S/>
               <w msd="Kag" lemma="25.6.1991">25.6.1991</w>
               <S/>
               <w msd="Ggdd-mm" lemma="prebiti">prebili</w>
               <S/>
               <w msd="Dm" lemma="v">v</w>
               <S/>
               <w msd="Ppnzem" lemma="vojaški">vojaški</w>
               <S/>
               <w msd="Sozem" lemma="šola">šoli</w>
               <c>,</c>
               <S/>
               <w msd="Zp------k" lemma="se">se</w>
               <S/>
               <w msd="Ggnste" lemma="šteti">šteje</w>
               <S/>
               <w msd="Dt" lemma="za">za</w>
               <S/>
               <w msd="Ppnmetd" lemma="vojaški">vojaški</w>
               <S/>
               <w msd="Sometn" lemma="rok">rok</w>
               <c>.</c>
               <S/>
            </s>
            <s>
               <w msd="Dm" lemma="v">V</w>
               <S/>
               <w msd="Ppnmeid" lemma="vojaški">vojaški</w>
               <S/>
               <w msd="Somei" lemma="rok">rok</w>
               <S/>
               <w msd="Zp------k" lemma="se">se</w>
               <S/>
               <w msd="L" lemma="ne">ne</w>
               <S/>
               <w msd="Ggnste" lemma="šteti">šteje</w>
               <S/>
               <w msd="Kbvset" lemma="prvi">prvo</w>
               <S/>
               <w msd="Soset" lemma="leto">leto</w>
               <S/>
               <w msd="Soser" lemma="šolanje">šolanja</w>
               <S/>
               <w msd="Dm" lemma="na">na</w>
               <S/>
               <w msd="Ppnzem" lemma="srednji">srednji</w>
               <S/>
               <w msd="Ppnzem" lemma="vojaški">vojaški</w>
               <S/>
               <w msd="Sozem" lemma="šola">šoli</w>
               <c>.</c>
            </s>
         </p>
         <p xml:id="F0002039.000142">
            <s>
               <w msd="O" lemma="št.">Št.</w>
               <S/>
               <w msd="Kag" lemma="200">200</w>
               <c>-</c>
               <w msd="Kag" lemma="11">11</w>
               <c>/</c>
               <w msd="Kag" lemma="90">90</w>
               <c>-</c>
               <w msd="Kag" lemma="3">3</w>
               <c>/</c>
               <w msd="Kag" lemma="17">17</w>
               <S/>
               <w msd="Slzei" lemma="Ljubljana">Ljubljana</w>
               <c>,</c>
               <S/>
               <w msd="Somer" lemma="dan">dne</w>
               <S/>
               <w msd="Kav" lemma="18.">18.</w>
               <S/>
               <w msd="Somer" lemma="december">decembra</w>
               <S/>
               <w msd="Kag" lemma="1995">1995</w>
            </s>
         </p>
      </body>
   </text>
</TEI>