<?xml version="1.0" encoding="UTF-8"?>
<TEI xmlns="http://www.tei-c.org/ns/1.0" xml:id="F0002423" xml:lang="sl">
   <teiHeader>
      <fileDesc>
         <titleStmt>
            <title>ccKRES: Revija o konjih (2004-11)</title>
            <funder>Operacijo delno financira Evropska unija iz Evropskega socialnega sklada ter Ministrstvo za šolstvo in šport. Operacija se izvaja v okviru Operativnega programa razvoja človeških virov za obdobje 2007-2013, razvojne prioritete: razvoj človeških virov in vseživljenjskega učenja; prednostne usmeritve: izboljšanje kakovosti in učinkovitosti sistemov izobraževanja in usposabljanja 2007-2013.</funder>
         </titleStmt>
         <editionStmt>
            <edition>1.0</edition>
         </editionStmt>
         <extent>435 besed</extent>
         <publicationStmt>
            <idno>rok11_04</idno>
            <availability status="free">
               <p xml:lang="sl">Avtorske pravice za to izdajo ureja licenca <ref target="http://creativecommons.org/licenses/by-nc/2.5/si/">Creative Commons Priznanje avtorstva-Nekomercialno 2.5 Slovenija</ref>.</p>
               <p xml:lang="en">This work is licenced under the <ref target="http://creativecommons.org/licenses/by-nc/2.5/si/deed.en">Creative Commons Attribution-Noncommercial 2.5 Slovenia</ref>.</p>
            </availability>
            <date>2012-05-06</date>
         </publicationStmt>
         <sourceDesc>
            <bibl>
               <title>Revija o konjih</title>
               <author n="???">neznani novinar</author>
               <date>2004-11</date>
               <publisher n="drugo">ČZD Kmečki glas</publisher>
               <note type="sourceLang">sl</note>
            </bibl>
         </sourceDesc>
      </fileDesc>
      <encodingDesc>
         <projectDesc>
            <p xml:lang="sl">Glej <ref target="http://www.korpus-kres.net/">www.korpus-kres.net</ref> oz. <ref target="http://nl.ijs.si/ssj/">nl.ijs.si/ssj</ref>.</p>
            <p xml:lang="en">See <ref target="http://www.korpus-kres.net/">www.korpus-kres.net</ref> or <ref target="http://nl.ijs.si/ssj/">nl.ijs.si/ssj</ref>.</p>
         </projectDesc>
         <samplingDecl>
            <p xml:lang="sl">
            Besedila in odstavki v korpusu KRES so bili vzorčeni iz
            Gigafide tako, da smo dobili 100-milijonski referenčni
            korpus, v katerem so besedila uravnotežena po vnaprej
            določenih taksonomskih deležih in po podatkih o branosti
            vira (časopisi, revije, novičarski portali).  Korpus
            ccKRES nato, z namenom, da je lahko dostopen po licenci CC,
            vsebuje 10 % naključno vzorčenih odstavkov besedil iz
            korpusa KRES, torej 10 milijonov besed.
	    Več o sestavi korpusa lahko preberete na 
            <ref target="http://www.korpus-kres.net/">www.korpus-kres.net</ref> oz.
            <ref target="http://nl.ijs.si/ssj/">nl.ijs.si/ssj</ref>.
	  </p>
            <p xml:lang="en">
            Texts and paragraphs in the KRES corpus have been sampled from the 
	    Gigafida corpus. The result of the sampling is a 100-million-word 
	    reference corpus. The texts in KRES are balanced according to the 
	    predetermined categories, with particular consideration being paid to 
	    the data on the popularity of the source (newspapers, magazines, 
	    Internet news sites). 
	    To enable free (CC) distribution of the corpus, the ccKRES corpus contains 
	    10% of randomly sampled paragraphs from KRES, i.e. contains 10 million words.
	    For more information about the contents of the corpus, 
	    see <ref target="http://www.korpus-kres.net/">www.korpus-kres.net</ref>
	    and <ref target="http://nl.ijs.si/ssj/">nl.ijs.si/ssj</ref>.
	  </p>
         </samplingDecl>
         <tagsDecl>
            <namespace name="http://www.tei-c.org/ns/1.0">
               <tagUsage gi="c" occurs="93"/>
               <tagUsage gi="p" occurs="16"/>
               <tagUsage gi="s" occurs="35"/>
               <tagUsage gi="S" occurs="426"/>
               <tagUsage gi="w" occurs="435"/>
            </namespace>
         </tagsDecl>
         <classDecl>
            <taxonomy xml:id="SSJ">
               <category xml:id="SSJ.T">
                  <catDesc>tisk</catDesc>
                  <category xml:id="SSJ.T.K">
                     <catDesc>knjižno</catDesc>
                     <category xml:id="SSJ.T.K.L">
                        <catDesc>leposlovno</catDesc>
                     </category>
                     <category xml:id="SSJ.T.K.S">
                        <catDesc>strokovno</catDesc>
                     </category>
                  </category>
                  <category xml:id="SSJ.T.P">
                     <catDesc>periodično</catDesc>
                     <category xml:id="SSJ.T.P.C">
                        <catDesc>časopis</catDesc>
                     </category>
                     <category xml:id="SSJ.T.P.R">
                        <catDesc>revija</catDesc>
                     </category>
                  </category>
                  <category xml:id="SSJ.T.D">
                     <catDesc>drugo</catDesc>
                  </category>
               </category>
               <category xml:id="SSJ.I">
                  <catDesc>internet</catDesc>
               </category>
            </taxonomy>
         </classDecl>
      </encodingDesc>
      <profileDesc>
         <textClass>
            <catRef target="#SSJ.T.P.R"/>
         </textClass>
      </profileDesc>
   </teiHeader>
   <text xml:id="F0002423." xml:lang="sl">
      <body>
         <p xml:id="F0002423.000033">
            <s>
               <w msd="Somei" lemma="foto">Foto</w>
               <c>:</c>
               <S/>
               <w msd="Slzei" lemma="Tanja">Tanja</w>
               <S/>
               <w msd="Slzei" lemma="Balajc">Balajc</w>
               <S/>
               <c>-</c>
               <S/>
               <w msd="N" lemma="konji.com">konji.com</w>
            </s>
         </p>
         <p xml:id="F0002423.000060">
            <s>
               <w msd="Slmei" lemma="ROK">ROK</w>
               <S/>
               <w msd="Kag" lemma="11">11</w>
               <c>/</c>
               <w msd="Kag" lemma="2004">2004</w>
               <c>,</c>
               <S/>
               <w msd="Somei" lemma="file">File</w>
               <c>:</c>
               <S/>
               <w msd="Sozmi" lemma="konjenica">KONJENICE</w>
               <S/>
               <w msd="Ppnzei" lemma="pohorski">POHORSKA</w>
               <S/>
            </s>
         </p>
         <p xml:id="F0002423.000070">
            <s>
               <w msd="Dm" lemma="po">Po</w>
               <S/>
               <w msd="Slsem" lemma="Prekmurje">Prekmurju</w>
            </s>
         </p>
         <p xml:id="F0002423.000169">
            <s>
               <w msd="Dm" lemma="v">V</w>
               <S/>
               <w msd="Slzem" lemma="Italija">Italiji</w>
               <S/>
               <w msd="Gp-stm-n" lemma="biti">so</w>
               <S/>
               <w msd="Ggdd-mm" lemma="ugotoviti">ugotovili</w>
               <S/>
               <w msd="Kbg-mt" lemma="pet">pet</w>
               <S/>
               <w msd="Sozmr" lemma="vrsta">vrst</w>
               <S/>
               <w msd="Somer" lemma="gasterophilus">Gasterophilusa</w>
               <c>,</c>
               <S/>
               <w msd="Dr" lemma="od">od</w>
               <S/>
               <w msd="Zk-ser" lemma="ta">tega</w>
               <S/>
               <w msd="Gp-ste-n" lemma="biti">je</w>
               <S/>
               <w msd="Gp-d-ez" lemma="biti">bila</w>
               <S/>
               <w msd="Rss" lemma="pogosto">najpogostejše</w>
               <S/>
               <w msd="Pdnzei" lemma="ugotovljen">ugotovljena</w>
               <S/>
               <w msd="Sozei" lemma="vrsta">vrsta</w>
               <S/>
               <w msd="Slmei" lemma="Gasterophilus">Gasterophilus</w>
               <S/>
               <w msd="Somei" lemma="intestinalis">intestinalis</w>
               <S/>
               <c>(</c>
               <w msd="Kag" lemma="93,8">93,8</w>
               <S/>
               <c>%</c>
               <c>)</c>
               <c>,</c>
               <S/>
               <w msd="Ggnste" lemma="slediti">sledi</w>
               <S/>
               <w msd="O" lemma="G.">G.</w>
               <S/>
               <w msd="Somei" lemma="nasalis">nasalis</w>
               <S/>
               <c>(</c>
               <w msd="Kag" lemma="76,5">76,5</w>
               <S/>
               <c>%</c>
               <c>)</c>
               <c>,</c>
               <S/>
               <w msd="O" lemma="G.">G.</w>
               <S/>
               <w msd="Somei" lemma="inermis">inermis</w>
               <S/>
               <c>(</c>
               <w msd="Kag" lemma="71">71</w>
               <S/>
               <c>%</c>
               <c>)</c>
               <c>,</c>
               <S/>
               <w msd="O" lemma="G.">G.</w>
               <S/>
               <w msd="Somei" lemma="pecorum">pecorum</w>
               <S/>
               <c>(</c>
               <w msd="Kag" lemma="39,3">39,3</w>
               <S/>
               <c>%</c>
               <c>)</c>
               <S/>
               <w msd="Vp" lemma="in">in</w>
               <S/>
               <w msd="O" lemma="G.">G.</w>
               <S/>
               <w msd="Slmei" lemma="haemorrhoidalis">haemorrhoidalis</w>
               <S/>
               <c>(</c>
               <w msd="Kag" lemma="10,8">10,8</w>
               <S/>
               <c>%</c>
               <c>)</c>
               <c>.</c>
               <S/>
            </s>
            <s>
               <w msd="Dm" lemma="v">V</w>
               <S/>
               <w msd="Ppnzem" lemma="severen">severni</w>
               <S/>
               <w msd="Slzem" lemma="Anglija">Angliji</w>
               <S/>
               <w msd="Gp-stm-n" lemma="biti">so</w>
               <S/>
               <w msd="Dm" lemma="pri">pri</w>
               <S/>
               <w msd="Kag" lemma="448">448</w>
               <S/>
               <w msd="Pdnmmm" lemma="preiskan">preiskanih</w>
               <S/>
               <w msd="Sommm" lemma="konj">konjih</w>
               <S/>
               <w msd="Sozer" lemma="ličinka">ličinke</w>
               <S/>
               <w msd="Slmei" lemma="Gasterophilus">Gasterophilus</w>
               <S/>
               <w msd="Rsn" lemma="intestinalis">intestinalis</w>
               <S/>
               <w msd="Ggdd-mm" lemma="ugotoviti">ugotovili</w>
               <S/>
               <w msd="Dm" lemma="pri">pri</w>
               <S/>
               <w msd="Kag" lemma="52,7">52,7</w>
               <S/>
               <c>%</c>
               <S/>
               <w msd="Sozmm" lemma="žival">živalih</w>
               <c>.</c>
               <S/>
            </s>
         </p>
         <p xml:id="F0002423.000198">
            <s>
               <w msd="Ppnmmi" lemma="veterinarski">VETERINARSKI</w>
               <S/>
               <w msd="Sommi" lemma="nasvet">NASVETI</w>
            </s>
         </p>
         <p xml:id="F0002423.000349">
            <s>
               <w msd="Slmei" lemma="ROK">ROK</w>
               <S/>
               <w msd="Kag" lemma="11">11</w>
               <c>/</c>
               <w msd="Kag" lemma="2004">2004</w>
               <c>,</c>
               <S/>
               <w msd="Somei" lemma="file">File</w>
               <c>:</c>
               <S/>
               <w msd="Somei" lemma="jubilej">JUBILEJ</w>
               <S/>
               <w msd="Slmei" lemma="LJUTOMER">LJUTOMER</w>
            </s>
         </p>
         <p xml:id="F0002423.000392">
            <s>
               <w msd="Kbgmdt" lemma="dva">DVA</w>
               <S/>
               <w msd="Somer" lemma="boks">BOKSA</w>
               <S/>
               <w msd="Dt" lemma="za">za</w>
               <S/>
               <w msd="Sommt" lemma="konj">konje</w>
               <c>,</c>
               <S/>
               <w msd="Do" lemma="z">z</w>
               <S/>
               <w msd="Someo" lemma="izpust">izpustom</w>
               <c>,</c>
               <S/>
               <w msd="Sommi" lemma="pašnik">pašniki</w>
               <c>,</c>
               <S/>
               <w msd="Sozet" lemma="maneža">manežo</w>
               <S/>
               <w msd="Vp" lemma="in">in</w>
               <S/>
               <w msd="Ppnzet" lemma="popoln">popolno</w>
               <S/>
               <w msd="Sozet" lemma="oskrba">oskrbo</w>
               <S/>
               <w msd="Ggdspe" lemma="oddati">oddam</w>
               <S/>
               <w msd="Dm" lemma="v">v</w>
               <S/>
               <w msd="Sozem" lemma="bližina">bližini</w>
               <S/>
               <w msd="Slmer" lemma="Maribor">Maribora</w>
               <c>.</c>
               <S/>
               <c>#</c>
               <S/>
               <w msd="Kag" lemma="02">02</w>
               <c>/</c>
               <w msd="Kag" lemma="61">61</w>
               <S/>
               <w msd="Kag" lemma="80">80</w>
               <S/>
               <w msd="Kag" lemma="056">056</w>
               <c>.</c>
               <S/>
            </s>
            <s>
               <c>-</c>
               <S/>
               <w msd="Kag" lemma="294">294</w>
            </s>
         </p>
         <p xml:id="F0002423.000435">
            <s>
               <w msd="Slmei" lemma="Mihelič">Mihelič</w>
               <S/>
               <w msd="Slmei" lemma="Bojan">Bojan</w>
               <S/>
               <w msd="O" lemma="s.">s.</w>
               <w msd="O" lemma="p.">p.</w>
               <S/>
               <c>-</c>
               <S/>
               <w msd="Sozer" lemma="ura">Ure</w>
               <S/>
               <w msd="Slmei" lemma="Mihelič">Mihelič</w>
            </s>
         </p>
         <p xml:id="F0002423.000519">
            <s>
               <w msd="Somei" lemma="rok">ROK</w>
               <S/>
               <w msd="Kag" lemma="11">11</w>
               <c>/</c>
               <w msd="Kag" lemma="2004">2004</w>
               <c>,</c>
               <S/>
               <w msd="Somei" lemma="file">File</w>
               <c>:</c>
               <S/>
               <w msd="Sozei" lemma="prehrana">PREHRANA</w>
               <S/>
               <w msd="Slzei" lemma="KRKA">KRKA</w>
            </s>
         </p>
         <p xml:id="F0002423.000536">
            <s>
               <c>-</c>
               <S/>
               <w msd="Ppnsei" lemma="težek">težko</w>
               <S/>
               <w msd="Sosei" lemma="delo">delo</w>
               <S/>
               <w msd="Kag" lemma="5">5</w>
               <c>-</c>
               <w msd="Kag" lemma="8">8</w>
               <S/>
               <w msd="Sozmr" lemma="ura">ur</w>
               <S/>
               <w msd="Rsn" lemma="dnevno">dnevno</w>
               <c>.</c>
            </s>
         </p>
         <p xml:id="F0002423.000581">
            <s>
               <w msd="Vd" lemma="če">Če</w>
               <S/>
               <w msd="Zp------k" lemma="se">se</w>
               <S/>
               <w msd="Somei" lemma="konj">konj</w>
               <c>,</c>
               <S/>
               <w msd="Vd" lemma="ki">ki</w>
               <S/>
               <w msd="Gp-ste-n" lemma="biti">je</w>
               <S/>
               <w msd="Ppsmeid" lemma="blizek">najbližji</w>
               <S/>
               <w msd="Somed" lemma="dražljaj">dražljaju</w>
               <c>,</c>
               <S/>
               <w msd="Rsn" lemma="naenkrat">naenkrat</w>
               <S/>
               <w msd="Ggdste" lemma="obrniti">obrne</w>
               <S/>
               <w msd="Vp" lemma="in">in</w>
               <S/>
               <w msd="Zp------k" lemma="se">se</w>
               <S/>
               <w msd="Rsn" lemma="naglo">naglo</w>
               <S/>
               <w msd="Ggdste" lemma="umakniti">umakne</w>
               <c>,</c>
               <S/>
               <w msd="Zk-set" lemma="ta">to</w>
               <S/>
               <w msd="Ggdstm" lemma="storiti">storijo</w>
               <S/>
               <w msd="L" lemma="tudi">tudi</w>
               <S/>
               <w msd="Zstmmiem" lemma="njegov">njegovi</w>
               <S/>
               <w msd="Sommi" lemma="prijatelj">prijatelji</w>
               <S/>
               <w msd="Vp" lemma="ali">ali</w>
               <S/>
               <w msd="Sommi" lemma="član">člani</w>
               <S/>
               <w msd="Sozer" lemma="čreda">črede</w>
               <c>.</c>
               <S/>
            </s>
            <s>
               <w msd="Soser" lemma="žrebe">Žrebeta</w>
               <S/>
               <w msd="Zp------k" lemma="se">se</w>
               <S/>
               <w msd="Ggdstm" lemma="skriti">skrijejo</w>
               <S/>
               <w msd="Dt" lemma="za">za</w>
               <S/>
               <w msd="Sozer" lemma="mati">matere</w>
               <c>.</c>
               <S/>
            </s>
            <s>
               <w msd="Dr" lemma="zaradi">Zaradi</w>
               <S/>
               <w msd="Soser" lemma="posnemanje">posnemanja</w>
               <S/>
               <w msd="Kbzmmr" lemma="drug">drugih</w>
               <S/>
               <w msd="Sommr" lemma="konj">konj</w>
               <S/>
               <w msd="Dr" lemma="znotraj">znotraj</w>
               <S/>
               <w msd="Sozer" lemma="skupina">skupine</w>
               <S/>
               <w msd="Rsn" lemma="lahko">lahko</w>
               <S/>
               <w msd="Ggdste" lemma="priti">pride</w>
               <S/>
               <w msd="Dr" lemma="do">do</w>
               <S/>
               <w msd="Pppmer" lemma="velik">večjega</w>
               <S/>
               <w msd="Somer" lemma="preplah">preplaha</w>
               <c>,</c>
               <S/>
               <w msd="Vd" lemma="ki">ki</w>
               <S/>
               <w msd="Ggdste" lemma="povzročiti">povzroči</w>
               <S/>
               <w msd="Pppmetd" lemma="velik">večji</w>
               <S/>
               <w msd="Sometn" lemma="umik">umik</w>
               <c>,</c>
               <S/>
               <w msd="Vd" lemma="kot">kot</w>
               <S/>
               <w msd="Gp-g" lemma="biti">bi</w>
               <S/>
               <w msd="Zotmet--k" lemma="on">ga</w>
               <S/>
               <w msd="Ggnd-mm" lemma="pričakovati">pričakovali</w>
               <c>.</c>
               <S/>
            </s>
            <s>
               <w msd="Rsn" lemma="medsebojno">Medsebojno</w>
               <S/>
               <w msd="Sosei" lemma="opazovanje">opazovanje</w>
               <S/>
               <w msd="Vp" lemma="in">in</w>
               <S/>
               <w msd="Sosei" lemma="posnemanje">posnemanje</w>
               <S/>
               <w msd="Gp-ste-n" lemma="biti">je</w>
               <S/>
               <w msd="Dm" lemma="v">v</w>
               <S/>
               <w msd="Sozem" lemma="čreda">čredi</w>
               <S/>
               <w msd="Rsn" lemma="opazno">opazno</w>
               <S/>
               <w msd="L" lemma="tudi">tudi</w>
               <S/>
               <w msd="Dm" lemma="v">v</w>
               <S/>
               <w msd="Kbzzmm" lemma="drug">drugih</w>
               <S/>
               <w msd="Sozmm" lemma="situacija">situacijah</w>
               <c>,</c>
               <S/>
               <w msd="O" lemma="npr.">npr.</w>
               <S/>
               <w msd="Vd" lemma="ko">ko</w>
               <S/>
               <w msd="Zp------k" lemma="se">se</w>
               <S/>
               <w msd="Sozei" lemma="skupina">skupina</w>
               <S/>
               <w msd="Ggnste" lemma="približevati">približuje</w>
               <S/>
               <w msd="Vp" lemma="in">in</w>
               <S/>
               <w msd="Ggnste" lemma="raziskovati">raziskuje</w>
               <c>.</c>
               <S/>
            </s>
            <s>
               <w msd="Rsn" lemma="verjetno">Verjetno</w>
               <S/>
               <w msd="Zp------k" lemma="se">se</w>
               <S/>
               <w msd="Kbzmet" lemma="en">en</w>
               <S/>
               <w msd="Ppnmein" lemma="sam">sam</w>
               <S/>
               <w msd="Somei" lemma="konj">konj</w>
               <S/>
               <w msd="L" lemma="ne">ne</w>
               <S/>
               <w msd="Gp-g" lemma="biti">bi</w>
               <S/>
               <w msd="Rsn" lemma="nikoli">nikoli</w>
               <S/>
               <w msd="Rsn" lemma="tako">tako</w>
               <S/>
               <w msd="Ggdd-em" lemma="približati">približal</w>
               <S/>
               <w msd="Pdnmed" lemma="določen">določenemu</w>
               <S/>
               <w msd="Somed" lemma="dražljaj">dražljaju</w>
               <c>,</c>
               <S/>
               <w msd="Vd" lemma="kot">kot</w>
               <S/>
               <w msd="Zp------k" lemma="se">se</w>
               <S/>
               <w msd="Zotmed--k" lemma="on">mu</w>
               <S/>
               <w msd="Ggdste" lemma="približati">približa</w>
               <S/>
               <w msd="Ppnzei" lemma="cel">cela</w>
               <S/>
               <w msd="Sozei" lemma="skupina">skupina</w>
               <c>.</c>
               <S/>
            </s>
            <s>
               <w msd="Vd" lemma="ko">Ko</w>
               <S/>
               <w msd="Zp------k" lemma="se">se</w>
               <S/>
               <w msd="Ggnste" lemma="divjati">divja</w>
               <S/>
               <w msd="Sozei" lemma="čreda">čreda</w>
               <S/>
               <w msd="Ggdste" lemma="odločiti">odloči</w>
               <S/>
               <w msd="Dt" lemma="za">za</w>
               <S/>
               <w msd="Sometn" lemma="umik">umik</w>
               <c>,</c>
               <S/>
               <w msd="Rsn" lemma="lahko">lahko</w>
               <S/>
               <w msd="Ppnmeid" lemma="individualen">individualni</w>
               <S/>
               <w msd="Somei" lemma="konj">konj</w>
               <S/>
               <w msd="Ggnste" lemma="voditi">vodi</w>
               <S/>
               <w msd="Somei" lemma="pobeg">pobeg</w>
               <S/>
               <w msd="Vp" lemma="ali">ali</w>
               <S/>
               <w msd="Vp" lemma="pa">pa</w>
               <S/>
               <w msd="Zotzet--k" lemma="on">jo</w>
               <S/>
               <w msd="Ggdste" lemma="pognati">požene</w>
               <S/>
               <w msd="Vp" lemma="in">in</w>
               <S/>
               <w msd="Ggnste" lemma="usmerjati">usmerja</w>
               <S/>
               <w msd="Dr" lemma="od">od</w>
               <S/>
               <w msd="Rsn" lemma="zadaj">zadaj</w>
               <c>.</c>
               <S/>
            </s>
            <s>
               <w msd="Do" lemma="med">Med</w>
               <S/>
               <w msd="Soseo" lemma="opazovanje">opazovanjem</w>
               <S/>
               <w msd="Ppnzmr" lemma="divji">divjih</w>
               <S/>
               <w msd="Sozmr" lemma="čreda">čred</w>
               <S/>
               <w msd="Gp-stm-n" lemma="biti">so</w>
               <S/>
               <w msd="Ggdd-mm" lemma="ugotoviti">ugotovili</w>
               <c>,</c>
               <S/>
               <w msd="Vd" lemma="da">da</w>
               <S/>
               <w msd="Gp-ste-n" lemma="biti">je</w>
               <S/>
               <w msd="Rsn" lemma="ponavadi">ponavadi</w>
               <S/>
               <w msd="Ppnmeid" lemma="vodilen">vodilni</w>
               <S/>
               <w msd="Somei" lemma="konj">konj</w>
               <c>,</c>
               <S/>
               <w msd="Vd" lemma="ki">ki</w>
               <S/>
               <w msd="Gp-ste-n" lemma="biti">je</w>
               <S/>
               <w msd="Rsn" lemma="večinoma">večinoma</w>
               <S/>
               <w msd="Ppnmeid" lemma="dominanten">dominantni</w>
               <S/>
               <w msd="Somei" lemma="žrebec">žrebec</w>
               <c>,</c>
               <S/>
               <w msd="Rsn" lemma="spredaj">spredaj</w>
               <c>,</c>
               <S/>
               <w msd="Ggnste" lemma="voditi">vodi</w>
               <S/>
               <w msd="Sozet" lemma="čreda">čredo</w>
               <S/>
               <w msd="Vp" lemma="in">in</w>
               <S/>
               <w msd="Zotzet--k" lemma="on">jo</w>
               <S/>
               <w msd="Ggnste" lemma="varovati">varuje</w>
               <c>.</c>
               <S/>
            </s>
            <s>
               <w msd="Vd" lemma="kadar">Kadar</w>
               <S/>
               <w msd="Zp------k" lemma="se">se</w>
               <S/>
               <w msd="Ggdste" lemma="pojaviti">pojavi</w>
               <S/>
               <w msd="Somei" lemma="vsiljivec">vsiljivec</w>
               <c>,</c>
               <S/>
               <w msd="Zp------k" lemma="se">se</w>
               <S/>
               <w msd="Rsn" lemma="vedno">vedno</w>
               <S/>
               <w msd="Ggdste" lemma="postaviti">postavi</w>
               <S/>
               <w msd="Do" lemma="med">med</w>
               <S/>
               <w msd="Zotmet" lemma="on">njega</w>
               <S/>
               <w msd="Vp" lemma="in">in</w>
               <S/>
               <w msd="Sozet" lemma="čreda">čredo</w>
               <c>.</c>
               <S/>
            </s>
            <s>
               <w msd="Vd" lemma="če">Če</w>
               <S/>
               <w msd="Gp-ste-n" lemma="biti">je</w>
               <S/>
               <w msd="Somei" lemma="vsiljivec">vsiljivec</w>
               <S/>
               <w msd="Rsn" lemma="spredaj">spredaj</w>
               <c>,</c>
               <S/>
               <w msd="L" lemma="tudi">tudi</w>
               <S/>
               <w msd="Somei" lemma="žrebec">žrebec</w>
               <S/>
               <w msd="Ggdste" lemma="ostati">ostane</w>
               <S/>
               <w msd="Do" lemma="pred">pred</w>
               <S/>
               <w msd="Sozeo" lemma="čreda">čredo</w>
               <c>,</c>
               <S/>
               <w msd="Vd" lemma="če">če</w>
               <S/>
               <w msd="Vp" lemma="pa">pa</w>
               <S/>
               <w msd="Sozei" lemma="nevarnost">nevarnost</w>
               <S/>
               <w msd="Ggnste" lemma="prihajati">prihaja</w>
               <S/>
               <w msd="Dr" lemma="od">od</w>
               <S/>
               <w msd="Rsn" lemma="zadaj">zadaj</w>
               <c>,</c>
               <S/>
               <w msd="Gp-ste-n" lemma="biti">je</w>
               <S/>
               <w msd="Somei" lemma="žrebec">žrebec</w>
               <S/>
               <w msd="Dt" lemma="za">za</w>
               <S/>
               <w msd="Sozet" lemma="skupina">skupino</w>
               <c>.</c>
               <S/>
            </s>
            <s>
               <w msd="Sozet" lemma="hitrost">Hitrost</w>
               <c>,</c>
               <S/>
               <w msd="Somei" lemma="način">način</w>
               <S/>
               <w msd="Vp" lemma="in">in</w>
               <S/>
               <w msd="Sozei" lemma="razdalja">razdalja</w>
               <S/>
               <w msd="Somer" lemma="umik">umika</w>
               <S/>
               <w msd="Gp-ste-n" lemma="biti">je</w>
               <S/>
               <w msd="Ppnzei" lemma="odvisen">odvisna</w>
               <S/>
               <w msd="Dr" lemma="od">od</w>
               <S/>
               <w msd="Somer" lemma="dražljaj">dražljaja</w>
               <S/>
               <w msd="Vp" lemma="in">in</w>
               <S/>
               <w msd="Sozer" lemma="situacija">situacije</w>
               <c>.</c>
               <S/>
            </s>
            <s>
               <w msd="Kbvzei" lemma="prvi">Prva</w>
               <S/>
               <w msd="Sozei" lemma="reakcija">reakcija</w>
               <S/>
               <w msd="Dm" lemma="ob">ob</w>
               <S/>
               <w msd="Sosem" lemma="presenečenje">presenečenju</w>
               <S/>
               <w msd="Vp" lemma="ali">ali</w>
               <S/>
               <w msd="Ppnmem" lemma="nov">novem</w>
               <S/>
               <w msd="Somem" lemma="dražljaj">dražljaju</w>
               <S/>
               <w msd="Gp-ste-n" lemma="biti">je</w>
               <S/>
               <w msd="Ppnzei" lemma="refleksen">refleksna</w>
               <c>,</c>
               <S/>
               <w msd="Ppnzei" lemma="hiter">hitra</w>
               <c>,</c>
               <S/>
               <w msd="Somei" lemma="preplah">preplah</w>
               <c>,</c>
               <S/>
               <w msd="Somei" lemma="alarm">alarm</w>
               <S/>
               <w msd="Vp" lemma="in">in</w>
               <S/>
               <w msd="Ppnmein" lemma="nagel">nagel</w>
               <S/>
               <w msd="Sometn" lemma="umik">umik</w>
               <S/>
               <w msd="Ggdstm" lemma="nastati">nastanejo</w>
               <S/>
               <w msd="Rsn" lemma="simultano">simultano</w>
               <c>.</c>
               <S/>
            </s>
            <s>
               <w msd="Dm" lemma="po">Po</w>
               <S/>
               <w msd="Ppnzem" lemma="prvoten">prvotni</w>
               <S/>
               <w msd="Sozem" lemma="reakcija">reakciji</w>
               <S/>
               <w msd="Ggdste" lemma="začeti">začne</w>
               <S/>
               <w msd="Somei" lemma="konj">konj</w>
               <S/>
               <w msd="Ggvn" lemma="regulirati">regulirati</w>
               <S/>
               <w msd="Zp-set" lemma="svoj">svoje</w>
               <S/>
               <w msd="Soset" lemma="vedenje">vedenje</w>
               <S/>
               <w msd="Vp" lemma="in">in</w>
               <S/>
               <w msd="Zotmet--k" lemma="on">ga</w>
               <S/>
               <w msd="Ggdste" lemma="prilagoditi">prilagodi</w>
               <S/>
               <w msd="Sozed" lemma="situacija">situaciji</w>
               <c>.</c>
               <S/>
            </s>
            <s>
               <w msd="Vd" lemma="če">Če</w>
               <S/>
               <w msd="Zp------k" lemma="se">se</w>
               <S/>
               <w msd="Zotmed--k" lemma="on">mu</w>
               <S/>
               <w msd="Rsn" lemma="torej">torej</w>
               <S/>
               <w msd="Rsn" lemma="zelo">zelo</w>
               <S/>
               <w msd="Ggdste" lemma="približati">približa</w>
               <S/>
               <w msd="Kbzmetn" lemma="drug">drug</w>
               <S/>
               <w msd="Somei" lemma="konj">konj</w>
               <S/>
               <w msd="Do" lemma="z">z</w>
               <S/>
               <w msd="Pdnmeo" lemma="iztegnjen">iztegnjenim</w>
               <S/>
               <w msd="Sosmd" lemma="vrata">vratom</w>
               <c>,</c>
               <S/>
               <w msd="Zp------k" lemma="se">se</w>
               <S/>
               <w msd="Gp-pte-n" lemma="biti">bo</w>
               <S/>
               <w msd="Zk-mei" lemma="ta">ta</w>
               <S/>
               <w msd="Rsn" lemma="hitro">hitro</w>
               <S/>
               <w msd="Ggdd-em" lemma="umakniti">umaknil</w>
               <c>,</c>
               <S/>
               <w msd="Ggdd-em" lemma="iztegniti">iztegnil</w>
               <S/>
               <w msd="Vp" lemma="in">in</w>
               <S/>
               <w msd="Ggdd-em" lemma="povišati">povišal</w>
               <S/>
               <w msd="Sometn" lemma="vrat">vrat</w>
               <S/>
               <w msd="Vp" lemma="in">in</w>
               <S/>
               <w msd="Sozet" lemma="glava">glavo</w>
               <S/>
               <w msd="Vp" lemma="in">in</w>
               <S/>
               <w msd="Do" lemma="z">z</w>
               <S/>
               <w msd="Zotzeo" lemma="on">njo</w>
               <S/>
               <w msd="Rsn" lemma="pogosto">pogosto</w>
               <S/>
               <w msd="Ggdd-em" lemma="zamahniti">zamahnil</w>
               <S/>
               <w msd="Dt" lemma="v">v</w>
               <S/>
               <w msd="Kbzzet" lemma="en">eno</w>
               <S/>
               <w msd="Sozet" lemma="smer">smer</w>
               <c>.</c>
               <S/>
            </s>
            <s>
               <w msd="Dm" lemma="v">V</w>
               <S/>
               <w msd="Zk-mem" lemma="tak">takem</w>
               <S/>
               <w msd="Somem" lemma="primer">primeru</w>
               <S/>
               <w msd="Zp------k" lemma="se">se</w>
               <S/>
               <w msd="Gp-ste-n" lemma="biti">je</w>
               <S/>
               <w msd="Somei" lemma="konj">konj</w>
               <S/>
               <w msd="Ggdd-em" lemma="umakniti">umaknil</w>
               <S/>
               <w msd="Do" lemma="pred">pred</w>
               <S/>
               <w msd="Someo" lemma="poskus">poskusom</w>
               <S/>
               <w msd="Somer" lemma="udarec">udarca</w>
               <c>,</c>
               <S/>
               <w msd="Sozer" lemma="brca">brce</w>
               <S/>
               <w msd="Kbzmet" lemma="drug">drugega</w>
               <S/>
               <w msd="Somer" lemma="konj">konja</w>
               <c>.</c>
               <S/>
            </s>
            <s>
               <w msd="Rsn" lemma="enako">Enako</w>
               <S/>
               <w msd="Sozet" lemma="reakcija">reakcijo</w>
               <S/>
               <w msd="Gp-pte-n" lemma="biti">bo</w>
               <S/>
               <w msd="Ggdd-em" lemma="povzročiti">povzročil</w>
               <S/>
               <w msd="Somei" lemma="vbod">vbod</w>
               <S/>
               <w msd="Vp" lemma="ali">ali</w>
               <S/>
               <w msd="Somei" lemma="pik">pik</w>
               <S/>
               <w msd="Dt" lemma="v">v</w>
               <S/>
               <w msd="Sometn" lemma="gobec">gobec</w>
               <S/>
               <w msd="Vp" lemma="ali">ali</w>
               <S/>
               <w msd="Ppnmetn" lemma="čuden">čuden</w>
               <S/>
               <w msd="Sometn" lemma="okus">okus</w>
               <S/>
               <w msd="Sozer" lemma="paša">paše</w>
               <c>.</c>
               <S/>
            </s>
            <s>
               <w msd="Somei" lemma="umik">Umik</w>
               <S/>
               <w msd="Gp-ste-n" lemma="biti">je</w>
               <S/>
               <w msd="Rsn" lemma="ponavadi">ponavadi</w>
               <S/>
               <w msd="Dt" lemma="za">za</w>
               <S/>
               <w msd="Zv-met" lemma="kak">kak</w>
               <S/>
               <w msd="Sometn" lemma="meter">meter</w>
               <S/>
               <w msd="Rsn" lemma="naravnost">naravnost</w>
               <S/>
               <w msd="Vp" lemma="ali">ali</w>
               <S/>
               <w msd="Rsn" lemma="vstran">vstran</w>
               <c>.</c>
               <S/>
            </s>
            <s>
               <w msd="Vd" lemma="kadar">Kadar</w>
               <S/>
               <w msd="Somei" lemma="konj">konj</w>
               <S/>
               <w msd="Ggnste" lemma="čutiti">čuti</w>
               <c>,</c>
               <S/>
               <w msd="Vd" lemma="da">da</w>
               <S/>
               <w msd="Gp-stm-n" lemma="biti">so</w>
               <S/>
               <w msd="Dm" lemma="v">v</w>
               <S/>
               <w msd="Sozem" lemma="nevarnost">nevarnosti</w>
               <S/>
               <w msd="Ppnzmi" lemma="sprednji">sprednje</w>
               <S/>
               <w msd="Sozmt" lemma="noga">noge</w>
               <c>,</c>
               <S/>
               <w msd="Zp------k" lemma="se">se</w>
               <S/>
               <w msd="Rsn" lemma="lahko">lahko</w>
               <S/>
               <w msd="Ggdste" lemma="povzpeti">povzpne</w>
               <S/>
               <w msd="Dt" lemma="na">na</w>
               <S/>
               <w msd="Ppnset" lemma="zadnji">zadnje</w>
               <c>.</c>
               <S/>
            </s>
            <s>
               <w msd="Do" lemma="z">S</w>
               <S/>
               <w msd="Zk-zmo" lemma="tak">takimi</w>
               <S/>
               <w msd="Sozmo" lemma="situacija">situacijami</w>
               <S/>
               <w msd="Zp------k" lemma="se">se</w>
               <S/>
               <w msd="Gp-ste-n" lemma="biti">je</w>
               <S/>
               <w msd="Ggdd-es" lemma="srečati">srečalo</w>
               <S/>
               <w msd="Rsn" lemma="veliko">veliko</w>
               <S/>
               <w msd="Sommr" lemma="konjar">konjarjev</w>
               <c>,</c>
               <S/>
               <w msd="Vd" lemma="ki">ki</w>
               <S/>
               <w msd="Zp------k" lemma="se">se</w>
               <S/>
               <w msd="Gp-ste-n" lemma="biti">je</w>
               <S/>
               <w msd="Somei" lemma="konj">konj</w>
               <S/>
               <w msd="Dm" lemma="na">na</w>
               <S/>
               <w msd="Somem" lemma="teren">terenu</w>
               <S/>
               <w msd="Dr" lemma="zaradi">zaradi</w>
               <S/>
               <w msd="Ppnmer" lemma="nenaden">nenadnega</w>
               <S/>
               <w msd="Somer" lemma="strah">strahu</w>
               <S/>
               <w msd="Rsn" lemma="tik">tik</w>
               <S/>
               <w msd="Do" lemma="pred">pred</w>
               <S/>
               <w msd="Zotmmo" lemma="on">njimi</w>
               <S/>
               <w msd="Ggdd-em" lemma="vzpeti">vzpel</w>
               <c>.</c>
            </s>
         </p>
         <p xml:id="F0002423.000588">
            <s>
               <w msd="Slmei" lemma="ROK">ROK</w>
               <S/>
               <w msd="Kag" lemma="11">11</w>
               <c>/</c>
               <w msd="Kag" lemma="2004">2004</w>
               <c>,</c>
               <S/>
               <w msd="Somei" lemma="file">File</w>
               <c>:</c>
               <S/>
               <w msd="Rsn" lemma="razno">RAZNO</w>
            </s>
         </p>
         <p xml:id="F0002423.000667">
            <s>
               <w msd="Somei" lemma="način">Način</w>
               <S/>
               <w msd="Soser" lemma="določanje">določanja</w>
               <S/>
               <w msd="Sozer" lemma="starost">starosti</w>
               <S/>
               <w msd="Dm" lemma="na">na</w>
               <S/>
               <w msd="Sozem" lemma="podlaga">podlagi</w>
               <S/>
               <w msd="Soser" lemma="izraščanje">izraščanja</w>
               <c>,</c>
               <S/>
               <w msd="Sozer" lemma="menjava">menjave</w>
               <S/>
               <w msd="Vp" lemma="in">in</w>
               <S/>
               <w msd="Sozer" lemma="obraba">obrabe</w>
               <S/>
               <w msd="Sommr" lemma="sekalec">sekalcev</w>
            </s>
         </p>
         <p xml:id="F0002423.000686">
            <s>
               <w msd="Kag" lemma="3">3</w>
               <S/>
               <w msd="Soser" lemma="leto">leta</w>
               <S/>
               <w msd="Ppnzei" lemma="mlečen">mlečna</w>
               <S/>
               <w msd="Somer" lemma="krajnik">krajnika</w>
               <S/>
               <w msd="L" lemma="še">še</w>
               <S/>
               <w msd="Ggnstd" lemma="rasti">rasteta</w>
               <S/>
               <w msd="Ppnzei" lemma="stalen">stalna</w>
               <S/>
               <w msd="Somdi" lemma="srednjik">srednjika</w>
               <S/>
               <w msd="L" lemma="še">še</w>
               <S/>
               <w msd="Ggnstd" lemma="rasti">rasteta</w>
               <S/>
               <w msd="Ppnmdi" lemma="stalen">stalna</w>
               <S/>
               <w msd="Somdi" lemma="kleščnik">kleščnika</w>
               <S/>
               <w msd="Zp------k" lemma="se">se</w>
               <S/>
               <w msd="Ggnstd" lemma="stikati">stikata</w>
               <S/>
            </s>
         </p>
         <p xml:id="F0002423.000711">
            <s>
               <w msd="Dm" lemma="na">na</w>
               <S/>
               <w msd="Somem" lemma="konec">koncu</w>
               <S/>
               <w msd="Gp-ste-n" lemma="biti">je</w>
               <S/>
               <w msd="Ppnsei" lemma="podolgovat">podolgovato</w>
               <S/>
               <w msd="Ppnzei" lemma="ovalen">ovalna</w>
               <S/>
               <w msd="Somei" lemma="D">D</w>
            </s>
         </p>
         <p xml:id="F0002423.000802">
            <s>
               <w msd="Somei" lemma="western">WESTERN</w>
               <S/>
               <w msd="Slmei" lemma="PLEASURE">PLEASURE</w>
            </s>
         </p>
      </body>
   </text>
</TEI>