<?xml version="1.0" encoding="UTF-8"?>
<TEI xmlns="http://www.tei-c.org/ns/1.0" xml:id="F0001072" xml:lang="sl">
   <teiHeader>
      <fileDesc>
         <titleStmt>
            <title>ccKRES: Ribič (2002-12)</title>
            <funder>Operacijo delno financira Evropska unija iz Evropskega socialnega sklada ter Ministrstvo za šolstvo in šport. Operacija se izvaja v okviru Operativnega programa razvoja človeških virov za obdobje 2007-2013, razvojne prioritete: razvoj človeških virov in vseživljenjskega učenja; prednostne usmeritve: izboljšanje kakovosti in učinkovitosti sistemov izobraževanja in usposabljanja 2007-2013.</funder>
         </titleStmt>
         <editionStmt>
            <edition>1.0</edition>
         </editionStmt>
         <extent>251 besed</extent>
         <publicationStmt>
            <idno>rib12_02</idno>
            <availability status="free">
               <p xml:lang="sl">Avtorske pravice za to izdajo ureja licenca <ref target="http://creativecommons.org/licenses/by-nc/2.5/si/">Creative Commons Priznanje avtorstva-Nekomercialno 2.5 Slovenija</ref>.</p>
               <p xml:lang="en">This work is licenced under the <ref target="http://creativecommons.org/licenses/by-nc/2.5/si/deed.en">Creative Commons Attribution-Noncommercial 2.5 Slovenia</ref>.</p>
            </availability>
            <date>2012-05-06</date>
         </publicationStmt>
         <sourceDesc>
            <bibl>
               <title>Ribič</title>
               <author n="???">neznani novinar</author>
               <date>2002-12</date>
               <publisher n="drugo">Ribiška zveza Slovenije</publisher>
               <note type="sourceLang">sl</note>
            </bibl>
         </sourceDesc>
      </fileDesc>
      <encodingDesc>
         <projectDesc>
            <p xml:lang="sl">Glej <ref target="http://www.korpus-kres.net/">www.korpus-kres.net</ref> oz. <ref target="http://nl.ijs.si/ssj/">nl.ijs.si/ssj</ref>.</p>
            <p xml:lang="en">See <ref target="http://www.korpus-kres.net/">www.korpus-kres.net</ref> or <ref target="http://nl.ijs.si/ssj/">nl.ijs.si/ssj</ref>.</p>
         </projectDesc>
         <samplingDecl>
            <p xml:lang="sl">
            Besedila in odstavki v korpusu KRES so bili vzorčeni iz
            Gigafide tako, da smo dobili 100-milijonski referenčni
            korpus, v katerem so besedila uravnotežena po vnaprej
            določenih taksonomskih deležih in po podatkih o branosti
            vira (časopisi, revije, novičarski portali).  Korpus
            ccKRES nato, z namenom, da je lahko dostopen po licenci CC,
            vsebuje 10 % naključno vzorčenih odstavkov besedil iz
            korpusa KRES, torej 10 milijonov besed.
	    Več o sestavi korpusa lahko preberete na 
            <ref target="http://www.korpus-kres.net/">www.korpus-kres.net</ref> oz.
            <ref target="http://nl.ijs.si/ssj/">nl.ijs.si/ssj</ref>.
	  </p>
            <p xml:lang="en">
            Texts and paragraphs in the KRES corpus have been sampled from the 
	    Gigafida corpus. The result of the sampling is a 100-million-word 
	    reference corpus. The texts in KRES are balanced according to the 
	    predetermined categories, with particular consideration being paid to 
	    the data on the popularity of the source (newspapers, magazines, 
	    Internet news sites). 
	    To enable free (CC) distribution of the corpus, the ccKRES corpus contains 
	    10% of randomly sampled paragraphs from KRES, i.e. contains 10 million words.
	    For more information about the contents of the corpus, 
	    see <ref target="http://www.korpus-kres.net/">www.korpus-kres.net</ref>
	    and <ref target="http://nl.ijs.si/ssj/">nl.ijs.si/ssj</ref>.
	  </p>
         </samplingDecl>
         <tagsDecl>
            <namespace name="http://www.tei-c.org/ns/1.0">
               <tagUsage gi="p" occurs="5"/>
               <tagUsage gi="s" occurs="12"/>
               <tagUsage gi="S" occurs="249"/>
               <tagUsage gi="w" occurs="251"/>
               <tagUsage gi="c" occurs="44"/>
            </namespace>
         </tagsDecl>
         <classDecl>
            <taxonomy xml:id="SSJ">
               <category xml:id="SSJ.T">
                  <catDesc>tisk</catDesc>
                  <category xml:id="SSJ.T.K">
                     <catDesc>knjižno</catDesc>
                     <category xml:id="SSJ.T.K.L">
                        <catDesc>leposlovno</catDesc>
                     </category>
                     <category xml:id="SSJ.T.K.S">
                        <catDesc>strokovno</catDesc>
                     </category>
                  </category>
                  <category xml:id="SSJ.T.P">
                     <catDesc>periodično</catDesc>
                     <category xml:id="SSJ.T.P.C">
                        <catDesc>časopis</catDesc>
                     </category>
                     <category xml:id="SSJ.T.P.R">
                        <catDesc>revija</catDesc>
                     </category>
                  </category>
                  <category xml:id="SSJ.T.D">
                     <catDesc>drugo</catDesc>
                  </category>
               </category>
               <category xml:id="SSJ.I">
                  <catDesc>internet</catDesc>
               </category>
            </taxonomy>
         </classDecl>
      </encodingDesc>
      <profileDesc>
         <textClass>
            <catRef target="#SSJ.T.P.R"/>
         </textClass>
      </profileDesc>
   </teiHeader>
   <text xml:id="F0001072." xml:lang="sl">
      <body>
         <p xml:id="F0001072.000154">
            <s>
               <w msd="Somei" lemma="način">Način</w>
               <S/>
               <w msd="Somer" lemma="lov">lova</w>
               <S/>
               <w msd="Vp" lemma="in">in</w>
               <S/>
               <w msd="Sozei" lemma="vaba">vaba</w>
               <c>:</c>
               <S/>
               <w msd="Ppnmeid" lemma="talen">talni</w>
               <S/>
               <w msd="Somei" lemma="ribolov">ribolov</w>
               <c>,</c>
               <S/>
               <w msd="Ggnste" lemma="bojleti">bojli</w>
            </s>
         </p>
         <p xml:id="F0001072.000208">
            <s>
               <w msd="Somei" lemma="način">Način</w>
               <S/>
               <w msd="Somer" lemma="lov">lova</w>
               <S/>
               <w msd="Vp" lemma="in">in</w>
               <S/>
               <w msd="Sozei" lemma="vaba">vaba</w>
               <c>:</c>
               <S/>
               <c>*</c>
               <c>,</c>
               <S/>
               <w msd="Sozei" lemma="polenta">polenta</w>
            </s>
         </p>
         <p xml:id="F0001072.000381">
            <s>
               <w msd="Ppnzmi" lemma="ribojed">Ribojede</w>
               <S/>
               <w msd="Sozmi" lemma="ptica">ptice</w>
               <c>,</c>
               <S/>
               <w msd="Dr" lemma="od">od</w>
               <S/>
               <w msd="Zv-mmr" lemma="kateri">katerih</w>
               <S/>
               <w msd="Rss" lemma="največ">največ</w>
               <S/>
               <w msd="Sozer" lemma="škoda">škode</w>
               <S/>
               <w msd="Ggdstm" lemma="povzročiti">povzročijo</w>
               <S/>
               <w msd="Sommi" lemma="kormoran">kormorani</w>
               <c>,</c>
               <S/>
               <w msd="Dr" lemma="iz">iz</w>
               <S/>
               <w msd="Soser" lemma="leto">leta</w>
               <S/>
               <w msd="Dt" lemma="v">v</w>
               <S/>
               <w msd="Soset" lemma="leto">leto</w>
               <S/>
               <w msd="Ggnstm" lemma="povzročati">povzročajo</w>
               <S/>
               <w msd="Rsr" lemma="več">več</w>
               <S/>
               <w msd="Ggnste" lemma="skrbeti">skrbi</w>
               <S/>
               <w msd="L" lemma="tudi">tudi</w>
               <S/>
               <w msd="Slser" lemma="RDA">RD</w>
               <S/>
               <w msd="Slsei" lemma="Celje">Celje</w>
               <c>.</c>
               <S/>
            </s>
            <s>
               <w msd="Pdnzer" lemma="reguliran">Regulirane</w>
               <S/>
               <w msd="Sozer" lemma="voda">vode</w>
               <S/>
               <w msd="Dr" lemma="brez">brez</w>
               <S/>
               <w msd="Ppnser" lemma="priobalen">priobalnega</w>
               <S/>
               <w msd="Soser" lemma="rastje">rastja</w>
               <S/>
               <w msd="Zotmmd--k" lemma="on">jim</w>
               <S/>
               <w msd="Ggnstm" lemma="omogočati">omogočajo</w>
               <c>,</c>
               <S/>
               <w msd="Vd" lemma="da">da</w>
               <S/>
               <w msd="Zp-set" lemma="svoj">svoje</w>
               <S/>
               <w msd="Ppnset" lemma="plenilski">plenilsko</w>
               <S/>
               <w msd="Soset" lemma="delo">delo</w>
               <S/>
               <w msd="Ggnstm" lemma="opravljati">opravljajo</w>
               <S/>
               <w msd="Dr" lemma="brez">brez</w>
               <S/>
               <w msd="Pppmer" lemma="velik">večjega</w>
               <S/>
               <w msd="Somer" lemma="trud">truda</w>
               <S/>
               <w msd="Vp" lemma="in">in</w>
               <S/>
               <w msd="Rsn" lemma="temeljito">temeljito</w>
               <c>.</c>
               <S/>
            </s>
            <s>
               <c>»</c>
               <w msd="Dr" lemma="namesto">Namesto</w>
               <S/>
               <w msd="Vd" lemma="da">da</w>
               <S/>
               <w msd="Gp-g" lemma="biti">bi</w>
               <S/>
               <w msd="Dr" lemma="od">od</w>
               <S/>
               <w msd="Ppnmmr" lemma="odgovoren">odgovornih</w>
               <S/>
               <w msd="Rsn" lemma="odločno">odločno</w>
               <S/>
               <w msd="Ggvd-mm" lemma="zahtevati">zahtevali</w>
               <S/>
               <w msd="Ppnset" lemma="strokoven">strokovno</w>
               <S/>
               <w msd="Soset" lemma="načrtovanje">načrtovanje</w>
               <S/>
               <w msd="Sommr" lemma="poseg">posegov</w>
               <S/>
               <w msd="Dt" lemma="v">v</w>
               <S/>
               <w msd="Sommt" lemma="vodotok">vodotoke</w>
               <c>,</c>
               <S/>
               <w msd="Zp------k" lemma="se">se</w>
               <S/>
               <w msd="Dt" lemma="v">v</w>
               <S/>
               <w msd="Sometn" lemma="nedogled">nedogled</w>
               <S/>
               <w msd="Ggnspm" lemma="prepirati">prepiramo</w>
               <S/>
               <w msd="Do" lemma="z">z</w>
               <S/>
               <w msd="Sommo" lemma="naravovarstvenik">naravovarstveniki</w>
               <c>,</c>
               <S/>
               <w msd="Ppnzmi" lemma="ribojed">ribojede</w>
               <S/>
               <w msd="Sozmi" lemma="ptica">ptice</w>
               <S/>
               <w msd="Vp" lemma="pa">pa</w>
               <S/>
               <w msd="Ggnstm" lemma="pleniti">plenijo</w>
               <S/>
               <w msd="Dm" lemma="po">po</w>
               <S/>
               <w msd="Zspzmmm" lemma="naš">naših</w>
               <S/>
               <w msd="Sozmm" lemma="voda">vodah</w>
               <c>,</c>
               <c>«</c>
               <S/>
               <w msd="Ggnste" lemma="razmišljati">razmišlja</w>
               <S/>
               <w msd="Slmei" lemma="Andoljšek">Andoljšek</w>
               <c>,</c>
               <S/>
               <w msd="Vp" lemma="a">a</w>
               <S/>
               <w msd="Gp-ste-n" lemma="biti">je</w>
               <S/>
               <w msd="Rsn" lemma="vseeno">vseeno</w>
               <S/>
               <w msd="L" lemma="tudi">tudi</w>
               <S/>
               <w msd="Somei" lemma="optimist">optimist</w>
               <c>:</c>
               <S/>
               <c>»</c>
               <w msd="Rsn" lemma="počasi">Počasi</w>
               <S/>
               <w msd="Zp------k" lemma="se">se</w>
               <S/>
               <w msd="Ggnste" lemma="premikati">premika</w>
               <S/>
               <w msd="Dt" lemma="na">na</w>
               <S/>
               <w msd="Rsr" lemma="dobro">bolje</w>
               <c>.</c>
               <S/>
            </s>
            <s>
               <w msd="Ggnstm" lemma="graditi">Gradijo</w>
               <S/>
               <w msd="Zp------k" lemma="se">se</w>
               <S/>
               <w msd="Ppnzmi" lemma="čistilen">čistilne</w>
               <S/>
               <w msd="Sozmi" lemma="naprava">naprave</w>
               <c>,</c>
               <S/>
               <w msd="Sommi" lemma="poseg">posegi</w>
               <S/>
               <w msd="Dt" lemma="v">v</w>
               <S/>
               <w msd="Sozer" lemma="voda">vode</w>
               <S/>
               <w msd="Rsn" lemma="počasi">počasi</w>
               <S/>
               <w msd="L" lemma="le">le</w>
               <S/>
               <w msd="Ggnstm" lemma="postajati">postajajo</w>
               <S/>
               <w msd="Pppmeid" lemma="prijazen">prijaznejši</w>
               <S/>
               <w msd="Dr" lemma="do">do</w>
               <S/>
               <w msd="Sommr" lemma="prebivalec">prebivalcev</w>
               <S/>
               <w msd="Dm" lemma="v">v</w>
               <S/>
               <w msd="Zotzmm" lemma="on">njih</w>
               <c>,</c>
               <S/>
               <w msd="Dt" lemma="v">v</w>
               <S/>
               <w msd="Sommt" lemma="kamnomet">kamnomete</w>
               <S/>
               <w msd="Ggnspm" lemma="podtikati">podtikamo</w>
               <S/>
               <w msd="Psnzer" lemma="vrbov">vrbove</w>
               <S/>
               <w msd="Sozmt" lemma="veja">veje</w>
               <c>,</c>
               <S/>
               <w msd="Vd" lemma="ki">ki</w>
               <S/>
               <w msd="Gp-ptm-n" lemma="biti">bodo</w>
               <S/>
               <w msd="Ggdd-ms" lemma="postati">postala</w>
               <S/>
               <w msd="Sosmi" lemma="drevo">drevesa</w>
               <c>,</c>
               <S/>
               <w msd="Ggnspm" lemma="graditi">gradimo</w>
               <S/>
               <w msd="Sommt" lemma="prag">pragove</w>
               <S/>
               <c>…</c>
               <S/>
            </s>
            <s>
               <w msd="Sozei" lemma="narava">Narava</w>
               <S/>
               <w msd="Zop-md" lemma="jaz">nam</w>
               <S/>
               <w msd="Ggnste" lemma="postajati">postaja</w>
               <S/>
               <w msd="Pppzei" lemma="blizek">bližja</w>
               <S/>
               <w msd="Vp" lemma="in">in</w>
               <S/>
               <w msd="Ggnspm" lemma="skušati">skušamo</w>
               <S/>
               <w msd="Zotzet--k" lemma="on">jo</w>
               <S/>
               <w msd="Ggdn" lemma="ohraniti">ohraniti</w>
               <S/>
               <w msd="L" lemma="tudi">tudi</w>
               <S/>
               <w msd="Dt" lemma="za">za</w>
               <S/>
               <w msd="Sommt" lemma="zanamec">zanamce</w>
               <c>.</c>
               <c>«</c>
            </s>
         </p>
         <p xml:id="F0001072.000404">
            <s>
               <w msd="Ppszet" lemma="velik">NAJVEČJO</w>
               <S/>
               <w msd="Sozet" lemma="riba">RIBO</w>
               <S/>
               <w msd="Sozet" lemma="šarenka">ŠARENKO</w>
               <c>,</c>
               <S/>
               <w msd="Kag" lemma="55">55</w>
               <S/>
               <w msd="Somei" lemma="cm">CM</w>
               <S/>
               <w msd="Gp-ste-n" lemma="biti">JE</w>
               <S/>
               <w msd="Ggdd-em" lemma="ujeti">UJEL</w>
               <S/>
               <w msd="Slmei" lemma="CIRIL">CIRIL</w>
               <S/>
               <w msd="Slmei" lemma="JENKO">JENKO</w>
               <S/>
               <w msd="Dr" lemma="iz">IZ</w>
               <S/>
               <w msd="Sozer" lemma="ekipa">EKIPE</w>
               <S/>
               <w msd="Slser" lemma="RDA">RD</w>
               <S/>
               <w msd="Slmei" lemma="BLED">BLED</w>
               <S/>
               <w msd="Kag" lemma="1">1</w>
               <c>.</c>
               <S/>
            </s>
            <s>
               <w msd="Sozei" lemma="šarenka">ŠARENKA</w>
               <c>,</c>
               <S/>
               <w msd="Ppnzei" lemma="dolg">DOLGA</w>
               <S/>
               <w msd="Kag" lemma="54">54</w>
               <S/>
               <w msd="Somei" lemma="cm">CM</w>
               <c>,</c>
               <S/>
               <w msd="Vd" lemma="ki">KI</w>
               <S/>
               <w msd="Zotzet--k" lemma="on">JO</w>
               <S/>
               <w msd="Gp-ste-n" lemma="biti">JE</w>
               <S/>
               <w msd="Ggdd-em" lemma="ujeti">UJEL</w>
               <S/>
               <w msd="Slmei" lemma="JOŽE">JOŽE</w>
               <S/>
               <w msd="Slmei" lemma="HAFNAR">HAFNAR</w>
               <S/>
               <w msd="Dr" lemma="iz">IZ</w>
               <S/>
               <w msd="Sozer" lemma="ekipa">EKIPE</w>
               <S/>
               <w msd="Slser" lemma="RDA">RD</w>
               <S/>
               <w msd="Slzei" lemma="RADOVLJICA">RADOVLJICA</w>
               <c>,</c>
               <S/>
               <w msd="Gp-ste-n" lemma="biti">JE</w>
               <S/>
               <w msd="Ggnd-ez" lemma="zadostovati">ZADOSTOVALA</w>
               <S/>
               <w msd="Dt" lemma="za">ZA</w>
               <S/>
               <w msd="Kbzset" lemma="drug">DRUGO</w>
               <S/>
               <w msd="Soset" lemma="mesto">MESTO</w>
               <c>,</c>
               <S/>
               <w msd="Slmei" lemma="MILAN">MILAN</w>
               <S/>
               <w msd="Slmei" lemma="PUH">PUH</w>
               <S/>
               <w msd="Dr" lemma="iz">IZ</w>
               <S/>
               <w msd="Sozer" lemma="ekipa">EKIPE</w>
               <S/>
               <w msd="Slser" lemma="RDA">RD</w>
               <S/>
               <w msd="Slmei" lemma="KRANJ">KRANJ</w>
               <S/>
               <w msd="Kag" lemma="2">2</w>
               <S/>
               <w msd="Vp" lemma="pa">PA</w>
               <S/>
               <w msd="Gp-ste-n" lemma="biti">JE</w>
               <S/>
               <w msd="Gp-d-em" lemma="biti">BIL</w>
               <S/>
               <w msd="Do" lemma="z">S</w>
               <S/>
               <w msd="Sozeo" lemma="šarenka">ŠARENKO</w>
               <c>,</c>
               <S/>
               <w msd="Rsn" lemma="dolgo">DOLGO</w>
               <S/>
               <w msd="Kag" lemma="54">54</w>
               <S/>
               <w msd="Somei" lemma="cm">CM</w>
               <c>,</c>
               <S/>
               <w msd="Kbvmei" lemma="tretji">TRETJI</w>
               <c>.</c>
               <S/>
            </s>
            <s>
               <w msd="Kbvmei" lemma="prvi">PRVI</w>
               <S/>
               <w msd="Somei" lemma="lipan">LIPAN</w>
               <S/>
               <w msd="Dm" lemma="na">NA</w>
               <S/>
               <w msd="Somem" lemma="seznam">SEZNAMU</w>
               <S/>
               <w msd="Ppszmr" lemma="velik">NAJVEČJIH</w>
               <S/>
               <w msd="Sozmr" lemma="riba">RIB</w>
               <S/>
               <w msd="Gp-ste-n" lemma="biti">JE</w>
               <S/>
               <w msd="Gp-d-em" lemma="biti">BIL</w>
               <S/>
               <w msd="Somei" lemma="dolg">DOLG</w>
               <S/>
               <w msd="Kag" lemma="52">52</w>
               <S/>
               <w msd="Somei" lemma="cm">CM</w>
               <S/>
               <w msd="Vp" lemma="in">IN</w>
               <S/>
               <w msd="Zotmet--k" lemma="on">GA</w>
               <S/>
               <w msd="Gp-ste-n" lemma="biti">JE</w>
               <S/>
               <w msd="Ggdd-em" lemma="ujeti">UJEL</w>
               <S/>
               <w msd="Slmei" lemma="MARKO">MARKO</w>
               <S/>
               <w msd="Slmei" lemma="NAHTIGAL">NAHTIGAL</w>
               <S/>
               <w msd="Dr" lemma="iz">IZ</w>
               <S/>
               <w msd="Sozer" lemma="ekipa">EKIPE</w>
               <S/>
               <w msd="Slser" lemma="RDA">RD</w>
               <S/>
               <w msd="Slmei" lemma="KRANJ">KRANJ</w>
               <S/>
               <w msd="Kag" lemma="1">1</w>
               <c>.</c>
               <S/>
            </s>
         </p>
         <p xml:id="F0001072.000620">
            <s>
               <w msd="Slmei" lemma="Krapolov">Krapolov</w>
               <c>,</c>
               <S/>
               <w msd="Dm" lemma="po">po</w>
               <S/>
               <w msd="Somem" lemma="svet">svetu</w>
               <S/>
               <w msd="Rsn" lemma="zelo">zelo</w>
               <S/>
               <w msd="Ppnzei" lemma="priljubljen">priljubljena</w>
               <S/>
               <w msd="Vp" lemma="in">in</w>
               <S/>
               <w msd="Ppnzei" lemma="razvit">razvita</w>
               <S/>
               <w msd="Sozei" lemma="zvrst">zvrst</w>
               <S/>
               <w msd="Ppnmer" lemma="športen">športnega</w>
               <S/>
               <w msd="Somer" lemma="ribolov">ribolova</w>
               <c>,</c>
               <S/>
               <w msd="Rsn" lemma="počasi">počasi</w>
               <S/>
               <w msd="Ggnste" lemma="prodirati">prodira</w>
               <S/>
               <w msd="L" lemma="tudi">tudi</w>
               <S/>
               <w msd="Dt" lemma="v">v</w>
               <S/>
               <w msd="Slzet" lemma="Slovenija">Slovenijo</w>
               <S/>
               <w msd="Vp" lemma="in">in</w>
               <S/>
               <w msd="Rsn" lemma="vse">vse</w>
               <S/>
               <w msd="Rsr" lemma="več">več</w>
               <S/>
               <w msd="Zod-mt" lemma="ti">vas</w>
               <S/>
               <w msd="Gp-ste-n" lemma="biti">je</w>
               <S/>
               <w msd="Zk-mmr" lemma="tak">takih</w>
               <c>,</c>
               <S/>
               <w msd="Vd" lemma="ki">ki</w>
               <S/>
               <w msd="Do" lemma="z">z</w>
               <S/>
               <w msd="Soseo" lemma="zanimanje">zanimanjem</w>
               <S/>
               <w msd="Ggnsdm" lemma="prebirati">prebirate</w>
               <S/>
               <w msd="Sommt" lemma="prispevek">prispevke</w>
               <S/>
               <w msd="O" lemma="mag.">mag.</w>
               <S/>
               <w msd="Slmer" lemma="Andrej">Andreja</w>
               <S/>
               <w msd="Slmer" lemma="Janc">Janca</w>
               <c>,</c>
               <S/>
               <w msd="Vd" lemma="ki">ki</w>
               <S/>
               <w msd="Zod-md" lemma="ti">vam</w>
               <S/>
               <w msd="Dr" lemma="iz">iz</w>
               <S/>
               <w msd="Sozer" lemma="številka">številke</w>
               <S/>
               <w msd="Dt" lemma="v">v</w>
               <S/>
               <w msd="Sozet" lemma="številka">številko</w>
               <S/>
               <w msd="Ggnste" lemma="razkrivati">razkriva</w>
               <S/>
               <w msd="Sozmt" lemma="skrivnost">skrivnosti</w>
               <S/>
               <w msd="Ppnmer" lemma="uspešen">uspešnega</w>
               <S/>
               <w msd="Somer" lemma="ribolov">ribolova</w>
               <c>.</c>
               <S/>
            </s>
            <s>
               <w msd="Rsn" lemma="tokrat">Tokrat</w>
               <S/>
               <w msd="Zod-md" lemma="ti">vam</w>
               <S/>
               <w msd="Gp-pte-n" lemma="biti">bo</w>
               <S/>
               <w msd="Ggdd-em" lemma="pojasniti">pojasnil</w>
               <c>,</c>
               <S/>
               <w msd="Rsn" lemma="kako">Kako</w>
               <S/>
               <w msd="Ggnspm" lemma="krmiti">krmimo</w>
               <S/>
               <w msd="Dm" lemma="na">na</w>
               <S/>
               <w msd="Pppzmm" lemma="velik">večjih</w>
               <S/>
               <w msd="Sometn" lemma="razdaljh">razdaljh</w>
               <c>,</c>
               <S/>
               <w msd="Vp" lemma="kajti">kajti</w>
               <S/>
               <w msd="Ppnzmi" lemma="velik">velike</w>
               <S/>
               <w msd="Sozmi" lemma="riba">ribe</w>
               <S/>
               <w msd="Zp------k" lemma="se">se</w>
               <S/>
               <w msd="Dr" lemma="iz">iz</w>
               <S/>
               <w msd="Sozer" lemma="previdnost">previdnosti</w>
               <S/>
               <w msd="Rsr" lemma="raje">raje</w>
               <S/>
               <w msd="Ggnstm" lemma="zadrževati">zadržujejo</w>
               <S/>
               <w msd="Rsr" lemma="daleč">dlje</w>
               <S/>
               <w msd="Dr" lemma="od">od</w>
               <S/>
               <w msd="Somer" lemma="breg">brega</w>
               <c>.</c>
            </s>
         </p>
      </body>
   </text>
</TEI>