<?xml version="1.0" encoding="UTF-8"?>
<TEI xmlns="http://www.tei-c.org/ns/1.0" xml:id="F0000090" xml:lang="sl">
   <teiHeader>
      <fileDesc>
         <titleStmt>
            <title>ccKRES: Ribič (2000-11)</title>
            <funder>Operacijo delno financira Evropska unija iz Evropskega socialnega sklada ter Ministrstvo za šolstvo in šport. Operacija se izvaja v okviru Operativnega programa razvoja človeških virov za obdobje 2007-2013, razvojne prioritete: razvoj človeških virov in vseživljenjskega učenja; prednostne usmeritve: izboljšanje kakovosti in učinkovitosti sistemov izobraževanja in usposabljanja 2007-2013.</funder>
         </titleStmt>
         <editionStmt>
            <edition>1.0</edition>
         </editionStmt>
         <extent>314 besed</extent>
         <publicationStmt>
            <idno>rib11_00</idno>
            <availability status="free">
               <p xml:lang="sl">Avtorske pravice za to izdajo ureja licenca <ref target="http://creativecommons.org/licenses/by-nc/2.5/si/">Creative Commons Priznanje avtorstva-Nekomercialno 2.5 Slovenija</ref>.</p>
               <p xml:lang="en">This work is licenced under the <ref target="http://creativecommons.org/licenses/by-nc/2.5/si/deed.en">Creative Commons Attribution-Noncommercial 2.5 Slovenia</ref>.</p>
            </availability>
            <date>2012-05-06</date>
         </publicationStmt>
         <sourceDesc>
            <bibl>
               <title>Ribič</title>
               <author n="???">neznani novinar</author>
               <date>2000-11</date>
               <publisher n="drugo">Ribiška zveza Slovenije</publisher>
               <note type="sourceLang">sl</note>
            </bibl>
         </sourceDesc>
      </fileDesc>
      <encodingDesc>
         <projectDesc>
            <p xml:lang="sl">Glej <ref target="http://www.korpus-kres.net/">www.korpus-kres.net</ref> oz. <ref target="http://nl.ijs.si/ssj/">nl.ijs.si/ssj</ref>.</p>
            <p xml:lang="en">See <ref target="http://www.korpus-kres.net/">www.korpus-kres.net</ref> or <ref target="http://nl.ijs.si/ssj/">nl.ijs.si/ssj</ref>.</p>
         </projectDesc>
         <samplingDecl>
            <p xml:lang="sl">
            Besedila in odstavki v korpusu KRES so bili vzorčeni iz
            Gigafide tako, da smo dobili 100-milijonski referenčni
            korpus, v katerem so besedila uravnotežena po vnaprej
            določenih taksonomskih deležih in po podatkih o branosti
            vira (časopisi, revije, novičarski portali).  Korpus
            ccKRES nato, z namenom, da je lahko dostopen po licenci CC,
            vsebuje 10 % naključno vzorčenih odstavkov besedil iz
            korpusa KRES, torej 10 milijonov besed.
	    Več o sestavi korpusa lahko preberete na 
            <ref target="http://www.korpus-kres.net/">www.korpus-kres.net</ref> oz.
            <ref target="http://nl.ijs.si/ssj/">nl.ijs.si/ssj</ref>.
	  </p>
            <p xml:lang="en">
            Texts and paragraphs in the KRES corpus have been sampled from the 
	    Gigafida corpus. The result of the sampling is a 100-million-word 
	    reference corpus. The texts in KRES are balanced according to the 
	    predetermined categories, with particular consideration being paid to 
	    the data on the popularity of the source (newspapers, magazines, 
	    Internet news sites). 
	    To enable free (CC) distribution of the corpus, the ccKRES corpus contains 
	    10% of randomly sampled paragraphs from KRES, i.e. contains 10 million words.
	    For more information about the contents of the corpus, 
	    see <ref target="http://www.korpus-kres.net/">www.korpus-kres.net</ref>
	    and <ref target="http://nl.ijs.si/ssj/">nl.ijs.si/ssj</ref>.
	  </p>
         </samplingDecl>
         <tagsDecl>
            <namespace name="http://www.tei-c.org/ns/1.0">
               <tagUsage gi="p" occurs="17"/>
               <tagUsage gi="s" occurs="24"/>
               <tagUsage gi="S" occurs="285"/>
               <tagUsage gi="w" occurs="314"/>
               <tagUsage gi="c" occurs="79"/>
            </namespace>
         </tagsDecl>
         <classDecl>
            <taxonomy xml:id="SSJ">
               <category xml:id="SSJ.T">
                  <catDesc>tisk</catDesc>
                  <category xml:id="SSJ.T.K">
                     <catDesc>knjižno</catDesc>
                     <category xml:id="SSJ.T.K.L">
                        <catDesc>leposlovno</catDesc>
                     </category>
                     <category xml:id="SSJ.T.K.S">
                        <catDesc>strokovno</catDesc>
                     </category>
                  </category>
                  <category xml:id="SSJ.T.P">
                     <catDesc>periodično</catDesc>
                     <category xml:id="SSJ.T.P.C">
                        <catDesc>časopis</catDesc>
                     </category>
                     <category xml:id="SSJ.T.P.R">
                        <catDesc>revija</catDesc>
                     </category>
                  </category>
                  <category xml:id="SSJ.T.D">
                     <catDesc>drugo</catDesc>
                  </category>
               </category>
               <category xml:id="SSJ.I">
                  <catDesc>internet</catDesc>
               </category>
            </taxonomy>
         </classDecl>
      </encodingDesc>
      <profileDesc>
         <textClass>
            <catRef target="#SSJ.T.P.R"/>
         </textClass>
      </profileDesc>
   </teiHeader>
   <text xml:id="F0000090." xml:lang="sl">
      <body>
         <p xml:id="F0000090.000017">
            <s>
               <w msd="Sozei" lemma="luka">Luka</w>
               <S/>
               <w msd="Slmei" lemma="Dakskobler">Dakskobler</w>
            </s>
         </p>
         <p xml:id="F0000090.000036">
            <s>
               <c>-</c>
               <S/>
               <w msd="Somei" lemma="zavod">ZAVOD</w>
               <S/>
               <w msd="Dt" lemma="za">ZA</w>
               <S/>
               <w msd="Soset" lemma="ribištvo">RIBIŠTVO</w>
               <S/>
               <w msd="Slzei" lemma="LJUBLJANA">LJUBLJANA</w>
               <c>,</c>
               <S/>
               <w msd="Psnzei" lemma="Župančičev">Župančičeva</w>
               <S/>
               <w msd="Sozei" lemma="ulica">ulica</w>
               <S/>
               <w msd="Kag" lemma="9">9</w>
               <c>,</c>
               <S/>
               <w msd="Kag" lemma="1000">1000</w>
               <S/>
               <w msd="Slzei" lemma="Ljubljana">Ljubljana</w>
               <c>,</c>
               <S/>
               <w msd="O" lemma="tel.">tel.</w>
               <c>:</c>
               <S/>
               <w msd="Kag" lemma="01">01</w>
               <S/>
               <c>/</c>
               <S/>
               <w msd="Kag" lemma="42">42</w>
               <c>-</c>
               <w msd="Kag" lemma="62">62</w>
               <c>-</c>
               <w msd="Kag" lemma="019">019</w>
               <S/>
               <w msd="Vp" lemma="ali">ali</w>
               <S/>
               <w msd="Kag" lemma="01">01</w>
               <S/>
               <c>/</c>
               <S/>
               <w msd="Kag" lemma="42">42</w>
               <c>-</c>
               <w msd="Kag" lemma="55">55</w>
               <c>-</c>
               <w msd="Kag" lemma="185">185</w>
               <S/>
               <c>(</c>
               <w msd="O" lemma="dr.">dr.</w>
               <S/>
               <w msd="Slzei" lemma="Meta">Meta</w>
               <S/>
               <w msd="Slzei" lemma="Povž">Povž</w>
               <c>)</c>
               <c>;</c>
            </s>
         </p>
         <p xml:id="F0000090.000060">
            <s>
               <w msd="Sozei" lemma="opomba">Opomba</w>
               <c>:</c>
               <S/>
               <w msd="Somei" lemma="zavod">Zavod</w>
               <S/>
               <w msd="Dt" lemma="za">za</w>
               <S/>
               <w msd="Ppnset" lemma="zdravstven">zdravstveno</w>
               <S/>
               <w msd="Soset" lemma="varstvo">varstvo</w>
               <S/>
               <w msd="Slmei" lemma="Kranj">Kranj</w>
               <S/>
               <w msd="L" lemma="ne">ne</w>
               <S/>
               <w msd="Ggnste" lemma="opravljati">opravlja</w>
               <S/>
               <w msd="Sommr" lemma="pregled">pregledov</w>
               <S/>
               <w msd="Pdnzmr" lemma="poginul">poginulih</w>
               <S/>
               <w msd="Sozmr" lemma="riba">rib</w>
               <c>.</c>
            </s>
         </p>
         <p xml:id="F0000090.000211">
            <s>
               <w msd="Slmei" lemma="Sašo">Sašo</w>
               <S/>
               <w msd="Slmei" lemma="Merkandel">Merkandel</w>
            </s>
         </p>
         <p xml:id="F0000090.000218">
            <s>
               <w msd="Dm" lemma="v">V</w>
               <S/>
               <w msd="Ppnmem" lemma="predzadnji">predzadnjem</w>
               <S/>
               <w msd="Somem" lemma="teden">tednu</w>
               <S/>
               <w msd="Ppnmer" lemma="letošnji">letošnjega</w>
               <S/>
               <w msd="Somer" lemma="julij">julija</w>
               <c>,</c>
               <S/>
               <w msd="Vd" lemma="ko">ko</w>
               <S/>
               <w msd="Gp-ste-n" lemma="biti">je</w>
               <S/>
               <w msd="Slmei" lemma="Bled">Bled</w>
               <S/>
               <w msd="Rsn" lemma="dobesedno">dobesedno</w>
               <S/>
               <w msd="Ggnd-em" lemma="vreti">vrel</w>
               <S/>
               <w msd="Dr" lemma="od">od</w>
               <S/>
               <w msd="Ppnzmr" lemma="vsakovrsten">vsakovrstnih</w>
               <S/>
               <w msd="Sozmr" lemma="prireditev">prireditev</w>
               <c>,</c>
               <S/>
               <w msd="Gp-stm-n" lemma="biti">so</w>
               <S/>
               <w msd="Dm" lemma="na">na</w>
               <S/>
               <w msd="Sometn" lemma="streljaj">streljaj</w>
               <S/>
               <w msd="Ppnmem" lemma="oddaljen">oddaljenem</w>
               <S/>
               <w msd="Somem" lemma="poligon">poligonu</w>
               <S/>
               <w msd="Dt" lemma="za">za</w>
               <S/>
               <w msd="Sometn" lemma="kasting">kasting</w>
               <c>,</c>
               <S/>
               <w msd="Dm" lemma="po">po</w>
               <S/>
               <w msd="Sosem" lemma="mnenje">mnenju</w>
               <S/>
               <w msd="Ppnmmr" lemma="tuj">tujih</w>
               <S/>
               <w msd="Sommr" lemma="tekmovalec">tekmovalcev</w>
               <S/>
               <w msd="Do" lemma="med">med</w>
               <S/>
               <w msd="Ppsmmo" lemma="lep">najlepšimi</w>
               <S/>
               <w msd="Dm" lemma="v">v</w>
               <S/>
               <w msd="Slzem" lemma="Evropa">Evropi</w>
               <c>,</c>
               <S/>
               <w msd="Ggnd-mz" lemma="potekati">potekale</w>
               <S/>
               <w msd="Sozmt" lemma="priprava">priprave</w>
               <S/>
               <w msd="Vp" lemma="in">in</w>
               <S/>
               <w msd="Sommi" lemma="trening">treningi</w>
               <S/>
               <w msd="Dt" lemma="za">za</w>
               <S/>
               <w msd="Kav" lemma="5.">5.</w>
               <S/>
               <w msd="Ppnmetd" lemma="evropski">evropski</w>
               <S/>
               <w msd="Sometn" lemma="pokal">pokal</w>
               <S/>
               <w msd="Dm" lemma="v">v</w>
               <S/>
               <w msd="Somem" lemma="kasting">kastingu</w>
               <c>.</c>
               <S/>
            </s>
            <s>
               <w msd="Slmei" lemma="Bled">Bled</w>
               <S/>
               <w msd="Gp-ste-n" lemma="biti">je</w>
               <S/>
               <w msd="Ggdd-em" lemma="ponuditi">ponudil</w>
               <S/>
               <w msd="Sosei" lemma="gostoljubje">gostoljubje</w>
               <S/>
               <w msd="Sozmd" lemma="reprezentanca">reprezentancam</w>
               <S/>
               <w msd="Slzer" lemma="Avstrija">Avstrije</w>
               <c>,</c>
               <S/>
               <w msd="Slzer" lemma="Nemčija">Nemčije</w>
               <c>,</c>
               <S/>
               <w msd="Slzer" lemma="Švedska">Švedske</w>
               <c>,</c>
               <S/>
               <w msd="Slzer" lemma="Bolgarija">Bolgarije</w>
               <c>,</c>
               <S/>
               <w msd="Slzer" lemma="Norveška">Norveške</w>
               <c>,</c>
               <S/>
               <w msd="Slzer" lemma="Italija">Italije</w>
               <c>,</c>
               <S/>
               <w msd="Slzer" lemma="Slovaška">Slovaške</w>
               <S/>
               <w msd="Vp" lemma="in">in</w>
               <S/>
               <w msd="Slzer" lemma="Slovenija">Slovenije</w>
               <c>,</c>
               <S/>
               <w msd="Rsn" lemma="skupaj">skupaj</w>
               <S/>
               <w msd="Kag" lemma="110">110</w>
               <S/>
               <w msd="Someo" lemma="reprezentant">reprezentantom</w>
               <S/>
               <w msd="Vp" lemma="in">in</w>
               <S/>
               <w msd="Zstmmdm" lemma="njihov">njihovim</w>
               <S/>
               <w msd="Someo" lemma="spremljevalec">spremljevalcem</w>
               <c>.</c>
               <S/>
            </s>
            <s>
               <w msd="Dt" lemma="v">V</w>
               <S/>
               <w msd="Sozet" lemma="sobota">soboto</w>
               <c>,</c>
               <S/>
               <w msd="Kav" lemma="22.">22.</w>
               <S/>
               <w msd="Somer" lemma="julij">julija</w>
               <c>,</c>
               <S/>
               <w msd="Gp-stm-n" lemma="biti">so</w>
               <S/>
               <w msd="Ppszmi" lemma="dober">najboljše</w>
               <S/>
               <w msd="Ppnmmt" lemma="evropski">evropske</w>
               <S/>
               <w msd="Sommt" lemma="tekmovalec">tekmovalce</w>
               <S/>
               <w msd="Ggdd-mm" lemma="pozdraviti">pozdravili</w>
               <S/>
               <w msd="Vp" lemma="in">in</w>
               <S/>
               <w msd="Zotzmd--k" lemma="on">jim</w>
               <S/>
               <w msd="Ggdd-mm" lemma="zaželeti">zaželeli</w>
               <S/>
               <w msd="Rsn" lemma="čim">čim</w>
               <S/>
               <w msd="Pppzer" lemma="dober">boljše</w>
               <S/>
               <w msd="Sommt" lemma="uspeh">uspehe</w>
               <S/>
               <w msd="Somei" lemma="vodja">vodja</w>
               <S/>
               <w msd="Ppnmer" lemma="organizacijski">organizacijskega</w>
               <S/>
               <w msd="Somer" lemma="komite">komiteja</w>
               <S/>
               <w msd="Slmei" lemma="Zdravko">Zdravko</w>
               <S/>
               <w msd="Slmei" lemma="Štibil">Štibil</w>
               <c>,</c>
               <S/>
               <w msd="Somei" lemma="predsednik">predsednik</w>
               <S/>
               <w msd="Slser" lemma="RDA">RD</w>
               <S/>
               <w msd="Slmei" lemma="Bled">Bled</w>
               <S/>
               <w msd="Slmei" lemma="Franc">Franc</w>
               <S/>
               <w msd="Slmei" lemma="Krmelj">Krmelj</w>
               <S/>
               <w msd="Vp" lemma="in">in</w>
               <S/>
               <w msd="Vd" lemma="kot">kot</w>
               <S/>
               <w msd="Ppnmeid" lemma="časten">častni</w>
               <S/>
               <w msd="Somei" lemma="gost">gost</w>
               <S/>
               <w msd="Slmei" lemma="Stanislav">Stanislav</w>
               <S/>
               <w msd="Slmei" lemma="Bradeško">Bradeško</w>
               <c>,</c>
               <S/>
               <w msd="Somei" lemma="podpredsednik">podpredsednik</w>
               <S/>
               <w msd="Slzer" lemma="RZS">RZS</w>
               <c>.</c>
            </s>
         </p>
         <p xml:id="F0000090.000235">
            <s>
               <w msd="Sosei" lemma="muharjenje">Muharjenje</w>
               <S/>
               <w msd="Dm" lemma="na">na</w>
               <S/>
               <w msd="Ppnsem" lemma="tropski">tropskem</w>
               <S/>
               <w msd="Sosem" lemma="morje">morju</w>
               <S/>
            </s>
         </p>
         <p xml:id="F0000090.000273">
            <s>
               <w msd="Slzei" lemma="Ribič">Ribič</w>
               <c>/</c>
               <w msd="Kag" lemma="11">11</w>
               <c>-</c>
               <w msd="Kag" lemma="2000">2000</w>
               <c>/</c>
               <w msd="Ppnmetn" lemma="nerealiziran">Nerealiziran</w>
               <S/>
               <w msd="Somei" lemma="sklep">sklep</w>
               <S/>
               <w msd="Sozer" lemma="vlada">vlade</w>
            </s>
         </p>
         <p xml:id="F0000090.000307">
            <s>
               <w msd="Slmei" lemma="Miran">Miran</w>
               <S/>
               <w msd="Slmei" lemma="Božnar">Božnar</w>
               <c>,</c>
               <S/>
               <w msd="Ppnzei" lemma="Škofji">Škofja</w>
               <S/>
               <w msd="Slzei" lemma="Loka">Loka</w>
            </s>
         </p>
         <p xml:id="F0000090.000350">
            <s>
               <w msd="Somei" lemma="naslov">Naslov</w>
               <c>:</c>
               <S/>
               <w msd="Sozei" lemma="ulica">Ulica</w>
               <S/>
               <w msd="Slmer" lemma="Miran">Mirana</w>
               <S/>
               <w msd="Slmetd" lemma="Jarc">Jarca</w>
               <S/>
               <w msd="Kag" lemma="3">3</w>
               <c>,</c>
               <S/>
               <w msd="Kag" lemma="1233">1233</w>
               <S/>
               <w msd="Somei" lemma="dob">Dob</w>
               <S/>
               <w msd="Dm" lemma="pri">pri</w>
               <S/>
               <w msd="Slzmm" lemma="Domžale">Domžalah</w>
            </s>
         </p>
         <p xml:id="F0000090.000394">
            <s>
               <w msd="Somei" lemma="uplenitelj">Uplenitelj</w>
               <c>:</c>
               <S/>
               <w msd="Slmei" lemma="Franjo">Franjo</w>
               <S/>
               <w msd="Slmei" lemma="Rašič">Rašič</w>
            </s>
         </p>
         <p xml:id="F0000090.000420">
            <s>
               <w msd="Sommi" lemma="podpis">Podpisi</w>
               <S/>
               <w msd="Dd" lemma="k">k</w>
               <S/>
               <w msd="Sozmd" lemma="fotografija">fotografijam</w>
               <c>:</c>
            </s>
         </p>
         <p xml:id="F0000090.000434">
            <s>
               <c>-</c>
               <S/>
               <w msd="Somei" lemma="zavod">ZAVOD</w>
               <S/>
               <w msd="Dt" lemma="za">ZA</w>
               <S/>
               <w msd="Ppnset" lemma="zdravstven">ZDRAVSTVENO</w>
               <S/>
               <w msd="Soset" lemma="varstvo">VARSTVO</w>
               <S/>
               <w msd="Ppnzei" lemma="nov">NOVA</w>
               <S/>
               <w msd="Slzei" lemma="GORICA">GORICA</w>
               <c>,</c>
               <S/>
               <w msd="Ppnzei" lemma="kostanjeviški">Kostanjeviška</w>
               <S/>
               <w msd="Sozei" lemma="cesta">cesta</w>
               <S/>
               <w msd="Kag" lemma="16">16</w>
               <c>/</c>
               <w msd="Somei" lemma="a">a</w>
               <c>,</c>
               <S/>
               <w msd="Kag" lemma="5000">5000</w>
               <S/>
               <w msd="Ppnzei" lemma="nov">Nova</w>
               <S/>
               <w msd="Slzei" lemma="Gorica">Gorica</w>
               <c>,</c>
               <S/>
               <w msd="O" lemma="tel.">tel.</w>
               <c>:</c>
               <S/>
               <w msd="Kag" lemma="05">05</w>
               <c>/</c>
               <w msd="Kag" lemma="33">33</w>
               <c>-</c>
               <w msd="Kag" lemma="08">08</w>
               <c>-</c>
               <w msd="Kag" lemma="606">606</w>
               <S/>
               <w msd="Vp" lemma="ali">ali</w>
               <S/>
               <w msd="Kag" lemma="05">05</w>
               <c>/</c>
               <w msd="Kag" lemma="33">33</w>
               <c>-</c>
               <w msd="Kag" lemma="08">08</w>
               <c>-</c>
               <w msd="Kag" lemma="600">600</w>
               <S/>
               <c>(</c>
               <w msd="O" lemma="dipl.">dipl.</w>
               <S/>
               <w msd="O" lemma="ing.">ing.</w>
               <S/>
               <w msd="Slzei" lemma="Mirjam">Mirjam</w>
               <S/>
               <w msd="Slmei" lemma="Hojak">Hojak</w>
               <c>)</c>
               <c>;</c>
            </s>
         </p>
         <p xml:id="F0000090.000457">
            <s>
               <w msd="Slmei" lemma="Ribič">Ribič</w>
               <c>/</c>
               <w msd="Kag" lemma="11">11</w>
               <c>-</c>
               <w msd="Kag" lemma="2000">2000</w>
               <c>/</c>
               <w msd="Sozei" lemma="šola">Šola</w>
               <S/>
               <w msd="Dt" lemma="za">za</w>
               <S/>
               <w msd="Ppnmmt" lemma="mlad">mlade</w>
               <S/>
               <w msd="Sommt" lemma="ribič">ribiče</w>
            </s>
         </p>
         <p xml:id="F0000090.000460">
            <s>
               <w msd="Dt" lemma="skozi">Skozi</w>
               <S/>
               <w msd="Sozet" lemma="glava">glavo</w>
               <S/>
               <w msd="Gp-stm-n" lemma="biti">so</w>
               <S/>
               <w msd="Zop-ed--k" lemma="jaz">mi</w>
               <S/>
               <w msd="Ggnd-mz" lemma="švigati">švigale</w>
               <S/>
               <w msd="Sozmi" lemma="misel">misli</w>
               <c>.</c>
               <S/>
            </s>
            <s>
               <w msd="Rsn" lemma="kako">Kako</w>
               <c>,</c>
               <S/>
               <w msd="Dt" lemma="na">na</w>
               <S/>
               <w msd="Zv-met" lemma="kakšen">kakšen</w>
               <S/>
               <w msd="Sometn" lemma="način">način</w>
               <S/>
               <w msd="Vp" lemma="in">in</w>
               <S/>
               <w msd="Vp" lemma="ali">ali</w>
               <S/>
               <w msd="Gp-ste-n" lemma="biti">je</w>
               <S/>
               <w msd="L" lemma="sploh">sploh</w>
               <S/>
               <w msd="Ppnsei" lemma="smiseln">smiselno</w>
               <S/>
               <w msd="Ggnn" lemma="poskušati">poskušati</w>
               <S/>
               <w msd="Do" lemma="z">z</w>
               <S/>
               <w msd="Sozeo" lemma="oprema">opremo</w>
               <c>,</c>
               <S/>
               <w msd="Vd" lemma="ki">ki</w>
               <S/>
               <w msd="Zotzet--k" lemma="on">jo</w>
               <S/>
               <w msd="Ggnspe-n" lemma="imeti">imam</w>
               <S/>
               <w msd="Dm" lemma="pri">pri</w>
               <S/>
               <w msd="Sozem" lemma="roka">roki</w>
               <c>.</c>
               <S/>
            </s>
            <s>
               <w msd="Ggvd-em" lemma="muhariti">Muharil</w>
               <S/>
               <w msd="Gp-spe-n" lemma="biti">sem</w>
               <S/>
               <w msd="Vp" lemma="in">in</w>
               <S/>
               <w msd="Zspmeie" lemma="moj">moj</w>
               <S/>
               <w msd="Ppnmeid" lemma="edin">edini</w>
               <S/>
               <w msd="Somei" lemma="pripomiček">pripomiček</w>
               <S/>
               <w msd="Gp-ste-n" lemma="biti">je</w>
               <S/>
               <w msd="Gp-d-ez" lemma="biti">bila</w>
               <S/>
               <w msd="Sozei" lemma="muharica">muharica</w>
               <c>,</c>
               <S/>
               <w msd="Vp" lemma="pa">pa</w>
               <S/>
               <w msd="L" lemma="še">še</w>
               <S/>
               <w msd="Zk-met" lemma="ta">ta</w>
               <S/>
               <c>#</c>
               <w msd="Kag" lemma="4">4</w>
               <c>,</c>
               <S/>
               <w msd="Dt" lemma="za">za</w>
               <S/>
               <w msd="Ppnmetn" lemma="lahek">lahek</w>
               <S/>
               <w msd="Sometn" lemma="ribolov">ribolov</w>
               <c>.</c>
            </s>
         </p>
         <p xml:id="F0000090.000509">
            <s>
               <w msd="Sozei" lemma="ekipa">Ekipa</w>
               <S/>
               <w msd="Slser" lemma="RDA">RD</w>
               <S/>
               <w msd="Slzei" lemma="Radgona">Radgona</w>
               <S/>
               <w msd="Ggdd-ez" lemma="doseči">dosegla</w>
               <S/>
               <w msd="Kav" lemma="17.">17.</w>
               <S/>
               <w msd="Soset" lemma="mesto">mesto</w>
            </s>
         </p>
         <p xml:id="F0000090.000528">
            <s>
               <w msd="Slmei" lemma="Igor">Igor</w>
               <S/>
               <w msd="Slzei" lemma="Holy">Holy</w>
            </s>
         </p>
         <p xml:id="F0000090.000535">
            <s>
               <w msd="Pdnzei" lemma="omenjen">Omenjena</w>
               <S/>
               <w msd="Ppnzei" lemma="droben">drobna</w>
               <S/>
               <w msd="Sozei" lemma="zmaga">zmaga</w>
               <S/>
               <w msd="Ggvste" lemma="pomeniti">pomeni</w>
               <c>,</c>
               <S/>
               <w msd="Vd" lemma="da">da</w>
               <S/>
               <w msd="Zod-md" lemma="ti">vam</w>
               <S/>
               <w msd="Rsn" lemma="lahko">lahko</w>
               <S/>
               <w msd="Dm" lemma="v">v</w>
               <S/>
               <w msd="Ppnmem" lemma="kratek">kratkem</w>
               <S/>
               <w msd="Ggdspe" lemma="predstaviti">predstavim</w>
               <S/>
               <w msd="Sozet" lemma="vsebina">vsebino</w>
               <S/>
               <w msd="Kav" lemma="11.">11.</w>
               <S/>
               <w msd="Sozmt" lemma="številka">številke</w>
               <S/>
               <w msd="Soser" lemma="glasilo">glasila</w>
               <c>.</c>
               <S/>
            </s>
            <s>
               <w msd="Vd" lemma="kot">Kot</w>
               <S/>
               <w msd="Gp-ste-n" lemma="biti">je</w>
               <S/>
               <w msd="Ggvn" lemma="videti">videti</w>
               <c>,</c>
               <S/>
               <w msd="Gp-stm-n" lemma="biti">so</w>
               <S/>
               <w msd="Ggdd-ez" lemma="zaživeti">zaživela</w>
               <S/>
               <w msd="Sosmi" lemma="pismo">Pisma</w>
               <S/>
               <w msd="Sommr" lemma="bralec">bralcev</w>
               <c>.</c>
               <S/>
            </s>
            <s>
               <w msd="Zp-set" lemma="svoj">Svoje</w>
               <S/>
               <w msd="Soset" lemma="mnenje">mnenje</w>
               <S/>
               <w msd="Dm" lemma="o">o</w>
               <S/>
               <w msd="Sosem" lemma="predstavljanje">predstavljanju</w>
               <S/>
               <w msd="Sozmr" lemma="trofeja">trofej</w>
               <S/>
               <w msd="Gp-ste-n" lemma="biti">je</w>
               <S/>
               <w msd="Ggdd-em" lemma="zapisati">zapisal</w>
               <S/>
               <w msd="Slmei" lemma="Ivan">Ivan</w>
               <S/>
               <w msd="Slmei" lemma="Gruntar">Gruntar</w>
               <c>,</c>
               <S/>
               <w msd="Somei" lemma="soavtor">soavtor</w>
               <S/>
               <w msd="Sozer" lemma="knjižica">knjižice</w>
               <S/>
               <w msd="Ppnzer" lemma="trofejen">Trofejne</w>
               <S/>
               <w msd="Sozer" lemma="riba">ribe</w>
               <S/>
               <w msd="Slzer" lemma="Soča">Soče</w>
               <S/>
               <w msd="Do" lemma="z">s</w>
               <S/>
               <w msd="Sommo" lemma="pritok">pritoki</w>
               <c>,</c>
               <S/>
               <w msd="Dm" lemma="v">v</w>
               <S/>
               <w msd="Zv-zem" lemma="kateri">kateri</w>
               <S/>
               <w msd="Gp-ste-n" lemma="biti">je</w>
               <S/>
               <w msd="Do" lemma="z">s</w>
               <S/>
               <w msd="Sommo" lemma="kriterij">kriteriji</w>
               <c>,</c>
               <S/>
               <w msd="Dm" lemma="o">o</w>
               <S/>
               <w msd="Zv-mmm" lemma="kateri">katerih</w>
               <S/>
               <w msd="Ggnste" lemma="govoriti">govori</w>
               <S/>
               <w msd="Dm" lemma="v">v</w>
               <S/>
               <w msd="Zp-mem" lemma="svoj">svojem</w>
               <S/>
               <w msd="Somem" lemma="prispevek">prispevku</w>
               <c>,</c>
               <S/>
               <w msd="L" lemma="tudi">tudi</w>
               <S/>
               <w msd="Ggdd-em" lemma="oceniti">ocenil</w>
               <S/>
               <w msd="Ppnset" lemma="lep">lepo</w>
               <S/>
               <w msd="Soset" lemma="število">število</w>
               <S/>
               <w msd="Sozmr" lemma="trofeja">trofej</w>
               <c>.</c>
               <S/>
            </s>
            <s>
               <w msd="Ggnspe" lemma="upati">Upam</w>
               <c>,</c>
               <S/>
               <w msd="Vd" lemma="da">da</w>
               <S/>
               <w msd="Gp-pte-n" lemma="biti">bo</w>
               <S/>
               <w msd="Dm" lemma="ob">ob</w>
               <S/>
               <w msd="Zstsemem" lemma="njegov">njegovem</w>
               <S/>
               <w msd="Sosem" lemma="razmišljanje">razmišljanju</w>
               <S/>
               <w msd="Ggdd-ez" lemma="dobiti">dobila</w>
               <S/>
               <w msd="Zv-zet" lemma="kakšen">kakšno</w>
               <S/>
               <w msd="Sozet" lemma="izamisel">izamisel</w>
               <S/>
               <w msd="Sozei" lemma="sekcija">Sekcija</w>
               <S/>
               <w msd="Dt" lemma="za">za</w>
               <S/>
               <w msd="Soset" lemma="spremljanje">spremljanje</w>
               <S/>
               <w msd="Ppnmmr" lemma="trofejen">trofejnih</w>
               <S/>
               <w msd="Sommr" lemma="ulov">ulovov</w>
               <S/>
               <w msd="Vp" lemma="in">in</w>
               <S/>
               <w msd="Soset" lemma="preparatorstvo">preparatorstvo</w>
               <S/>
               <w msd="Dm" lemma="pri">pri</w>
               <S/>
               <w msd="Slzer" lemma="RZS">RZS</w>
               <S/>
               <w msd="Vp" lemma="in">in</w>
               <S/>
               <w msd="Zotmet--k" lemma="on">ga</w>
               <S/>
               <w msd="Ggdd-ez" lemma="povabiti">povabila</w>
               <S/>
               <w msd="Dd" lemma="k">k</w>
               <S/>
               <w msd="Sosed" lemma="sodelovanje">sodelovanju</w>
               <c>.</c>
            </s>
         </p>
      </body>
   </text>
</TEI>