<?xml version="1.0" encoding="UTF-8"?>
<TEI xmlns="http://www.tei-c.org/ns/1.0" xml:id="F0001187" xml:lang="sl">
   <teiHeader>
      <fileDesc>
         <titleStmt>
            <title>ccKRES: Kmečki glas (2001-09)</title>
            <funder>Operacijo delno financira Evropska unija iz Evropskega socialnega sklada ter Ministrstvo za šolstvo in šport. Operacija se izvaja v okviru Operativnega programa razvoja človeških virov za obdobje 2007-2013, razvojne prioritete: razvoj človeških virov in vseživljenjskega učenja; prednostne usmeritve: izboljšanje kakovosti in učinkovitosti sistemov izobraževanja in usposabljanja 2007-2013.</funder>
         </titleStmt>
         <editionStmt>
            <edition>1.0</edition>
         </editionStmt>
         <extent>381 besed</extent>
         <publicationStmt>
            <idno>37_01</idno>
            <availability status="free">
               <p xml:lang="sl">Avtorske pravice za to izdajo ureja licenca <ref target="http://creativecommons.org/licenses/by-nc/2.5/si/">Creative Commons Priznanje avtorstva-Nekomercialno 2.5 Slovenija</ref>.</p>
               <p xml:lang="en">This work is licenced under the <ref target="http://creativecommons.org/licenses/by-nc/2.5/si/deed.en">Creative Commons Attribution-Noncommercial 2.5 Slovenia</ref>.</p>
            </availability>
            <date>2012-05-06</date>
         </publicationStmt>
         <sourceDesc>
            <bibl>
               <title>Kmečki glas</title>
               <author n="???">neznani novinar</author>
               <date>2001-09</date>
               <publisher n="drugo">Kmečki glas</publisher>
               <note type="sourceLang">sl</note>
            </bibl>
         </sourceDesc>
      </fileDesc>
      <encodingDesc>
         <projectDesc>
            <p xml:lang="sl">Glej <ref target="http://www.korpus-kres.net/">www.korpus-kres.net</ref> oz. <ref target="http://nl.ijs.si/ssj/">nl.ijs.si/ssj</ref>.</p>
            <p xml:lang="en">See <ref target="http://www.korpus-kres.net/">www.korpus-kres.net</ref> or <ref target="http://nl.ijs.si/ssj/">nl.ijs.si/ssj</ref>.</p>
         </projectDesc>
         <samplingDecl>
            <p xml:lang="sl">
            Besedila in odstavki v korpusu KRES so bili vzorčeni iz
            Gigafide tako, da smo dobili 100-milijonski referenčni
            korpus, v katerem so besedila uravnotežena po vnaprej
            določenih taksonomskih deležih in po podatkih o branosti
            vira (časopisi, revije, novičarski portali).  Korpus
            ccKRES nato, z namenom, da je lahko dostopen po licenci CC,
            vsebuje 10 % naključno vzorčenih odstavkov besedil iz
            korpusa KRES, torej 10 milijonov besed.
	    Več o sestavi korpusa lahko preberete na 
            <ref target="http://www.korpus-kres.net/">www.korpus-kres.net</ref> oz.
            <ref target="http://nl.ijs.si/ssj/">nl.ijs.si/ssj</ref>.
	  </p>
            <p xml:lang="en">
            Texts and paragraphs in the KRES corpus have been sampled from the 
	    Gigafida corpus. The result of the sampling is a 100-million-word 
	    reference corpus. The texts in KRES are balanced according to the 
	    predetermined categories, with particular consideration being paid to 
	    the data on the popularity of the source (newspapers, magazines, 
	    Internet news sites). 
	    To enable free (CC) distribution of the corpus, the ccKRES corpus contains 
	    10% of randomly sampled paragraphs from KRES, i.e. contains 10 million words.
	    For more information about the contents of the corpus, 
	    see <ref target="http://www.korpus-kres.net/">www.korpus-kres.net</ref>
	    and <ref target="http://nl.ijs.si/ssj/">nl.ijs.si/ssj</ref>.
	  </p>
         </samplingDecl>
         <tagsDecl>
            <namespace name="http://www.tei-c.org/ns/1.0">
               <tagUsage gi="p" occurs="13"/>
               <tagUsage gi="s" occurs="32"/>
               <tagUsage gi="w" occurs="381"/>
               <tagUsage gi="c" occurs="80"/>
               <tagUsage gi="S" occurs="372"/>
            </namespace>
         </tagsDecl>
         <classDecl>
            <taxonomy xml:id="SSJ">
               <category xml:id="SSJ.T">
                  <catDesc>tisk</catDesc>
                  <category xml:id="SSJ.T.K">
                     <catDesc>knjižno</catDesc>
                     <category xml:id="SSJ.T.K.L">
                        <catDesc>leposlovno</catDesc>
                     </category>
                     <category xml:id="SSJ.T.K.S">
                        <catDesc>strokovno</catDesc>
                     </category>
                  </category>
                  <category xml:id="SSJ.T.P">
                     <catDesc>periodično</catDesc>
                     <category xml:id="SSJ.T.P.C">
                        <catDesc>časopis</catDesc>
                     </category>
                     <category xml:id="SSJ.T.P.R">
                        <catDesc>revija</catDesc>
                     </category>
                  </category>
                  <category xml:id="SSJ.T.D">
                     <catDesc>drugo</catDesc>
                  </category>
               </category>
               <category xml:id="SSJ.I">
                  <catDesc>internet</catDesc>
               </category>
            </taxonomy>
         </classDecl>
      </encodingDesc>
      <profileDesc>
         <textClass>
            <catRef target="#SSJ.T.P.C"/>
         </textClass>
      </profileDesc>
   </teiHeader>
   <text xml:id="F0001187." xml:lang="sl">
      <body>
         <p xml:id="F0001187.000175">
            <s>
               <w msd="Ppnmeid" lemma="strojen">Strojni</w>
               <S/>
               <w msd="Somei" lemma="krožek">krožek</w>
               <S/>
               <w msd="Ppnzei" lemma="murski">Murska</w>
               <S/>
               <w msd="Sozei" lemma="sobota">Sobota</w>
               <S/>
               <w msd="Ggnste" lemma="delovati">deluje</w>
               <S/>
               <w msd="Dm" lemma="na">na</w>
               <S/>
               <w msd="Sosem" lemma="območje">območju</w>
               <S/>
               <w msd="Ppnzer" lemma="upraven">upravne</w>
               <S/>
               <w msd="Sozer" lemma="enota">enote</w>
               <S/>
               <w msd="Ppnzei" lemma="murski">Murska</w>
               <S/>
               <w msd="Slzei" lemma="Sobota">Sobota</w>
               <c>.</c>
               <S/>
            </s>
            <s>
               <w msd="Pdnmein" lemma="ustanovljen">Ustanovljen</w>
               <S/>
               <w msd="Gp-ste-n" lemma="biti">je</w>
               <S/>
               <w msd="Gp-d-em" lemma="biti">bil</w>
               <S/>
               <w msd="Soser" lemma="leto">leta</w>
               <S/>
               <w msd="Kag" lemma="1994">1994</w>
               <c>.</c>
               <S/>
            </s>
            <s>
               <w msd="Rsn" lemma="trenutno">Trenutno</w>
               <S/>
               <w msd="Ggnste-n" lemma="imeti">ima</w>
               <S/>
               <w msd="Rsn" lemma="okrog">okrog</w>
               <S/>
               <w msd="Kag" lemma="400">400</w>
               <S/>
               <w msd="Sommr" lemma="član">članov</w>
               <c>.</c>
               <S/>
            </s>
            <s>
               <w msd="Sommi" lemma="član">Člani</w>
               <S/>
               <w msd="Ggnstm" lemma="opravljati">opravljajo</w>
               <S/>
               <w msd="Zc-zmt" lemma="ves">vse</w>
               <S/>
               <w msd="Ppnzmt" lemma="strojen">strojne</w>
               <S/>
               <w msd="Sozmt" lemma="storitev">storitve</w>
               <S/>
               <w msd="Dr" lemma="od">od</w>
               <S/>
               <w msd="Ppnzer" lemma="osnoven">osnovne</w>
               <S/>
               <w msd="Sozer" lemma="priprava">priprave</w>
               <S/>
               <w msd="Sosmr" lemma="tla">tal</w>
               <S/>
               <w msd="Dr" lemma="do">do</w>
               <S/>
               <w msd="Soser" lemma="spravilo">spravila</w>
               <S/>
               <w msd="Sommr" lemma="pridelek">pridelkov</w>
               <S/>
               <w msd="Vp" lemma="in">in</w>
               <S/>
               <w msd="Dm" lemma="v">v</w>
               <S/>
               <w msd="Somem" lemma="dogovor">dogovoru</w>
               <S/>
               <w msd="Do" lemma="z">z</w>
               <S/>
               <w msd="Ppnzmo" lemma="vaški">vaškimi</w>
               <S/>
               <w msd="Sozmo" lemma="skupnost">skupnostmi</w>
               <S/>
               <w msd="L" lemma="tudi">tudi</w>
               <S/>
               <w msd="Ppnzmi" lemma="komunalen">komunalne</w>
               <S/>
               <w msd="Sozmi" lemma="storitev">storitve</w>
               <c>,</c>
               <S/>
               <w msd="L" lemma="predvsem">predvsem</w>
               <S/>
               <w msd="Sosei" lemma="pluženje">pluženje</w>
               <S/>
               <w msd="Somer" lemma="sneg">snega</w>
               <S/>
               <w msd="Dm" lemma="na">na</w>
               <S/>
               <w msd="Ppnzmm" lemma="vaški">vaških</w>
               <S/>
               <w msd="Sozmm" lemma="cesta">cestah</w>
               <S/>
               <w msd="Vp" lemma="in">in</w>
               <S/>
               <w msd="Sozmm" lemma="pot">poteh</w>
               <c>.</c>
               <S/>
            </s>
            <s>
               <w msd="Somei" lemma="predsednik">Predsednik</w>
               <S/>
               <w msd="Ppnmer" lemma="strojen">strojnega</w>
               <S/>
               <w msd="Somer" lemma="krožek">krožka</w>
               <S/>
               <w msd="Gp-ste-n" lemma="biti">je</w>
               <S/>
               <w msd="L" lemma="že">že</w>
               <S/>
               <w msd="Dr" lemma="od">od</w>
               <S/>
               <w msd="Somer" lemma="začetek">začetka</w>
               <S/>
               <w msd="Slmei" lemma="Boris">Boris</w>
               <S/>
               <w msd="Slmei" lemma="Gumilar">Gumilar</w>
               <c>,</c>
               <S/>
               <w msd="Slmei" lemma="Markišavci">Markišavci</w>
               <S/>
               <w msd="Kag" lemma="32">32</w>
               <c>,</c>
               <S/>
               <w msd="Kag" lemma="9000">9000</w>
               <S/>
               <w msd="Ppnzei" lemma="murski">Murska</w>
               <S/>
               <w msd="Slzei" lemma="Sobota">Sobota</w>
               <c>,</c>
               <S/>
               <w msd="Somei" lemma="podpredsednik">podpredsednik</w>
               <S/>
               <w msd="Vp" lemma="pa">pa</w>
               <S/>
               <w msd="Slmei" lemma="Štefan">Štefan</w>
               <S/>
               <w msd="Slmei" lemma="Kuhar">Kuhar</w>
               <c>,</c>
               <S/>
               <w msd="Slmei" lemma="Nemčavci">Nemčavci</w>
               <S/>
               <w msd="Kag" lemma="25">25</w>
               <c>,</c>
               <S/>
               <w msd="Kag" lemma="9000">9000</w>
               <S/>
               <w msd="Ppnzei" lemma="murski">Murska</w>
               <S/>
               <w msd="Slzei" lemma="Sobota">Sobota</w>
               <c>.</c>
               <S/>
            </s>
            <s>
               <w msd="Ppnzei" lemma="kontakten">Kontaktna</w>
               <S/>
               <w msd="Sozei" lemma="oseba">oseba</w>
               <S/>
               <w msd="Vp" lemma="in">in</w>
               <S/>
               <w msd="Somei" lemma="tajnik">tajnik</w>
               <S/>
               <w msd="N" lemma="sk">SK</w>
               <S/>
               <w msd="Ppnzei" lemma="murski">Murska</w>
               <S/>
               <w msd="Slzei" lemma="Sobota">Sobota</w>
               <S/>
               <w msd="Gp-ste-n" lemma="biti">je</w>
               <S/>
               <w msd="Slmei" lemma="Jože">Jože</w>
               <S/>
               <w msd="Slmei" lemma="Sukič">Sukič</w>
               <c>,</c>
               <S/>
               <w msd="Ppnmein" lemma="dosegljiv">dosegljiv</w>
               <S/>
               <w msd="Dm" lemma="na">na</w>
               <S/>
               <w msd="Somem" lemma="naslov">naslovu</w>
               <S/>
               <w msd="N" lemma="sk">SK</w>
               <S/>
               <w msd="Ppnzei" lemma="murski">Murska</w>
               <S/>
               <w msd="Slzei" lemma="Sobota">Sobota</w>
               <c>,</c>
               <S/>
               <w msd="Slmer" lemma="Štefan">Štefana</w>
               <S/>
               <w msd="Somer" lemma="kovač">Kovača</w>
               <S/>
               <w msd="Kag" lemma="40">40</w>
               <c>,</c>
               <S/>
               <w msd="Kag" lemma="9000">9000</w>
               <S/>
               <w msd="Ppnzei" lemma="murski">Murska</w>
               <S/>
               <w msd="Slzei" lemma="Sobota">Sobota</w>
               <S/>
               <w msd="O" lemma="tel.">tel.</w>
               <c>:</c>
               <S/>
               <c>(</c>
               <w msd="Kag" lemma="02">02</w>
               <c>)</c>
               <S/>
               <w msd="Kag" lemma="539">539</w>
               <S/>
               <w msd="Kag" lemma="14">14</w>
               <S/>
               <w msd="Kag" lemma="21">21</w>
               <c>,</c>
               <S/>
               <w msd="Slmei" lemma="mtel">mtel</w>
               <c>:</c>
               <S/>
               <c>(</c>
               <w msd="Kag" lemma="041">041</w>
               <c>)</c>
               <S/>
               <w msd="Kag" lemma="772">772</w>
               <S/>
               <w msd="Kag" lemma="459">459</w>
               <c>.</c>
               <S/>
            </s>
         </p>
         <p xml:id="F0001187.000331">
            <s>
               <c>-</c>
               <S/>
               <w msd="Sosei" lemma="ime">ime</w>
               <S/>
               <w msd="Vp" lemma="in">in</w>
               <S/>
               <w msd="Somei" lemma="priimek">priimek</w>
               <c>,</c>
            </s>
         </p>
         <p xml:id="F0001187.000377">
            <s>
               <w msd="Dm" lemma="v">V</w>
               <S/>
               <w msd="Somem" lemma="okvir">okviru</w>
               <S/>
               <w msd="Ppnzmr" lemma="vsakoleten">vsakoletnih</w>
               <S/>
               <w msd="Sozmr" lemma="dejavnost">dejavnosti</w>
               <c>,</c>
               <S/>
               <w msd="Dt" lemma="med">med</w>
               <S/>
               <w msd="Zv-mmt" lemma="kateri">katere</w>
               <S/>
               <w msd="Ggnstm" lemma="spadati">spadajo</w>
               <S/>
               <w msd="L" lemma="tudi">tudi</w>
               <S/>
               <w msd="Ppnzmi" lemma="strokoven">strokovne</w>
               <S/>
               <w msd="Sozmi" lemma="ekskurzija">ekskurzije</w>
               <c>,</c>
               <S/>
               <w msd="Gp-stm-n" lemma="biti">so</w>
               <S/>
               <w msd="Ggnd-mm" lemma="imeti">imeli</w>
               <S/>
               <w msd="Sommi" lemma="član">člani</w>
               <S/>
               <w msd="Soser" lemma="društvo">Društva</w>
               <S/>
               <w msd="Sommr" lemma="vinogradnik">vinogradnikov</w>
               <S/>
               <w msd="Ppnsei" lemma="radgonski">radgonsko</w>
               <c>-</c>
               <w msd="Ppnzmr" lemma="kapelski">kapelskih</w>
               <S/>
               <w msd="Sozmr" lemma="gorica">goric</w>
               <S/>
               <w msd="Ppnmetn" lemma="zanimiv">zanimiv</w>
               <S/>
               <w msd="Ppnmetd" lemma="dvodneven">dvodnevni</w>
               <S/>
               <w msd="Sometn" lemma="izlet">izlet</w>
               <S/>
               <w msd="Dm" lemma="pri">pri</w>
               <S/>
               <w msd="Ppnmmm" lemma="stanovski">stanovskih</w>
               <S/>
               <w msd="Sommm" lemma="kolega">kolegih</w>
               <S/>
               <w msd="Dm" lemma="v">v</w>
               <S/>
               <w msd="Ppnzem" lemma="sosednji">sosednji</w>
               <S/>
               <w msd="Slzem" lemma="Avstrija">Avstriji</w>
               <S/>
               <w msd="Dm" lemma="v">v</w>
               <S/>
               <w msd="Ppnsem" lemma="vinoroden">vinorodnem</w>
               <S/>
               <w msd="Sosem" lemma="območje">območju</w>
               <S/>
               <w msd="Slmei" lemma="Krems">Krems</w>
               <S/>
               <w msd="Dm" lemma="ob">ob</w>
               <S/>
               <w msd="Slzem" lemma="Donava">Donavi</w>
               <S/>
               <w msd="Dm" lemma="ob">ob</w>
               <S/>
               <w msd="Ppnzem" lemma="češki">češki</w>
               <S/>
               <w msd="Sozem" lemma="meja">meji</w>
               <c>.</c>
               <S/>
            </s>
            <s>
               <w msd="Vd" lemma="čeprav">Čeprav</w>
               <S/>
               <w msd="Zp---d--k" lemma="se">si</w>
               <S/>
               <w msd="Gp-ste-n" lemma="biti">je</w>
               <S/>
               <w msd="Rsn" lemma="nekaj">nekaj</w>
               <S/>
               <w msd="Do" lemma="nad">nad</w>
               <S/>
               <w msd="Kag" lemma="40">40</w>
               <S/>
               <w msd="Ppnsei" lemma="radgonski">radgonsko</w>
               <c>-</c>
               <w msd="Ppnmmr" lemma="kapelski">kapelskih</w>
               <S/>
               <w msd="Sommr" lemma="vinogradnik">vinogradnikov</w>
               <S/>
               <w msd="Vp" lemma="in">in</w>
               <S/>
               <w msd="Sozmr" lemma="vinogradnica">vinogradnic</w>
               <S/>
               <w msd="Ggdd-es" lemma="ogledati">ogledalo</w>
               <S/>
               <w msd="L" lemma="tudi">tudi</w>
               <S/>
               <w msd="Pdnzmt" lemma="ostal">ostale</w>
               <S/>
               <w msd="Sozmi" lemma="znamenitost">znamenitosti</w>
               <S/>
               <w msd="Vp" lemma="in">in</w>
               <S/>
               <w msd="Sozer" lemma="zanimivost">zanimivosti</w>
               <S/>
               <w msd="Pdnmer" lemma="omenjen">omenjenega</w>
               <S/>
               <w msd="Soser" lemma="delo">dela</w>
               <S/>
               <w msd="Slzer" lemma="Avstrija">Avstrije</w>
               <c>,</c>
               <S/>
               <w msd="Gp-ste-n" lemma="biti">je</w>
               <S/>
               <w msd="Gp-d-es" lemma="biti">bilo</w>
               <S/>
               <w msd="Dm" lemma="v">v</w>
               <S/>
               <w msd="Sosem" lemma="ospredje">ospredju</w>
               <S/>
               <w msd="Sosei" lemma="vinogradništvo">vinogradništvo</w>
               <S/>
               <w msd="Vp" lemma="in">in</w>
               <S/>
               <w msd="Soset" lemma="vinarstvo">vinarstvo</w>
               <c>.</c>
               <S/>
            </s>
            <s>
               <w msd="Ggdd-mm" lemma="obiskati">Obiskali</w>
               <S/>
               <w msd="Gp-stm-n" lemma="biti">so</w>
               <S/>
               <w msd="Kbg-mi" lemma="šest">šest</w>
               <S/>
               <w msd="Ppnmmr" lemma="uspešen">uspešnih</w>
               <S/>
               <w msd="Ppnmmr" lemma="avstrijski">avstrijskih</w>
               <S/>
               <w msd="Sommr" lemma="vinogradnik">vinogradnikov</w>
               <S/>
               <w msd="Vp" lemma="in">in</w>
               <S/>
               <w msd="Zp------k" lemma="se">se</w>
               <S/>
               <w msd="Ggdd-mm" lemma="seznaniti">seznanili</w>
               <S/>
               <w msd="Do" lemma="z">z</w>
               <S/>
               <w msd="Zstmmdm" lemma="njihov">njihovim</w>
               <S/>
               <w msd="Someo" lemma="način">načinom</w>
               <S/>
               <w msd="Soser" lemma="delo">dela</w>
               <c>.</c>
               <S/>
            </s>
            <s>
               <w msd="Dm" lemma="ob">Ob</w>
               <S/>
               <w msd="Sozem" lemma="pokušnja">pokušnji</w>
               <S/>
               <w msd="Ppnzmr" lemma="odličen">odličnih</w>
               <S/>
               <w msd="Ppnzmm" lemma="suh">suhih</w>
               <S/>
               <w msd="Sosmr" lemma="vino">vin</w>
               <S/>
               <w msd="Gp-stm-n" lemma="biti">so</w>
               <S/>
               <w msd="Zspmmim" lemma="naš">naši</w>
               <S/>
               <w msd="Sommi" lemma="vinogradnik">vinogradniki</w>
               <S/>
               <w msd="Do" lemma="z">s</w>
               <S/>
               <w msd="Ppnmmo" lemma="stanovski">stanovskimi</w>
               <S/>
               <w msd="Sommo" lemma="kolega">kolegi</w>
               <S/>
               <w msd="Ggdd-mm" lemma="izmenjati">izmenjali</w>
               <S/>
               <w msd="Sosmt" lemma="mnenje">mnenja</w>
               <S/>
               <w msd="Vp" lemma="in">in</w>
               <S/>
               <w msd="Sozmt" lemma="izkušnja">izkušnje</w>
               <S/>
               <w msd="L" lemma="tudi">tudi</w>
               <S/>
               <w msd="Dr" lemma="z">z</w>
               <S/>
               <w msd="Kbzsmr" lemma="drug">drugih</w>
               <S/>
               <w msd="Sosmr" lemma="področje">področij</w>
               <c>.</c>
            </s>
         </p>
         <p xml:id="F0001187.000399">
            <s>
               <w msd="Kag" lemma="80">80</w>
               <S/>
               <w msd="Somei" lemma="let">LET</w>
               <S/>
               <w msd="Slzer" lemma="VIKTORIJA">VIKTORIJE</w>
               <S/>
               <w msd="Somei" lemma="sekolovnik">SEKOLOVNIK</w>
            </s>
         </p>
         <p xml:id="F0001187.000428">
            <s>
               <w msd="Kav" lemma="1.">1.</w>
            </s>
            <s>
               <w msd="Somei" lemma="teden">TEDEN</w>
               <c>:</c>
               <S/>
               <w msd="Ppnzei" lemma="gorenjski">Gorenjska</w>
               <S/>
               <w msd="O" lemma="pon.">PON.</w>
               <c>,</c>
               <S/>
               <w msd="Kag" lemma="10">10</w>
               <S/>
               <c>.</c>
               <S/>
            </s>
            <s>
               <w msd="Kag" lemma="09">09</w>
               <c>.</c>
               <S/>
            </s>
            <s>
               <w msd="Kag" lemma="01">01</w>
               <S/>
               <w msd="Slmei" lemma="Tržič">Tržič</w>
               <S/>
               <w msd="Slzei" lemma="Kokrica">Kokrica</w>
               <S/>
            </s>
         </p>
         <p xml:id="F0001187.000656">
            <s>
               <w msd="Vd" lemma="ker">Ker</w>
               <S/>
               <w msd="Zp------k" lemma="se">se</w>
               <S/>
               <w msd="Ggnstm" lemma="pojavljati">pojavljajo</w>
               <S/>
               <w msd="Rsn" lemma="vedno">vedno</w>
               <S/>
               <w msd="Ppnzmi" lemma="nov">nove</w>
               <S/>
               <w msd="Sozmi" lemma="sorta">sorte</w>
               <S/>
               <w msd="Vp" lemma="in">in</w>
               <S/>
               <w msd="Rsn" lemma="vedno">vedno</w>
               <S/>
               <w msd="Rsr" lemma="več">več</w>
               <S/>
               <w msd="Zotmmr--k" lemma="on">jih</w>
               <S/>
               <w msd="Gp-ste-n" lemma="biti">je</w>
               <c>,</c>
               <S/>
               <w msd="Gp-ste-n" lemma="biti">je</w>
               <S/>
               <w msd="Rsn" lemma="zelo">zelo</w>
               <S/>
               <w msd="Ppnsei" lemma="pomemben">pomembno</w>
               <c>,</c>
               <S/>
               <w msd="Vd" lemma="da">da</w>
               <S/>
               <w msd="Ggnspm" lemma="vedeti">vemo</w>
               <c>,</c>
               <S/>
               <w msd="Zv-zet" lemma="kakšen">kakšno</w>
               <S/>
               <w msd="Sozet" lemma="gostota">gostoto</w>
               <S/>
               <w msd="Ggvste" lemma="zahtevati">zahteva</w>
               <S/>
               <w msd="Pdnzei" lemma="določen">določena</w>
               <S/>
               <w msd="Sozei" lemma="sorta">sorta</w>
               <c>,</c>
               <S/>
               <w msd="Vp" lemma="saj">saj</w>
               <S/>
               <w msd="Gp-ste-n" lemma="biti">je</w>
               <S/>
               <w msd="L" lemma="ravno">ravno</w>
               <S/>
               <w msd="Sozei" lemma="gostota">gostota</w>
               <S/>
               <w msd="Sozmr" lemma="rastlina">rastlin</w>
               <S/>
               <w msd="Kbzmei" lemma="eden">eden</w>
               <S/>
               <w msd="Dr" lemma="izmed">izmed</w>
               <S/>
               <w msd="Ppsmmr" lemma="pomemben">najpomembnejših</w>
               <S/>
               <w msd="Sommr" lemma="faktor">faktorjev</w>
               <c>,</c>
               <S/>
               <w msd="Vd" lemma="ki">ki</w>
               <S/>
               <w msd="Ggnstm" lemma="vplivati">vplivajo</w>
               <S/>
               <w msd="Dt" lemma="na">na</w>
               <S/>
               <w msd="Sometn" lemma="pridelek">pridelek</w>
               <c>.</c>
            </s>
         </p>
         <p xml:id="F0001187.001400">
            <s>
               <w msd="Kag" lemma="21,8">21,8</w>
               <S/>
               <w msd="Kag" lemma="119">119</w>
            </s>
         </p>
         <p xml:id="F0001187.001542">
            <s>
               <w msd="Somei" lemma="mešalec">MEŠALEC</w>
               <S/>
               <w msd="Dt" lemma="za">za</w>
               <S/>
               <w msd="Sozet" lemma="gnojevka">gnojevko</w>
               <c>,</c>
               <S/>
               <w msd="Ppnmeid" lemma="električen">električni</w>
               <S/>
               <w msd="Vp" lemma="ter">ter</w>
               <S/>
               <w msd="Somei" lemma="stroj">stroj</w>
               <S/>
               <w msd="Dt" lemma="za">za</w>
               <S/>
               <w msd="Sozet" lemma="izdelava">izdelavo</w>
               <S/>
               <w msd="Somer" lemma="opaž">opaža</w>
               <S/>
               <w msd="Slmei" lemma="weinig">weinig</w>
               <S/>
               <w msd="Do" lemma="z">z</w>
               <S/>
               <w msd="Soseo" lemma="odsesavanje">odsesavanjem</w>
               <c>,</c>
               <S/>
               <w msd="Ggdspe" lemma="prodati">prodam</w>
               <c>.</c>
               <S/>
            </s>
            <s>
               <w msd="Slmei" lemma="Tel">Tel</w>
               <c>:</c>
               <S/>
               <w msd="Kag" lemma="041">041</w>
               <c>/</c>
               <w msd="Kag" lemma="783">783</w>
               <S/>
               <w msd="Kag" lemma="531">531</w>
               <c>.</c>
               <S/>
            </s>
            <s>
               <c>-</c>
               <S/>
               <w msd="Kag" lemma="9035">9035</w>
            </s>
         </p>
         <p xml:id="F0001187.001682">
            <s>
               <w msd="Sozet" lemma="krava">KRAVO</w>
               <S/>
               <w msd="Sozet" lemma="simentalka">simentalko</w>
               <c>,</c>
               <S/>
               <w msd="Kbzzet" lemma="drug">drugo</w>
               <S/>
               <w msd="Soset" lemma="tele">tele</w>
               <c>,</c>
               <S/>
               <w msd="Ggdspe" lemma="prodati">prodam</w>
               <c>.</c>
               <S/>
            </s>
            <s>
               <w msd="Slmei" lemma="Tel">Tel</w>
               <c>:</c>
               <S/>
               <w msd="Kag" lemma="01">01</w>
               <c>/</c>
               <w msd="Kag" lemma="89">89</w>
               <S/>
               <w msd="Kag" lemma="76">76</w>
               <S/>
               <w msd="Kag" lemma="109">109</w>
               <c>.</c>
               <S/>
            </s>
            <s>
               <c>-</c>
               <S/>
               <w msd="Kag" lemma="9137">9137</w>
            </s>
         </p>
         <p xml:id="F0001187.002110">
            <s>
               <w msd="Dt" lemma="na">Na</w>
               <S/>
               <w msd="Sometn" lemma="potek">potek</w>
               <S/>
               <w msd="Soser" lemma="tekmovanje">tekmovanja</w>
               <S/>
               <w msd="Vp" lemma="in">in</w>
               <S/>
               <w msd="Soser" lemma="ocenjevanje">ocenjevanja</w>
               <S/>
               <w msd="Ggnspe-n" lemma="imeti">imam</w>
               <S/>
               <w msd="Ppnzmt" lemma="naslednji">naslednje</w>
               <S/>
               <w msd="Sozmt" lemma="pripomba">pripombe</w>
               <c>:</c>
            </s>
         </p>
         <p xml:id="F0001187.002677">
            <s>
               <w msd="Ppnmetd" lemma="povprečen">povprečni</w>
               <S/>
               <w msd="Sometn" lemma="nakup">nakup</w>
               <c>.</c>
               <S/>
            </s>
            <s>
               <w msd="Kag" lemma="111,85">111,85</w>
               <S/>
               <c>(</c>
               <c>+</c>
               <S/>
               <w msd="Kag" lemma="0,03">0,03</w>
               <c>)</c>
               <S/>
               <w msd="Kag" lemma="15,79">15,79</w>
               <S/>
               <c>(</c>
               <c>+</c>
               <S/>
               <w msd="Kag" lemma="0,03">0,03</w>
               <c>)</c>
               <S/>
               <w msd="Kag" lemma="11,25">11,25</w>
               <S/>
               <c>(</c>
               <w msd="Kag" lemma="0,00">0,00</w>
               <c>)</c>
            </s>
         </p>
         <p xml:id="F0001187.002727">
            <s>
               <w msd="Soset" lemma="korenje">KORENJE</w>
               <S/>
               <w msd="Kag" lemma="200300">200300</w>
               <S/>
               <w msd="Kag" lemma="200250">200250</w>
               <S/>
               <w msd="Kag" lemma="150250">150250</w>
               <S/>
               <w msd="Kag" lemma="200250">200250</w>
               <S/>
               <w msd="Kag" lemma="200300">200300</w>
               <S/>
               <w msd="Kag" lemma="250">250</w>
               <S/>
               <w msd="Kag" lemma="250">250</w>
               <S/>
               <w msd="Kag" lemma="350400">350400</w>
            </s>
         </p>
         <p xml:id="F0001187.002966">
            <s>
               <w msd="Sommi" lemma="udeleženec">Udeleženci</w>
               <S/>
               <w msd="Zk-smr" lemma="ta">teh</w>
               <S/>
               <w msd="Sosmr" lemma="pogajanje">pogajanj</w>
               <S/>
               <w msd="Gp-stm-n" lemma="biti">so</w>
               <c>:</c>
               <S/>
               <w msd="Somei" lemma="zavod">Zavod</w>
               <S/>
               <c>(</c>
               <w msd="Dm" lemma="v">v</w>
               <S/>
               <w msd="Sosem" lemma="ime">imenu</w>
               <S/>
               <w msd="Pdnzmr" lemma="zavarovan">zavarovanih</w>
               <S/>
               <w msd="Sozmr" lemma="oseba">oseb</w>
               <c>)</c>
               <c>,</c>
               <S/>
               <w msd="Sozei" lemma="država">država</w>
               <c>,</c>
               <S/>
               <w msd="Vd" lemma="ki">ki</w>
               <S/>
               <w msd="Zotzet--k" lemma="on">jo</w>
               <S/>
               <w msd="Ggnste" lemma="zastopati">zastopa</w>
               <S/>
               <w msd="Sosei" lemma="ministrstvo">Ministrstvo</w>
               <S/>
               <w msd="Dt" lemma="za">za</w>
               <S/>
               <w msd="Soset" lemma="zdravje">zdravje</w>
               <S/>
               <w msd="Sozer" lemma="republika">Republike</w>
               <S/>
               <w msd="Slzer" lemma="Slovenija">Slovenije</w>
               <S/>
               <w msd="Vp" lemma="ter">ter</w>
               <S/>
               <w msd="Zc-mmi" lemma="ves">vsi</w>
               <S/>
               <w msd="Sommi" lemma="izvajalec">izvajalci</w>
               <c>,</c>
               <S/>
               <w msd="Pdnmmi" lemma="zastopan">zastopani</w>
               <S/>
               <w msd="Dr" lemma="prek">prek</w>
               <S/>
               <w msd="Sozmr" lemma="zbornica">zbornic</w>
               <S/>
               <w msd="Vp" lemma="in">in</w>
               <S/>
               <w msd="Sosmr" lemma="združenje">združenj</w>
               <c>.</c>
               <S/>
            </s>
            <s>
               <w msd="Dm" lemma="na">Na</w>
               <S/>
               <w msd="Sozem" lemma="podlaga">podlagi</w>
               <S/>
               <w msd="Pdnmer" lemma="sprejet">sprejetega</w>
               <S/>
               <w msd="Ppnmer" lemma="splošen">Splošnega</w>
               <S/>
               <w msd="Somer" lemma="dogovor">dogovora</w>
               <S/>
               <w msd="Vp" lemma="in">in</w>
               <S/>
               <w msd="Ppnmmr" lemma="področen">področnih</w>
               <S/>
               <w msd="Sommr" lemma="dogovor">dogovorov</w>
               <S/>
               <w msd="Dt" lemma="za">za</w>
               <S/>
               <w msd="Ppnzmt" lemma="posamezen">posamezne</w>
               <S/>
               <w msd="Sozmt" lemma="vrsta">vrste</w>
               <S/>
               <w msd="Sozer" lemma="dejavnost">dejavnosti</w>
               <S/>
               <w msd="Rsn" lemma="nato">nato</w>
               <S/>
               <w msd="Somei" lemma="zavod">Zavod</w>
               <S/>
               <w msd="Rsn" lemma="javno">javno</w>
               <S/>
               <w msd="Ggdste" lemma="razpisati">razpiše</w>
               <S/>
               <w msd="Sommt" lemma="program">programe</w>
               <S/>
               <w msd="Vp" lemma="in">in</w>
               <S/>
               <w msd="Sozmt" lemma="storitev">storitve</w>
               <S/>
               <w msd="Dt" lemma="za">za</w>
               <S/>
               <w msd="Ppnset" lemma="naslednji">naslednje</w>
               <S/>
               <w msd="Soset" lemma="obdobje">obdobje</w>
               <c>.</c>
               <S/>
            </s>
            <s>
               <w msd="Ggdstm" lemma="prijaviti">Prijavijo</w>
               <S/>
               <w msd="Zp------k" lemma="se">se</w>
               <S/>
               <w msd="Rsn" lemma="lahko">lahko</w>
               <S/>
               <w msd="Zc-mmi" lemma="ves">vsi</w>
               <S/>
               <w msd="Sommi" lemma="izvajalec">izvajalci</w>
               <c>,</c>
               <S/>
               <w msd="Vd" lemma="ki">ki</w>
               <S/>
               <w msd="Ggnstm-n" lemma="imeti">imajo</w>
               <S/>
               <w msd="Sozet" lemma="pravica">pravico</w>
               <S/>
               <w msd="Ggnn" lemma="sodelovati">sodelovati</w>
               <S/>
               <w msd="Dm" lemma="v">v</w>
               <S/>
               <w msd="Sozem" lemma="mreža">mreži</w>
               <S/>
               <w msd="Ppnzer" lemma="javen">javne</w>
               <S/>
               <w msd="Ppnzer" lemma="zdravstven">zdravstvene</w>
               <S/>
               <w msd="Sozer" lemma="služba">službe</w>
               <c>.</c>
               <S/>
            </s>
            <s>
               <w msd="Somei" lemma="zavod">Zavod</w>
               <S/>
               <w msd="Do" lemma="med">med</w>
               <S/>
               <w msd="Zotzmo" lemma="on">njimi</w>
               <S/>
               <w msd="Ggdste" lemma="izbrati">izbere</w>
               <S/>
               <w msd="Sommt" lemma="izvajalec">izvajalce</w>
               <c>,</c>
               <S/>
               <w msd="Vd" lemma="ki">ki</w>
               <S/>
               <w msd="Ggnstm" lemma="izpolnjevati">izpolnjujejo</w>
               <S/>
               <w msd="Ppnmmt" lemma="razpisen">razpisne</w>
               <S/>
               <w msd="Sommt" lemma="pogoj">pogoje</w>
               <c>,</c>
               <S/>
               <w msd="Vp" lemma="in">in</w>
               <S/>
               <w msd="Do" lemma="z">z</w>
               <S/>
               <w msd="Zotmmo" lemma="on">njimi</w>
               <S/>
               <w msd="Ggdste" lemma="skleniti">sklene</w>
               <S/>
               <w msd="Sozet" lemma="pogodba">pogodbo</w>
               <c>.</c>
               <S/>
            </s>
         </p>
      </body>
   </text>
</TEI>