<?xml version="1.0" encoding="UTF-8"?>
<TEI xmlns="http://www.tei-c.org/ns/1.0" xml:id="F0001305" xml:lang="sl">
   <teiHeader>
      <fileDesc>
         <titleStmt>
            <title>ccKRES: Kmečki glas (1999-11)</title>
            <funder>Operacijo delno financira Evropska unija iz Evropskega socialnega sklada ter Ministrstvo za šolstvo in šport. Operacija se izvaja v okviru Operativnega programa razvoja človeških virov za obdobje 2007-2013, razvojne prioritete: razvoj človeških virov in vseživljenjskega učenja; prednostne usmeritve: izboljšanje kakovosti in učinkovitosti sistemov izobraževanja in usposabljanja 2007-2013.</funder>
         </titleStmt>
         <editionStmt>
            <edition>1.0</edition>
         </editionStmt>
         <extent>260 besed</extent>
         <publicationStmt>
            <idno>45_99</idno>
            <availability status="free">
               <p xml:lang="sl">Avtorske pravice za to izdajo ureja licenca <ref target="http://creativecommons.org/licenses/by-nc/2.5/si/">Creative Commons Priznanje avtorstva-Nekomercialno 2.5 Slovenija</ref>.</p>
               <p xml:lang="en">This work is licenced under the <ref target="http://creativecommons.org/licenses/by-nc/2.5/si/deed.en">Creative Commons Attribution-Noncommercial 2.5 Slovenia</ref>.</p>
            </availability>
            <date>2012-05-06</date>
         </publicationStmt>
         <sourceDesc>
            <bibl>
               <title>Kmečki glas</title>
               <author n="???">neznani novinar</author>
               <date>1999-11</date>
               <publisher n="drugo">Kmečki glas</publisher>
               <note type="sourceLang">sl</note>
            </bibl>
         </sourceDesc>
      </fileDesc>
      <encodingDesc>
         <projectDesc>
            <p xml:lang="sl">Glej <ref target="http://www.korpus-kres.net/">www.korpus-kres.net</ref> oz. <ref target="http://nl.ijs.si/ssj/">nl.ijs.si/ssj</ref>.</p>
            <p xml:lang="en">See <ref target="http://www.korpus-kres.net/">www.korpus-kres.net</ref> or <ref target="http://nl.ijs.si/ssj/">nl.ijs.si/ssj</ref>.</p>
         </projectDesc>
         <samplingDecl>
            <p xml:lang="sl">
            Besedila in odstavki v korpusu KRES so bili vzorčeni iz
            Gigafide tako, da smo dobili 100-milijonski referenčni
            korpus, v katerem so besedila uravnotežena po vnaprej
            določenih taksonomskih deležih in po podatkih o branosti
            vira (časopisi, revije, novičarski portali).  Korpus
            ccKRES nato, z namenom, da je lahko dostopen po licenci CC,
            vsebuje 10 % naključno vzorčenih odstavkov besedil iz
            korpusa KRES, torej 10 milijonov besed.
	    Več o sestavi korpusa lahko preberete na 
            <ref target="http://www.korpus-kres.net/">www.korpus-kres.net</ref> oz.
            <ref target="http://nl.ijs.si/ssj/">nl.ijs.si/ssj</ref>.
	  </p>
            <p xml:lang="en">
            Texts and paragraphs in the KRES corpus have been sampled from the 
	    Gigafida corpus. The result of the sampling is a 100-million-word 
	    reference corpus. The texts in KRES are balanced according to the 
	    predetermined categories, with particular consideration being paid to 
	    the data on the popularity of the source (newspapers, magazines, 
	    Internet news sites). 
	    To enable free (CC) distribution of the corpus, the ccKRES corpus contains 
	    10% of randomly sampled paragraphs from KRES, i.e. contains 10 million words.
	    For more information about the contents of the corpus, 
	    see <ref target="http://www.korpus-kres.net/">www.korpus-kres.net</ref>
	    and <ref target="http://nl.ijs.si/ssj/">nl.ijs.si/ssj</ref>.
	  </p>
         </samplingDecl>
         <tagsDecl>
            <namespace name="http://www.tei-c.org/ns/1.0">
               <tagUsage gi="p" occurs="11"/>
               <tagUsage gi="s" occurs="18"/>
               <tagUsage gi="S" occurs="260"/>
               <tagUsage gi="w" occurs="260"/>
               <tagUsage gi="c" occurs="58"/>
            </namespace>
         </tagsDecl>
         <classDecl>
            <taxonomy xml:id="SSJ">
               <category xml:id="SSJ.T">
                  <catDesc>tisk</catDesc>
                  <category xml:id="SSJ.T.K">
                     <catDesc>knjižno</catDesc>
                     <category xml:id="SSJ.T.K.L">
                        <catDesc>leposlovno</catDesc>
                     </category>
                     <category xml:id="SSJ.T.K.S">
                        <catDesc>strokovno</catDesc>
                     </category>
                  </category>
                  <category xml:id="SSJ.T.P">
                     <catDesc>periodično</catDesc>
                     <category xml:id="SSJ.T.P.C">
                        <catDesc>časopis</catDesc>
                     </category>
                     <category xml:id="SSJ.T.P.R">
                        <catDesc>revija</catDesc>
                     </category>
                  </category>
                  <category xml:id="SSJ.T.D">
                     <catDesc>drugo</catDesc>
                  </category>
               </category>
               <category xml:id="SSJ.I">
                  <catDesc>internet</catDesc>
               </category>
            </taxonomy>
         </classDecl>
      </encodingDesc>
      <profileDesc>
         <textClass>
            <catRef target="#SSJ.T.P.C"/>
         </textClass>
      </profileDesc>
   </teiHeader>
   <text xml:id="F0001305." xml:lang="sl">
      <body>
         <p xml:id="F0001305.000036">
            <s>
               <w msd="Slmei" lemma="Palio">Palio</w>
               <S/>
               <w msd="Somei" lemma="weekend">weekend</w>
               <S/>
               <w msd="Dt" lemma="za">za</w>
               <S/>
               <w msd="Ppnmmt" lemma="slovenski">slovenske</w>
               <S/>
               <w msd="Sommt" lemma="kupec">kupce</w>
            </s>
         </p>
         <p xml:id="F0001305.000199">
            <s>
               <w msd="Sozer" lemma="marelica">marelice</w>
               <c>/</c>
               <S/>
               <w msd="Ppnzei" lemma="mirabolan">mirabolana</w>
               <S/>
               <w msd="Sozei" lemma="aurora">aurora</w>
               <c>,</c>
               <S/>
               <w msd="Somei" lemma="tyrinthos">tyrinthos</w>
               <c>,</c>
               <S/>
               <w msd="Sozei" lemma="perla">perla</w>
               <c>,</c>
               <S/>
               <w msd="Slmei" lemma="goldrich">goldrich</w>
               <c>,</c>
               <S/>
               <w msd="Slmei" lemma="harcot">harcot</w>
               <c>,</c>
               <S/>
               <w msd="Slmei" lemma="san">san</w>
               <S/>
               <w msd="Slmei" lemma="castrese">castrese</w>
            </s>
         </p>
         <p xml:id="F0001305.000381">
            <s>
               <w msd="Somei" lemma="ribez">ribez</w>
               <c>,</c>
               <S/>
               <w msd="Sozei" lemma="josta">josta</w>
               <S/>
               <c>(</c>
               <w msd="Kag" lemma="1">1</w>
               <S/>
               <w msd="Somei" lemma="let">let</w>
               <c>.</c>
               <c>)</c>
               <S/>
               <w msd="Kag" lemma="400">400</w>
            </s>
         </p>
         <p xml:id="F0001305.000412">
            <s>
               <w msd="Kag" lemma="13.30">13.30</w>
               <S/>
               <w msd="Somei" lemma="umor">Umor</w>
               <S/>
               <w msd="Gp-ste-n" lemma="biti">je</w>
               <S/>
               <w msd="Ggdd-ez" lemma="napisati">napisala</w>
               <S/>
               <c>-</c>
               <S/>
               <w msd="Kag" lemma="14.30">14.30</w>
               <S/>
               <w msd="Somer" lemma="brat">Brata</w>
               <S/>
               <c>-</c>
               <S/>
               <w msd="Kag" lemma="15.05">15.05</w>
               <S/>
               <w msd="Sozei" lemma="družina">Družina</w>
               <S/>
               <w msd="Dt" lemma="za">za</w>
               <S/>
               <w msd="Ggdm" lemma="umreti">umret</w>
               <S/>
               <c>-</c>
               <S/>
               <w msd="Kag" lemma="15.40">15.40</w>
               <S/>
               <w msd="Sozei" lemma="varuška">Varuška</w>
               <S/>
               <c>-</c>
               <S/>
               <w msd="Kag" lemma="16.15">16.15</w>
               <S/>
               <w msd="Pdnzer" lemma="umazan">Umazane</w>
               <S/>
               <w msd="Sozer" lemma="laž">laži</w>
               <S/>
               <c>-</c>
               <S/>
               <w msd="Kag" lemma="17.10">17.10</w>
               <S/>
               <w msd="Ppnmeid" lemma="divji">Divji</w>
               <S/>
               <w msd="Somei" lemma="angel">angel</w>
               <S/>
               <c>-</c>
               <S/>
               <w msd="Kag" lemma="18.10">18.10</w>
               <S/>
               <w msd="Sozei" lemma="moč">Moč</w>
               <S/>
               <w msd="Sozer" lemma="ljubezen">ljubezni</w>
               <S/>
               <c>-</c>
               <S/>
               <w msd="Kag" lemma="19.15">19.15</w>
               <S/>
               <w msd="Kag" lemma="24">24</w>
               <S/>
               <w msd="Sozmr" lemma="ura">ur</w>
               <S/>
               <c>-</c>
               <S/>
               <w msd="Kag" lemma="20.00">20.00</w>
               <S/>
               <w msd="Pdnzei" lemma="raztresen">Raztresena</w>
               <S/>
               <w msd="Slmei" lemma="Ally">Ally</w>
               <S/>
               <c>-</c>
               <S/>
               <w msd="Kag" lemma="20.55">20.55</w>
               <S/>
               <w msd="Slzei" lemma="Nikita">Nikita</w>
               <S/>
               <c>-</c>
               <S/>
               <w msd="Kag" lemma="21.50">21.50</w>
               <S/>
               <w msd="Sommi" lemma="prijatelj">Prijatelji</w>
               <S/>
               <c>-</c>
               <S/>
               <w msd="Kag" lemma="22.20">22.20</w>
               <S/>
               <w msd="Dr" lemma="brez">Brez</w>
               <S/>
               <w msd="Somei" lemma="zapor">zapor</w>
               <S/>
               <c>-</c>
               <S/>
               <w msd="Kag" lemma="23.15">23.15</w>
               <S/>
               <w msd="Somei" lemma="kameleon">Kameleon</w>
               <S/>
               <c>-</c>
               <S/>
               <w msd="Kag" lemma="0.10">0.10</w>
               <S/>
               <w msd="O" lemma="M.">M.</w>
            </s>
            <s>
               <w msd="O" lemma="A.">A.</w>
               <w msd="O" lemma="S.">S.</w>
            </s>
            <s>
               <w msd="O" lemma="H.">H.</w>
            </s>
         </p>
         <p xml:id="F0001305.000484">
            <s>
               <w msd="Slzei" lemma="Italija">Italija</w>
               <S/>
               <w msd="Sozei" lemma="lira">lira</w>
               <S/>
               <w msd="Kag" lemma="100">100</w>
               <S/>
               <w msd="Kag" lemma="10.1209">10.1209</w>
               <S/>
               <w msd="Kag" lemma="10.1514">10.1514</w>
               <S/>
               <w msd="Kag" lemma="10.1819">10.1819</w>
               <S/>
            </s>
         </p>
         <p xml:id="F0001305.000806">
            <s>
               <w msd="Sozei" lemma="izpolnitev">Izpolnitev</w>
               <S/>
               <w msd="Sozmr" lemma="zahteva">zahtev</w>
               <S/>
               <w msd="Gp-pte-n" lemma="biti">bo</w>
               <S/>
               <c>(</c>
               <w msd="N" lemma="pre">pre</w>
               <c>)</c>
               <w msd="Ppnzei" lemma="drag">draga</w>
            </s>
         </p>
         <p xml:id="F0001305.000815">
            <s>
               <w msd="Somei" lemma="rok">ROK</w>
               <S/>
               <w msd="Dt" lemma="za">ZA</w>
               <S/>
               <w msd="Sometn" lemma="premislek">PREMISLEK</w>
            </s>
         </p>
         <p xml:id="F0001305.001209">
            <s>
               <w msd="Ppnzei" lemma="hladilen">Hladilna</w>
               <S/>
               <w msd="Sozei" lemma="tekočina">tekočina</w>
               <S/>
               <w msd="Ggnste" lemma="krožiti">kroži</w>
               <S/>
               <w msd="Dm" lemma="po">po</w>
               <S/>
               <w msd="Ppnmem" lemma="hladilen">hladilnem</w>
               <S/>
               <w msd="Somem" lemma="sistem">sistemu</w>
               <S/>
               <w msd="Do" lemma="z">s</w>
               <S/>
               <w msd="Sozeo" lemma="pomoč">pomočjo</w>
               <S/>
               <w msd="Sozer" lemma="črpalka">črpalke</w>
               <c>,</c>
               <S/>
               <w msd="Ggvste" lemma="pomagati">pomaga</w>
               <S/>
               <w msd="Vp" lemma="pa">pa</w>
               <S/>
               <w msd="Zotzed--k" lemma="on">ji</w>
               <S/>
               <w msd="L" lemma="tudi">tudi</w>
               <S/>
               <w msd="Ppnzei" lemma="naraven">naravna</w>
               <S/>
               <w msd="Sozei" lemma="konvekcija">konvekcija</w>
               <c>.</c>
            </s>
         </p>
         <p xml:id="F0001305.002000">
            <s>
               <w msd="Sozei" lemma="soca45">soca45</w>
            </s>
         </p>
         <p xml:id="F0001305.002122">
            <s>
               <w msd="Ppnzet" lemma="zadnji">Zadnjo</w>
               <S/>
               <w msd="Sozet" lemma="sobota">soboto</w>
               <S/>
               <w msd="Dm" lemma="v">v</w>
               <S/>
               <w msd="Somem" lemma="oktober">oktobru</w>
               <c>,</c>
               <S/>
               <w msd="Vd" lemma="ko">ko</w>
               <S/>
               <w msd="Gp-stm-n" lemma="biti">so</w>
               <S/>
               <w msd="Ggnd-mm" lemma="imeti">imeli</w>
               <S/>
               <w msd="Dm" lemma="pri">pri</w>
               <S/>
               <w msd="Pdnmmi" lemma="znan">znani</w>
               <S/>
               <w msd="Ppnzem" lemma="vinogradniški">vinogradniški</w>
               <S/>
               <w msd="Sozem" lemma="družina">družini</w>
               <S/>
               <w msd="Psnmmr" lemma="Kupljenov">Kupljenovih</w>
               <S/>
               <w msd="Dm" lemma="v">v</w>
               <S/>
               <w msd="Sozem" lemma="okoslavcih">Okoslavcih</w>
               <S/>
               <w msd="Do" lemma="nad">nad</w>
               <S/>
               <w msd="Slmmi" lemma="Radenci">Radenci</w>
               <S/>
               <w msd="Sozmr" lemma="trgatev">trgatev</w>
               <c>,</c>
               <S/>
               <w msd="Gp-ste-n" lemma="biti">je</w>
               <S/>
               <w msd="Ggvd-es" lemma="zaznamovati">zaznamovalo</w>
               <S/>
               <w msd="Ppnsei" lemma="prijeten">prijetno</w>
               <S/>
               <w msd="Ppnsei" lemma="poznojesenski">poznojesensko</w>
               <S/>
               <w msd="Sosei" lemma="sonce">sonce</w>
               <c>,</c>
               <S/>
               <w msd="Vd" lemma="ki">ki</w>
               <S/>
               <w msd="Gp-ste-n" lemma="biti">je</w>
               <S/>
               <w msd="L" lemma="že">že</w>
               <S/>
               <w msd="Rsn" lemma="zjutraj">zjutraj</w>
               <S/>
               <w msd="Ggnd-es" lemma="obetati">obetalo</w>
               <S/>
               <w msd="Ppnmetn" lemma="čudovit">čudovit</w>
               <S/>
               <w msd="Sometn" lemma="dan">dan</w>
               <c>.</c>
               <S/>
            </s>
            <s>
               <w msd="Dm" lemma="v">V</w>
               <S/>
               <w msd="Ppnsem" lemma="zlatorumen">zlatorumenem</w>
               <S/>
               <w msd="Sosem" lemma="sonce">soncu</w>
               <S/>
               <w msd="Zp------k" lemma="se">se</w>
               <S/>
               <w msd="Gp-ste-n" lemma="biti">je</w>
               <S/>
               <w msd="Ggnd-ez" lemma="kopati">kopala</w>
               <S/>
               <w msd="Dt" lemma="v">v</w>
               <S/>
               <w msd="Ppnzmt" lemma="bogat">bogate</w>
               <S/>
               <w msd="Ppnzer" lemma="jesenski">jesenske</w>
               <S/>
               <w msd="Sozer" lemma="barva">barve</w>
               <S/>
               <w msd="Pdnzei" lemma="odet">odeta</w>
               <S/>
               <w msd="Sozei" lemma="narava">narava</w>
               <S/>
               <w msd="Ppnsmr" lemma="slikovit">slikovitih</w>
               <S/>
               <w msd="Ppnsei" lemma="radgonski">Radgonsko</w>
               <c>-</c>
               <w msd="Ppnzmr" lemma="kapelski">kapelskih</w>
               <S/>
               <w msd="Sozmr" lemma="gorica">goric</w>
               <c>;</c>
               <S/>
               <w msd="Sosei" lemma="grozdje">grozdje</w>
               <S/>
               <w msd="Zp------k" lemma="se">se</w>
               <S/>
               <w msd="Gp-ste-n" lemma="biti">je</w>
               <S/>
               <w msd="Dm" lemma="v">v</w>
               <S/>
               <w msd="Ppnmmm" lemma="topel">toplih</w>
               <S/>
               <w msd="Ppnmmm" lemma="sončen">sončnih</w>
               <S/>
               <w msd="Sommm" lemma="žarek">žarkih</w>
               <S/>
               <w msd="L" lemma="še">še</w>
               <S/>
               <w msd="Rsr" lemma="bolj">bolj</w>
               <S/>
               <w msd="Ggnd-es" lemma="sladiti">sladilo</w>
               <c>,</c>
               <S/>
               <w msd="Ppnsei" lemma="mavričen">mavrično</w>
               <S/>
               <w msd="Sosei" lemma="listje">listje</w>
               <S/>
               <w msd="Dm" lemma="v">v</w>
               <S/>
               <w msd="Sommm" lemma="vinograd">vinogradih</w>
               <S/>
               <w msd="Dr" lemma="zaradi">zaradi</w>
               <S/>
               <w msd="Ppnzer" lemma="prijeten">prijetne</w>
               <S/>
               <w msd="Ppnzer" lemma="topel">tople</w>
               <S/>
               <w msd="Sozer" lemma="jesen">jeseni</w>
               <S/>
               <w msd="L" lemma="še">še</w>
               <S/>
               <w msd="Gp-ste-d" lemma="biti">ni</w>
               <S/>
               <w msd="Ggdd-es" lemma="odpasti">odpadlo</w>
               <S/>
               <w msd="Vp" lemma="in">in</w>
               <S/>
               <w msd="Gp-ste-n" lemma="biti">je</w>
               <S/>
               <w msd="Rsn" lemma="ponosno">ponosno</w>
               <S/>
               <w msd="Ggnd-es" lemma="zakrivati">zakrivalo</w>
               <S/>
               <w msd="Ppnmmt" lemma="sladek">sladke</w>
               <S/>
               <w msd="Slmei" lemma="grozde">grozde</w>
               <c>.</c>
            </s>
         </p>
         <p xml:id="F0001305.002313">
            <s>
               <c>•</c>
               <S/>
               <w msd="Kbzzei" lemma="drug">druga</w>
               <S/>
               <w msd="Sozei" lemma="možnost">možnost</w>
               <S/>
               <w msd="Vp" lemma="pa">pa</w>
               <S/>
               <w msd="Gp-ste-n" lemma="biti">je</w>
               <c>,</c>
               <S/>
               <w msd="Vd" lemma="da">da</w>
               <S/>
               <w msd="Rsn" lemma="spet">spet</w>
               <S/>
               <w msd="Ggdspm" lemma="spodbuditi">spodbudimo</w>
               <S/>
               <w msd="Soset" lemma="vrenje">vrenje</w>
               <S/>
               <w msd="Vp" lemma="ali">ali</w>
               <S/>
               <w msd="Sozet" lemma="refermentacija">refermentacijo</w>
               <S/>
               <w msd="Ppnmer" lemma="nepovret">nepovretega</w>
               <S/>
               <w msd="Somer" lemma="mošt">mošta</w>
               <S/>
               <w msd="Vp" lemma="ali">ali</w>
               <S/>
               <w msd="Soser" lemma="vino">vina</w>
               <c>.</c>
               <S/>
            </s>
            <s>
               <w msd="Ppnsei" lemma="ponoven">Ponovno</w>
               <S/>
               <w msd="Sosei" lemma="vrenje">vrenje</w>
               <S/>
               <w msd="Ggdspm" lemma="spodbuditi">spodbudimo</w>
               <S/>
               <w msd="Do" lemma="z">s</w>
               <S/>
               <w msd="Sozeo" lemma="pomoč">pomočjo</w>
               <S/>
               <w msd="Sozmr" lemma="kvasovka">kvasovk</w>
               <S/>
               <w msd="Slmei" lemma="Saccharomyces">Saccharomyces</w>
               <S/>
               <w msd="Slmei" lemma="bayanus">bayanus</w>
               <S/>
               <c>(</c>
               <w msd="Ppnzmi" lemma="šampanjski">šampanjske</w>
               <S/>
               <w msd="Sozmi" lemma="kvasovka">kvasovke</w>
               <c>)</c>
               <S/>
               <w msd="Vp" lemma="in">in</w>
               <S/>
               <w msd="Somer" lemma="dodatek">dodatka</w>
               <S/>
               <w msd="Ppnzmr" lemma="hranljiv">hranljivih</w>
               <S/>
               <w msd="Sozmr" lemma="snov">snovi</w>
               <S/>
               <w msd="Dt" lemma="za">za</w>
               <S/>
               <w msd="Sozmt" lemma="kvasovka">kvasovke</w>
               <S/>
               <c>(</c>
               <w msd="Somei" lemma="vitamin">vitamin</w>
               <S/>
               <w msd="Slmei" lemma="B1">B1</w>
               <S/>
               <c>-</c>
               <S/>
               <w msd="Somei" lemma="tiamin">tiamin</w>
               <c>,</c>
               <S/>
               <w msd="Slmei" lemma="amon">amon</w>
               <S/>
               <w msd="Somei" lemma="fosfat">fosfat</w>
               <c>,</c>
               <S/>
               <w msd="Slmei" lemma="amon">amon</w>
               <S/>
               <w msd="Somei" lemma="sulfat">sulfat</w>
               <c>.</c>
               <c>.</c>
               <c>.</c>
               <c>)</c>
               <c>.</c>
               <S/>
            </s>
            <s>
               <w msd="Ggdn" lemma="ugotoviti">Ugotoviti</w>
               <S/>
               <w msd="Gp-ste-n" lemma="biti">je</w>
               <S/>
               <w msd="Rsn" lemma="treba">treba</w>
               <S/>
               <w msd="L" lemma="tudi">tudi</w>
               <S/>
               <w msd="Sozet" lemma="temperatura">temperaturo</w>
               <S/>
               <w msd="Ppnmer" lemma="nepovret">nepovretega</w>
               <S/>
               <w msd="Somer" lemma="mošt">mošta</w>
               <S/>
               <w msd="Vp" lemma="ali">ali</w>
               <S/>
               <w msd="Soser" lemma="vino">vina</w>
               <S/>
               <w msd="Vp" lemma="in">in</w>
               <S/>
               <w msd="Zotzet--k" lemma="on">jo</w>
               <S/>
               <w msd="L" lemma="vsaj">vsaj</w>
               <S/>
               <w msd="Dm" lemma="na">na</w>
               <S/>
               <w msd="Somem" lemma="začetek">začetku</w>
               <S/>
               <w msd="Ggdn" lemma="dvigniti">dvigniti</w>
               <S/>
               <w msd="Dt" lemma="na">na</w>
               <S/>
               <w msd="Kag" lemma="1516">1516</w>
               <S/>
               <c>°</c>
               <w msd="O" lemma="C.">C.</w>
               <S/>
               <w msd="Dm" lemma="pri">Pri</w>
               <S/>
               <w msd="Zk-sem" lemma="ta">tem</w>
               <S/>
               <w msd="Zp---d--k" lemma="se">si</w>
               <S/>
               <w msd="Ggvspm" lemma="pomagati">pomagamo</w>
               <S/>
               <w msd="Do" lemma="z">s</w>
               <S/>
               <w msd="Ppnmeo" lemma="poseben">posebnim</w>
               <S/>
               <w msd="Someo" lemma="grelec">grelcem</w>
               <c>,</c>
               <S/>
               <w msd="Ppsmmi" lemma="dober">najboljši</w>
               <S/>
               <w msd="Gp-stm-n" lemma="biti">so</w>
               <S/>
               <w msd="Zk-mmi" lemma="tisti">tisti</w>
               <S/>
               <w msd="Do" lemma="z">s</w>
               <S/>
               <w msd="Someo" lemma="termostat">termostatom</w>
               <c>,</c>
               <S/>
               <w msd="Vd" lemma="ki">ki</w>
               <S/>
               <w msd="Rsn" lemma="samodejno">samodejno</w>
               <S/>
               <w msd="Ggnstm" lemma="vzdrževati">vzdržujejo</w>
               <S/>
               <w msd="Pdnzet" lemma="želen">želeno</w>
               <S/>
               <w msd="Sozet" lemma="temperatura">temperaturo</w>
               <c>.</c>
               <S/>
            </s>
            <s>
               <w msd="Dt" lemma="za">Za</w>
               <S/>
               <w msd="Pppset" lemma="dober">boljše</w>
               <S/>
               <w msd="Soset" lemma="razmnoževanje">razmnoževanje</w>
               <S/>
               <w msd="Sozmr" lemma="kvasovka">kvasovk</w>
               <S/>
               <c>(</c>
               <w msd="Ggnstm" lemma="rabiti">rabijo</w>
               <S/>
               <w msd="Sometn" lemma="kisik">kisik</w>
               <c>)</c>
               <S/>
               <w msd="Gp-ste-n" lemma="biti">je</w>
               <S/>
               <w msd="Rsn" lemma="včasih">včasih</w>
               <S/>
               <w msd="Rsn" lemma="treba">treba</w>
               <S/>
               <w msd="Soset" lemma="vino">vino</w>
               <S/>
               <w msd="Ggdn" lemma="prezračiti">prezračiti</w>
               <c>.</c>
               <S/>
            </s>
            <s>
               <w msd="Ppnsei" lemma="ponoven">Ponovno</w>
               <S/>
               <w msd="Soset" lemma="vrenje">vrenje</w>
               <S/>
               <w msd="Ggnspm" lemma="priporočati">priporočamo</w>
               <S/>
               <w msd="Ggdn" lemma="opraviti">opraviti</w>
               <S/>
               <w msd="Rsn" lemma="čimprej">čimprej</w>
               <c>,</c>
               <S/>
               <w msd="Vd" lemma="dokler">dokler</w>
               <S/>
               <w msd="Gp-ste-n" lemma="biti">je</w>
               <S/>
               <w msd="L" lemma="še">še</w>
               <S/>
               <w msd="Ppnzei" lemma="kleten">kletna</w>
               <S/>
               <w msd="Sozei" lemma="temperatura">temperatura</w>
               <S/>
               <w msd="Dm" lemma="v">v</w>
               <S/>
               <w msd="Sozem" lemma="klet">kleti</w>
               <S/>
               <w msd="Vd" lemma="kolikor">kolikor</w>
               <S/>
               <w msd="Rsn" lemma="toliko">toliko</w>
               <S/>
               <w msd="Ppnzei" lemma="ugoden">ugodna</w>
               <c>.</c>
            </s>
         </p>
      </body>
   </text>
</TEI>