<?xml version="1.0" encoding="UTF-8"?>
<TEI xmlns="http://www.tei-c.org/ns/1.0" xml:id="F0001233" xml:lang="sl">
   <teiHeader>
      <fileDesc>
         <titleStmt>
            <title>ccKRES: Hopla (2006-07-31)</title>
            <funder>Operacijo delno financira Evropska unija iz Evropskega socialnega sklada ter Ministrstvo za šolstvo in šport. Operacija se izvaja v okviru Operativnega programa razvoja človeških virov za obdobje 2007-2013, razvojne prioritete: razvoj človeških virov in vseživljenjskega učenja; prednostne usmeritve: izboljšanje kakovosti in učinkovitosti sistemov izobraževanja in usposabljanja 2007-2013.</funder>
         </titleStmt>
         <editionStmt>
            <edition>1.0</edition>
         </editionStmt>
         <extent>219 besed</extent>
         <publicationStmt>
            <idno>A0000019</idno>
            <availability status="free">
               <p xml:lang="sl">Avtorske pravice za to izdajo ureja licenca <ref target="http://creativecommons.org/licenses/by-nc/2.5/si/">Creative Commons Priznanje avtorstva-Nekomercialno 2.5 Slovenija</ref>.</p>
               <p xml:lang="en">This work is licenced under the <ref target="http://creativecommons.org/licenses/by-nc/2.5/si/deed.en">Creative Commons Attribution-Noncommercial 2.5 Slovenia</ref>.</p>
            </availability>
            <date>2012-05-06</date>
         </publicationStmt>
         <sourceDesc>
            <bibl>
               <title>Hopla</title>
               <author n="???">neznani novinar</author>
               <date>2006-07-31</date>
               <publisher n="drugo">Dnevnik</publisher>
               <note type="sourceLang">sl</note>
            </bibl>
         </sourceDesc>
      </fileDesc>
      <encodingDesc>
         <projectDesc>
            <p xml:lang="sl">Glej <ref target="http://www.korpus-kres.net/">www.korpus-kres.net</ref> oz. <ref target="http://nl.ijs.si/ssj/">nl.ijs.si/ssj</ref>.</p>
            <p xml:lang="en">See <ref target="http://www.korpus-kres.net/">www.korpus-kres.net</ref> or <ref target="http://nl.ijs.si/ssj/">nl.ijs.si/ssj</ref>.</p>
         </projectDesc>
         <samplingDecl>
            <p xml:lang="sl">
            Besedila in odstavki v korpusu KRES so bili vzorčeni iz
            Gigafide tako, da smo dobili 100-milijonski referenčni
            korpus, v katerem so besedila uravnotežena po vnaprej
            določenih taksonomskih deležih in po podatkih o branosti
            vira (časopisi, revije, novičarski portali).  Korpus
            ccKRES nato, z namenom, da je lahko dostopen po licenci CC,
            vsebuje 10 % naključno vzorčenih odstavkov besedil iz
            korpusa KRES, torej 10 milijonov besed.
	    Več o sestavi korpusa lahko preberete na 
            <ref target="http://www.korpus-kres.net/">www.korpus-kres.net</ref> oz.
            <ref target="http://nl.ijs.si/ssj/">nl.ijs.si/ssj</ref>.
	  </p>
            <p xml:lang="en">
            Texts and paragraphs in the KRES corpus have been sampled from the 
	    Gigafida corpus. The result of the sampling is a 100-million-word 
	    reference corpus. The texts in KRES are balanced according to the 
	    predetermined categories, with particular consideration being paid to 
	    the data on the popularity of the source (newspapers, magazines, 
	    Internet news sites). 
	    To enable free (CC) distribution of the corpus, the ccKRES corpus contains 
	    10% of randomly sampled paragraphs from KRES, i.e. contains 10 million words.
	    For more information about the contents of the corpus, 
	    see <ref target="http://www.korpus-kres.net/">www.korpus-kres.net</ref>
	    and <ref target="http://nl.ijs.si/ssj/">nl.ijs.si/ssj</ref>.
	  </p>
         </samplingDecl>
         <tagsDecl>
            <namespace name="http://www.tei-c.org/ns/1.0">
               <tagUsage gi="p" occurs="4"/>
               <tagUsage gi="s" occurs="17"/>
               <tagUsage gi="S" occurs="214"/>
               <tagUsage gi="w" occurs="219"/>
               <tagUsage gi="c" occurs="39"/>
            </namespace>
         </tagsDecl>
         <classDecl>
            <taxonomy xml:id="SSJ">
               <category xml:id="SSJ.T">
                  <catDesc>tisk</catDesc>
                  <category xml:id="SSJ.T.K">
                     <catDesc>knjižno</catDesc>
                     <category xml:id="SSJ.T.K.L">
                        <catDesc>leposlovno</catDesc>
                     </category>
                     <category xml:id="SSJ.T.K.S">
                        <catDesc>strokovno</catDesc>
                     </category>
                  </category>
                  <category xml:id="SSJ.T.P">
                     <catDesc>periodično</catDesc>
                     <category xml:id="SSJ.T.P.C">
                        <catDesc>časopis</catDesc>
                     </category>
                     <category xml:id="SSJ.T.P.R">
                        <catDesc>revija</catDesc>
                     </category>
                  </category>
                  <category xml:id="SSJ.T.D">
                     <catDesc>drugo</catDesc>
                  </category>
               </category>
               <category xml:id="SSJ.I">
                  <catDesc>internet</catDesc>
               </category>
            </taxonomy>
         </classDecl>
      </encodingDesc>
      <profileDesc>
         <textClass>
            <catRef target="#SSJ.T.P.R"/>
         </textClass>
      </profileDesc>
   </teiHeader>
   <text xml:id="F0001233." xml:lang="sl">
      <body>
         <p xml:id="F0001233.000096">
            <s>
               <w msd="Slzei" lemma="Violeta">Violeta</w>
               <S/>
               <w msd="Slmei" lemma="Tomič">Tomič</w>
               <S/>
               <w msd="Gp-ste-n" lemma="biti">je</w>
               <S/>
               <w msd="Dm" lemma="na">na</w>
               <S/>
               <w msd="Somem" lemma="oder">odru</w>
               <S/>
               <w msd="Ggdd-ez" lemma="predstaviti">predstavila</w>
               <S/>
               <w msd="Sometn" lemma="del">del</w>
               <S/>
               <w msd="Ppnzer" lemma="avtorski">avtorske</w>
               <S/>
               <w msd="Sozer" lemma="monodrama">monodrame</w>
               <c>,</c>
               <S/>
               <w msd="Slmei" lemma="Tof">Tof</w>
               <S/>
               <w msd="Vp" lemma="pa">pa</w>
               <S/>
               <w msd="Zotzed--k" lemma="on">ji</w>
               <S/>
               <w msd="Gp-ste-n" lemma="biti">je</w>
               <S/>
               <w msd="Ggdd-em" lemma="izkazati">izkazal</w>
               <S/>
               <w msd="Ppnzet" lemma="velik">veliko</w>
               <S/>
               <w msd="Sozet" lemma="naklonjenost">naklonjenost</w>
               <c>.</c>
            </s>
         </p>
         <p xml:id="F0001233.000392">
            <s>
               <w msd="Ppnzei" lemma="pošten">POŠTNA</w>
               <S/>
               <w msd="O" lemma="št.">ŠT.</w>
               <S/>
               <w msd="Vp" lemma="in">IN</w>
               <S/>
               <w msd="Sozei" lemma="pošta">POŠTA</w>
               <c>:</c>
            </s>
         </p>
         <p xml:id="F0001233.000453">
            <s>
               <w msd="Slzei" lemma="Emily">Emily</w>
               <S/>
               <w msd="Slzei" lemma="Mortimer">Mortimer</w>
               <S/>
               <w msd="Gp-ste-n" lemma="biti">je</w>
               <S/>
               <w msd="Dm" lemma="po">po</w>
               <S/>
               <w msd="Sosem" lemma="mnenje">mnenju</w>
               <S/>
               <w msd="Zn-mmr" lemma="mnog">mnogih</w>
               <S/>
               <w msd="Ppnzei" lemma="tipičen">tipična</w>
               <S/>
               <w msd="Sozei" lemma="podoba">podoba</w>
               <S/>
               <w msd="Ppnzer" lemma="angleški">angleške</w>
               <S/>
               <w msd="Sozer" lemma="vrtnica">vrtnice</w>
               <c>:</c>
               <S/>
               <w msd="Ppnzmi" lemma="velik">velike</w>
               <S/>
               <w msd="Ppnzmi" lemma="temen">temne</w>
               <S/>
               <w msd="Sozmi" lemma="oči">oči</w>
               <S/>
               <w msd="Vp" lemma="in">in</w>
               <S/>
               <w msd="Ppnmein" lemma="porcelanast">porcelanast</w>
               <S/>
               <w msd="Sometn" lemma="obraz">obraz</w>
               <c>,</c>
               <S/>
               <w msd="Vd" lemma="ki">ki</w>
               <S/>
               <w msd="Zp---d--k" lemma="se">si</w>
               <S/>
               <w msd="Zotset--k" lemma="on">ga</w>
               <S/>
               <w msd="Somei" lemma="človek">človek</w>
               <S/>
               <w msd="Rsn" lemma="hitro">hitro</w>
               <S/>
               <w msd="Ggdste" lemma="zapomniti">zapomni</w>
               <c>.</c>
               <S/>
            </s>
            <s>
               <w msd="Dd" lemma="kljub">Kljub</w>
               <S/>
               <w msd="Zk-sed" lemma="ta">temu</w>
               <S/>
               <w msd="Zotzet--k" lemma="on">jo</w>
               <S/>
               <w msd="Sommi" lemma="gledalec">gledalci</w>
               <S/>
               <w msd="Rsr" lemma="dobro">bolje</w>
               <S/>
               <w msd="Ggnstm" lemma="poznati">poznajo</w>
               <S/>
               <w msd="Dm" lemma="po">po</w>
               <S/>
               <w msd="Zstsemez" lemma="njen">njenem</w>
               <S/>
               <w msd="Sosem" lemma="ime">imenu</w>
               <S/>
               <w msd="Vd" lemma="kot">kot</w>
               <S/>
               <w msd="Dm" lemma="po">po</w>
               <S/>
               <w msd="Somem" lemma="videz">videzu</w>
               <c>.</c>
               <S/>
            </s>
            <s>
               <w msd="Zn-mmi" lemma="mnog">Mnogi</w>
               <S/>
               <w msd="Gp-stm-n" lemma="biti">so</w>
               <S/>
               <w msd="Zotzet--z" lemma="zame">zanjo</w>
               <S/>
               <w msd="L" lemma="že">že</w>
               <S/>
               <w msd="Ggvd-mm" lemma="slišati">slišali</w>
               <c>,</c>
               <S/>
               <w msd="L" lemma="le">le</w>
               <S/>
               <w msd="Vd" lemma="da">da</w>
               <S/>
               <w msd="Zp------k" lemma="se">se</w>
               <S/>
               <w msd="L" lemma="ne">ne</w>
               <S/>
               <w msd="Ggdstm" lemma="spomniti">spomnijo</w>
               <c>,</c>
               <S/>
               <w msd="Rsn" lemma="kje">kje</w>
               <S/>
               <w msd="Vp" lemma="in">in</w>
               <S/>
               <w msd="Rsn" lemma="kdaj">kdaj</w>
               <c>.</c>
               <S/>
            </s>
            <s>
               <w msd="L" lemma="seveda">Seveda</w>
               <c>,</c>
               <S/>
               <w msd="Vp" lemma="saj">saj</w>
               <S/>
               <w msd="Slzei" lemma="Emily">Emily</w>
               <S/>
               <w msd="Dm" lemma="v">v</w>
               <S/>
               <w msd="Sommm" lemma="film">filmih</w>
               <S/>
               <w msd="Ggnste" lemma="nastopati">nastopa</w>
               <S/>
               <w msd="L" lemma="že">že</w>
               <S/>
               <w msd="Kbg-mt" lemma="deset">deset</w>
               <S/>
               <w msd="Sosmr" lemma="leto">let</w>
               <c>,</c>
               <S/>
               <w msd="Ggdd-ez" lemma="nastopiti">nastopila</w>
               <S/>
               <w msd="Gp-ste-n" lemma="biti">je</w>
               <S/>
               <w msd="L" lemma="tudi">tudi</w>
               <S/>
               <w msd="Dm" lemma="v">v</w>
               <S/>
               <w msd="Somem" lemma="film">filmu</w>
               <S/>
               <w msd="Somei" lemma="krik">Krik</w>
               <S/>
               <w msd="Kag" lemma="3">3</w>
               <c>,</c>
               <S/>
               <w msd="Vp" lemma="a">a</w>
               <S/>
               <w msd="Zp------k" lemma="se">se</w>
               <S/>
               <w msd="Zotzed--k" lemma="on">ji</w>
               <S/>
               <w msd="Rsn" lemma="nikakor">nikakor</w>
               <S/>
               <w msd="Gp-ste-d" lemma="biti">ni</w>
               <S/>
               <w msd="Ggdd-es" lemma="uspeti">uspelo</w>
               <S/>
               <w msd="Ggdn" lemma="prebiti">prebiti</w>
               <S/>
               <w msd="Do" lemma="med">med</w>
               <S/>
               <w msd="Sozeo" lemma="elita">elito</w>
               <S/>
               <w msd="Ppszmr" lemma="dober">najboljših</w>
               <S/>
               <w msd="Sozmr" lemma="igralka">igralk</w>
               <c>.</c>
               <S/>
            </s>
            <s>
               <w msd="Dr" lemma="do">Do</w>
               <S/>
               <w msd="Rsn" lemma="nedavna">nedavna</w>
               <c>.</c>
            </s>
         </p>
         <p xml:id="F0001233.000557">
            <s>
               <w msd="Dr" lemma="iz">Iz</w>
               <S/>
               <w msd="Pdnzmr" lemma="naveden">navedenih</w>
               <S/>
               <w msd="Sozmr" lemma="sestavina">sestavin</w>
               <S/>
               <w msd="Ggdspm" lemma="zamesiti">zamesimo</w>
               <S/>
               <w msd="Soset" lemma="testo">testo</w>
               <c>,</c>
               <S/>
               <w msd="Vp" lemma="in">in</w>
               <S/>
               <w msd="L" lemma="sicer">sicer</w>
               <S/>
               <w msd="Do" lemma="z">s</w>
               <S/>
               <w msd="Rsn" lemma="toliko">toliko</w>
               <S/>
               <w msd="Ppnzer" lemma="hladen">hladne</w>
               <S/>
               <w msd="Sozer" lemma="voda">vode</w>
               <c>,</c>
               <S/>
               <w msd="Vd" lemma="da">da</w>
               <S/>
               <w msd="Gp-pte-n" lemma="biti">bo</w>
               <S/>
               <w msd="Rsn" lemma="nekoliko">nekoliko</w>
               <S/>
               <w msd="Rsr" lemma="mehko">mehkejše</w>
               <S/>
               <w msd="Vd" lemma="kot">kot</w>
               <S/>
               <w msd="Sosei" lemma="testo">testo</w>
               <S/>
               <w msd="Dt" lemma="za">za</w>
               <S/>
               <w msd="Sommt" lemma="rezanec">rezance</w>
               <c>.</c>
               <S/>
            </s>
            <s>
               <w msd="Ggdspm" lemma="pustiti">Pustimo</w>
               <S/>
               <w msd="Zotmet--k" lemma="on">ga</w>
               <S/>
               <w msd="Ggnn" lemma="počivati">počivati</w>
               <S/>
               <w msd="Rsn" lemma="pol">pol</w>
               <S/>
               <w msd="Sozer" lemma="ura">ure</w>
               <c>,</c>
               <S/>
               <w msd="Pdnmet" lemma="pokrit">pokritega</w>
               <S/>
               <w msd="Do" lemma="z">s</w>
               <S/>
               <w msd="Sometn" lemma="PVC">PVC</w>
               <c>-</c>
               <w msd="Sozeo" lemma="folija">folijo</w>
               <c>.</c>
               <S/>
            </s>
            <s>
               <w msd="Rsn" lemma="nato">Nato</w>
               <S/>
               <w msd="Zotmet--k" lemma="on">ga</w>
               <S/>
               <w msd="Rsn" lemma="tanko">tanko</w>
               <S/>
               <w msd="Ggdspm" lemma="razvaljati">razvaljamo</w>
               <c>.</c>
               <S/>
            </s>
            <s>
               <w msd="Rsn" lemma="medtem">Medtem</w>
               <S/>
               <w msd="Vd" lemma="ko">ko</w>
               <S/>
               <w msd="Soset" lemma="testo">testo</w>
               <S/>
               <w msd="Ggnste" lemma="počivati">počiva</w>
               <c>,</c>
               <S/>
               <w msd="Ggdspm" lemma="pripraviti">pripravimo</w>
               <S/>
               <w msd="Sometn" lemma="nadev">nadev</w>
               <c>.</c>
               <S/>
            </s>
            <s>
               <w msd="Do" lemma="med">Med</w>
               <S/>
               <w msd="Sozmo" lemma="dlan">dlanmi</w>
               <S/>
               <w msd="Zotmet--k" lemma="on">ga</w>
               <S/>
               <w msd="Ggnspm" lemma="oblikovati">oblikujemo</w>
               <S/>
               <w msd="Dt" lemma="v">v</w>
               <S/>
               <w msd="Sozmt" lemma="kroglica">kroglice</w>
               <c>,</c>
               <S/>
               <w msd="Vd" lemma="ki">ki</w>
               <S/>
               <w msd="Zotzmt--k" lemma="on">jih</w>
               <S/>
               <w msd="Ggnspm" lemma="polagati">polagamo</w>
               <S/>
               <w msd="Dm" lemma="v">v</w>
               <S/>
               <w msd="Ppnmem" lemma="primeren">primernem</w>
               <S/>
               <w msd="Somem" lemma="razmik">razmiku</w>
               <S/>
               <w msd="Dt" lemma="na">na</w>
               <S/>
               <w msd="Soset" lemma="testo">testo</w>
               <S/>
               <c>(</c>
               <w msd="Ppnsei" lemma="odvisen">odvisno</w>
               <S/>
               <w msd="Dr" lemma="od">od</w>
               <S/>
               <w msd="Sozer" lemma="velikost">velikosti</w>
               <S/>
               <w msd="Sozmr" lemma="kroglica">kroglic</w>
               <S/>
               <w msd="Vp" lemma="oziroma">oziroma</w>
               <S/>
               <w msd="Somer" lemma="nadev">nadeva</w>
               <c>)</c>
               <c>.</c>
               <S/>
            </s>
            <s>
               <w msd="Dm" lemma="po">Po</w>
               <S/>
               <w msd="Sozem" lemma="dolžina">dolžini</w>
               <S/>
               <w msd="Ggdspm" lemma="premazati">premažemo</w>
               <S/>
               <w msd="Do" lemma="z">z</w>
               <S/>
               <w msd="Soseo" lemma="jajce">jajcem</w>
               <c>,</c>
               <S/>
               <w msd="Soset" lemma="testo">testo</w>
               <S/>
               <w msd="Ggdspm" lemma="prepogniti">prepognemo</w>
               <S/>
               <w msd="Dt" lemma="čez">čez</w>
               <S/>
               <w msd="Sometn" lemma="nadev">nadev</w>
               <c>,</c>
               <S/>
               <w msd="Dm" lemma="po">po</w>
               <S/>
               <w msd="Ppnmem" lemma="dolg">dolgem</w>
               <S/>
               <w msd="Ggdspm" lemma="odrezati">odrežemo</w>
               <S/>
               <w msd="Vp" lemma="in">in</w>
               <S/>
               <w msd="Rsn" lemma="nato">nato</w>
               <S/>
               <w msd="Ggdspm" lemma="narezati">narežemo</w>
               <S/>
               <w msd="Dt" lemma="na">na</w>
               <S/>
               <w msd="Sommt" lemma="košček">koščke</w>
               <c>.</c>
               <S/>
            </s>
            <s>
               <w msd="Do" lemma="z">Z</w>
               <S/>
               <w msd="Sozdo" lemma="roka">rokama</w>
               <S/>
               <w msd="Dm" lemma="na">na</w>
               <S/>
               <w msd="Zc-mdm" lemma="oba">obeh</w>
               <S/>
               <w msd="Sommm" lemma="konec">koncih</w>
               <S/>
               <w msd="Somer" lemma="nadev">nadeva</w>
               <S/>
               <w msd="Ggdspm" lemma="iztisniti">iztisnemo</w>
               <S/>
               <w msd="Sometn" lemma="zrak">zrak</w>
               <S/>
               <w msd="Vp" lemma="in">in</w>
               <S/>
               <w msd="Dm" lemma="ob">ob</w>
               <S/>
               <w msd="Kbzmem" lemma="en">enem</w>
               <S/>
               <w msd="Do" lemma="z">s</w>
               <S/>
               <w msd="Someo" lemma="kazalec">kazalcem</w>
               <S/>
               <w msd="Ggdspm" lemma="vtisniti">vtisnemo</w>
               <S/>
               <w msd="Sozet" lemma="vdolbina">vdolbino</w>
               <S/>
               <w msd="Dm" lemma="na">na</w>
               <S/>
               <w msd="Sozem" lemma="sredina">sredini</w>
               <S/>
               <w msd="Somer" lemma="žlikrof">žlikrofa</w>
               <S/>
               <c>(</c>
               <w msd="Rsn" lemma="tam">tam</w>
               <c>,</c>
               <S/>
               <w msd="Vd" lemma="kjer">kjer</w>
               <S/>
               <w msd="Zp------k" lemma="se">se</w>
               <S/>
               <w msd="Sommi" lemma="rob">robovi</w>
               <S/>
               <w msd="Ggnstm" lemma="stikati">stikajo</w>
               <c>)</c>
               <c>.</c>
               <S/>
            </s>
            <s>
               <w msd="Somei" lemma="postopek">Postopek</w>
               <S/>
               <w msd="Ggnspm" lemma="ponavljati">ponavljamo</w>
               <c>,</c>
               <S/>
               <w msd="Vd" lemma="dokler">dokler</w>
               <S/>
               <w msd="L" lemma="ne">ne</w>
               <S/>
               <w msd="Ggdspm" lemma="porabiti">porabimo</w>
               <S/>
               <w msd="Somer" lemma="nadev">nadeva</w>
               <S/>
               <w msd="Vp" lemma="in">in</w>
               <S/>
               <w msd="Somer" lemma="test">testa</w>
               <c>.</c>
               <S/>
            </s>
            <s>
               <w msd="Sommt" lemma="žlikrof">Žlikrofe</w>
               <S/>
               <w msd="Ggnspm" lemma="kuhati">kuhamo</w>
               <S/>
               <w msd="Rsn" lemma="približno">približno</w>
               <S/>
               <w msd="Kag" lemma="12">12</w>
               <S/>
               <w msd="Sozmr" lemma="minuta">minut</w>
               <S/>
               <w msd="Dm" lemma="v">v</w>
               <S/>
               <w msd="Pdnmem" lemma="osoljen">osoljenem</w>
               <S/>
               <w msd="Somem" lemma="krop">kropu</w>
               <c>.</c>
               <S/>
            </s>
            <s>
               <w msd="Pdnmmt" lemma="kuhan">Kuhane</w>
               <S/>
               <w msd="Ggnspm" lemma="pobirati">pobiramo</w>
               <S/>
               <w msd="Do" lemma="z">s</w>
               <S/>
               <w msd="Sozeo" lemma="penavka">penavko</w>
               <S/>
               <w msd="Vp" lemma="in">in</w>
               <S/>
               <w msd="Ggnspm" lemma="polagati">polagamo</w>
               <S/>
               <w msd="Dt" lemma="na">na</w>
               <S/>
               <w msd="Pdnmetn" lemma="ogret">ogret</w>
               <S/>
               <w msd="Sometn" lemma="krožnik">krožnik</w>
               <c>.</c>
            </s>
         </p>
      </body>
   </text>
</TEI>