<?xml version="1.0" encoding="UTF-8"?>
<TEI xmlns="http://www.tei-c.org/ns/1.0" xml:id="F0001994" xml:lang="sl">
   <teiHeader>
      <fileDesc>
         <titleStmt>
            <title>ccKRES: Novi tednik NT&amp;RC (2003-02)</title>
            <funder>Operacijo delno financira Evropska unija iz Evropskega socialnega sklada ter Ministrstvo za šolstvo in šport. Operacija se izvaja v okviru Operativnega programa razvoja človeških virov za obdobje 2007-2013, razvojne prioritete: razvoj človeških virov in vseživljenjskega učenja; prednostne usmeritve: izboljšanje kakovosti in učinkovitosti sistemov izobraževanja in usposabljanja 2007-2013.</funder>
         </titleStmt>
         <editionStmt>
            <edition>1.0</edition>
         </editionStmt>
         <extent>431 besed</extent>
         <publicationStmt>
            <idno>nt2c_03</idno>
            <availability status="restricted">
               <availability xmlns="" status="free">
                  <p xml:lang="sl">Avtorske pravice za to izdajo ureja licenca <ref target="http://creativecommons.org/licenses/by-nc/2.5/si/">Creative Commons Priznanje avtorstva-Nekomercialno 2.5 Slovenija</ref>.</p>
                  <p xml:lang="en">This work is licenced under the <ref target="http://creativecommons.org/licenses/by-nc/2.5/si/deed.en">Creative Commons Attribution-Noncommercial 2.5 Slovenia</ref>.</p>
               </availability>
            </availability>
            <date>2012-05-06</date>
         </publicationStmt>
         <sourceDesc>
            <bibl>
               <title>Novi tednik NT&amp;RC</title>
               <author n="???">neznani novinar</author>
               <date>2003-02</date>
               <publisher n="drugo">Novi tednik</publisher>
               <note type="sourceLang">sl</note>
            </bibl>
         </sourceDesc>
      </fileDesc>
      <encodingDesc>
         <projectDesc>
            <p xml:lang="sl">Glej <ref target="http://www.korpus-kres.net/">www.korpus-kres.net</ref> oz. <ref target="http://nl.ijs.si/ssj/">nl.ijs.si/ssj/</ref>.</p>
            <p xml:lang="en">See <ref target="http://www.korpus-kres.net/">www.korpus-kres.net</ref> or <ref target="http://nl.ijs.si/ssj/">nl.ijs.si/ssj/</ref>.</p>
         </projectDesc>
         <samplingDecl>
            <p xml:lang="sl">
            Besedila in odstavki v korpusu KRES so bili vzorčeni iz
            Gigafide tako, da smo dobili 100-milijonski referenčni
            korpus, v katerem so besedila uravnotežena po vnaprej
            določenih taksonomskih deležih in po podatkih o branosti
            vira (časopisi, revije, novičarski portali).  Korpus
            ccKRES nato, z namenom, da je lahko dostopen po licenci CC,
            vsebuje 10 % naključno vzorčenih odstavkov besedil iz
            korpusa KRES, torej 10 milijonov besed.
	    Več o sestavi korpusa lahko preberete na 
            <ref target="http://www.korpus-kres.net/">www.korpus-kres.net</ref> oz.
            <ref target="http://nl.ijs.si/ssj/">nl.ijs.si/ssj/</ref>.
	  </p>
            <p xml:lang="en">
            Texts and paragraphs in the KRES corpus have been sampled from the 
	    Gigafida corpus. The result of the sampling is a 100-million-word 
	    reference corpus. The texts in KRES are balanced according to the 
	    predetermined categories, with particular consideration being paid to 
	    the data on the popularity of the source (newspapers, magazines, 
	    Internet news sites). 
	    To enable free (CC) distribution of the corpus, the ccKRES corpus contains 
	    10% of randomly sampled paragraphs from KRES, i.e. contains 10 million words.
	    For more information about the contents of the corpus, 
	    see <ref target="http://www.korpus-kres.net/">www.korpus-kres.net</ref>
	    and <ref target="http://nl.ijs.si/ssj/">nl.ijs.si/ssj/</ref>.
	  </p>
         </samplingDecl>
         <tagsDecl>
            <namespace name="http://www.tei-c.org/ns/1.0">
               <tagUsage gi="p" occurs="4"/>
               <tagUsage gi="s" occurs="20"/>
               <tagUsage gi="S" occurs="426"/>
               <tagUsage gi="w" occurs="431"/>
               <tagUsage gi="c" occurs="62"/>
            </namespace>
         </tagsDecl>
         <classDecl>
            <taxonomy xml:id="SSJ">
               <category xml:id="SSJ.T">
                  <catDesc>tisk</catDesc>
                  <category xml:id="SSJ.T.K">
                     <catDesc>knjižno</catDesc>
                     <category xml:id="SSJ.T.K.L">
                        <catDesc>leposlovno</catDesc>
                     </category>
                     <category xml:id="SSJ.T.K.S">
                        <catDesc>strokovno</catDesc>
                     </category>
                  </category>
                  <category xml:id="SSJ.T.P">
                     <catDesc>periodično</catDesc>
                     <category xml:id="SSJ.T.P.C">
                        <catDesc>časopis</catDesc>
                     </category>
                     <category xml:id="SSJ.T.P.R">
                        <catDesc>revija</catDesc>
                     </category>
                  </category>
                  <category xml:id="SSJ.T.D">
                     <catDesc>drugo</catDesc>
                  </category>
               </category>
               <category xml:id="SSJ.I">
                  <catDesc>internet</catDesc>
               </category>
            </taxonomy>
         </classDecl>
      </encodingDesc>
      <profileDesc>
         <textClass>
            <catRef target="#SSJ.T.P.C"/>
         </textClass>
      </profileDesc>
   </teiHeader>
   <text xml:id="F0001994." xml:lang="sl">
      <body>
         <p xml:id="F0001994.000089">
            <s>
               <w msd="Sozer" lemma="novica">Novice</w>
               <S/>
               <w msd="Dm" lemma="o">o</w>
               <S/>
               <w msd="Ppnmmm" lemma="izreden">izrednih</w>
               <S/>
               <w msd="Sommm" lemma="pregled">pregledih</w>
               <S/>
               <w msd="Vp" lemma="oziroma">oziroma</w>
               <S/>
               <w msd="Sommm" lemma="vpoklic">vpoklicih</w>
               <S/>
               <w msd="Sommr" lemma="avtomobil">avtomobilov</w>
               <c>,</c>
               <S/>
               <w msd="Vd" lemma="ki">ki</w>
               <S/>
               <w msd="Gp-stm-n" lemma="biti">so</w>
               <S/>
               <w msd="L" lemma="že">že</w>
               <S/>
               <w msd="Rsn" lemma="nekaj">nekaj</w>
               <S/>
               <w msd="Somer" lemma="čas">časa</w>
               <S/>
               <w msd="Dm" lemma="na">na</w>
               <S/>
               <w msd="Sozmm" lemma="cesta">cestah</w>
               <c>,</c>
               <S/>
               <w msd="Zp------k" lemma="se">se</w>
               <S/>
               <w msd="Rsn" lemma="tako">tako</w>
               <S/>
               <w msd="Rd" lemma="rekoč">rekoč</w>
               <S/>
               <w msd="Rsn" lemma="kar">kar</w>
               <S/>
               <w msd="Ggnstm" lemma="vrstiti">vrstijo</w>
               <c>.</c>
               <S/>
            </s>
            <s>
               <w msd="Rsn" lemma="tako">Tako</w>
               <S/>
               <w msd="Gp-pte-n" lemma="biti">bo</w>
               <S/>
               <w msd="Ppnmeid" lemma="nemški">nemški</w>
               <S/>
               <w msd="Slmei" lemma="BMW">BMW</w>
               <S/>
               <w msd="Dt" lemma="v">v</w>
               <S/>
               <w msd="Ppnzer" lemma="servisen">servisne</w>
               <S/>
               <w msd="Sozer" lemma="delavnica">delavnice</w>
               <S/>
               <w msd="Ggdd-em" lemma="poklicati">poklical</w>
               <S/>
               <w msd="Rsn" lemma="kar">kar</w>
               <S/>
               <w msd="Kag" lemma="164">164</w>
               <S/>
               <w msd="Kbg-mt" lemma="tisoč">tisoč</w>
               <S/>
               <w msd="Slmei" lemma="BMW">BMW</w>
               <S/>
               <w msd="Slmei" lemma="X5">X5</w>
               <c>,</c>
               <S/>
               <w msd="Ggvste" lemma="iti">Gre</w>
               <S/>
               <w msd="Dt" lemma="za">za</w>
               <S/>
               <w msd="Sometn" lemma="avto">avto</w>
               <c>,</c>
               <S/>
               <w msd="Vd" lemma="ki">ki</w>
               <S/>
               <w msd="Zotmet--k" lemma="on">ga</w>
               <S/>
               <w msd="Ggnstm" lemma="izdelovati">izdelujejo</w>
               <S/>
               <w msd="Dm" lemma="v">v</w>
               <S/>
               <w msd="Slzmm" lemma="ZDA">ZDA</w>
               <S/>
               <w msd="Vp" lemma="in">in</w>
               <S/>
               <w msd="Zp------k" lemma="se">se</w>
               <S/>
               <w msd="Rsn" lemma="zelo">zelo</w>
               <S/>
               <w msd="Rsn" lemma="dobro">dobro</w>
               <S/>
               <w msd="Ggnste" lemma="prodajati">prodaja</w>
               <c>.</c>
               <S/>
            </s>
            <s>
               <w msd="Vd" lemma="kot">Kot</w>
               <S/>
               <w msd="Ggvstm" lemma="praviti">pravijo</w>
               <S/>
               <w msd="Dm" lemma="pri">pri</w>
               <S/>
               <w msd="Sozem" lemma="tovarna">tovarni</w>
               <c>,</c>
               <S/>
               <w msd="Gp-g" lemma="biti">bi</w>
               <S/>
               <w msd="Zp------k" lemma="se">se</w>
               <S/>
               <w msd="Ggvd-ez" lemma="utegniti">utegnila</w>
               <S/>
               <w msd="Ggdn" lemma="pojaviti">pojaviti</w>
               <S/>
               <w msd="Sozei" lemma="napaka">napaka</w>
               <S/>
               <w msd="Dm" lemma="na">na</w>
               <S/>
               <w msd="Ppnmem" lemma="zavoren">zavornem</w>
               <S/>
               <w msd="Somem" lemma="sistem">sistemu</w>
               <c>,</c>
               <S/>
               <w msd="Ggdd-mm" lemma="pregledati">pregledali</w>
               <S/>
               <w msd="Vp" lemma="pa">pa</w>
               <S/>
               <w msd="L" lemma="naj">naj</w>
               <S/>
               <w msd="Gp-g" lemma="biti">bi</w>
               <S/>
               <w msd="Sommt" lemma="avtomobil">avtomobile</w>
               <c>,</c>
               <S/>
               <w msd="Vd" lemma="ki">ki</w>
               <S/>
               <w msd="Gp-stm-n" lemma="biti">so</w>
               <S/>
               <w msd="Zotmmt--k" lemma="on">jih</w>
               <S/>
               <w msd="Ggdd-mm" lemma="narediti">naredili</w>
               <S/>
               <w msd="Do" lemma="med">med</w>
               <S/>
               <w msd="Kav" lemma="1.">1.</w>
               <S/>
               <w msd="Someo" lemma="avgust">avgustom</w>
               <S/>
               <w msd="Kag" lemma="1999">1999</w>
               <S/>
               <w msd="Vp" lemma="in">in</w>
               <S/>
               <w msd="Kav" lemma="12.">12.</w>
               <S/>
               <w msd="Someo" lemma="april">aprilom</w>
               <S/>
               <w msd="Rsn" lemma="lani">lani</w>
               <c>.</c>
               <S/>
            </s>
            <s>
               <w msd="Vd" lemma="kot">Kot</w>
               <S/>
               <w msd="Ggvstm" lemma="praviti">pravijo</w>
               <c>,</c>
               <S/>
               <w msd="Gp-ptm-n" lemma="biti">bodo</w>
               <S/>
               <w msd="Sommt" lemma="pregled">preglede</w>
               <S/>
               <w msd="L" lemma="seveda">seveda</w>
               <S/>
               <w msd="Ggdd-mm" lemma="opraviti">opravili</w>
               <S/>
               <w msd="Rsn" lemma="brezplačno">brezplačno</w>
               <c>,</c>
               <S/>
               <w msd="Sozet" lemma="tovarna">tovarno</w>
               <S/>
               <w msd="Vp" lemma="pa">pa</w>
               <S/>
               <w msd="L" lemma="naj">naj</w>
               <S/>
               <w msd="Gp-g" lemma="biti">bi</w>
               <S/>
               <w msd="Zk-sei" lemma="ta">to</w>
               <S/>
               <w msd="Ggnd-es" lemma="stati">stalo</w>
               <S/>
               <w msd="Kbg-mt" lemma="pet">pet</w>
               <S/>
               <w msd="Sommr" lemma="milijon">milijonov</w>
               <S/>
               <w msd="Sommr" lemma="evro">evrov</w>
               <c>.</c>
            </s>
         </p>
         <p xml:id="F0001994.000360">
            <s>
               <w msd="Sozei" lemma="krava">Krava</w>
               <S/>
               <w msd="Ggnste" lemma="opozarjati">opozarja</w>
               <S/>
               <w msd="Vp" lemma="in">in</w>
               <S/>
               <w msd="Ggnste" lemma="osveščati">osvešča</w>
               <S/>
               <w msd="Somer" lemma="potrošnik">potrošnika</w>
               <c>:</c>
               <S/>
               <w msd="Gp-ste-d" lemma="biti">Ni</w>
               <S/>
               <w msd="Zod-ei" lemma="ti">ti</w>
               <S/>
               <w msd="Rsn" lemma="treba">treba</w>
               <S/>
               <w msd="Ggdn" lemma="požreti">požreti</w>
               <S/>
               <w msd="Zc-zer" lemma="vsak">vsake</w>
               <S/>
               <w msd="Sozer" lemma="neumnost">neumnosti</w>
               <c>.</c>
            </s>
         </p>
         <p xml:id="F0001994.000673">
            <s>
               <w msd="Kav" lemma="1.">1.</w>
               <S/>
               <w msd="Kag" lemma="2">2</w>
               <c>.</c>
               <c>:</c>
               <S/>
               <w msd="Slzei" lemma="Dominika">Dominika</w>
               <S/>
               <w msd="Slzei" lemma="KOVAČ">KOVAČ</w>
               <S/>
               <w msd="Dr" lemma="iz">iz</w>
               <S/>
               <w msd="Slser" lemma="Celje">Celja</w>
               <S/>
               <w msd="Sozet" lemma="deklica">deklico</w>
               <c>,</c>
               <S/>
               <w msd="Slzei" lemma="Jožica">Jožica</w>
               <S/>
               <w msd="Slzei" lemma="TERGLAV">TERGLAV</w>
               <S/>
               <w msd="Dr" lemma="iz">iz</w>
               <S/>
               <w msd="Slser" lemma="Mozirje">Mozirja</w>
               <S/>
               <w msd="Sozet" lemma="deklica">deklico</w>
               <c>,</c>
               <S/>
               <w msd="Slzei" lemma="Petra">Petra</w>
               <S/>
               <w msd="Slzei" lemma="ZVER">ZVER</w>
               <S/>
               <w msd="Dr" lemma="iz">iz</w>
               <S/>
               <w msd="Slser" lemma="Celje">Celja</w>
               <S/>
               <w msd="Sozet" lemma="deklica">deklico</w>
               <c>,</c>
               <S/>
               <w msd="Slzei" lemma="Milena">Milena</w>
               <S/>
               <w msd="Slzei" lemma="SOJČ">SOJČ</w>
               <S/>
               <w msd="Dr" lemma="iz">iz</w>
               <S/>
               <w msd="Slser" lemma="Vitanje">Vitanja</w>
               <S/>
               <w msd="Somer" lemma="deček">dečka</w>
               <c>.</c>
            </s>
         </p>
         <p xml:id="F0001994.000825">
            <s>
               <w msd="L" lemma="tudi">Tudi</w>
               <S/>
               <w msd="Dm" lemma="v">v</w>
               <S/>
               <w msd="Ppnzem" lemma="sam">sami</w>
               <S/>
               <w msd="Slzem" lemma="Solčava">Solčavi</w>
               <S/>
               <w msd="Sozei" lemma="večina">večina</w>
               <S/>
               <w msd="Sommr" lemma="človek">ljudi</w>
               <S/>
               <w msd="Do" lemma="z">z</w>
               <S/>
               <w msd="Ppnseo" lemma="občinski">občinskim</w>
               <S/>
               <w msd="Soseo" lemma="vodstvo">vodstvom</w>
               <S/>
               <w msd="Rsn" lemma="vred">vred</w>
               <S/>
               <w msd="Ggnstm" lemma="udrihati">udrihajo</w>
               <S/>
               <w msd="Dm" lemma="po">po</w>
               <S/>
               <w msd="Zk-mmm" lemma="ta">teh</w>
               <S/>
               <w msd="Sommm" lemma="kmet">kmetih</w>
               <c>,</c>
               <S/>
               <w msd="L" lemma="predvsem">predvsem</w>
               <S/>
               <w msd="Vp" lemma="pa">pa</w>
               <S/>
               <w msd="Dm" lemma="po">po</w>
               <S/>
               <w msd="Somem" lemma="rok">Roku</w>
               <S/>
               <w msd="Slmem" lemma="Krivec">Krivcu</w>
               <c>,</c>
               <S/>
               <w msd="L" lemma="češ">češ</w>
               <S/>
               <w msd="Vd" lemma="da">da</w>
               <S/>
               <w msd="Gp-g" lemma="biti">bi</w>
               <S/>
               <w msd="Somei" lemma="plaz">plaz</w>
               <S/>
               <w msd="L" lemma="še">še</w>
               <S/>
               <w msd="Ggnd-em" lemma="mirovati">miroval</w>
               <c>,</c>
               <S/>
               <w msd="Vd" lemma="če">če</w>
               <S/>
               <w msd="Gp-g" lemma="biti">bi</w>
               <S/>
               <w msd="Ggdd-em" lemma="pustiti">pustil</w>
               <S/>
               <w msd="Ggdn" lemma="podreti">podreti</w>
               <S/>
               <w msd="Sometn" lemma="silos">silos</w>
               <S/>
               <w msd="Vp" lemma="ter">ter</w>
               <S/>
               <w msd="Ppnset" lemma="gospodarski">gospodarsko</w>
               <S/>
               <w msd="Soset" lemma="poslopje">poslopje</w>
               <c>,</c>
               <S/>
               <w msd="Vd" lemma="da">da</w>
               <S/>
               <w msd="Gp-g" lemma="biti">bi</w>
               <S/>
               <w msd="Sozei" lemma="voda">voda</w>
               <S/>
               <w msd="Rsn" lemma="lahko">lahko</w>
               <S/>
               <w msd="Ggnd-ez" lemma="teči">tekla</w>
               <S/>
               <w msd="Dr" lemma="iz">iz</w>
               <S/>
               <w msd="Somer" lemma="plaz">plazu</w>
               <c>.</c>
               <S/>
            </s>
            <s>
               <w msd="Slsei" lemma="MOP">MOP</w>
               <S/>
               <w msd="Zp------k" lemma="se">se</w>
               <S/>
               <w msd="Gp-ste-n" lemma="biti">je</w>
               <S/>
               <w msd="Ggdd-em" lemma="obregniti">obregnil</w>
               <S/>
               <w msd="L" lemma="celo">celo</w>
               <S/>
               <w msd="Dt" lemma="ob">ob</w>
               <S/>
               <w msd="Sometn" lemma="silos">silos</w>
               <c>,</c>
               <S/>
               <w msd="L" lemma="češ">češ</w>
               <c>,</c>
               <S/>
               <w msd="Vd" lemma="da">da</w>
               <S/>
               <w msd="Gp-ste-n" lemma="biti">je</w>
               <S/>
               <w msd="Zk-sei" lemma="ta">to</w>
               <S/>
               <w msd="Ppnzei" lemma="črn">črna</w>
               <S/>
               <w msd="Sozei" lemma="gradnja">gradnja</w>
               <S/>
               <w msd="Vp" lemma="in">in</w>
               <S/>
               <w msd="Zotmet--k" lemma="on">ga</w>
               <S/>
               <w msd="Gp-ste-n" lemma="biti">je</w>
               <S/>
               <w msd="Rsn" lemma="tako">tako</w>
               <S/>
               <w msd="Vp" lemma="in">in</w>
               <S/>
               <w msd="Rsn" lemma="tako">tako</w>
               <S/>
               <w msd="Rsn" lemma="treba">treba</w>
               <S/>
               <w msd="Ggdn" lemma="podreti">podreti</w>
               <c>.</c>
               <S/>
            </s>
            <s>
               <w msd="Dm" lemma="v">V</w>
               <S/>
               <w msd="Slzem" lemma="Slovenija">Sloveniji</w>
               <S/>
               <w msd="Gp-ste-n" lemma="biti">je</w>
               <S/>
               <w msd="Dt" lemma="na">na</w>
               <S/>
               <w msd="Rsn" lemma="črno">črno</w>
               <S/>
               <w msd="Pdnmmr" lemma="zgrajen">zgrajenih</w>
               <S/>
               <w msd="Dt" lemma="na">na</w>
               <S/>
               <w msd="Sommt" lemma="tisoči">tisoče</w>
               <S/>
               <w msd="Sommr" lemma="silos">silosov</w>
               <S/>
               <w msd="Vp" lemma="in">in</w>
               <S/>
               <w msd="L" lemma="tudi">tudi</w>
               <S/>
               <w msd="Dm" lemma="v">v</w>
               <S/>
               <w msd="Slzem" lemma="Solčava">Solčavi</w>
               <S/>
               <w msd="Gp-g" lemma="biti">bi</w>
               <S/>
               <w msd="L" lemma="najbrž">najbrž</w>
               <S/>
               <w msd="Dt" lemma="na">na</w>
               <S/>
               <w msd="Sommt" lemma="prst">prste</w>
               <S/>
               <w msd="Kbzzer" lemma="en">ene</w>
               <S/>
               <w msd="Sozer" lemma="roka">roke</w>
               <S/>
               <w msd="Ggdd-mm" lemma="prešteti">prešteli</w>
               <S/>
               <w msd="Zk-mmt" lemma="tisti">tiste</w>
               <c>,</c>
               <S/>
               <w msd="Vd" lemma="ki">ki</w>
               <S/>
               <w msd="Ggnstm-n" lemma="imeti">imajo</w>
               <S/>
               <w msd="Sosmt" lemma="dovoljenje">dovoljenja</w>
               <c>.</c>
               <S/>
            </s>
            <s>
               <w msd="Rsn" lemma="zdaj">Zdaj</w>
               <S/>
               <w msd="Gp-stm-n" lemma="biti">so</w>
               <S/>
               <w msd="Vp" lemma="pa">pa</w>
               <S/>
               <w msd="Ppnmmi" lemma="glasen">glasni</w>
               <S/>
               <w msd="L" lemma="tudi">tudi</w>
               <S/>
               <w msd="Zk-mmi" lemma="tisti">tisti</w>
               <c>,</c>
               <S/>
               <w msd="Vd" lemma="ki">ki</w>
               <S/>
               <w msd="Ggnstm-n" lemma="imeti">imajo</w>
               <S/>
               <w msd="Dt" lemma="na">na</w>
               <S/>
               <w msd="Ppnzet" lemma="črn">črno</w>
               <S/>
               <w msd="Pdnzet" lemma="zgrajen">zgrajeno</w>
               <S/>
               <w msd="L" lemma="še">še</w>
               <S/>
               <w msd="Zn-set" lemma="marsikaj">marsikaj</w>
               <S/>
               <w msd="Kbzser" lemma="drug">drugega</w>
               <S/>
               <w msd="Vp" lemma="in">in</w>
               <S/>
               <w msd="L" lemma="ne">ne</w>
               <S/>
               <w msd="L" lemma="le">le</w>
               <S/>
               <w msd="Somei" lemma="silos">silos</w>
               <c>.</c>
               <S/>
            </s>
            <s>
               <w msd="Do" lemma="pred">Pred</w>
               <S/>
               <w msd="Rsr" lemma="več">več</w>
               <S/>
               <w msd="Vd" lemma="kot">kot</w>
               <S/>
               <w msd="Kbg-mo" lemma="dvajset">dvajsetimi</w>
               <S/>
               <w msd="Sosmo" lemma="leto">leti</w>
               <c>,</c>
               <S/>
               <w msd="Vd" lemma="ko">ko</w>
               <S/>
               <w msd="Gp-ste-n" lemma="biti">je</w>
               <S/>
               <w msd="Gp-d-em" lemma="biti">bil</w>
               <S/>
               <w msd="Pdnmein" lemma="zgrajen">zgrajen</w>
               <S/>
               <w msd="Somei" lemma="silos">silos</w>
               <S/>
               <w msd="Dm" lemma="na">na</w>
               <S/>
               <w msd="Sozem" lemma="domačija">domačiji</w>
               <S/>
               <w msd="Slmer" lemma="Rok">Roka</w>
               <S/>
               <w msd="Slmer" lemma="Krivec">Krivca</w>
               <c>,</c>
               <S/>
               <w msd="L" lemma="pač">pač</w>
               <S/>
               <w msd="Gp-ste-d" lemma="biti">ni</w>
               <S/>
               <w msd="Zl-mei" lemma="nihče">nihče</w>
               <S/>
               <w msd="Ggnd-em" lemma="vedeti">vedel</w>
               <c>,</c>
               <S/>
               <w msd="Vd" lemma="da">da</w>
               <S/>
               <w msd="Gp-pte-n" lemma="biti">bo</w>
               <S/>
               <w msd="L" lemma="le">le</w>
               <c>-</c>
               <w msd="Zk-zei" lemma="ta">ta</w>
               <S/>
               <w msd="Dm" lemma="po">po</w>
               <S/>
               <w msd="Rsn" lemma="toliko">toliko</w>
               <S/>
               <w msd="Sosmm" lemma="leto">letih</w>
               <S/>
               <w msd="Rsn" lemma="napoti">napoti</w>
               <S/>
               <w msd="Ppnzem" lemma="celoten">celotni</w>
               <S/>
               <w msd="Sozed" lemma="država">državi</w>
               <S/>
               <w msd="Vp" lemma="in">in</w>
               <S/>
               <w msd="L" lemma="ne">ne</w>
               <S/>
               <w msd="L" lemma="le">le</w>
               <S/>
               <w msd="Slzem" lemma="Solčava">Solčavi</w>
               <c>.</c>
               <S/>
            </s>
            <s>
               <w msd="Dd" lemma="kljub">Kljub</w>
               <S/>
               <w msd="Somed" lemma="dogovor">dogovoru</w>
               <S/>
               <w msd="Vp" lemma="in">in</w>
               <S/>
               <w msd="Sommm" lemma="načrt">načrtih</w>
               <c>,</c>
               <S/>
               <w msd="Vd" lemma="da">da</w>
               <S/>
               <w msd="Gp-g" lemma="biti">bi</w>
               <S/>
               <w msd="Sozet" lemma="voda">vodo</w>
               <S/>
               <w msd="Ggdd-mm" lemma="speljati">speljali</w>
               <S/>
               <w msd="Do" lemma="med">med</w>
               <S/>
               <w msd="Someo" lemma="silos">silosom</w>
               <S/>
               <w msd="Vp" lemma="in">in</w>
               <S/>
               <w msd="Ppnseo" lemma="gospodarski">gospodarskim</w>
               <S/>
               <w msd="Soseo" lemma="poslopje">poslopjem</w>
               <c>,</c>
               <S/>
               <w msd="Zp------k" lemma="se">se</w>
               <S/>
               <w msd="Dr" lemma="do">do</w>
               <S/>
               <w msd="Rsn" lemma="sedaj">sedaj</w>
               <S/>
               <w msd="Gp-ste-d" lemma="biti">ni</w>
               <S/>
               <w msd="L" lemma="še">še</w>
               <S/>
               <w msd="Rsn" lemma="nič">nič</w>
               <S/>
               <w msd="Ggdd-es" lemma="narediti">naredilo</w>
               <c>.</c>
               <S/>
            </s>
            <s>
               <w msd="L" lemma="že">Že</w>
               <S/>
               <w msd="Dr" lemma="sredi">sredi</w>
               <S/>
               <w msd="Somer" lemma="december">decembra</w>
               <S/>
               <w msd="Gp-g" lemma="biti">bi</w>
               <S/>
               <w msd="Ggnd-mm" lemma="morati">morali</w>
               <S/>
               <w msd="Gp-n" lemma="biti">biti</w>
               <S/>
               <w msd="Pdnmmi" lemma="izdelan">izdelani</w>
               <S/>
               <w msd="Sommi" lemma="načrt">načrti</w>
               <S/>
               <w msd="Dt" lemma="za">za</w>
               <S/>
               <w msd="Ppnmetd" lemma="nadomesten">nadomestni</w>
               <S/>
               <w msd="Sometn" lemma="objekt">objekt</w>
               <c>,</c>
               <S/>
               <w msd="Vp" lemma="vendar">vendar</w>
               <S/>
               <w msd="Rsn" lemma="vse">vse</w>
               <S/>
               <w msd="Dr" lemma="do">do</w>
               <S/>
               <w msd="Rsn" lemma="danes">danes</w>
               <S/>
               <w msd="Dr" lemma="z">z</w>
               <S/>
               <w msd="Rsn" lemma="MOP-a">MOP-a</w>
               <S/>
               <w msd="Gp-ste-d" lemma="biti">ni</w>
               <S/>
               <w msd="Gp-d-es" lemma="biti">bilo</w>
               <S/>
               <w msd="Zl-mer" lemma="noben">nobenega</w>
               <S/>
               <w msd="Somer" lemma="odgovor">odgovora</w>
               <c>.</c>
               <S/>
            </s>
            <s>
               <w msd="Zl-mei" lemma="nihče">Nihče</w>
               <S/>
               <w msd="Dr" lemma="od">od</w>
               <S/>
               <w msd="Sommr" lemma="strokovnjak">strokovnjakov</w>
               <S/>
               <w msd="Zp------k" lemma="se">se</w>
               <S/>
               <w msd="L" lemma="ne">ne</w>
               <S/>
               <w msd="Ggnste" lemma="dogovarjati">dogovarja</w>
               <S/>
               <w msd="Do" lemma="z">z</w>
               <S/>
               <w msd="Slmeo" lemma="Rok">Rokom</w>
               <S/>
               <w msd="Slmeo" lemma="Krivec">Krivcem</w>
               <c>,</c>
               <S/>
               <w msd="Soser" lemma="delo">dela</w>
               <c>,</c>
               <S/>
               <w msd="Vd" lemma="ki">ki</w>
               <S/>
               <w msd="Gp-stm-n" lemma="biti">so</w>
               <S/>
               <w msd="Zp------k" lemma="se">se</w>
               <S/>
               <w msd="Somer" lemma="december">decembra</w>
               <S/>
               <w msd="Ggnd-ms" lemma="izvajati">izvajala</w>
               <c>,</c>
               <S/>
               <w msd="Gp-stm-n" lemma="biti">so</w>
               <S/>
               <w msd="Ggnd-mm" lemma="morati">morali</w>
               <S/>
               <w msd="Ggdn" lemma="prekiniti">prekiniti</w>
               <S/>
               <w msd="Dr" lemma="zaradi">zaradi</w>
               <S/>
               <w msd="Somer" lemma="sneg">snega</w>
               <S/>
               <w msd="Vp" lemma="in">in</w>
               <S/>
               <w msd="Ppnzmr" lemma="nizek">nizkih</w>
               <S/>
               <w msd="Sozmr" lemma="temperatura">temperatur</w>
               <S/>
               <w msd="Vp" lemma="in">in</w>
               <S/>
               <w msd="L" lemma="ne">ne</w>
               <S/>
               <w msd="Dr" lemma="zaradi">zaradi</w>
               <S/>
               <w msd="Sosmr" lemma="nasprotovanje">nasprotovanj</w>
               <c>.</c>
               <S/>
            </s>
            <s>
               <w msd="Sommi" lemma="človek">Ljudje</w>
               <c>,</c>
               <S/>
               <w msd="Vd" lemma="ki">ki</w>
               <S/>
               <w msd="Ggnstm" lemma="sedeti">sedijo</w>
               <S/>
               <w msd="Dm" lemma="v">v</w>
               <S/>
               <w msd="Sommm" lemma="naslonjač">naslonjačih</w>
               <S/>
               <w msd="Dm" lemma="v">v</w>
               <S/>
               <w msd="Ppnmmm" lemma="topel">toplih</w>
               <S/>
               <w msd="Sozmm" lemma="pisarna">pisarnah</w>
               <c>,</c>
               <S/>
               <w msd="L" lemma="pač">pač</w>
               <S/>
               <w msd="L" lemma="ne">ne</w>
               <S/>
               <w msd="Ggnstm" lemma="moči">morejo</w>
               <S/>
               <w msd="Ggnn" lemma="vedeti">vedeti</w>
               <c>,</c>
               <S/>
               <w msd="Vd" lemma="da">da</w>
               <S/>
               <w msd="Zp------k" lemma="se">se</w>
               <S/>
               <w msd="Dm" lemma="na">na</w>
               <S/>
               <w msd="Ppnzem" lemma="nadmorski">nadmorski</w>
               <S/>
               <w msd="Sozem" lemma="višina">višini</w>
               <S/>
               <w msd="Rsr" lemma="več">več</w>
               <S/>
               <w msd="Vd" lemma="kot">kot</w>
               <S/>
               <w msd="Kag" lemma="1000">1000</w>
               <S/>
               <w msd="Sommr" lemma="meter">metrov</w>
               <S/>
               <w msd="L" lemma="ne">ne</w>
               <S/>
               <w msd="Ggnste" lemma="moči">more</w>
               <S/>
               <w msd="Ggnn" lemma="delati">delati</w>
               <S/>
               <w msd="Zc-zet" lemma="ves">vso</w>
               <S/>
               <w msd="Sozet" lemma="zima">zimo</w>
               <c>,</c>
               <S/>
               <w msd="Vd" lemma="kot">kot</w>
               <S/>
               <w msd="Gp-stm-n" lemma="biti">so</w>
               <S/>
               <w msd="Rsn" lemma="prvotno">prvotno</w>
               <S/>
               <w msd="Ggnd-mm" lemma="nameravati">nameravali</w>
               <c>.</c>
               <S/>
            </s>
            <s>
               <w msd="L" lemma="že">Že</w>
               <S/>
               <w msd="Rsn" lemma="spet">spet</w>
               <S/>
               <w msd="Ppnzei" lemma="velik">velika</w>
               <S/>
               <w msd="Sozei" lemma="zmota">zmota</w>
               <S/>
               <w msd="Sommr" lemma="strokovnjak">strokovnjakov</w>
               <c>.</c>
               <S/>
            </s>
            <s>
               <w msd="Vd" lemma="dokler">Dokler</w>
               <S/>
               <w msd="Gp-ptm-n" lemma="biti">bodo</w>
               <S/>
               <w msd="Ggnd-mm" lemma="delati">delali</w>
               <S/>
               <w msd="L" lemma="samo">samo</w>
               <S/>
               <w msd="Ppnmmt" lemma="idejen">idejne</w>
               <S/>
               <w msd="Sommt" lemma="načrt">načrte</w>
               <S/>
               <w msd="Dt" lemma="za">za</w>
               <S/>
               <w msd="Sozet" lemma="sanacija">sanacijo</w>
               <S/>
               <w msd="Psnmer" lemma="Macesnikov">Macesnikovega</w>
               <S/>
               <w msd="Somer" lemma="plaz">plazu</w>
               <c>,</c>
               <S/>
               <w msd="Zp------k" lemma="se">se</w>
               <S/>
               <w msd="Zop-md" lemma="jaz">nam</w>
               <S/>
               <w msd="L" lemma="ne">ne</w>
               <S/>
               <w msd="Ggnste" lemma="obetati">obeta</w>
               <S/>
               <w msd="Zl-set" lemma="nič">nič</w>
               <S/>
               <w msd="Ppnser" lemma="dober">dobrega</w>
               <c>,</c>
               <S/>
               <w msd="Vp" lemma="saj">saj</w>
               <S/>
               <w msd="Gp-ste-n" lemma="biti">je</w>
               <S/>
               <w msd="Dr" lemma="od">od</w>
               <S/>
               <w msd="Sozer" lemma="ideja">ideje</w>
               <S/>
               <w msd="Dr" lemma="do">do</w>
               <S/>
               <w msd="Sozer" lemma="izvedba">izvedbe</w>
               <S/>
               <w msd="Ppnmein" lemma="ogromen">ogromen</w>
               <S/>
               <w msd="Sometn" lemma="korak">korak</w>
               <c>.</c>
               <S/>
            </s>
            <s>
               <w msd="Vd" lemma="ko">Ko</w>
               <S/>
               <w msd="Vp" lemma="pa">pa</w>
               <S/>
               <w msd="Gp-pte-n" lemma="biti">bo</w>
               <S/>
               <w msd="Ggdd-es" lemma="priti">prišlo</w>
               <S/>
               <w msd="Dr" lemma="do">do</w>
               <S/>
               <w msd="Sozer" lemma="izvedba">izvedbe</w>
               <c>,</c>
               <S/>
               <w msd="Gp-pte-n" lemma="biti">bo</w>
               <S/>
               <w msd="Ggdd-es" lemma="zmanjkati">zmanjkalo</w>
               <S/>
               <w msd="Somer" lemma="denar">denarja</w>
               <S/>
               <w msd="Vp" lemma="ali">ali</w>
               <S/>
               <w msd="Vp" lemma="pa">pa</w>
               <S/>
               <w msd="Gp-pte-n" lemma="biti">bo</w>
               <S/>
               <w msd="Somei" lemma="plaz">plaz</w>
               <S/>
               <w msd="L" lemma="že">že</w>
               <S/>
               <w msd="Dm" lemma="v">v</w>
               <S/>
               <w msd="Slzem" lemma="Solčava">Solčavi</w>
               <c>.</c>
               <S/>
            </s>
            <s>
               <w msd="Rsn" lemma="mogoče">Mogoče</w>
               <S/>
               <w msd="Vp" lemma="pa">pa</w>
               <S/>
               <w msd="Gp-ptm-n" lemma="biti">bodo</w>
               <S/>
               <w msd="Rsn" lemma="spet">spet</w>
               <S/>
               <w msd="Ggdd-mm" lemma="pogruntati">pogruntali</w>
               <c>,</c>
               <S/>
               <w msd="Vd" lemma="da">da</w>
               <S/>
               <w msd="Sozmi" lemma="ideja">ideje</w>
               <S/>
               <w msd="Gp-stm-d" lemma="biti">niso</w>
               <S/>
               <w msd="Gp-d-mz" lemma="biti">bile</w>
               <S/>
               <w msd="Ppnzmi" lemma="pravilen">pravilne</w>
               <S/>
               <w msd="Vp" lemma="in">in</w>
               <S/>
               <w msd="Rsn" lemma="spet">spet</w>
               <S/>
               <w msd="Gp-ptm-n" lemma="biti">bodo</w>
               <S/>
               <w msd="Ggdd-mm" lemma="začeti">začeli</w>
               <S/>
               <w msd="Ggnn" lemma="polniti">polniti</w>
               <S/>
               <w msd="Sozet" lemma="malha">malho</w>
               <S/>
               <w msd="Do" lemma="z">z</w>
               <S/>
               <w msd="Ppnmeo" lemma="davkoplačevalski">davkoplačevalskim</w>
               <S/>
               <w msd="Someo" lemma="denar">denarjem</w>
               <c>,</c>
               <S/>
               <w msd="Vd" lemma="da">da</w>
               <S/>
               <w msd="Zotmet--k" lemma="on">ga</w>
               <S/>
               <w msd="Gp-pte-n" lemma="biti">bo</w>
               <S/>
               <w msd="Rsn" lemma="spet">spet</w>
               <S/>
               <w msd="Rsn" lemma="dovolj">dovolj</w>
               <S/>
               <w msd="Dt" lemma="za">za</w>
               <S/>
               <w msd="Ppnzmt" lemma="nov">nove</w>
               <S/>
               <w msd="Sozmt" lemma="ideja">ideje</w>
               <c>.</c>
               <S/>
            </s>
            <s>
               <w msd="Rsn" lemma="kako">Kako</w>
               <S/>
               <w msd="Rsn" lemma="dolgo">dolgo</w>
               <S/>
               <w msd="L" lemma="še">še</w>
               <c>?</c>
            </s>
         </p>
      </body>
   </text>
</TEI>