<?xml version="1.0" encoding="UTF-8"?>
<TEI xmlns="http://www.tei-c.org/ns/1.0" xml:id="F0000628" xml:lang="sl">
   <teiHeader>
      <fileDesc>
         <titleStmt>
            <title>ccKRES: Nedeljski dnevnik (2003-08-17)</title>
            <funder>Operacijo delno financira Evropska unija iz Evropskega socialnega sklada ter Ministrstvo za šolstvo in šport. Operacija se izvaja v okviru Operativnega programa razvoja človeških virov za obdobje 2007-2013, razvojne prioritete: razvoj človeških virov in vseživljenjskega učenja; prednostne usmeritve: izboljšanje kakovosti in učinkovitosti sistemov izobraževanja in usposabljanja 2007-2013.</funder>
         </titleStmt>
         <editionStmt>
            <edition>1.0</edition>
         </editionStmt>
         <extent>503 besed</extent>
         <publicationStmt>
            <idno>A0000887</idno>
            <availability status="free">
               <p xml:lang="sl">Avtorske pravice za to izdajo ureja licenca <ref target="http://creativecommons.org/licenses/by-nc/2.5/si/">Creative Commons Priznanje avtorstva-Nekomercialno 2.5 Slovenija</ref>.</p>
               <p xml:lang="en">This work is licenced under the <ref target="http://creativecommons.org/licenses/by-nc/2.5/si/deed.en">Creative Commons Attribution-Noncommercial 2.5 Slovenia</ref>.</p>
            </availability>
            <date>2012-05-06</date>
         </publicationStmt>
         <sourceDesc>
            <bibl>
               <title>Nedeljski dnevnik</title>
               <author n="???">neznani novinar</author>
               <date>2003-08-17</date>
               <publisher n="Dnevnik">Dnevnik</publisher>
               <note type="sourceLang">sl</note>
            </bibl>
         </sourceDesc>
      </fileDesc>
      <encodingDesc>
         <projectDesc>
            <p xml:lang="sl">Glej <ref target="http://www.korpus-kres.net/">www.korpus-kres.net</ref> oz. <ref target="http://nl.ijs.si/ssj/">nl.ijs.si/ssj</ref>.</p>
            <p xml:lang="en">See <ref target="http://www.korpus-kres.net/">www.korpus-kres.net</ref> or <ref target="http://nl.ijs.si/ssj/">nl.ijs.si/ssj</ref>.</p>
         </projectDesc>
         <samplingDecl>
            <p xml:lang="sl">
            Besedila in odstavki v korpusu KRES so bili vzorčeni iz
            Gigafide tako, da smo dobili 100-milijonski referenčni
            korpus, v katerem so besedila uravnotežena po vnaprej
            določenih taksonomskih deležih in po podatkih o branosti
            vira (časopisi, revije, novičarski portali).  Korpus
            ccKRES nato, z namenom, da je lahko dostopen po licenci CC,
            vsebuje 10 % naključno vzorčenih odstavkov besedil iz
            korpusa KRES, torej 10 milijonov besed.
	    Več o sestavi korpusa lahko preberete na 
            <ref target="http://www.korpus-kres.net/">www.korpus-kres.net</ref> oz.
            <ref target="http://nl.ijs.si/ssj/">nl.ijs.si/ssj</ref>.
	  </p>
            <p xml:lang="en">
            Texts and paragraphs in the KRES corpus have been sampled from the 
	    Gigafida corpus. The result of the sampling is a 100-million-word 
	    reference corpus. The texts in KRES are balanced according to the 
	    predetermined categories, with particular consideration being paid to 
	    the data on the popularity of the source (newspapers, magazines, 
	    Internet news sites). 
	    To enable free (CC) distribution of the corpus, the ccKRES corpus contains 
	    10% of randomly sampled paragraphs from KRES, i.e. contains 10 million words.
	    For more information about the contents of the corpus, 
	    see <ref target="http://www.korpus-kres.net/">www.korpus-kres.net</ref>
	    and <ref target="http://nl.ijs.si/ssj/">nl.ijs.si/ssj</ref>.
	  </p>
         </samplingDecl>
         <tagsDecl>
            <namespace name="http://www.tei-c.org/ns/1.0">
               <tagUsage gi="p" occurs="15"/>
               <tagUsage gi="s" occurs="39"/>
               <tagUsage gi="S" occurs="490"/>
               <tagUsage gi="w" occurs="503"/>
               <tagUsage gi="c" occurs="102"/>
            </namespace>
         </tagsDecl>
         <classDecl>
            <taxonomy xml:id="SSJ">
               <category xml:id="SSJ.T">
                  <catDesc>tisk</catDesc>
                  <category xml:id="SSJ.T.K">
                     <catDesc>knjižno</catDesc>
                     <category xml:id="SSJ.T.K.L">
                        <catDesc>leposlovno</catDesc>
                     </category>
                     <category xml:id="SSJ.T.K.S">
                        <catDesc>strokovno</catDesc>
                     </category>
                  </category>
                  <category xml:id="SSJ.T.P">
                     <catDesc>periodično</catDesc>
                     <category xml:id="SSJ.T.P.C">
                        <catDesc>časopis</catDesc>
                     </category>
                     <category xml:id="SSJ.T.P.R">
                        <catDesc>revija</catDesc>
                     </category>
                  </category>
                  <category xml:id="SSJ.T.D">
                     <catDesc>drugo</catDesc>
                  </category>
               </category>
               <category xml:id="SSJ.I">
                  <catDesc>internet</catDesc>
               </category>
            </taxonomy>
         </classDecl>
      </encodingDesc>
      <profileDesc>
         <textClass>
            <catRef target="#SSJ.T.P.C"/>
         </textClass>
      </profileDesc>
   </teiHeader>
   <text xml:id="F0000628." xml:lang="sl">
      <body>
         <p xml:id="F0000628.000059">
            <s>
               <w msd="Sozei" lemma="država">Država</w>
               <S/>
               <w msd="Zp------k" lemma="se">se</w>
               <S/>
               <w msd="Gp-ste-n" lemma="biti">je</w>
               <S/>
               <w msd="Ggdd-ez" lemma="odločiti">odločila</w>
               <c>,</c>
               <S/>
               <w msd="Vd" lemma="da">da</w>
               <S/>
               <w msd="Gp-pte-n" lemma="biti">bo</w>
               <S/>
               <w msd="Sozmd" lemma="zloraba">zlorabam</w>
               <S/>
               <c>"</c>
               <w msd="Ppnzmr" lemma="bolniški">bolniških</w>
               <c>"</c>
               <S/>
               <w msd="Rsr" lemma="bolj">bolj</w>
               <S/>
               <w msd="Ggdd-ez" lemma="stopiti">stopila</w>
               <S/>
               <w msd="Dt" lemma="na">na</w>
               <S/>
               <w msd="Sommt" lemma="prst">prste</w>
               <c>.</c>
               <S/>
            </s>
            <s>
               <w msd="Slmei" lemma="Aleksander">Aleksander</w>
               <S/>
               <w msd="Slmei" lemma="Jelenc">Jelenc</w>
               <S/>
               <w msd="Gp-ste-n" lemma="biti">je</w>
               <S/>
               <w msd="Dm" lemma="v">v</w>
               <S/>
               <w msd="Kbvzem" lemma="prvi">prvi</w>
               <S/>
               <w msd="Ppnzem" lemma="bojen">bojni</w>
               <S/>
               <w msd="Sozem" lemma="črta">črti</w>
               <c>.</c>
               <S/>
            </s>
            <s>
               <w msd="Vp" lemma="zato">Zato</w>
               <S/>
               <w msd="Zotmet--k" lemma="on">ga</w>
               <S/>
               <w msd="Ggnstm-n" lemma="imeti">imajo</w>
               <S/>
               <w msd="Zn-mmi" lemma="nekateri">nekateri</w>
               <S/>
               <w msd="Dm" lemma="v">v</w>
               <S/>
               <w msd="Somem" lemma="želodec">želodcu</w>
               <c>.</c>
               <S/>
            </s>
            <s>
               <w msd="Vd" lemma="kot">Kot</w>
               <S/>
               <w msd="Ggvste" lemma="praviti">pravi</w>
               <c>,</c>
               <S/>
               <w msd="Zotmed--k" lemma="on">mu</w>
               <S/>
               <w msd="Gp-ste-d" lemma="biti">ni</w>
               <S/>
               <w msd="Rsn" lemma="dosti">dosti</w>
               <S/>
               <w msd="Rsn" lemma="mar">mar</w>
               <S/>
               <w msd="Dt" lemma="za">za</w>
               <S/>
               <w msd="Zk-set" lemma="ta">to</w>
               <c>.</c>
            </s>
         </p>
         <p xml:id="F0000628.000192">
            <s>
               <w msd="Ggdd-mm" lemma="raziti">Razšli</w>
               <S/>
               <w msd="Gp-spm-n" lemma="biti">smo</w>
               <S/>
               <w msd="Zp------k" lemma="se">se</w>
               <S/>
               <w msd="Vd" lemma="kot">kot</w>
               <S/>
               <w msd="Ppnmmi" lemma="star">stari</w>
               <S/>
               <w msd="Sommi" lemma="frend">frendi</w>
               <c>.</c>
               <S/>
            </s>
            <s>
               <w msd="L" lemma="skoraj">Skoraj</w>
               <S/>
               <w msd="Gp-spd-n" lemma="biti">sva</w>
               <S/>
               <w msd="Zp---d--k" lemma="se">si</w>
               <S/>
               <w msd="Ggdd-dm" lemma="pasti">padla</w>
               <S/>
               <w msd="Dt" lemma="v">v</w>
               <S/>
               <w msd="Sometn" lemma="objem">objem</w>
               <c>.</c>
               <S/>
            </s>
            <s>
               <w msd="L" lemma="no">No</w>
               <c>,</c>
               <S/>
               <w msd="Zk-sei" lemma="ta">to</w>
               <S/>
               <w msd="L" lemma="ravno">ravno</w>
               <S/>
               <w msd="L" lemma="ne">ne</w>
               <c>,</c>
               <S/>
               <w msd="Gp-spd-n" lemma="biti">sva</w>
               <S/>
               <w msd="Zp------k" lemma="se">se</w>
               <S/>
               <w msd="Vp" lemma="pa">pa</w>
               <S/>
               <w msd="Somdi" lemma="pofotkol">pofotkola</w>
               <c>.</c>
               <S/>
            </s>
            <s>
               <w msd="Vp" lemma="in">In</w>
               <S/>
               <w msd="Slmei" lemma="Franz">Franz</w>
               <S/>
               <w msd="Zop-ed--k" lemma="jaz">mi</w>
               <S/>
               <w msd="Gp-ste-n" lemma="biti">je</w>
               <S/>
               <w msd="Ggdd-em" lemma="dati">dal</w>
               <S/>
               <w msd="L" lemma="še">še</w>
               <S/>
               <w msd="Zp-met" lemma="svoj">svoj</w>
               <S/>
               <w msd="Sometn" lemma="naslov">naslov</w>
               <c>,</c>
               <S/>
               <w msd="Vd" lemma="naj">naj</w>
               <S/>
               <w msd="Zotmed--k" lemma="on">mu</w>
               <S/>
               <w msd="Ggdspe" lemma="poslati">pošljem</w>
               <S/>
               <w msd="Sozmt" lemma="fotka">fotke</w>
               <c>.</c>
               <S/>
            </s>
            <s>
               <w msd="Gp-ppe-n" lemma="biti">Bom</w>
               <c>.</c>
               <S/>
            </s>
            <s>
               <w msd="Vp" lemma="in">In</w>
               <S/>
               <w msd="Slmetd" lemma="Nedeljec">Nedeljca</w>
               <S/>
               <w msd="L" lemma="tudi">tudi</w>
               <c>.</c>
               <S/>
            </s>
            <s>
               <w msd="Ggnspe" lemma="upati">Upam</w>
               <c>,</c>
               <S/>
               <w msd="Vd" lemma="da">da</w>
               <S/>
               <w msd="Zotmet--k" lemma="on">ga</w>
               <S/>
               <w msd="Gp-pte-n" lemma="biti">bo</w>
               <S/>
               <w msd="Ggdd-em" lemma="pokazati">pokazal</w>
               <S/>
               <w msd="Ppnmdo" lemma="zadirčen">zadirčnima</w>
               <S/>
               <w msd="Vp" lemma="in">in</w>
               <S/>
               <w msd="Rsn" lemma="glasbeno">glasbeno</w>
               <S/>
               <w msd="Ppnmdo" lemma="nedodelan">nedodelanima</w>
               <S/>
               <w msd="Somdo" lemma="kolega">kolegoma</w>
               <S/>
               <w msd="Do" lemma="z">s</w>
               <S/>
               <w msd="Slmei" lemma="Stephans">Stephans</w>
               <S/>
               <w msd="Somer" lemma="platz">Platza</w>
               <c>.</c>
            </s>
         </p>
         <p xml:id="F0000628.000199">
            <s>
               <w msd="Sommo" lemma="gen">GENI</w>
            </s>
         </p>
         <p xml:id="F0000628.000245">
            <s>
               <w msd="Slmei" lemma="CIRIL">CIRIL</w>
               <S/>
               <w msd="Slmei" lemma="BRAJER">BRAJER</w>
            </s>
         </p>
         <p xml:id="F0000628.000289">
            <s>
               <w msd="Sosei" lemma="potovanje">POTOVANJE</w>
            </s>
         </p>
         <p xml:id="F0000628.000319">
            <s>
               <w msd="Vd" lemma="ker">Ker</w>
               <S/>
               <w msd="Gp-ste-n" lemma="biti">je</w>
               <S/>
               <w msd="Dt" lemma="skozi">skozi</w>
               <S/>
               <w msd="Ppnzet" lemma="Višnji">Višnjo</w>
               <S/>
               <w msd="Sozet" lemma="gora">Goro</w>
               <S/>
               <w msd="Ggnd-ez" lemma="voditi">vodila</w>
               <S/>
               <w msd="Ppnzei" lemma="glaven">glavna</w>
               <S/>
               <w msd="Sozei" lemma="cesta">cesta</w>
               <S/>
               <w msd="Dr" lemma="iz">iz</w>
               <S/>
               <w msd="Slzer" lemma="Ljubljana">Ljubljane</w>
               <S/>
               <w msd="Dt" lemma="v">v</w>
               <S/>
               <w msd="Slmei" lemma="Karlovec">Karlovec</w>
               <c>,</c>
               <S/>
               <w msd="Gp-ste-n" lemma="biti">je</w>
               <S/>
               <w msd="Dm" lemma="ob">ob</w>
               <S/>
               <w msd="Zotzem" lemma="on">njej</w>
               <S/>
               <w msd="Ggnd-ez" lemma="cveteti">cvetela</w>
               <S/>
               <w msd="Sozet" lemma="obrt">obrt</w>
               <c>.</c>
               <S/>
            </s>
            <s>
               <w msd="Ppsmeid" lemma="star">Najstarejši</w>
               <S/>
               <w msd="Somei" lemma="ceh">ceh</w>
               <S/>
               <w msd="Gp-stm-n" lemma="biti">so</w>
               <S/>
               <w msd="Soser" lemma="leto">leta</w>
               <S/>
               <w msd="Kag" lemma="1512">1512</w>
               <S/>
               <w msd="Ggdd-mm" lemma="ustanoviti">ustanovili</w>
               <S/>
               <w msd="Sommi" lemma="kovač">kovači</w>
               <S/>
               <w msd="Vp" lemma="in">in</w>
               <S/>
               <w msd="Sommi" lemma="nožar">nožarji</w>
               <c>,</c>
               <S/>
               <w msd="Ppsmeid" lemma="številen">najštevilnejši</w>
               <S/>
               <w msd="Vp" lemma="pa">pa</w>
               <S/>
               <w msd="Gp-ste-n" lemma="biti">je</w>
               <S/>
               <w msd="Gp-d-em" lemma="biti">bil</w>
               <S/>
               <w msd="Soser" lemma="leto">leta</w>
               <S/>
               <w msd="Kag" lemma="1555">1555</w>
               <S/>
               <w msd="Pdnmeid" lemma="ustanovljen">ustanovljeni</w>
               <S/>
               <w msd="Ppnmeid" lemma="čevljarski">čevljarski</w>
               <S/>
               <w msd="Somei" lemma="ceh">ceh</w>
               <c>,</c>
               <S/>
               <w msd="Vd" lemma="ki">ki</w>
               <S/>
               <w msd="Gp-ste-n" lemma="biti">je</w>
               <S/>
               <w msd="Ggnd-em" lemma="imeti">imel</w>
               <S/>
               <w msd="Zp-met" lemma="svoj">svoj</w>
               <S/>
               <w msd="Sometn" lemma="dom">dom</w>
               <S/>
               <c>(</c>
               <w msd="Slmei" lemma="jepergo">jepergo</w>
               <c>)</c>
               <c>,</c>
               <S/>
               <w msd="Sozet" lemma="zastava">zastavo</w>
               <c>,</c>
               <S/>
               <w msd="Sometn" lemma="oltar">oltar</w>
               <S/>
               <w msd="Dm" lemma="v">v</w>
               <S/>
               <w msd="Ppnzem" lemma="mesten">mestni</w>
               <S/>
               <w msd="Sozem" lemma="cerkev">cerkvi</w>
               <S/>
               <w msd="Vp" lemma="in">in</w>
               <S/>
               <w msd="Zn-mmt" lemma="mnog">mnoge</w>
               <S/>
               <w msd="Sommt" lemma="privilegij">privilegije</w>
               <c>.</c>
               <S/>
            </s>
            <s>
               <w msd="Dr" lemma="poleg">Poleg</w>
               <S/>
               <w msd="Zk-mmr" lemma="ta">teh</w>
               <S/>
               <w msd="Gp-stm-n" lemma="biti">so</w>
               <S/>
               <w msd="Gp-d-mm" lemma="biti">bili</w>
               <S/>
               <w msd="Dm" lemma="v">v</w>
               <S/>
               <w msd="Sosem" lemma="mesto">mestu</w>
               <S/>
               <w msd="L" lemma="še">še</w>
               <S/>
               <w msd="Sommi" lemma="krojač">krojači</w>
               <c>,</c>
               <S/>
               <w msd="Sommi" lemma="lončar">lončarji</w>
               <c>,</c>
               <S/>
               <w msd="Sommi" lemma="vrvar">vrvarji</w>
               <c>,</c>
               <S/>
               <w msd="Sommi" lemma="mesar">mesarji</w>
               <c>,</c>
               <S/>
               <w msd="Sommi" lemma="pek">peki</w>
               <c>,</c>
               <S/>
               <w msd="Sommi" lemma="mlinar">mlinarji</w>
               <c>,</c>
               <S/>
               <w msd="Sommi" lemma="rezbar">rezbarji</w>
               <c>,</c>
               <S/>
               <w msd="L" lemma="celo">celo</w>
               <S/>
               <w msd="Somer" lemma="izdelovalec">izdelovalca</w>
               <S/>
               <w msd="Sozmr" lemma="violina">violin</w>
               <S/>
               <w msd="Vp" lemma="in">in</w>
               <S/>
               <w msd="Sozmr" lemma="pipa">pip</w>
               <S/>
               <w msd="Gp-stm-n" lemma="biti">so</w>
               <S/>
               <w msd="Ggnd-mm" lemma="imeti">imeli</w>
               <c>.</c>
            </s>
         </p>
         <p xml:id="F0000628.000328">
            <s>
               <w msd="Slzei" lemma="Mihaela">Mihaela</w>
               <S/>
               <w msd="Slmei" lemma="Zajc">Zajc</w>
               <S/>
               <c>-</c>
               <S/>
               <w msd="Psnzei" lemma="Jarčev">Jarčeva</w>
               <S/>
               <w msd="L" lemma="ne">ne</w>
               <S/>
               <w msd="Ggnste" lemma="moči">more</w>
               <S/>
               <w msd="Ggdn" lemma="skriti">skriti</w>
               <S/>
               <w msd="Soser" lemma="razočaranje">razočaranja</w>
               <S/>
               <w msd="Do" lemma="nad">nad</w>
               <S/>
               <w msd="Ppnseo" lemma="današnji">današnjim</w>
               <S/>
               <w msd="Soseo" lemma="stanje">stanjem</w>
               <S/>
               <w msd="Ppnzer" lemma="Višnji">Višnje</w>
               <S/>
               <w msd="Sozer" lemma="gora">Gore</w>
               <c>,</c>
               <S/>
               <w msd="Vd" lemma="ki">ki</w>
               <S/>
               <w msd="Gp-ste-n" lemma="biti">je</w>
               <S/>
               <w msd="Rsn" lemma="potem">potem</w>
               <c>,</c>
               <S/>
               <w msd="Vd" lemma="ko">ko</w>
               <S/>
               <w msd="Gp-stm-n" lemma="biti">so</w>
               <S/>
               <w msd="Dm" lemma="po">po</w>
               <S/>
               <w msd="Kbzzem" lemma="drug">drugi</w>
               <S/>
               <w msd="Ppnzem" lemma="svetoven">svetovni</w>
               <S/>
               <w msd="Sozem" lemma="vojna">vojni</w>
               <S/>
               <w msd="Zc-zmt" lemma="ves">vse</w>
               <S/>
               <w msd="Ppnzmt" lemma="upraven">upravne</w>
               <S/>
               <w msd="Sozmt" lemma="funkcija">funkcije</w>
               <S/>
               <c>(</c>
               <w msd="Sosei" lemma="sodišče">sodišče</w>
               <c>,</c>
               <S/>
               <w msd="Somei" lemma="notariat">notariat</w>
               <c>,</c>
               <S/>
               <w msd="Sozet" lemma="davkarija">davkarijo</w>
               <c>)</c>
               <S/>
               <w msd="Ggdd-mm" lemma="prenesti">prenesli</w>
               <S/>
               <w msd="Dt" lemma="v">v</w>
               <S/>
               <w msd="Slsei" lemma="Grosuplje">Grosuplje</w>
               <S/>
               <w msd="Vp" lemma="oziroma">oziroma</w>
               <S/>
               <w msd="Soser" lemma="leto">leta</w>
               <S/>
               <w msd="Kag" lemma="1957">1957</w>
               <S/>
               <w msd="Ggdd-mm" lemma="zgraditi">zgradili</w>
               <S/>
               <c>"</c>
               <w msd="Sozet" lemma="avtocesta">avtocesto</w>
               <c>"</c>
               <S/>
               <w msd="Slzei" lemma="Ljubljana">Ljubljana</w>
               <c>-</c>
               <w msd="Slmei" lemma="Zagreb">Zagreb</w>
               <c>,</c>
               <S/>
               <w msd="Do" lemma="z">s</w>
               <S/>
               <w msd="Zz-seo" lemma="kar">čimer</w>
               <S/>
               <w msd="Zp------k" lemma="se">se</w>
               <S/>
               <w msd="Gp-ste-n" lemma="biti">je</w>
               <S/>
               <w msd="Zc-mei" lemma="ves">ves</w>
               <S/>
               <w msd="Somei" lemma="promet">promet</w>
               <S/>
               <w msd="Ggdd-em" lemma="umakniti">umaknil</w>
               <S/>
               <w msd="Dr" lemma="z">z</w>
               <S/>
               <w msd="Ppnmer" lemma="višnjanski">višnjanskega</w>
               <S/>
               <w msd="Somer" lemma="hrib">hriba</w>
               <c>,</c>
               <S/>
               <w msd="Rsn" lemma="močno">močno</w>
               <S/>
               <w msd="Rsn" lemma="razvojno">razvojno</w>
               <S/>
               <w msd="Ggnd-ez" lemma="nazadovati">nazadovala</w>
               <c>.</c>
               <S/>
            </s>
            <s>
               <c>"</c>
               <w msd="Somei" lemma="čas">Čas</w>
               <S/>
               <w msd="Sozer" lemma="starožitnost">starožitnosti</w>
               <S/>
               <w msd="Gp-ste-n" lemma="biti">je</w>
               <S/>
               <w msd="Rsn" lemma="tako">tako</w>
               <S/>
               <w msd="Dm" lemma="v">v</w>
               <S/>
               <w msd="Ppnzem" lemma="Višnji">Višnji</w>
               <S/>
               <w msd="Sozem" lemma="gora">Gori</w>
               <S/>
               <w msd="Ggdd-em" lemma="preiti">prešel</w>
               <c>,</c>
               <S/>
               <w msd="Ggdd-em" lemma="poleči">polegel</w>
               <S/>
               <w msd="Zp------k" lemma="se">se</w>
               <S/>
               <w msd="Gp-ste-n" lemma="biti">je</w>
               <S/>
               <w msd="Somei" lemma="nemir">nemir</w>
               <S/>
               <w msd="Sosmr" lemma="stoletje">stoletij</w>
               <c>,</c>
               <S/>
               <w msd="Vd" lemma="ki">ki</w>
               <S/>
               <w msd="Zotmet--k" lemma="on">ga</w>
               <S/>
               <w msd="Gp-ste-n" lemma="biti">je</w>
               <S/>
               <w msd="Dt" lemma="skozi">skozi</w>
               <S/>
               <w msd="Sometn" lemma="kraj">kraj</w>
               <S/>
               <w msd="Ggnd-ez" lemma="prinašati">prinašala</w>
               <S/>
               <w msd="Sozei" lemma="cesta">cesta</w>
               <c>.</c>
               <S/>
            </s>
            <s>
               <w msd="Vp" lemma="toda">Toda</w>
               <S/>
               <w msd="Sozei" lemma="prihodnost">prihodnost</w>
               <S/>
               <w msd="Ggnspm" lemma="morati">moramo</w>
               <S/>
               <w msd="Ggdn" lemma="povezati">povezati</w>
               <S/>
               <w msd="Do" lemma="z">s</w>
               <S/>
               <w msd="Sozmo" lemma="korenina">koreninami</w>
               <c>,</c>
               <S/>
               <w msd="L" lemma="sicer">sicer</w>
               <S/>
               <w msd="Gp-pte-n" lemma="biti">bo</w>
               <S/>
               <w msd="Ppnzei" lemma="prazen">prazna</w>
               <S/>
               <w msd="Sozei" lemma="luščina">luščina</w>
               <c>,</c>
               <S/>
               <w msd="Somei" lemma="tujek">tujek</w>
               <c>,</c>
               <c>"</c>
               <S/>
               <w msd="Rsn" lemma="svareče">svareče</w>
               <S/>
               <w msd="Ggdste" lemma="pribiti">pribije</w>
               <c>.</c>
            </s>
         </p>
         <p xml:id="F0000628.000337">
            <s>
               <w msd="Do" lemma="med">Med</w>
               <S/>
               <w msd="Zotmmo" lemma="on">njimi</w>
               <S/>
               <w msd="Gp-ste-n" lemma="biti">je</w>
               <S/>
               <w msd="Ggdvpm" lemma="deti">denimo</w>
               <S/>
               <w msd="O" lemma="dr.">dr.</w>
               <S/>
               <w msd="O" lemma="P.">P.</w>
               <S/>
               <w msd="O" lemma="D.">D.</w>
               <c>,</c>
               <S/>
               <w msd="Vd" lemma="ki">ki</w>
               <S/>
               <w msd="Zotmed--k" lemma="on">mu</w>
               <S/>
               <w msd="Gp-ste-n" lemma="biti">je</w>
               <S/>
               <w msd="Sozei" lemma="zavarovalnica">Zavarovalnica</w>
               <S/>
               <w msd="Slmei" lemma="Triglav">Triglav</w>
               <S/>
               <w msd="Sometn" lemma="milijon">milijon</w>
               <S/>
               <w msd="Ggdd-ez" lemma="odšteti">odštela</w>
               <S/>
               <w msd="Dt" lemma="za">za</w>
               <S/>
               <w msd="Pdnmmt" lemma="razbit">razbite</w>
               <S/>
               <w msd="Ppnmmt" lemma="pivski">pivske</w>
               <S/>
               <w msd="Sommt" lemma="vrček">vrčke</w>
               <c>.</c>
               <S/>
            </s>
            <s>
               <w msd="Zstseiem" lemma="njegov">Njegovo</w>
               <S/>
               <c>"</c>
               <w msd="Sozet" lemma="sreča">srečo</w>
               <c>"</c>
               <c>,</c>
               <S/>
               <w msd="Vd" lemma="ki">ki</w>
               <S/>
               <w msd="Zp------k" lemma="se">se</w>
               <S/>
               <w msd="Gp-ste-n" lemma="biti">je</w>
               <S/>
               <w msd="L" lemma="sicer">sicer</w>
               <S/>
               <w msd="Ggdd-ez" lemma="končati">končala</w>
               <S/>
               <w msd="Do" lemma="z">s</w>
               <S/>
               <w msd="Ppnzeo" lemma="policijski">policijsko</w>
               <S/>
               <w msd="Sozeo" lemma="prijava">prijavo</w>
               <c>,</c>
               <S/>
               <w msd="Gp-ste-n" lemma="biti">je</w>
               <S/>
               <w msd="Ggdd-em" lemma="popisati">popisal</w>
               <S/>
               <w msd="Sometn" lemma="dnevnik">Dnevnik</w>
               <c>.</c>
               <S/>
            </s>
            <s>
               <w msd="Zk-mmi" lemma="ta">Ti</w>
               <S/>
               <w msd="Sommi" lemma="vrček">vrčki</w>
               <S/>
               <w msd="Gp-stm-n" lemma="biti">so</w>
               <S/>
               <w msd="Gp-d-mm" lemma="biti">bili</w>
               <S/>
               <w msd="Vp" lemma="namreč">namreč</w>
               <S/>
               <w msd="Ppnzei" lemma="edin">edina</w>
               <S/>
               <w msd="Sozei" lemma="škoda">škoda</w>
               <c>,</c>
               <S/>
               <w msd="Vd" lemma="ki">ki</w>
               <S/>
               <w msd="Zotzet--k" lemma="on">jo</w>
               <S/>
               <w msd="Gp-ste-n" lemma="biti">je</w>
               <S/>
               <w msd="Slzei" lemma="Ljubljana">Ljubljana</w>
               <S/>
               <w msd="Do" lemma="z">z</w>
               <S/>
               <w msd="Sozeo" lemma="okolica">okolico</w>
               <S/>
               <w msd="Ggdd-ez" lemma="utrpeti">utrpela</w>
               <S/>
               <w msd="Dm" lemma="ob">ob</w>
               <S/>
               <w msd="Somem" lemma="potres">potresu</w>
               <S/>
               <w msd="Kav" lemma="8.">8.</w>
               <S/>
               <w msd="Somer" lemma="februar">februarja</w>
               <S/>
               <w msd="Soser" lemma="leto">leta</w>
               <S/>
               <w msd="Kag" lemma="2000">2000</w>
               <c>.</c>
               <S/>
            </s>
            <s>
               <w msd="Sommi" lemma="seizmolog">Seizmologi</w>
               <S/>
               <w msd="Gp-stm-n" lemma="biti">so</w>
               <S/>
               <w msd="Soset" lemma="središče">središče</w>
               <S/>
               <w msd="Somer" lemma="potres">potresa</w>
               <S/>
               <w msd="Ggdd-mm" lemma="izmeriti">izmerili</w>
               <S/>
               <w msd="Dm" lemma="v">v</w>
               <S/>
               <w msd="Ppnzem" lemma="savinjski">Savinjski</w>
               <S/>
               <w msd="Sozem" lemma="dolina">dolini</w>
               <S/>
               <w msd="Vp" lemma="in">in</w>
               <S/>
               <w msd="Dm" lemma="po">po</w>
               <S/>
               <w msd="Zstsemm" lemma="njihov">njihovem</w>
               <S/>
               <w msd="Sosem" lemma="mnenje">mnenju</w>
               <S/>
               <w msd="Zotmet--k" lemma="on">ga</w>
               <S/>
               <w msd="Dm" lemma="v">v</w>
               <S/>
               <w msd="Slzem" lemma="Ljubljana">Ljubljani</w>
               <S/>
               <w msd="L" lemma="sploh">sploh</w>
               <S/>
               <w msd="Gp-ste-d" lemma="biti">ni</w>
               <S/>
               <w msd="Gp-d-es" lemma="biti">bilo</w>
               <S/>
               <w msd="Ppnsei" lemma="mogoč">mogoče</w>
               <S/>
               <w msd="Ggnn" lemma="čutiti">čutiti</w>
               <c>.</c>
               <S/>
            </s>
            <s>
               <w msd="Zk-sei" lemma="ta">To</w>
               <S/>
               <w msd="Gp-stm-n" lemma="biti">so</w>
               <S/>
               <w msd="Ggdd-mm" lemma="potrditi">potrdili</w>
               <S/>
               <w msd="L" lemma="tudi">tudi</w>
               <S/>
               <w msd="Dm" lemma="po">po</w>
               <S/>
               <w msd="Sosem" lemma="poizvedovanje">poizvedovanju</w>
               <S/>
               <w msd="Sommr" lemma="zavarovalničar">zavarovalničarjev</w>
               <S/>
               <w msd="Vp" lemma="in">in</w>
               <S/>
               <w msd="Somei" lemma="cenilec">cenilec</w>
               <S/>
               <w msd="Gp-ste-n" lemma="biti">je</w>
               <S/>
               <w msd="Ggdd-em" lemma="zavrniti">zavrnil</w>
               <S/>
               <w msd="Psnmein" lemma="Dovšakov">Dovšakov</w>
               <S/>
               <w msd="Somei" lemma="zahtevek">zahtevek</w>
               <c>.</c>
            </s>
         </p>
         <p xml:id="F0000628.000374">
            <s>
               <w msd="L" lemma="ne">Ne</w>
               <S/>
               <w msd="Ggnsdm" lemma="moči">morete</w>
               <S/>
               <w msd="Zc-met" lemma="ves">ves</w>
               <S/>
               <w msd="Sometn" lemma="čas">čas</w>
               <S/>
               <w msd="Ggvn" lemma="početi">početi</w>
               <S/>
               <w msd="Zk-ser" lemma="tisti">tistega</w>
               <c>,</c>
               <S/>
               <w msd="Zz-sei" lemma="kar">kar</w>
               <S/>
               <w msd="Zod-md" lemma="ti">vam</w>
               <S/>
               <w msd="Rsn" lemma="naključno">naključno</w>
               <S/>
               <w msd="Ggdste" lemma="pasti">pade</w>
               <S/>
               <w msd="Dt" lemma="na">na</w>
               <S/>
               <w msd="Sozet" lemma="pamet">pamet</w>
               <c>.</c>
               <S/>
            </s>
            <s>
               <w msd="Dm" lemma="v">V</w>
               <S/>
               <w msd="Ppnsem" lemma="glaven">glavnem</w>
               <S/>
               <w msd="Zp------k" lemma="se">se</w>
               <S/>
               <w msd="Ggnsdm" lemma="znati">znate</w>
               <S/>
               <w msd="L" lemma="prav">prav</w>
               <S/>
               <w msd="Rsn" lemma="dobro">dobro</w>
               <S/>
               <w msd="Ggnn" lemma="prilagajati">prilagajati</w>
               <c>.</c>
               <S/>
            </s>
            <s>
               <w msd="L" lemma="celo">Celo</w>
               <S/>
               <w msd="Sozer" lemma="ljubezen">ljubezni</w>
               <S/>
               <w msd="Zod-md" lemma="ti">vam</w>
               <S/>
               <w msd="Gp-ste-d" lemma="biti">ni</w>
               <S/>
               <w msd="Rsn" lemma="treba">treba</w>
               <S/>
               <w msd="Rsn" lemma="tako">tako</w>
               <S/>
               <w msd="Rsn" lemma="ljubosumno">ljubosumno</w>
               <S/>
               <w msd="Ggnn" lemma="skrivati">skrivati</w>
               <S/>
               <w msd="L" lemma="le">le</w>
               <S/>
               <w msd="Zp---t--z" lemma="zase">zase</w>
               <c>.</c>
               <S/>
            </s>
            <s>
               <w msd="Ggdvdm" lemma="pokazati">Pokažite</w>
               <S/>
               <w msd="Zp------k" lemma="se">se</w>
               <c>,</c>
               <S/>
               <w msd="Ggdvdm" lemma="sprejeti">sprejmite</w>
               <S/>
               <w msd="Sozet" lemma="odgovornost">odgovornost</w>
               <c>,</c>
               <S/>
               <w msd="Vd" lemma="da">da</w>
               <S/>
               <w msd="Ggdsdm" lemma="priznati">priznate</w>
               <S/>
               <w msd="Sommd" lemma="človek">ljudem</w>
               <c>,</c>
               <S/>
               <w msd="Vd" lemma="da">da</w>
               <S/>
               <w msd="Zod-md" lemma="ti">vam</w>
               <S/>
               <w msd="Gp-ste-n" lemma="biti">je</w>
               <S/>
               <w msd="Zk-mei" lemma="ta">ta</w>
               <S/>
               <w msd="Vp" lemma="in">in</w>
               <S/>
               <w msd="Zk-mei" lemma="ta">ta</w>
               <S/>
               <w msd="Rss" lemma="najbolj">najbolj</w>
               <S/>
               <w msd="Rsn" lemma="všeč">všeč</w>
               <c>.</c>
               <S/>
            </s>
            <s>
               <w msd="L" lemma="ne">Ne</w>
               <S/>
               <w msd="Ggvste" lemma="iti">gre</w>
               <S/>
               <w msd="Rsn" lemma="toliko">toliko</w>
               <S/>
               <w msd="Dt" lemma="za">za</w>
               <S/>
               <w msd="Sozet" lemma="izbira">izbiro</w>
               <S/>
               <w msd="Ppnmer" lemma="pravi">pravega</w>
               <S/>
               <w msd="Somer" lemma="partner">partnerja</w>
               <c>,</c>
               <S/>
               <w msd="Rsr" lemma="bolj">bolj</w>
               <S/>
               <w msd="Ggvste" lemma="iti">gre</w>
               <S/>
               <w msd="Dt" lemma="za">za</w>
               <S/>
               <w msd="Zk-set" lemma="ta">to</w>
               <c>,</c>
               <S/>
               <w msd="Vd" lemma="da">da</w>
               <S/>
               <w msd="Ggnsdm" lemma="spodbujati">spodbujate</w>
               <S/>
               <w msd="Ppnzmt" lemma="pozitiven">pozitivne</w>
               <S/>
               <w msd="Sozmt" lemma="lastnost">lastnosti</w>
               <S/>
               <w msd="Vp" lemma="in">in</w>
               <S/>
               <w msd="Ggnsdm" lemma="zavračati">zavračate</w>
               <S/>
               <w msd="Ppnzer" lemma="slab">slabe</w>
               <S/>
               <w msd="Sozmt" lemma="stvar">stvari</w>
               <c>,</c>
               <S/>
               <w msd="Vd" lemma="kot">kot</w>
               <S/>
               <w msd="Vd" lemma="da">da</w>
               <S/>
               <w msd="Ppnsmr" lemma="slednji">slednjih</w>
               <S/>
               <w msd="Gp-sdm-d" lemma="biti">niste</w>
               <S/>
               <w msd="Ggdd-mm" lemma="opaziti">opazili</w>
               <c>.</c>
            </s>
         </p>
         <p xml:id="F0000628.000437">
            <s>
               <w msd="Somei" lemma="borec">Borec</w>
               <S/>
               <w msd="Dt" lemma="za">za</w>
               <S/>
               <w msd="Ppnzet" lemma="južen">južno</w>
               <S/>
               <w msd="Sozet" lemma="meja">mejo</w>
            </s>
         </p>
         <p xml:id="F0000628.000478">
            <s>
               <w msd="Dm" lemma="o">O</w>
               <S/>
               <w msd="Ppnzem" lemma="vrten">vrtni</w>
               <S/>
               <w msd="Sozem" lemma="kreša">kreši</w>
               <S/>
               <w msd="Gp-spm-n" lemma="biti">smo</w>
               <S/>
               <w msd="Dm" lemma="v">v</w>
               <S/>
               <w msd="Sozem" lemma="preteklost">preteklosti</w>
               <S/>
               <w msd="Rsn" lemma="res">res</w>
               <S/>
               <w msd="L" lemma="že">že</w>
               <S/>
               <w msd="Ggnd-mm" lemma="pisati">pisali</w>
               <c>,</c>
               <S/>
               <w msd="Vp" lemma="toda">toda</w>
               <S/>
               <w msd="Dt" lemma="za">za</w>
               <S/>
               <w msd="Zspzerm" lemma="naš">naše</w>
               <S/>
               <w msd="Ppnmmt" lemma="nov">nove</w>
               <S/>
               <w msd="Sommt" lemma="bralec">bralce</w>
               <S/>
               <w msd="Vp" lemma="in">in</w>
               <S/>
               <w msd="L" lemma="seveda">seveda</w>
               <S/>
               <w msd="Dt" lemma="za">za</w>
               <S/>
               <w msd="Zc-mmt" lemma="ves">vse</w>
               <S/>
               <w msd="Zk-mmt" lemma="tisti">tiste</w>
               <c>,</c>
               <S/>
               <w msd="Vd" lemma="ki">ki</w>
               <S/>
               <w msd="Zotmmt--k" lemma="on">jih</w>
               <S/>
               <w msd="Zk-set" lemma="ta">to</w>
               <S/>
               <w msd="Ggnste" lemma="zanimati">zanima</w>
               <c>,</c>
               <S/>
               <w msd="Gp-ppm-n" lemma="biti">bomo</w>
               <S/>
               <w msd="Ppnzmt" lemma="glaven">glavne</w>
               <S/>
               <w msd="Sozmt" lemma="misel">misli</w>
               <S/>
               <w msd="Do" lemma="z">z</w>
               <S/>
               <w msd="Soseo" lemma="veselje">veseljem</w>
               <S/>
               <w msd="Ggdd-mm" lemma="ponoviti">ponovili</w>
               <c>.</c>
            </s>
         </p>
         <p xml:id="F0000628.000561">
            <s>
               <c>-</c>
               <S/>
               <w msd="Rsn" lemma="zakaj">Zakaj</w>
               <S/>
               <w msd="Vp" lemma="pa">pa</w>
               <S/>
               <w msd="L" lemma="ne">ne</w>
               <c>?</c>
            </s>
         </p>
         <p xml:id="F0000628.000589">
            <s>
               <w msd="Kag" lemma="21.079">21.079</w>
               <S/>
               <c>-</c>
               <S/>
               <w msd="Rsn" lemma="slučajno">Slučajno</w>
            </s>
         </p>
         <p xml:id="F0000628.000721">
            <s>
               <w msd="Somei" lemma="igralec">Igralec</w>
               <S/>
               <w msd="Slmei" lemma="Matthew">Matthew</w>
               <S/>
               <w msd="Slmei" lemma="Mcconaughey">McConaughey</w>
               <S/>
               <w msd="Zp------k" lemma="se">se</w>
               <S/>
               <w msd="Gp-ste-n" lemma="biti">je</w>
               <S/>
               <w msd="Ggdd-em" lemma="znajti">znašel</w>
               <S/>
               <w msd="Dm" lemma="v">v</w>
               <S/>
               <w msd="Sosem" lemma="središče">središču</w>
               <S/>
               <w msd="Somer" lemma="škandal">škandala</w>
               <c>.</c>
               <S/>
            </s>
            <s>
               <w msd="Sozei" lemma="igralka">Igralka</w>
               <S/>
               <w msd="Slzei" lemma="Rachel">Rachel</w>
               <S/>
               <w msd="Slmei" lemma="Dratch">Dratch</w>
               <c>,</c>
               <S/>
               <w msd="Vd" lemma="ki">ki</w>
               <S/>
               <w msd="Do" lemma="z">z</w>
               <S/>
               <w msd="Zotmeo" lemma="on">njim</w>
               <S/>
               <w msd="Ggnste" lemma="nastopati">nastopa</w>
               <S/>
               <w msd="Dm" lemma="v">v</w>
               <S/>
               <w msd="Kbzzem" lemma="en">eni</w>
               <S/>
               <w msd="Dr" lemma="od">od</w>
               <S/>
               <w msd="Sosmr" lemma="nadaljevanje">nadaljevanj</w>
               <S/>
               <w msd="Sozer" lemma="oddaja">oddaje</w>
               <S/>
               <w msd="Slmei" lemma="Saturday">Saturday</w>
               <S/>
               <w msd="Somei" lemma="night">Night</w>
               <S/>
               <w msd="Sommt" lemma="liv">Live</w>
               <c>,</c>
               <S/>
               <w msd="Zotmet--k" lemma="on">ga</w>
               <S/>
               <w msd="Gp-ste-n" lemma="biti">je</w>
               <S/>
               <w msd="Ggdd-ez" lemma="obtožiti">obtožila</w>
               <c>,</c>
               <S/>
               <w msd="Vd" lemma="da">da</w>
               <S/>
               <w msd="Zp------k" lemma="se">se</w>
               <S/>
               <w msd="Gp-ste-n" lemma="biti">je</w>
               <S/>
               <w msd="Gp-ste-n" lemma="biti">je</w>
               <S/>
               <w msd="Rsn" lemma="preveč">preveč</w>
               <S/>
               <w msd="Ggnd-em" lemma="dotikati">dotikal</w>
               <c>.</c>
               <S/>
            </s>
            <s>
               <w msd="Dm" lemma="v">V</w>
               <S/>
               <w msd="Zn-mem" lemma="nek">nekem</w>
               <S/>
               <w msd="Somem" lemma="skeč">skeču</w>
               <c>,</c>
               <S/>
               <w msd="Vd" lemma="ki">ki</w>
               <S/>
               <w msd="Gp-ste-n" lemma="biti">je</w>
               <S/>
               <w msd="Kbvmei" lemma="prvi">prvi</w>
               <S/>
               <w msd="Somei" lemma="zmenek">zmenek</w>
               <S/>
               <w msd="Kbgmdr" lemma="dva">dveh</w>
               <S/>
               <w msd="Somdr" lemma="neznanec">neznancev</w>
               <c>,</c>
               <S/>
               <w msd="Vd" lemma="ki">ki</w>
               <S/>
               <w msd="Gp-std-n" lemma="biti">sta</w>
               <S/>
               <w msd="Zp------k" lemma="se">se</w>
               <S/>
               <w msd="Ggnd-dm" lemma="morati">morala</w>
               <S/>
               <w msd="Do" lemma="z">z</w>
               <S/>
               <w msd="Someo" lemma="dotik">dotikom</w>
               <S/>
               <w msd="Ggdn" lemma="prepoznati">prepoznati</w>
               <c>,</c>
               <S/>
               <w msd="Gp-ste-n" lemma="biti">je</w>
               <S/>
               <w msd="Slmetd" lemma="Mcconaughey">McConaugheya</w>
               <S/>
               <w msd="Vp" lemma="namreč">namreč</w>
               <S/>
               <w msd="Rsn" lemma="precej">precej</w>
               <S/>
               <c>"</c>
               <w msd="Ggdd-es" lemma="zanesti">zaneslo</w>
               <c>"</c>
               <c>.</c>
            </s>
         </p>
         <p xml:id="F0000628.001030">
            <s>
               <w msd="Ggdd-em" lemma="vrniti">Vrnil</w>
               <S/>
               <w msd="Gp-spe-n" lemma="biti">sem</w>
               <S/>
               <w msd="Zp------k" lemma="se">se</w>
               <S/>
               <w msd="Dr" lemma="z">z</w>
               <S/>
               <w msd="Somer" lemma="dopust">dopusta</w>
               <S/>
               <w msd="Vp" lemma="in">in</w>
               <S/>
               <w msd="Rsn" lemma="rad">rad</w>
               <S/>
               <w msd="Gp-g" lemma="biti">bi</w>
               <S/>
               <w msd="Rsn" lemma="malo">malo</w>
               <S/>
               <w msd="Ggvd-em" lemma="pokramljati">pokramljal</w>
               <c>.</c>
               <S/>
            </s>
            <s>
               <w msd="L" lemma="prav">Prav</w>
               <S/>
               <w msd="Rsn" lemma="res">res</w>
               <c>,</c>
               <S/>
               <w msd="Ggdd-es" lemma="zgoditi">zgodilo</w>
               <S/>
               <w msd="Zp------k" lemma="se">se</w>
               <S/>
               <w msd="Zop-ed--k" lemma="jaz">mi</w>
               <S/>
               <w msd="Gp-ste-n" lemma="biti">je</w>
               <S/>
               <w msd="Rsn" lemma="nekaj">nekaj</w>
               <S/>
               <w msd="Ppnser" lemma="čuden">čudnega</w>
               <S/>
               <w msd="Vp" lemma="in">in</w>
               <S/>
               <w msd="Ppnser" lemma="nenavaden">nenavadnega</w>
               <c>.</c>
            </s>
         </p>
      </body>
   </text>
</TEI>