<?xml version="1.0" encoding="UTF-8"?>
<TEI xmlns="http://www.tei-c.org/ns/1.0" xml:id="F0001771" xml:lang="sl">
   <teiHeader>
      <fileDesc>
         <titleStmt>
            <title>ccKRES: Finance (2000-10-18)</title>
            <funder>Operacijo delno financira Evropska unija iz Evropskega socialnega sklada ter Ministrstvo za šolstvo in šport. Operacija se izvaja v okviru Operativnega programa razvoja človeških virov za obdobje 2007-2013, razvojne prioritete: razvoj človeških virov in vseživljenjskega učenja; prednostne usmeritve: izboljšanje kakovosti in učinkovitosti sistemov izobraževanja in usposabljanja 2007-2013.</funder>
         </titleStmt>
         <editionStmt>
            <edition>1.0</edition>
         </editionStmt>
         <extent>207 besed</extent>
         <publicationStmt>
            <idno>A0003712</idno>
            <availability status="free">
               <p xml:lang="sl">Avtorske pravice za to izdajo ureja licenca <ref target="http://creativecommons.org/licenses/by-nc/2.5/si/">Creative Commons Priznanje avtorstva-Nekomercialno 2.5 Slovenija</ref>.</p>
               <p xml:lang="en">This work is licenced under the <ref target="http://creativecommons.org/licenses/by-nc/2.5/si/deed.en">Creative Commons Attribution-Noncommercial 2.5 Slovenia</ref>.</p>
            </availability>
            <date>2012-05-06</date>
         </publicationStmt>
         <sourceDesc>
            <bibl>
               <title>Finance</title>
               <author n="???">neznani novinar</author>
               <date>2000-10-18</date>
               <publisher n="Finance">Časnik Finance</publisher>
               <note type="sourceLang">sl</note>
            </bibl>
         </sourceDesc>
      </fileDesc>
      <encodingDesc>
         <projectDesc>
            <p xml:lang="sl">Glej <ref target="http://www.korpus-kres.net/">www.korpus-kres.net</ref> oz. <ref target="http://nl.ijs.si/ssj/">nl.ijs.si/ssj</ref>.</p>
            <p xml:lang="en">See <ref target="http://www.korpus-kres.net/">www.korpus-kres.net</ref> or <ref target="http://nl.ijs.si/ssj/">nl.ijs.si/ssj</ref>.</p>
         </projectDesc>
         <samplingDecl>
            <p xml:lang="sl">
            Besedila in odstavki v korpusu KRES so bili vzorčeni iz
            Gigafide tako, da smo dobili 100-milijonski referenčni
            korpus, v katerem so besedila uravnotežena po vnaprej
            določenih taksonomskih deležih in po podatkih o branosti
            vira (časopisi, revije, novičarski portali).  Korpus
            ccKRES nato, z namenom, da je lahko dostopen po licenci CC,
            vsebuje 10 % naključno vzorčenih odstavkov besedil iz
            korpusa KRES, torej 10 milijonov besed.
	    Več o sestavi korpusa lahko preberete na 
            <ref target="http://www.korpus-kres.net/">www.korpus-kres.net</ref> oz.
            <ref target="http://nl.ijs.si/ssj/">nl.ijs.si/ssj</ref>.
	  </p>
            <p xml:lang="en">
            Texts and paragraphs in the KRES corpus have been sampled from the 
	    Gigafida corpus. The result of the sampling is a 100-million-word 
	    reference corpus. The texts in KRES are balanced according to the 
	    predetermined categories, with particular consideration being paid to 
	    the data on the popularity of the source (newspapers, magazines, 
	    Internet news sites). 
	    To enable free (CC) distribution of the corpus, the ccKRES corpus contains 
	    10% of randomly sampled paragraphs from KRES, i.e. contains 10 million words.
	    For more information about the contents of the corpus, 
	    see <ref target="http://www.korpus-kres.net/">www.korpus-kres.net</ref>
	    and <ref target="http://nl.ijs.si/ssj/">nl.ijs.si/ssj</ref>.
	  </p>
         </samplingDecl>
         <tagsDecl>
            <namespace name="http://www.tei-c.org/ns/1.0">
               <tagUsage gi="p" occurs="4"/>
               <tagUsage gi="s" occurs="12"/>
               <tagUsage gi="S" occurs="205"/>
               <tagUsage gi="w" occurs="207"/>
               <tagUsage gi="c" occurs="45"/>
            </namespace>
         </tagsDecl>
         <classDecl>
            <taxonomy xml:id="SSJ">
               <category xml:id="SSJ.T">
                  <catDesc>tisk</catDesc>
                  <category xml:id="SSJ.T.K">
                     <catDesc>knjižno</catDesc>
                     <category xml:id="SSJ.T.K.L">
                        <catDesc>leposlovno</catDesc>
                     </category>
                     <category xml:id="SSJ.T.K.S">
                        <catDesc>strokovno</catDesc>
                     </category>
                  </category>
                  <category xml:id="SSJ.T.P">
                     <catDesc>periodično</catDesc>
                     <category xml:id="SSJ.T.P.C">
                        <catDesc>časopis</catDesc>
                     </category>
                     <category xml:id="SSJ.T.P.R">
                        <catDesc>revija</catDesc>
                     </category>
                  </category>
                  <category xml:id="SSJ.T.D">
                     <catDesc>drugo</catDesc>
                  </category>
               </category>
               <category xml:id="SSJ.I">
                  <catDesc>internet</catDesc>
               </category>
            </taxonomy>
         </classDecl>
      </encodingDesc>
      <profileDesc>
         <textClass>
            <catRef target="#SSJ.T.P.C"/>
         </textClass>
      </profileDesc>
   </teiHeader>
   <text xml:id="F0001771." xml:lang="sl">
      <body>
         <p xml:id="F0001771.000004">
            <s>
               <w msd="Pdnzet" lemma="objavljen">objavljeno</w>
               <S/>
               <w msd="Kag" lemma="18.10.00">18.10.00</w>
               <S/>
               <w msd="Kag" lemma="08:00">08:00</w>
            </s>
         </p>
         <p xml:id="F0001771.000006">
            <s>
               <w msd="Slmei" lemma="Jože">Jože</w>
               <S/>
               <w msd="Slmei" lemma="Biščak">Biščak</w>
            </s>
         </p>
         <p xml:id="F0001771.000012">
            <s>
               <w msd="Psnzei" lemma="Bajukov">Bajukova</w>
               <S/>
               <w msd="Ppnzei" lemma="nov">Nova</w>
               <S/>
               <w msd="Slzei" lemma="Slovenija">Slovenija</w>
               <S/>
               <w msd="Vp" lemma="in">in</w>
               <S/>
               <w msd="Psnzei" lemma="Zagožnov">Zagožnova</w>
               <S/>
               <w msd="Pdnzei" lemma="združen">združena</w>
               <S/>
               <w msd="Slzei" lemma="SLS">SLS</w>
               <S/>
               <c>+</c>
               <S/>
               <w msd="Slzei" lemma="SKD">SKD</w>
               <S/>
               <w msd="Gp-std-n" lemma="biti">sta</w>
               <S/>
               <w msd="Rsn" lemma="tam">tam</w>
               <S/>
               <w msd="Rsn" lemma="nekje">nekje</w>
               <S/>
               <w msd="Dm" lemma="v">v</w>
               <S/>
               <w msd="Sozem" lemma="sredina">sredini</w>
               <S/>
               <w msd="Vp" lemma="in">in</w>
               <S/>
               <w msd="Rsn" lemma="skupaj">skupaj</w>
               <c>,</c>
               <S/>
               <w msd="Do" lemma="z">s</w>
               <S/>
               <w msd="Zk-seo" lemma="ta">tem</w>
               <S/>
               <w msd="Vd" lemma="da">da</w>
               <S/>
               <w msd="Gp-ste-n" lemma="biti">je</w>
               <S/>
               <w msd="Ppnzei" lemma="ljudski">ljudska</w>
               <S/>
               <w msd="Sozei" lemma="stranka">stranka</w>
               <S/>
               <w msd="Ppszei" lemma="velik">največja</w>
               <S/>
               <w msd="Sozei" lemma="poraženka">poraženka</w>
               <S/>
               <w msd="Sozei" lemma="volitev">volitev</w>
               <c>,</c>
               <S/>
               <w msd="Ppnmeid" lemma="nesojen">nesojeni</w>
               <S/>
               <w msd="Somei" lemma="mandatar">mandatar</w>
               <S/>
               <w msd="Slmei" lemma="France">France</w>
               <S/>
               <w msd="Slmei" lemma="Arhar">Arhar</w>
               <S/>
               <w msd="Vp" lemma="pa">pa</w>
               <S/>
               <w msd="Vp" lemma="bodisi">bodisi</w>
               <S/>
               <w msd="Ppsmeid" lemma="velik">največji</w>
               <S/>
               <w msd="Somei" lemma="osmoljenec">osmoljenec</w>
               <S/>
               <w msd="Vp" lemma="ali">ali</w>
               <S/>
               <w msd="Ppsmeid" lemma="velik">največji</w>
               <S/>
               <w msd="Somei" lemma="naivnež">naivnež</w>
               <c>.</c>
               <S/>
            </s>
            <s>
               <w msd="Ggvn" lemma="verjeti">Verjeti</w>
               <c>,</c>
               <S/>
               <w msd="Vd" lemma="da">da</w>
               <S/>
               <w msd="Gp-ptm-n" lemma="biti">bodo</w>
               <S/>
               <w msd="Sommi" lemma="volivec">volivci</w>
               <S/>
               <c>"</c>
               <w msd="Ggnd-mm" lemma="padati">padali</w>
               <S/>
               <w msd="Rsn" lemma="dol">dol</w>
               <c>"</c>
               <S/>
               <w msd="Dt" lemma="na">na</w>
               <S/>
               <w msd="Soset" lemma="ime">ime</w>
               <S/>
               <w msd="Slmei" lemma="Arhar">Arhar</w>
               <c>,</c>
               <S/>
               <w msd="Rsn" lemma="potem">potem</w>
               <S/>
               <w msd="Vd" lemma="ko">ko</w>
               <S/>
               <w msd="Somei" lemma="gospod">gospod</w>
               <S/>
               <w msd="Dr" lemma="iz">iz</w>
               <S/>
               <w msd="Slzer" lemma="Cerknica">Cerknice</w>
               <S/>
               <w msd="Vd" lemma="kot">kot</w>
               <S/>
               <w msd="Ppnzei" lemma="star">stara</w>
               <S/>
               <w msd="Sozei" lemma="devica">devica</w>
               <S/>
               <w msd="Rsn" lemma="nekaj">nekaj</w>
               <S/>
               <w msd="Sommr" lemma="mesec">mesecev</w>
               <S/>
               <w msd="Ggnste" lemma="mencati">menca</w>
               <c>,</c>
               <S/>
               <w msd="Vp" lemma="ali">ali</w>
               <S/>
               <w msd="Gp-g" lemma="biti">bi</w>
               <S/>
               <w msd="Vp" lemma="ali">ali</w>
               <S/>
               <w msd="L" lemma="ne">ne</w>
               <S/>
               <w msd="Gp-g" lemma="biti">bi</w>
               <c>,</c>
               <S/>
               <w msd="Gp-ste-n" lemma="biti">je</w>
               <S/>
               <w msd="Ppnsei" lemma="naiven">naivno</w>
               <S/>
               <w msd="Vp" lemma="in">in</w>
               <S/>
               <w msd="Rsn" lemma="politično">politično</w>
               <S/>
               <w msd="Ppnsei" lemma="nemoder">nemodro</w>
               <c>.</c>
               <S/>
            </s>
            <s>
               <w msd="Zotmet--k" lemma="on">Ga</w>
               <S/>
               <w msd="L" lemma="že">že</w>
               <S/>
               <w msd="Ggvspe" lemma="videti">vidim</w>
               <c>,</c>
               <S/>
               <w msd="Rsn" lemma="kako">kako</w>
               <S/>
               <w msd="Zp---d--k" lemma="se">si</w>
               <S/>
               <w msd="Ggnste" lemma="puliti">puli</w>
               <S/>
               <w msd="Sommt" lemma="las">lase</w>
               <S/>
               <w msd="Vp" lemma="in">in</w>
               <S/>
               <w msd="Sommt" lemma="brk">brke</w>
               <S/>
               <w msd="Vp" lemma="ter">ter</w>
               <S/>
               <w msd="Ggnste" lemma="razmišljati">razmišlja</w>
               <c>,</c>
               <S/>
               <w msd="Rsn" lemma="kako">kako</w>
               <S/>
               <w msd="Gp-g" lemma="biti">bi</w>
               <S/>
               <w msd="Zp------k" lemma="se">se</w>
               <S/>
               <w msd="Ggdd-em" lemma="oprati">opral</w>
               <c>.</c>
               <S/>
            </s>
            <s>
               <w msd="L" lemma="samo">Samo</w>
               <S/>
               <w msd="Zk-sei" lemma="ta">to</w>
               <S/>
               <w msd="L" lemma="še">še</w>
               <S/>
               <w msd="Ggnste" lemma="manjkati">manjka</w>
               <c>,</c>
               <S/>
               <w msd="Vd" lemma="da">da</w>
               <S/>
               <w msd="Gp-pte-n" lemma="biti">bo</w>
               <S/>
               <w msd="Ggdd-em" lemma="reči">rekel</w>
               <c>:</c>
               <S/>
               <c>"</c>
               <w msd="Ggdd-mm" lemma="izkoristiti">Izkoristili</w>
               <S/>
               <w msd="Gp-stm-n" lemma="biti">so</w>
               <S/>
               <w msd="Zop-et--k" lemma="jaz">me</w>
               <c>.</c>
               <S/>
            </s>
            <s>
               <w msd="Rsn" lemma="nikoli">Nikoli</w>
               <S/>
               <w msd="Gp-spe-d" lemma="biti">nisem</w>
               <S/>
               <w msd="Ggdd-em" lemma="pristati">pristal</w>
               <c>,</c>
               <S/>
               <w msd="Vd" lemma="da">da</w>
               <S/>
               <w msd="Gp-g" lemma="biti">bi</w>
               <S/>
               <w msd="Gp-d-em" lemma="biti">bil</w>
               <S/>
               <w msd="Somei" lemma="kandidat">kandidat</w>
               <S/>
               <w msd="Slzer" lemma="SLS">SLS</w>
               <S/>
               <c>+</c>
               <S/>
               <w msd="Slzer" lemma="SKD">SKD</w>
               <S/>
               <w msd="Dt" lemma="za">za</w>
               <S/>
               <w msd="Sometd" lemma="mandatar">mandatarja</w>
               <c>.</c>
               <c>"</c>
               <S/>
            </s>
            <s>
               <w msd="Zotmet--z" lemma="zame">Zanj</w>
               <S/>
               <w msd="Gp-g" lemma="biti">bi</w>
               <S/>
               <w msd="Gp-d-es" lemma="biti">bilo</w>
               <S/>
               <w msd="Ppssei" lemma="dober">najboljše</w>
               <c>,</c>
               <S/>
               <w msd="Vd" lemma="da">da</w>
               <S/>
               <w msd="Ggdste" lemma="priznati">prizna</w>
               <S/>
               <w msd="Somei" lemma="poraz">poraz</w>
               <S/>
               <w msd="Vp" lemma="in">in</w>
               <S/>
               <w msd="Ggnste" lemma="prositi">prosi</w>
               <S/>
               <w msd="Slmer" lemma="Drnovšek">Drnovška</w>
               <c>,</c>
               <S/>
               <w msd="Vp" lemma="ali">ali</w>
               <S/>
               <w msd="Zotmed--k" lemma="on">mu</w>
               <S/>
               <w msd="Rsn" lemma="lahko">lahko</w>
               <S/>
               <w msd="Ppnmmi" lemma="čist">čisti</w>
               <S/>
               <w msd="Sommt" lemma="čevelj">čevlje</w>
               <c>.</c>
               <S/>
            </s>
            <s>
               <w msd="Vp" lemma="pa">Pa</w>
               <S/>
               <w msd="Dr" lemma="brez">brez</w>
               <S/>
               <w msd="Sozer" lemma="zamera">zamere</w>
               <c>,</c>
               <S/>
               <w msd="Somei" lemma="gospod">gospod</w>
               <S/>
               <w msd="Somei" lemma="guverner">guverner</w>
               <c>,</c>
               <S/>
               <w msd="Sosmi" lemma="dejstvo">dejstva</w>
               <S/>
               <w msd="Gp-stm-n" lemma="biti">so</w>
               <S/>
               <w msd="Zk-zei" lemma="tak">taka</w>
               <c>,</c>
               <S/>
               <w msd="Sozmi" lemma="številka">številke</w>
               <S/>
               <w msd="Vp" lemma="pa">pa</w>
               <S/>
               <w msd="Rsn" lemma="neusmiljeno">neusmiljeno</w>
               <S/>
               <w msd="Ppnzmi" lemma="natančen">natančne</w>
               <c>.</c>
            </s>
         </p>
         <p xml:id="F0001771.000014">
            <s>
               <w msd="Dm" lemma="po">Po</w>
               <S/>
               <w msd="Zc-zem" lemma="ves">vsej</w>
               <S/>
               <w msd="Sozem" lemma="verjetnost">verjetnosti</w>
               <S/>
               <w msd="Gp-ptd-n" lemma="biti">bosta</w>
               <S/>
               <w msd="Ppssei" lemma="trd">najtrše</w>
               <S/>
               <w msd="Ppnzet" lemma="jeder">jedro</w>
               <S/>
               <w msd="Ppnzet" lemma="nov">novo</w>
               <S/>
               <w msd="Ppnzer" lemma="vladen">vladne</w>
               <S/>
               <w msd="Sozer" lemma="koalicija">koalicije</w>
               <S/>
               <w msd="Slzer" lemma="LDS">LDS</w>
               <S/>
               <w msd="Vp" lemma="in">in</w>
               <S/>
               <w msd="Slzer" lemma="ZLSD">ZLSD</w>
               <c>,</c>
               <S/>
               <w msd="Ggdd-ez" lemma="pristopiti">pristopila</w>
               <S/>
               <w msd="Vp" lemma="pa">pa</w>
               <S/>
               <w msd="Gp-pte-n" lemma="biti">bo</w>
               <S/>
               <w msd="L" lemma="morda">morda</w>
               <S/>
               <w msd="L" lemma="še">še</w>
               <S/>
               <w msd="Slzer" lemma="SLS">SLS</w>
               <c>.</c>
               <S/>
            </s>
            <s>
               <w msd="Rsn" lemma="mogoče">Mogoče</w>
               <S/>
               <w msd="L" lemma="tudi">tudi</w>
               <S/>
               <w msd="Slmei" lemma="Desus">Desus</w>
               <c>.</c>
               <S/>
            </s>
            <s>
               <w msd="Slzei" lemma="SLS">SLS</w>
               <S/>
               <w msd="Gp-ste-n" lemma="biti">je</w>
               <S/>
               <w msd="Ppnsei" lemma="mogoč">mogoče</w>
               <S/>
               <w msd="Ggdn" lemma="privabiti">privabiti</w>
               <S/>
               <w msd="Do" lemma="z">z</w>
               <S/>
               <w msd="Sozeo" lemma="obljuba">obljubo</w>
               <c>,</c>
               <S/>
               <w msd="Vd" lemma="da">da</w>
               <S/>
               <w msd="Ppnzmr" lemma="kadrovski">kadrovskih</w>
               <S/>
               <w msd="Sozmr" lemma="čistka">čistk</w>
               <S/>
               <w msd="Do" lemma="med">med</w>
               <S/>
               <w msd="Zstmmom" lemma="njihov">njihovimi</w>
               <S/>
               <w msd="L" lemma="že">že</w>
               <S/>
               <w msd="L" lemma="ne">ne</w>
               <S/>
               <w msd="Gp-pte-n" lemma="biti">bo</w>
               <S/>
               <c>(</c>
               <w msd="Rsn" lemma="malce">malce</w>
               <S/>
               <w msd="Rsr" lemma="težko">težje</w>
               <S/>
               <w msd="Gp-pte-n" lemma="biti">bo</w>
               <S/>
               <w msd="Slmei" lemma="Marjan">Marjan</w>
               <S/>
               <w msd="Slmei" lemma="Podobnik">Podobnik</w>
               <S/>
               <w msd="Ggdd-em" lemma="obdržati">obdržal</w>
               <S/>
               <w msd="Slmei" lemma="Telekom">Telekom</w>
               <c>)</c>
               <c>,</c>
               <S/>
               <w msd="Kbzmet" lemma="drug">drugega</w>
               <S/>
               <w msd="Do" lemma="z">z</w>
               <S/>
               <w msd="Sozeo" lemma="obljuba">obljubo</w>
               <c>,</c>
               <S/>
               <w msd="Vd" lemma="da">da</w>
               <S/>
               <w msd="Sozmi" lemma="pokojnina">pokojnine</w>
               <S/>
               <w msd="L" lemma="ne">ne</w>
               <S/>
               <w msd="Gp-ptm-n" lemma="biti">bodo</w>
               <S/>
               <w msd="Pdnzmi" lemma="odpravljen">odpravljene</w>
               <c>,</c>
               <S/>
               <w msd="Vp" lemma="pa">pa</w>
               <S/>
               <w msd="Gp-ptm-n" lemma="biti">bodo</w>
               <S/>
               <w msd="Zc-met" lemma="ves">ves</w>
               <S/>
               <w msd="Sometn" lemma="mandat">mandat</w>
               <S/>
               <w msd="Ggvd-mm" lemma="glasovati">glasovali</w>
               <S/>
               <w msd="Rsn" lemma="tako">tako</w>
               <c>,</c>
               <S/>
               <w msd="Vd" lemma="kot">kot</w>
               <S/>
               <w msd="Gp-pte-n" lemma="biti">bo</w>
               <S/>
               <w msd="Ggnd-ez" lemma="igrati">igrala</w>
               <S/>
               <w msd="Slzei" lemma="LDS">LDS</w>
               <c>,</c>
               <S/>
               <w msd="Vp" lemma="in">in</w>
               <S/>
               <w msd="Zp------k" lemma="se">se</w>
               <S/>
               <w msd="Rsr" lemma="kasno">kasneje</w>
               <S/>
               <w msd="Ggnd-mm" lemma="trkati">trkali</w>
               <S/>
               <w msd="Dm" lemma="po">po</w>
               <S/>
               <w msd="Sozmm" lemma="prsi">prsih</w>
               <c>:</c>
               <S/>
               <c>"</c>
               <w msd="Ggdd-es" lemma="uspeti">Uspelo</w>
               <S/>
               <w msd="Zop-md" lemma="jaz">nam</w>
               <S/>
               <w msd="Gp-ste-n" lemma="biti">je</w>
               <c>,</c>
               <S/>
               <w msd="Vd" lemma="da">da</w>
               <S/>
               <w msd="Sozmi" lemma="pokojnina">pokojnine</w>
               <S/>
               <w msd="Gp-stm-d" lemma="biti">niso</w>
               <S/>
               <w msd="Gp-d-mz" lemma="biti">bile</w>
               <S/>
               <w msd="Pdnzmi" lemma="ukinjen">ukinjene</w>
               <c>.</c>
               <c>"</c>
            </s>
         </p>
      </body>
   </text>
</TEI>