<?xml version="1.0" encoding="UTF-8"?>
<TEI xmlns="http://www.tei-c.org/ns/1.0" xml:id="F0002282" xml:lang="sl">
   <teiHeader>
      <fileDesc>
         <titleStmt>
            <title>ccKRES: Cicido (2004-01)</title>
            <funder>Operacijo delno financira Evropska unija iz Evropskega socialnega sklada ter Ministrstvo za šolstvo in šport. Operacija se izvaja v okviru Operativnega programa razvoja človeških virov za obdobje 2007-2013, razvojne prioritete: razvoj človeških virov in vseživljenjskega učenja; prednostne usmeritve: izboljšanje kakovosti in učinkovitosti sistemov izobraževanja in usposabljanja 2007-2013.</funder>
         </titleStmt>
         <editionStmt>
            <edition>1.0</edition>
         </editionStmt>
         <extent>466 besed</extent>
         <publicationStmt>
            <idno>ccd1_04</idno>
            <availability status="free">
               <p xml:lang="sl">Avtorske pravice za to izdajo ureja licenca <ref target="http://creativecommons.org/licenses/by-nc/2.5/si/">Creative Commons Priznanje avtorstva-Nekomercialno 2.5 Slovenija</ref>.</p>
               <p xml:lang="en">This work is licenced under the <ref target="http://creativecommons.org/licenses/by-nc/2.5/si/deed.en">Creative Commons Attribution-Noncommercial 2.5 Slovenia</ref>.</p>
            </availability>
            <date>2012-05-06</date>
         </publicationStmt>
         <sourceDesc>
            <bibl>
               <title>Cicido</title>
               <author n="???">neznani novinar</author>
               <date>2004-01</date>
               <publisher n="drugo">Mladinska knjiga Založba</publisher>
               <note type="sourceLang">sl</note>
            </bibl>
         </sourceDesc>
      </fileDesc>
      <encodingDesc>
         <projectDesc>
            <p xml:lang="sl">Glej <ref target="http://www.korpus-kres.net/">www.korpus-kres.net</ref> oz. <ref target="http://nl.ijs.si/ssj/">nl.ijs.si/ssj</ref>.</p>
            <p xml:lang="en">See <ref target="http://www.korpus-kres.net/">www.korpus-kres.net</ref> or <ref target="http://nl.ijs.si/ssj/">nl.ijs.si/ssj</ref>.</p>
         </projectDesc>
         <samplingDecl>
            <p xml:lang="sl">
            Besedila in odstavki v korpusu KRES so bili vzorčeni iz
            Gigafide tako, da smo dobili 100-milijonski referenčni
            korpus, v katerem so besedila uravnotežena po vnaprej
            določenih taksonomskih deležih in po podatkih o branosti
            vira (časopisi, revije, novičarski portali).  Korpus
            ccKRES nato, z namenom, da je lahko dostopen po licenci CC,
            vsebuje 10 % naključno vzorčenih odstavkov besedil iz
            korpusa KRES, torej 10 milijonov besed.
	    Več o sestavi korpusa lahko preberete na 
            <ref target="http://www.korpus-kres.net/">www.korpus-kres.net</ref> oz.
            <ref target="http://nl.ijs.si/ssj/">nl.ijs.si/ssj</ref>.
	  </p>
            <p xml:lang="en">
            Texts and paragraphs in the KRES corpus have been sampled from the 
	    Gigafida corpus. The result of the sampling is a 100-million-word 
	    reference corpus. The texts in KRES are balanced according to the 
	    predetermined categories, with particular consideration being paid to 
	    the data on the popularity of the source (newspapers, magazines, 
	    Internet news sites). 
	    To enable free (CC) distribution of the corpus, the ccKRES corpus contains 
	    10% of randomly sampled paragraphs from KRES, i.e. contains 10 million words.
	    For more information about the contents of the corpus, 
	    see <ref target="http://www.korpus-kres.net/">www.korpus-kres.net</ref>
	    and <ref target="http://nl.ijs.si/ssj/">nl.ijs.si/ssj</ref>.
	  </p>
         </samplingDecl>
         <tagsDecl>
            <namespace name="http://www.tei-c.org/ns/1.0">
               <tagUsage gi="S" occurs="426"/>
               <tagUsage gi="c" occurs="106"/>
               <tagUsage gi="p" occurs="44"/>
               <tagUsage gi="s" occurs="64"/>
               <tagUsage gi="w" occurs="466"/>
            </namespace>
         </tagsDecl>
         <classDecl>
            <taxonomy xml:id="SSJ">
               <category xml:id="SSJ.T">
                  <catDesc>tisk</catDesc>
                  <category xml:id="SSJ.T.K">
                     <catDesc>knjižno</catDesc>
                     <category xml:id="SSJ.T.K.L">
                        <catDesc>leposlovno</catDesc>
                     </category>
                     <category xml:id="SSJ.T.K.S">
                        <catDesc>strokovno</catDesc>
                     </category>
                  </category>
                  <category xml:id="SSJ.T.P">
                     <catDesc>periodično</catDesc>
                     <category xml:id="SSJ.T.P.C">
                        <catDesc>časopis</catDesc>
                     </category>
                     <category xml:id="SSJ.T.P.R">
                        <catDesc>revija</catDesc>
                     </category>
                  </category>
                  <category xml:id="SSJ.T.D">
                     <catDesc>drugo</catDesc>
                  </category>
               </category>
               <category xml:id="SSJ.I">
                  <catDesc>internet</catDesc>
               </category>
            </taxonomy>
         </classDecl>
      </encodingDesc>
      <profileDesc>
         <textClass>
            <catRef target="#SSJ.T.P.R"/>
         </textClass>
      </profileDesc>
   </teiHeader>
   <text xml:id="F0002282." xml:lang="sl">
      <body>
         <p xml:id="F0002282.000008">
            <s>
               <w msd="Vp" lemma="in">In</w>
               <S/>
               <w msd="Rsn" lemma="res">res</w>
               <c>!</c>
               <S/>
            </s>
            <s>
               <w msd="Rsn" lemma="ponoči">Ponoči</w>
               <S/>
               <w msd="Gp-stm-n" lemma="biti">so</w>
               <S/>
               <w msd="Sommi" lemma="krtek">krtki</w>
               <S/>
               <w msd="Ggnd-mm" lemma="pririti">pririli</w>
               <S/>
               <w msd="Dm" lemma="po">po</w>
               <S/>
               <w msd="Zp-mmm" lemma="svoj">svojih</w>
               <S/>
               <w msd="Sommm" lemma="rov">rovih</w>
               <S/>
               <w msd="Dr" lemma="do">do</w>
               <S/>
               <w msd="Sozer" lemma="lisičina">lisičine</w>
               <S/>
               <w msd="Vp" lemma="in">in</w>
               <S/>
               <w msd="Rsn" lemma="vse">vse</w>
               <S/>
               <w msd="Pdnmmt" lemma="razmetan">razmetane</w>
               <S/>
               <w msd="Sozmt" lemma="igrača">igrače</w>
               <S/>
               <w msd="Ggdd-mm" lemma="pospraviti">pospravili</w>
               <S/>
               <w msd="Dt" lemma="v">v</w>
               <S/>
               <w msd="Zp-met" lemma="svoj">svoj</w>
               <S/>
               <w msd="Ppsmetd" lemma="globok">najgloblji</w>
               <S/>
               <w msd="Sometn" lemma="rov">rov</w>
               <c>.</c>
            </s>
         </p>
         <p xml:id="F0002282.000011">
            <s>
               <w msd="Ppnsei" lemma="naslednji">Naslednje</w>
               <S/>
               <w msd="Sosei" lemma="jutro">jutro</w>
               <S/>
               <w msd="Gp-ste-n" lemma="biti">je</w>
               <S/>
               <w msd="Gp-d-es" lemma="biti">bilo</w>
               <S/>
               <w msd="Vp" lemma="pa">pa</w>
               <S/>
               <w msd="Rsn" lemma="hudo">hudo</w>
               <c>.</c>
            </s>
         </p>
         <p xml:id="F0002282.000031">
            <s>
               <w msd="Ggnd-ez" lemma="liti">LILA</w>
               <S/>
               <w msd="Vp" lemma="in">IN</w>
               <S/>
               <w msd="Sozei" lemma="luka">LUKA</w>
               <S/>
               <w msd="Gp-std-n" lemma="biti">STA</w>
               <S/>
               <w msd="Ggdd-dm" lemma="zgraditi">ZGRADILA</w>
               <S/>
               <w msd="Somdi" lemma="snežak">SNEŽAKA</w>
               <S/>
               <w msd="Dr" lemma="iz">IZ</w>
               <S/>
               <w msd="Kbg-mr" lemma="pet">PETIH</w>
               <S/>
               <w msd="Sozmr" lemma="kepa">KEP</w>
               <c>.</c>
               <S/>
            </s>
            <s>
               <w msd="Slzei" lemma="ŽIVA">ŽIVA</w>
               <S/>
               <w msd="Gp-ste-n" lemma="biti">JE</w>
               <S/>
               <w msd="Ggdd-ez" lemma="narediti">NAREDILA</w>
               <S/>
               <w msd="Ppsmer" lemma="majhen">NAJMANJŠEGA</w>
               <S/>
               <w msd="Somer" lemma="snežak">SNEŽAKA</w>
               <c>,</c>
               <S/>
               <w msd="Slmei" lemma="TINE">TINE</w>
               <S/>
               <w msd="Vp" lemma="pa">PA</w>
               <S/>
               <w msd="Ppsmer" lemma="velik">NAJVEČJEGA</w>
               <c>.</c>
            </s>
         </p>
         <p xml:id="F0002282.000048">
            <s>
               <w msd="Rsn" lemma="tidel">TIDEL</w>
               <S/>
               <w msd="Rsn" lemma="tazav">TAZAV</w>
               <S/>
               <w msd="Gp-spe-n" lemma="biti">SEM</w>
               <S/>
               <w msd="Ggdd-em" lemma="namazati">NAMAZAL</w>
               <c>,</c>
            </s>
         </p>
         <p xml:id="F0002282.000049">
            <s>
               <w msd="Rsn" lemma="tidel">TIDEL</w>
               <S/>
               <w msd="Rsn" lemma="tezav">TEZAV</w>
               <S/>
               <w msd="Gp-spe-n" lemma="biti">SEM</w>
               <S/>
               <w msd="Ggdd-em" lemma="zavezati">ZAVEZAL</w>
               <c>,</c>
            </s>
         </p>
         <p xml:id="F0002282.000066">
            <s>
               <w msd="Ppnzei" lemma="policijski">POLICIJSKA</w>
               <c>,</c>
               <S/>
               <w msd="Ppnzei" lemma="gasilski">GASILSKA</w>
               <S/>
               <w msd="Vp" lemma="in">IN</w>
               <S/>
               <w msd="Ppnsmi" lemma="reševalen">REŠEVALNA</w>
               <S/>
               <w msd="Sosmi" lemma="vozilo">VOZILA</w>
               <S/>
               <w msd="Dm" lemma="na">NA</w>
               <S/>
               <w msd="Ppnzem" lemma="nujen">NUJNI</w>
               <S/>
               <w msd="Sozem" lemma="vožnja">VOŽNJI</w>
               <S/>
               <w msd="Ggnstm-n" lemma="imeti">IMAJO</w>
               <S/>
               <w msd="Sozet" lemma="prednost">PREDNOST</w>
               <S/>
               <w msd="Do" lemma="pred">PRED</w>
               <S/>
               <w msd="Pdnmmo" lemma="ostal">OSTALIMI</w>
               <c>.</c>
               <S/>
            </s>
            <s>
               <w msd="Vd" lemma="ko">KO</w>
               <S/>
               <w msd="Ggnstm" lemma="voziti">VOZIJO</w>
               <S/>
               <w msd="Dd" lemma="proti">PROTI</w>
               <S/>
               <w msd="Somem" lemma="kraj">KRAJU</w>
               <S/>
               <w msd="Sozer" lemma="nesreča">NESREČE</w>
               <c>,</c>
               <S/>
               <w msd="Ggnstm-n" lemma="imeti">IMAJO</w>
               <S/>
               <w msd="Pdnzmi" lemma="vključen">VKLJUČENE</w>
               <S/>
               <w msd="Pdnmmt" lemma="utripajoč">UTRIPAJOČE</w>
               <S/>
               <w msd="Ppnzer" lemma="moder">MODRE</w>
               <S/>
               <w msd="Sozmi" lemma="luč">LUČI</w>
               <S/>
               <w msd="Vp" lemma="in">IN</w>
               <S/>
               <w msd="Sozer" lemma="sirena">SIRENE</w>
               <c>.</c>
            </s>
         </p>
         <p xml:id="F0002282.000072">
            <s>
               <w msd="Ggnvde" lemma="pripovedovati">PRIPOVEDUJ</w>
               <c>.</c>
            </s>
         </p>
         <p xml:id="F0002282.000078">
            <s>
               <w msd="Vd" lemma="ko">KO</w>
               <S/>
               <w msd="Gp-spe-n" lemma="biti">SEM</w>
               <S/>
               <w msd="Dm" lemma="v">V</w>
               <S/>
               <w msd="Sozem" lemma="peč">PEČI</w>
               <c>,</c>
               <S/>
               <w msd="Zc-mei" lemma="vsak">VSAK</w>
               <S/>
               <w msd="Zop-et--k" lemma="jaz">ME</w>
               <S/>
               <w msd="Rsn" lemma="rad">RAD</w>
               <S/>
               <w msd="Ggnste-n" lemma="imeti">IMA</w>
               <c>,</c>
            </s>
         </p>
         <p xml:id="F0002282.000103">
            <s>
               <w msd="Vp" lemma="in">IN</w>
               <S/>
               <w msd="Do" lemma="z">Z</w>
               <S/>
               <w msd="Sozeo" lemma="luč">LUČJO</w>
               <S/>
               <w msd="Somer" lemma="mežik">MEŽIKA</w>
               <c>,</c>
            </s>
         </p>
         <p xml:id="F0002282.000109">
            <s>
               <w msd="Zp------k" lemma="se">SE</w>
               <S/>
               <w msd="Rsn" lemma="silno">SILNO</w>
               <S/>
               <w msd="Ggdste" lemma="prestrašiti">PRESTRAŠI</w>
               <c>,</c>
            </s>
         </p>
         <p xml:id="F0002282.000115">
            <s>
               <w msd="Dt" lemma="na">Na</w>
               <S/>
               <w msd="Zc-zdt" lemma="oba">obe</w>
               <S/>
               <w msd="Sozdt" lemma="stran">strani</w>
               <S/>
               <w msd="Ggdn" lemma="razporediti">razporediti</w>
               <S/>
               <w msd="Sozer" lemma="uganka">uganke</w>
               <c>.</c>
               <S/>
            </s>
            <s>
               <w msd="Dm" lemma="na">Na</w>
               <S/>
               <w msd="Sosmm" lemma="vozilo">vozilih</w>
               <S/>
               <w msd="L" lemma="naj">naj</w>
               <S/>
               <w msd="Gp-ptm-n" lemma="biti">bodo</w>
               <S/>
               <w msd="Pdnmmi" lemma="narisan">narisani</w>
               <S/>
               <w msd="Ppnmmi" lemma="pravi">pravi</w>
               <S/>
               <w msd="Sommi" lemma="znak">znaki</w>
               <S/>
               <w msd="Zspzmrm" lemma="naš">naših</w>
               <S/>
               <w msd="Sozmr" lemma="služba">služb</w>
               <c>:</c>
               <S/>
               <w msd="Sozmi" lemma="policija">policije</w>
               <c>,</c>
               <S/>
               <w msd="Sommr" lemma="gasilec">gasilcev</w>
               <c>,</c>
               <S/>
               <w msd="Ppnzer" lemma="nujen">nujne</w>
               <S/>
               <w msd="Ppnzer" lemma="medicinski">medicinske</w>
               <S/>
               <w msd="Sozer" lemma="pomoč">pomoči</w>
            </s>
         </p>
         <p xml:id="F0002282.000124">
            <s>
               <w msd="Ggdd-ez" lemma="uglasbiti">Uglasbila</w>
               <c>:</c>
               <S/>
               <w msd="Slzei" lemma="Mira">Mira</w>
               <S/>
               <w msd="Slzei" lemma="Voglar">Voglar</w>
            </s>
         </p>
         <p xml:id="F0002282.000136">
            <s>
               <w msd="Vp" lemma="in">In</w>
               <S/>
               <w msd="Zotmet--k" lemma="on">ga</w>
            </s>
         </p>
         <p xml:id="F0002282.000139">
            <s>
               <w msd="Sozei" lemma="umetnija">UMETNIJA</w>
               <S/>
               <w msd="Somer" lemma="mesec">MESECA</w>
            </s>
         </p>
         <p xml:id="F0002282.000152">
            <s>
               <w msd="Rsn" lemma="takole">TAKOLE</w>
               <S/>
               <w msd="Sommi" lemma="otrok">OTROCI</w>
            </s>
         </p>
         <p xml:id="F0002282.000158">
            <s>
               <w msd="Slmei" lemma="JANKO">JANKO</w>
               <S/>
               <w msd="Vp" lemma="in">IN</w>
               <S/>
               <w msd="Slzei" lemma="METKA">METKA</w>
            </s>
         </p>
         <p xml:id="F0002282.000162">
            <s>
               <w msd="Somei" lemma="čas">Čas</w>
               <S/>
               <w msd="Soser" lemma="pečenje">pečenja</w>
               <c>:</c>
               <S/>
               <w msd="O" lemma="pribl.">pribl.</w>
               <S/>
               <w msd="Kag" lemma="15">15</w>
               <S/>
               <w msd="Sozmr" lemma="minuta">minut</w>
            </s>
         </p>
         <p xml:id="F0002282.000166">
            <s>
               <w msd="Kag" lemma="1">1</w>
               <S/>
               <w msd="Sozet" lemma="vrečka">vrečko</w>
               <S/>
               <w msd="Psnmer" lemma="vaniljev">vaniljevega</w>
               <S/>
               <w msd="Somer" lemma="sladkor">sladkorja</w>
            </s>
         </p>
         <p xml:id="F0002282.000173">
            <s>
               <w msd="Pdnmmt" lemma="olupljen">olupljene</w>
               <S/>
               <w msd="Sommt" lemma="mandelj">mandlje</w>
               <c>,</c>
               <S/>
               <w msd="Sozmt" lemma="rozina">rozine</w>
               <c>,</c>
               <S/>
               <w msd="Rsn" lemma="grobo">grobo</w>
               <S/>
               <w msd="Pdnmein" lemma="mlet">mlet</w>
               <S/>
               <w msd="Sometn" lemma="sladkor">sladkor</w>
               <c>,</c>
               <S/>
               <w msd="Pdnzmt" lemma="kandiran">kandirane</w>
               <S/>
               <w msd="Sozmt" lemma="češnja">češnje</w>
               <c>,</c>
               <S/>
               <w msd="Sozmt" lemma="pistacija">pistacije</w>
               <c>,</c>
               <S/>
               <w msd="Psnzet" lemma="kokosov">kokosovo</w>
               <S/>
               <w msd="Sozet" lemma="moka">moko</w>
            </s>
         </p>
         <p xml:id="F0002282.000180">
            <s>
               <w msd="Ggdd-ez" lemma="pripraviti">Pripravila</w>
               <c>:</c>
               <S/>
               <w msd="Slzei" lemma="Jelka">Jelka</w>
               <S/>
               <w msd="Slzei" lemma="Pogačnik">Pogačnik</w>
            </s>
         </p>
         <p xml:id="F0002282.000182">
            <s>
               <w msd="Sozmi" lemma="fotografija">Fotografije</w>
               <S/>
               <w msd="Gp-stm-n" lemma="biti">so</w>
               <S/>
               <w msd="Dr" lemma="iz">iz</w>
               <S/>
               <w msd="Sozer" lemma="knjiga">knjige</w>
               <S/>
               <w msd="Slmei" lemma="Michael">Michael</w>
               <S/>
               <w msd="Slmei" lemma="Bright">Bright</w>
               <c>,</c>
               <S/>
               <w msd="Sommi" lemma="medved">Medvedi</w>
               <c>,</c>
               <S/>
               <w msd="Ppnzei" lemma="mladinski">Mladinska</w>
               <S/>
               <w msd="Sozei" lemma="knjiga">knjiga</w>
               <c>,</c>
               <S/>
               <w msd="Kag" lemma="2001">2001</w>
               <c>.</c>
            </s>
         </p>
         <p xml:id="F0002282.000187">
            <s>
               <w msd="Kav" lemma="2.">2.</w>
               <S/>
            </s>
            <s>
               <w msd="Ppnmeid" lemma="severen">SEVERNI</w>
               <S/>
               <w msd="Somei" lemma="medved">MEDVED</w>
               <S/>
               <w msd="Ggnste" lemma="znati">ZNA</w>
               <S/>
               <w msd="Ggnn" lemma="plavati">PLAVATI</w>
               <c>.</c>
            </s>
         </p>
         <p xml:id="F0002282.000199">
            <s>
               <w msd="O" lemma="sl.">SL.</w>
               <w msd="Kag" lemma="7">7</w>
               <S/>
               <w msd="O" lemma="str.">STR.</w>
               <S/>
               <w msd="Kag" lemma="37">37</w>
            </s>
         </p>
         <p xml:id="F0002282.000202">
            <s>
               <w msd="Kav" lemma="9.">9.</w>
               <S/>
            </s>
            <s>
               <w msd="L" lemma="tudi">TUDI</w>
               <S/>
               <w msd="Ppnmeid" lemma="rjav">RJAVI</w>
               <S/>
               <w msd="Vp" lemma="in">IN</w>
               <S/>
               <w msd="Ppnmeid" lemma="črn">ČRNI</w>
               <S/>
               <w msd="Somei" lemma="medved">MEDVED</w>
               <S/>
               <w msd="Vp" lemma="ter">TER</w>
               <S/>
               <w msd="Somer" lemma="panda">PANDA</w>
               <S/>
               <w msd="Gp-std-n" lemma="biti">STA</w>
               <S/>
               <w msd="Slmer" lemma="MEDVED">MEDVEDA</w>
               <c>.</c>
               <S/>
            </s>
            <s>
               <w msd="Somei" lemma="panda">PANDA</w>
               <S/>
               <w msd="Gp-ste-n" lemma="biti">JE</w>
               <S/>
               <w msd="Psnzer" lemma="bambusov">BAMBUSOVE</w>
               <S/>
               <w msd="Sommt" lemma="vršiček">VRŠIČKE</w>
               <c>,</c>
               <S/>
               <w msd="Ppnmeid" lemma="rjav">RJAVI</w>
               <S/>
               <w msd="Vp" lemma="in">IN</w>
               <S/>
               <w msd="Ppnmeid" lemma="črn">ČRNI</w>
               <S/>
               <w msd="Somei" lemma="medved">MEDVED</w>
               <S/>
               <w msd="Vp" lemma="pa">PA</w>
               <S/>
               <w msd="Sosei" lemma="jagodičevje">JAGODIČEVJE</w>
               <c>,</c>
               <S/>
               <w msd="Sozmi" lemma="žuželka">ŽUŽELKE</w>
               <S/>
               <w msd="Vp" lemma="in">IN</w>
               <S/>
               <w msd="L" lemma="tudi">TUDI</w>
               <S/>
               <w msd="Pppzer" lemma="velik">VEČJE</w>
               <S/>
               <w msd="Sozmi" lemma="žival">ŽIVALI</w>
               <c>.</c>
            </s>
         </p>
         <p xml:id="F0002282.000205">
            <s>
               <w msd="O" lemma="str.">STR.</w>
               <S/>
               <w msd="Kag" lemma="27">27</w>
               <c>-</c>
               <S/>
               <w msd="Ppnmeid" lemma="rjav">rjavi</w>
               <S/>
               <w msd="Somei" lemma="medved">medved</w>
            </s>
         </p>
         <p xml:id="F0002282.000208">
            <s>
               <w msd="Ggdd-ez" lemma="napisati">Napisala</w>
               <c>:</c>
               <S/>
               <w msd="Slzei" lemma="Katarina">Katarina</w>
               <S/>
               <w msd="Slzei" lemma="Sokač">Sokač</w>
            </s>
         </p>
         <p xml:id="F0002282.000226">
            <s>
               <w msd="Rsn" lemma="lahko">Lahko</w>
               <S/>
               <w msd="Vp" lemma="pa">pa</w>
               <S/>
               <w msd="Zp---d--k" lemma="se">si</w>
               <S/>
               <w msd="Ggdspm" lemma="izdelati">izdelamo</w>
               <S/>
               <w msd="Sozet" lemma="lutka">lutko</w>
               <c>,</c>
               <S/>
               <w msd="Vd" lemma="ki">ki</w>
               <S/>
               <w msd="Zotzed--k" lemma="on">ji</w>
               <S/>
               <w msd="Gp-ppm-n" lemma="biti">bomo</w>
               <S/>
               <w msd="Ggvd-mm" lemma="zaupati">zaupali</w>
               <S/>
               <w msd="Zspseim" lemma="naš">naše</w>
               <S/>
               <w msd="Rss" lemma="najbolj">najbolj</w>
               <S/>
               <w msd="Pdnzmt" lemma="skrit">skrite</w>
               <S/>
               <w msd="Sozmt" lemma="skrb">skrbi</w>
               <c>.</c>
            </s>
         </p>
         <p xml:id="F0002282.000234">
            <s>
               <c>•</c>
               <S/>
               <w msd="Sozet" lemma="šivanka">šivanko</w>
               <c>,</c>
               <S/>
               <w msd="Somei" lemma="sukanec">sukanec</w>
               <c>,</c>
               <S/>
               <w msd="Sozmt" lemma="škarje">škarje</w>
            </s>
         </p>
         <p xml:id="F0002282.000240">
            <s>
               <c>•</c>
               <S/>
               <w msd="Somei" lemma="kos">kos</w>
               <S/>
               <w msd="Sozer" lemma="veja">veje</w>
               <c>,</c>
               <S/>
               <w msd="Vd" lemma="ki">ki</w>
               <S/>
               <w msd="Zp------k" lemma="se">se</w>
               <S/>
               <w msd="Ggdste" lemma="razcepiti">razcepi</w>
               <S/>
               <w msd="Dt" lemma="v">v</w>
               <S/>
               <w msd="Sozet" lemma="rogovila">rogovilo</w>
            </s>
         </p>
         <p xml:id="F0002282.000266">
            <s>
               <c>•</c>
               <S/>
               <w msd="Ggnste" lemma="prositi">Prosi</w>
               <S/>
               <w msd="Zv-met" lemma="kdo">koga</w>
               <S/>
               <w msd="Dr" lemma="od">od</w>
               <S/>
               <w msd="Pdnmmr" lemma="odrasel">odraslih</w>
               <c>,</c>
               <S/>
               <w msd="Vd" lemma="da">da</w>
               <S/>
               <w msd="Ggdste" lemma="izrezati">izreže</w>
               <S/>
               <w msd="L" lemma="še">še</w>
               <S/>
               <w msd="Sozet" lemma="luknja">luknjo</w>
               <c>.</c>
               <S/>
            </s>
            <s>
               <w msd="Rsn" lemma="potem">Potem</w>
               <S/>
               <w msd="Do" lemma="z">z</w>
               <S/>
               <w msd="Sozmo" lemma="barvica">barvicami</w>
               <S/>
               <w msd="Ggdvde" lemma="pobarvati">pobarvaj</w>
               <S/>
               <w msd="Sozem" lemma="sličica">sličici</w>
               <c>.</c>
            </s>
         </p>
         <p xml:id="F0002282.000270">
            <s>
               <w msd="Ggvd-ez" lemma="ilustrirati">Ilustrirala</w>
               <c>:</c>
               <S/>
               <w msd="Slzei" lemma="Jelka">Jelka</w>
               <S/>
               <w msd="Slmei" lemma="Godec">Godec</w>
               <S/>
               <w msd="Slmei" lemma="Schmidt">Schmidt</w>
            </s>
         </p>
         <p xml:id="F0002282.000273">
            <s>
               <w msd="Sozet" lemma="voda">VODO</w>
               <c>,</c>
               <S/>
               <w msd="Sozei" lemma="sol">SOL</w>
               <S/>
               <w msd="Vp" lemma="in">IN</w>
               <S/>
               <w msd="Slmei" lemma="KVAS">KVAS</w>
               <c>,</c>
            </s>
         </p>
         <p xml:id="F0002282.000286">
            <s>
               <w msd="Somei" lemma="ogenj">OGENJ</w>
               <c>,</c>
               <S/>
               <w msd="Vd" lemma="ki">KI</w>
               <S/>
               <w msd="Zotmet--k" lemma="on">GA</w>
               <S/>
               <w msd="Gp-ste-n" lemma="biti">JE</w>
               <S/>
               <w msd="Ggdd-em" lemma="zakuriti">ZAKURIL</w>
               <S/>
               <w msd="Somei" lemma="velikan">VELIKAN</w>
               <c>,</c>
               <S/>
               <w msd="Vp" lemma="pa">PA</w>
               <S/>
               <w msd="Gp-ste-n" lemma="biti">JE</w>
               <S/>
               <w msd="Ggnd-em" lemma="goreti">GOREL</w>
               <S/>
               <w msd="Rsn" lemma="naprej">NAPREJ</w>
               <c>.</c>
               <S/>
            </s>
            <s>
               <w msd="Ggdd-em" lemma="privabiti">PRIVABIL</w>
               <S/>
               <w msd="Gp-ste-n" lemma="biti">JE</w>
               <S/>
               <w msd="Zn-zmt" lemma="mnog">MNOGE</w>
               <S/>
               <w msd="Pdnzer" lemma="prezebel">PREZEBLE</w>
               <S/>
               <w msd="Sozmt" lemma="žival">ŽIVALI</w>
               <c>,</c>
               <S/>
               <w msd="L" lemma="še">ŠE</w>
               <S/>
               <w msd="Somei" lemma="zajček">ZAJČEK</w>
               <S/>
               <w msd="Vp" lemma="in">IN</w>
               <S/>
               <w msd="Somei" lemma="psiček">PSIČEK</w>
               <S/>
               <w msd="Gp-std-n" lemma="biti">STA</w>
               <S/>
               <w msd="Ggdd-dm" lemma="priti">PRIŠLA</w>
               <c>.</c>
               <S/>
            </s>
            <s>
               <w msd="Ggnd-dm" lemma="drenjati">DRENJALA</w>
               <S/>
               <w msd="Gp-std-n" lemma="biti">STA</w>
               <S/>
               <w msd="Zp------k" lemma="se">SE</w>
               <S/>
               <w msd="Dr" lemma="okoli">OKOLI</w>
               <S/>
               <w msd="Somer" lemma="ogenj">OGNJA</w>
               <c>,</c>
               <S/>
               <w msd="Zp------k" lemma="se">SE</w>
               <S/>
               <w msd="Ggnd-ez" lemma="prerivati">PRERIVALA</w>
               <S/>
               <w msd="Dt" lemma="za">ZA</w>
               <S/>
               <w msd="Pppmetd" lemma="dober">BOLJŠI</w>
               <S/>
               <w msd="Sometn" lemma="prostor">PROSTOR</w>
               <c>,</c>
               <S/>
               <w msd="Vp" lemma="pa">PA</w>
               <S/>
               <w msd="Gp-ste-n" lemma="biti">JE</w>
               <S/>
               <w msd="Somei" lemma="zajček">ZAJČEK</w>
               <S/>
               <w msd="Rsn" lemma="tako">TAKO</w>
               <S/>
               <w msd="Rsn" lemma="nerodno">NERODNO</w>
               <S/>
               <w msd="Ggdd-em" lemma="poriniti">PORINIL</w>
               <S/>
               <w msd="Somer" lemma="psiček">PSIČKA</w>
               <c>,</c>
               <S/>
               <w msd="Vd" lemma="da">DA</w>
               <S/>
               <w msd="Zp---d--k" lemma="se">SI</w>
               <S/>
               <w msd="Gp-ste-n" lemma="biti">JE</w>
               <S/>
               <w msd="Zk-mei" lemma="ta">TA</w>
               <S/>
               <w msd="Dm" lemma="v">V</w>
               <S/>
               <w msd="Somem" lemma="ogenj">OGNJU</w>
               <S/>
               <w msd="Ggdd-em" lemma="osmoditi">OSMODIL</w>
               <S/>
               <w msd="Sozer" lemma="tačka">TAČKE</w>
               <c>.</c>
               <S/>
            </s>
         </p>
         <p xml:id="F0002282.000287">
            <s>
               <w msd="Somei" lemma="psiček">PSIČEK</w>
               <S/>
               <w msd="Gp-ste-n" lemma="biti">JE</w>
               <S/>
               <w msd="Ggdd-em" lemma="zajokati">ZAJOKAL</w>
               <c>:</c>
               <S/>
               <w msd="Ggnvde" lemma="jesti">JEJ</w>
               <c>,</c>
               <S/>
               <w msd="Ggnvde" lemma="jesti">JEJ</w>
               <c>,</c>
               <S/>
               <w msd="Ggnvde" lemma="jesti">JEJ</w>
               <c>!</c>
               <S/>
            </s>
            <s>
               <w msd="Vp" lemma="in">IN</w>
               <S/>
               <w msd="Ggdd-em" lemma="skočiti">SKOČIL</w>
               <S/>
               <w msd="Dt" lemma="za">ZA</w>
               <S/>
               <w msd="Someo" lemma="zajček">ZAJČKOM</w>
               <c>.</c>
               <S/>
            </s>
            <s>
               <w msd="Gp-ste-d" lemma="biti">NI</w>
               <S/>
               <w msd="Zotmet--k" lemma="on">GA</w>
               <S/>
               <w msd="Ggdd-em" lemma="ujeti">UJEL</w>
               <c>,</c>
               <S/>
               <w msd="L" lemma="le">LE</w>
               <S/>
               <w msd="Dt" lemma="za">ZA</w>
               <S/>
               <w msd="Sometn" lemma="rep">REP</w>
               <S/>
               <w msd="Zotset--k" lemma="on">GA</w>
               <S/>
               <w msd="Gp-ste-n" lemma="biti">JE</w>
               <S/>
               <w msd="Ggdd-em" lemma="zgrabiti">ZGRABIL</w>
               <S/>
               <w msd="Vp" lemma="in">IN</w>
               <S/>
               <w msd="Zotmed--k" lemma="on">MU</w>
               <S/>
               <w msd="L" lemma="skoraj">SKORAJ</w>
               <S/>
               <w msd="Ppnmer" lemma="cel">CELEGA</w>
               <S/>
               <w msd="Ggdd-em" lemma="odgrizniti">ODGRIZNIL</w>
               <c>.</c>
               <S/>
            </s>
            <s>
               <w msd="Rsn" lemma="tako">TAKO</w>
               <S/>
               <w msd="Ggnste-n" lemma="imeti">IMA</w>
               <S/>
               <w msd="Somei" lemma="zajček">ZAJČEK</w>
               <S/>
               <w msd="L" lemma="še">ŠE</w>
               <S/>
               <w msd="Rsn" lemma="danes">DANES</w>
               <S/>
               <w msd="Ppnmein" lemma="kratek">KRATEK</w>
               <S/>
               <w msd="Somei" lemma="rep">REP</w>
               <c>,</c>
               <S/>
               <w msd="Somei" lemma="psiček">PSIČEK</w>
               <S/>
               <w msd="Vp" lemma="pa">PA</w>
               <S/>
               <w msd="L" lemma="še">ŠE</w>
               <S/>
               <w msd="Rsn" lemma="danes">DANES</w>
               <S/>
               <w msd="Ppnmmt" lemma="gol">GOLE</w>
               <S/>
               <w msd="Sommt" lemma="podplat">PODPLATE</w>
               <c>.</c>
            </s>
         </p>
         <p xml:id="F0002282.000309">
            <s>
               <w msd="Ggdvpm" lemma="pogledati">Poglejmo</w>
               <S/>
               <w msd="Zp---d--k" lemma="se">si</w>
               <S/>
               <w msd="L" lemma="še">še</w>
               <S/>
               <w msd="Ppnmein" lemma="luizin">Luizin</w>
               <S/>
               <w msd="Sometn" lemma="nakit">nakit</w>
               <c>!</c>
            </s>
         </p>
         <p xml:id="F0002282.000312">
            <s>
               <w msd="L" lemma="ne">Ne</w>
               <c>,</c>
               <S/>
               <w msd="Zk-sei" lemma="ta">to</w>
               <S/>
               <w msd="Gp-stm-d" lemma="biti">niso</w>
               <S/>
               <w msd="Sosmt" lemma="očala">očala</w>
               <c>.</c>
               <S/>
            </s>
            <s>
               <w msd="Zk-sei" lemma="ta">To</w>
               <S/>
               <w msd="Gp-ste-n" lemma="biti">je</w>
               <S/>
               <w msd="Sosei" lemma="stekelce">stekelce</w>
               <c>,</c>
               <S/>
               <w msd="Vd" lemma="ki">ki</w>
               <S/>
               <w msd="Zp---d--k" lemma="se">si</w>
               <S/>
               <w msd="Zotmet--k" lemma="on">ga</w>
               <S/>
               <w msd="Ggdspm" lemma="približati">približamo</w>
               <S/>
               <w msd="Do" lemma="pred">pred</w>
               <S/>
               <w msd="Soset" lemma="oko">oko</w>
               <c>,</c>
               <S/>
               <w msd="Vd" lemma="da">da</w>
               <S/>
               <w msd="Zp---d--k" lemma="se">si</w>
               <S/>
               <w msd="Rsn" lemma="lahko">lahko</w>
               <S/>
               <w msd="Zn-zmt" lemma="nekateri">nekatere</w>
               <S/>
               <w msd="Sozmt" lemma="stvar">stvari</w>
               <S/>
               <w msd="Rsr" lemma="bolj">bolj</w>
               <S/>
               <w msd="Rsn" lemma="natančno">natančno</w>
               <S/>
               <w msd="Ggdspm" lemma="ogledati">ogledamo</w>
               <c>.</c>
               <S/>
            </s>
            <s>
               <w msd="Ggvspm" lemma="praviti">Pravimo</w>
               <S/>
               <w msd="Zotmed--k" lemma="on">mu</w>
               <S/>
               <w msd="Sometn" lemma="monokel">monokel</w>
               <c>.</c>
            </s>
         </p>
         <p xml:id="F0002282.000325">
            <s>
               <w msd="Rsn" lemma="nekoč">Nekoč</w>
               <S/>
               <w msd="Gp-stm-n" lemma="biti">so</w>
               <S/>
               <w msd="Ggnd-mm" lemma="živeti">živeli</w>
               <S/>
               <w msd="Kbgmmi" lemma="trije">trije</w>
               <S/>
               <w msd="Sommi" lemma="lisjaček">lisjački</w>
               <c>.</c>
               <S/>
            </s>
            <s>
               <w msd="Ggnd-mm" lemma="živeti">Živeli</w>
               <S/>
               <w msd="Gp-stm-n" lemma="biti">so</w>
               <S/>
               <w msd="Dm" lemma="v">v</w>
               <S/>
               <w msd="Ppnzem" lemma="topel">topli</w>
               <S/>
               <w msd="Sozem" lemma="lisičina">lisičini</w>
               <S/>
               <w msd="Do" lemma="pod">pod</w>
               <S/>
               <w msd="Sozmo" lemma="korenina">koreninami</w>
               <S/>
               <w msd="Ppnmer" lemma="star">starega</w>
               <S/>
               <w msd="Somer" lemma="hrast">hrasta</w>
               <c>,</c>
               <S/>
               <w msd="Rsn" lemma="skupaj">skupaj</w>
               <S/>
               <w msd="Do" lemma="z">s</w>
               <S/>
               <w msd="Zp-zet" lemma="svoj">svojo</w>
               <S/>
               <w msd="Sozeo" lemma="mama">mamo</w>
               <S/>
               <w msd="Sozet" lemma="lisica">lisico</w>
               <S/>
               <w msd="Vp" lemma="in">in</w>
               <S/>
               <w msd="Someo" lemma="oče">očetom</w>
               <S/>
               <w msd="Sommd" lemma="lisjak">lisjakom</w>
               <c>.</c>
               <S/>
            </s>
            <s>
               <w msd="Zc-met" lemma="ves">Ves</w>
               <S/>
               <w msd="Sometn" lemma="dan">dan</w>
               <S/>
               <w msd="Gp-stm-n" lemma="biti">so</w>
               <S/>
               <w msd="Zp------k" lemma="se">se</w>
               <S/>
               <w msd="Ggnd-mm" lemma="igrati">igrali</w>
               <c>.</c>
               <S/>
            </s>
            <s>
               <w msd="Vp" lemma="in">In</w>
               <S/>
               <w msd="Rsn" lemma="zvečer">zvečer</w>
               <S/>
               <w msd="Gp-stm-n" lemma="biti">so</w>
               <S/>
               <w msd="Ggdd-mm" lemma="reči">rekli</w>
               <c>:</c>
               <S/>
               <c>»</c>
               <w msd="Pdnmmi" lemma="utrujen">Utrujeni</w>
               <S/>
               <w msd="Gp-spm-n" lemma="biti">smo</w>
               <c>.</c>
               <S/>
            </s>
            <s>
               <w msd="L" lemma="ne">Ne</w>
               <S/>
               <w msd="Ggnspm" lemma="moči">moremo</w>
               <S/>
               <w msd="Ggdn" lemma="pospraviti">pospraviti</w>
               <S/>
               <w msd="Sozmr" lemma="igrača">igrač</w>
               <c>.</c>
               <c>«</c>
            </s>
         </p>
         <p xml:id="F0002282.000326">
            <s>
               <w msd="Sozei" lemma="lisica">Lisica</w>
               <S/>
               <w msd="Vp" lemma="in">in</w>
               <S/>
               <w msd="Slzei" lemma="lisjak">lisjak</w>
               <S/>
               <w msd="Gp-std-n" lemma="biti">sta</w>
               <S/>
               <w msd="Ggnd-dm" lemma="prositi">prosila</w>
               <S/>
               <w msd="Vp" lemma="in">in</w>
               <S/>
               <w msd="Ggnd-dm" lemma="ukazovati">ukazovala</w>
               <c>:</c>
               <S/>
               <c>»</c>
               <w msd="Ggdvdm" lemma="pospraviti">Pospravite</w>
               <S/>
               <w msd="Sozer" lemma="igrača">igrače</w>
               <c>!</c>
               <c>«</c>
               <S/>
            </s>
         </p>
         <p xml:id="F0002282.000332">
            <s>
               <w msd="Ppnsei" lemma="naslednji">Naslednje</w>
               <S/>
               <w msd="Sosei" lemma="jutro">jutro</w>
               <S/>
               <w msd="Gp-ste-n" lemma="biti">je</w>
               <S/>
               <w msd="Gp-d-es" lemma="biti">bilo</w>
               <S/>
               <w msd="Vp" lemma="pa">pa</w>
               <S/>
               <w msd="Rsn" lemma="hudo">hudo</w>
               <c>.</c>
            </s>
         </p>
         <p xml:id="F0002282.000339">
            <s>
               <w msd="Ppsmeid" lemma="majhen">Najmanjši</w>
               <S/>
               <w msd="Somei" lemma="lisjaček">lisjaček</w>
               <S/>
               <w msd="Gp-ste-n" lemma="biti">je</w>
               <S/>
               <w msd="Ggdd-em" lemma="zajokati">zajokal</w>
               <c>,</c>
               <S/>
               <w msd="Vd" lemma="ker">ker</w>
               <S/>
               <w msd="Zotmed--k" lemma="on">mu</w>
               <S/>
               <w msd="Gp-ste-n" lemma="biti">je</w>
               <S/>
               <w msd="Gp-d-es" lemma="biti">bilo</w>
               <S/>
               <w msd="Rsn" lemma="hudo">hudo</w>
               <S/>
               <w msd="Somei" lemma="dolgčas">dolgčas</w>
               <S/>
               <w msd="Dm" lemma="po">po</w>
               <S/>
               <w msd="Zstsemem" lemma="njegov">njegovem</w>
               <S/>
               <w msd="Ppsmem" lemma="ljub">najljubšem</w>
               <S/>
               <w msd="Somem" lemma="buldožerček">buldožerčku</w>
               <c>.</c>
            </s>
         </p>
         <p xml:id="F0002282.000341">
            <s>
               <c>»</c>
               <w msd="L" lemma="no">No</w>
               <c>,</c>
               <S/>
               <w msd="L" lemma="prav">prav</w>
               <c>,</c>
               <S/>
               <w msd="Gp-ppm-n" lemma="biti">bomo</w>
               <S/>
               <w msd="Vp" lemma="pa">pa</w>
               <S/>
               <w msd="Rsn" lemma="nekaj">nekaj</w>
               <S/>
               <w msd="Sozmr" lemma="igrača">igrač</w>
               <S/>
               <w msd="Ggdd-mm" lemma="vrniti">vrnili</w>
               <c>!</c>
               <c>«</c>
            </s>
         </p>
         <p xml:id="F0002282.000344">
            <s>
               <w msd="Zstzemd" lemma="njun">Njuni</w>
               <S/>
               <w msd="Sommi" lemma="lisjaček">lisjački</w>
               <S/>
               <w msd="Gp-stm-n" lemma="biti">so</w>
               <S/>
               <w msd="Zp------k" lemma="se">se</w>
               <S/>
               <w msd="Ggnd-mm" lemma="igrati">igrali</w>
               <S/>
               <w msd="Zc-met" lemma="ves">ves</w>
               <S/>
               <w msd="Sometn" lemma="dan">dan</w>
               <c>.</c>
               <S/>
            </s>
            <s>
               <w msd="Rsn" lemma="zvečer">Zvečer</w>
               <S/>
               <w msd="Vp" lemma="pa">pa</w>
               <S/>
               <w msd="Vd" lemma="čeprav">čeprav</w>
               <S/>
               <w msd="Gp-stm-n" lemma="biti">so</w>
               <S/>
               <w msd="Gp-d-mm" lemma="biti">bili</w>
               <S/>
               <w msd="Rsn" lemma="malo">malo</w>
               <S/>
               <w msd="Pdnmmi" lemma="utrujen">utrujeni</w>
               <S/>
               <w msd="Gp-stm-n" lemma="biti">so</w>
               <S/>
               <w msd="Ppnmmi" lemma="sam">sami</w>
               <S/>
               <w msd="Dr" lemma="od">od</w>
               <S/>
               <w msd="Zp---r" lemma="se">sebe</w>
               <S/>
               <w msd="Ggdd-mm" lemma="pospraviti">pospravili</w>
               <S/>
               <w msd="Sozer" lemma="knjiga">knjige</w>
               <S/>
               <w msd="Dt" lemma="na">na</w>
               <S/>
               <w msd="Sozer" lemma="polica">police</w>
               <c>,</c>
               <S/>
               <w msd="Sozmt" lemma="kocka">kocke</w>
               <S/>
               <w msd="Vp" lemma="pa">pa</w>
               <S/>
               <w msd="Dm" lemma="v">v</w>
               <S/>
               <w msd="Ppnmeid" lemma="rumen">rumeni</w>
               <S/>
               <w msd="Somei" lemma="zaboj">zaboj</w>
               <c>.</c>
            </s>
         </p>
         <p xml:id="F0002282.000348">
            <s>
               <w msd="M" lemma="pst">Pst</w>
               <c>,</c>
               <S/>
               <w msd="L" lemma="samo">samo</w>
               <S/>
               <w msd="Zopmmi" lemma="jaz">mi</w>
               <S/>
               <w msd="Ggnspm" lemma="vedeti">vemo</w>
               <c>,</c>
               <S/>
               <w msd="Zv-mei" lemma="kdo">kdo</w>
               <S/>
               <w msd="Zotmmd--k" lemma="on">jim</w>
               <S/>
               <w msd="Gp-ste-n" lemma="biti">je</w>
               <S/>
               <w msd="Sozmi" lemma="igračka">igračke</w>
               <S/>
               <w msd="Ggdd-em" lemma="skriti">skril</w>
               <S/>
               <w msd="Vp" lemma="in">in</w>
               <S/>
               <w msd="Zv-mei" lemma="kdo">kdo</w>
               <S/>
               <w msd="Rsn" lemma="spet">spet</w>
               <S/>
               <w msd="Ggdd-em" lemma="vrniti">vrnil</w>
               <c>!</c>
            </s>
         </p>
         <p xml:id="F0002282.000351">
            <s>
               <w msd="Sozer" lemma="uganka">UGANKE</w>
            </s>
         </p>
      </body>
   </text>
</TEI>