<?xml version="1.0" encoding="UTF-8"?>
<TEI xmlns="http://www.tei-c.org/ns/1.0" xml:id="F0000485" xml:lang="sl">
   <teiHeader>
      <fileDesc>
         <titleStmt>
            <title>ccKRES: Večer (2001-03-29)</title>
            <funder>Operacijo delno financira Evropska unija iz Evropskega socialnega sklada ter Ministrstvo za šolstvo in šport. Operacija se izvaja v okviru Operativnega programa razvoja človeških virov za obdobje 2007-2013, razvojne prioritete: razvoj človeških virov in vseživljenjskega učenja; prednostne usmeritve: izboljšanje kakovosti in učinkovitosti sistemov izobraževanja in usposabljanja 2007-2013.</funder>
         </titleStmt>
         <editionStmt>
            <edition>1.0</edition>
         </editionStmt>
         <extent>204 besed</extent>
         <publicationStmt>
            <idno>A0056504</idno>
            <availability status="free">
               <p xml:lang="sl">Avtorske pravice za to izdajo ureja licenca <ref target="http://creativecommons.org/licenses/by-nc/2.5/si/">Creative Commons Priznanje avtorstva-Nekomercialno 2.5 Slovenija</ref>.</p>
               <p xml:lang="en">This work is licenced under the <ref target="http://creativecommons.org/licenses/by-nc/2.5/si/deed.en">Creative Commons Attribution-Noncommercial 2.5 Slovenia</ref>.</p>
            </availability>
            <date>2012-05-06</date>
         </publicationStmt>
         <sourceDesc>
            <bibl>
               <title>Večer</title>
               <author n="???">neznani novinar</author>
               <date>2001-03-29</date>
               <publisher n="Večer">Večer</publisher>
               <note type="sourceLang">sl</note>
            </bibl>
         </sourceDesc>
      </fileDesc>
      <encodingDesc>
         <projectDesc>
            <p xml:lang="sl">Glej <ref target="http://www.korpus-kres.net/">www.korpus-kres.net</ref> oz. <ref target="http://nl.ijs.si/ssj/">nl.ijs.si/ssj</ref>.</p>
            <p xml:lang="en">See <ref target="http://www.korpus-kres.net/">www.korpus-kres.net</ref> or <ref target="http://nl.ijs.si/ssj/">nl.ijs.si/ssj</ref>.</p>
         </projectDesc>
         <samplingDecl>
            <p xml:lang="sl">
            Besedila in odstavki v korpusu KRES so bili vzorčeni iz
            Gigafide tako, da smo dobili 100-milijonski referenčni
            korpus, v katerem so besedila uravnotežena po vnaprej
            določenih taksonomskih deležih in po podatkih o branosti
            vira (časopisi, revije, novičarski portali).  Korpus
            ccKRES nato, z namenom, da je lahko dostopen po licenci CC,
            vsebuje 10 % naključno vzorčenih odstavkov besedil iz
            korpusa KRES, torej 10 milijonov besed.
	    Več o sestavi korpusa lahko preberete na 
            <ref target="http://www.korpus-kres.net/">www.korpus-kres.net</ref> oz.
            <ref target="http://nl.ijs.si/ssj/">nl.ijs.si/ssj</ref>.
	  </p>
            <p xml:lang="en">
            Texts and paragraphs in the KRES corpus have been sampled from the 
	    Gigafida corpus. The result of the sampling is a 100-million-word 
	    reference corpus. The texts in KRES are balanced according to the 
	    predetermined categories, with particular consideration being paid to 
	    the data on the popularity of the source (newspapers, magazines, 
	    Internet news sites). 
	    To enable free (CC) distribution of the corpus, the ccKRES corpus contains 
	    10% of randomly sampled paragraphs from KRES, i.e. contains 10 million words.
	    For more information about the contents of the corpus, 
	    see <ref target="http://www.korpus-kres.net/">www.korpus-kres.net</ref>
	    and <ref target="http://nl.ijs.si/ssj/">nl.ijs.si/ssj</ref>.
	  </p>
         </samplingDecl>
         <tagsDecl>
            <namespace name="http://www.tei-c.org/ns/1.0">
               <tagUsage gi="c" occurs="27"/>
               <tagUsage gi="p" occurs="6"/>
               <tagUsage gi="s" occurs="12"/>
               <tagUsage gi="S" occurs="199"/>
               <tagUsage gi="w" occurs="204"/>
            </namespace>
         </tagsDecl>
         <classDecl>
            <taxonomy xml:id="SSJ">
               <category xml:id="SSJ.T">
                  <catDesc>tisk</catDesc>
                  <category xml:id="SSJ.T.K">
                     <catDesc>knjižno</catDesc>
                     <category xml:id="SSJ.T.K.L">
                        <catDesc>leposlovno</catDesc>
                     </category>
                     <category xml:id="SSJ.T.K.S">
                        <catDesc>strokovno</catDesc>
                     </category>
                  </category>
                  <category xml:id="SSJ.T.P">
                     <catDesc>periodično</catDesc>
                     <category xml:id="SSJ.T.P.C">
                        <catDesc>časopis</catDesc>
                     </category>
                     <category xml:id="SSJ.T.P.R">
                        <catDesc>revija</catDesc>
                     </category>
                  </category>
                  <category xml:id="SSJ.T.D">
                     <catDesc>drugo</catDesc>
                  </category>
               </category>
               <category xml:id="SSJ.I">
                  <catDesc>internet</catDesc>
               </category>
            </taxonomy>
         </classDecl>
      </encodingDesc>
      <profileDesc>
         <textClass>
            <catRef target="#SSJ.T.P.C"/>
         </textClass>
      </profileDesc>
   </teiHeader>
   <text xml:id="F0000485." xml:lang="sl">
      <body>
         <p xml:id="F0000485.000063">
            <s>
               <c>(</c>
               <w msd="N" lemma="sta">sta</w>
               <c>)</c>
            </s>
         </p>
         <p xml:id="F0000485.000069">
            <s>
               <w msd="Ppnmeid" lemma="ministrski">Ministrski</w>
               <S/>
               <w msd="Somei" lemma="predsednik">predsednik</w>
               <S/>
               <w msd="Ppnzer" lemma="nemški">nemške</w>
               <S/>
               <w msd="Ppnzer" lemma="zvezen">zvezne</w>
               <S/>
               <w msd="Sozer" lemma="dežela">dežele</w>
               <S/>
               <w msd="Slzer" lemma="Bavarska">Bavarske</w>
               <S/>
               <w msd="Slmei" lemma="Edmund">Edmund</w>
               <S/>
               <w msd="Slmei" lemma="Stoiber">Stoiber</w>
               <c>,</c>
               <S/>
               <w msd="Vd" lemma="ki">ki</w>
               <S/>
               <w msd="Gp-ste-n" lemma="biti">je</w>
               <S/>
               <w msd="Gp-d-em" lemma="biti">bil</w>
               <S/>
               <w msd="Rsn" lemma="včeraj">včeraj</w>
               <S/>
               <w msd="Dm" lemma="na">na</w>
               <S/>
               <w msd="Ppnmem" lemma="enodneven">enodnevnem</w>
               <S/>
               <w msd="Ppnmem" lemma="uraden">uradnem</w>
               <S/>
               <w msd="Somem" lemma="obisk">obisku</w>
               <S/>
               <w msd="Dm" lemma="v">v</w>
               <S/>
               <w msd="Slzem" lemma="Slovenija">Sloveniji</w>
               <c>,</c>
               <S/>
               <w msd="Vp" lemma="in">in</w>
               <S/>
               <w msd="Somei" lemma="predsednik">predsednik</w>
               <S/>
               <w msd="Ppnzer" lemma="slovenski">slovenske</w>
               <S/>
               <w msd="Sozer" lemma="vlada">vlade</w>
               <S/>
               <w msd="Slmei" lemma="Janez">Janez</w>
               <S/>
               <w msd="Slmei" lemma="Drnovšek">Drnovšek</w>
               <S/>
               <w msd="Gp-std-n" lemma="biti">sta</w>
               <S/>
               <w msd="Zp------k" lemma="se">se</w>
               <S/>
               <w msd="Ggnd-dm" lemma="pogovarjati">pogovarjala</w>
               <S/>
               <w msd="L" lemma="predvsem">predvsem</w>
               <S/>
               <w msd="Dm" lemma="o">o</w>
               <S/>
               <w msd="Sozmm" lemma="možnost">možnostih</w>
               <S/>
               <w msd="Dt" lemma="za">za</w>
               <S/>
               <w msd="Ppnset" lemma="nadaljnji">nadaljnje</w>
               <S/>
               <w msd="Ppnset" lemma="gospodarski">gospodarsko</w>
               <S/>
               <w msd="Soset" lemma="sodelovanje">sodelovanje</w>
               <c>,</c>
               <S/>
               <w msd="Dm" lemma="o">o</w>
               <S/>
               <w msd="Sosem" lemma="približevanje">približevanju</w>
               <S/>
               <w msd="Slzer" lemma="Slovenija">Slovenije</w>
               <S/>
               <w msd="Ppnzed" lemma="evropski">Evropski</w>
               <S/>
               <w msd="Sozed" lemma="unija">uniji</w>
               <S/>
               <w msd="Vp" lemma="in">in</w>
               <S/>
               <w msd="Sozmm" lemma="razmera">razmerah</w>
               <S/>
               <w msd="Dm" lemma="v">v</w>
               <S/>
               <w msd="Sometn" lemma="JV">JV</w>
               <S/>
               <w msd="Slzem" lemma="Evropa">Evropi</w>
               <c>.</c>
               <S/>
            </s>
            <s>
               <c>"</c>
               <w msd="Slzei" lemma="Bavarska">Bavarska</w>
               <S/>
               <w msd="Gp-ste-n" lemma="biti">je</w>
               <S/>
               <w msd="Dt" lemma="za">za</w>
               <S/>
               <w msd="Slzet" lemma="Slovenija">Slovenijo</w>
               <S/>
               <w msd="Ppsmeid" lemma="pomemben">najpomembnejši</w>
               <S/>
               <w msd="Vp" lemma="in">in</w>
               <S/>
               <w msd="Ppsmeid" lemma="tesen">najtesnejši</w>
               <S/>
               <w msd="Somei" lemma="partner">partner</w>
               <c>,</c>
               <c>"</c>
               <S/>
               <w msd="Gp-ste-n" lemma="biti">je</w>
               <S/>
               <w msd="Dm" lemma="na">na</w>
               <S/>
               <w msd="Ppnzem" lemma="novinarski">novinarski</w>
               <S/>
               <w msd="Sozem" lemma="konferenca">konferenci</w>
               <S/>
               <w msd="Ggdd-em" lemma="poudariti">poudaril</w>
               <S/>
               <w msd="Somei" lemma="premier">premier</w>
               <S/>
               <w msd="Slmei" lemma="Drnovšek">Drnovšek</w>
               <c>.</c>
               <S/>
            </s>
            <s>
               <w msd="Ppnmeid" lemma="bavarski">Bavarski</w>
               <S/>
               <w msd="Ppnmeid" lemma="ministrski">ministrski</w>
               <S/>
               <w msd="Somei" lemma="predsednik">predsednik</w>
               <S/>
               <w msd="Vp" lemma="pa">pa</w>
               <S/>
               <w msd="Gp-ste-n" lemma="biti">je</w>
               <S/>
               <w msd="Do" lemma="med">med</w>
               <S/>
               <w msd="Kbzseo" lemma="drug">drugim</w>
               <S/>
               <w msd="Ggdd-em" lemma="zagotoviti">zagotovil</w>
               <c>,</c>
               <S/>
               <w msd="Vd" lemma="da">da</w>
               <S/>
               <w msd="Slzei" lemma="Bavarska">Bavarska</w>
               <S/>
               <w msd="Dm" lemma="v">v</w>
               <S/>
               <w msd="Sozem" lemma="celota">celoti</w>
               <S/>
               <w msd="Ggnste" lemma="podpirati">podpira</w>
               <S/>
               <w msd="Ppnmetd" lemma="čimprejšnji">čimprejšnji</w>
               <S/>
               <w msd="Sometn" lemma="vstop">vstop</w>
               <S/>
               <w msd="Slzer" lemma="Slovenija">Slovenije</w>
               <S/>
               <w msd="Dt" lemma="v">v</w>
               <S/>
               <w msd="Ppnzet" lemma="evropski">Evropsko</w>
               <S/>
               <w msd="Sozet" lemma="unija">unijo</w>
               <S/>
               <w msd="Vp" lemma="in">in</w>
               <S/>
               <w msd="Sozet" lemma="zveza">zvezo</w>
               <S/>
               <w msd="Rsn" lemma="nato">Nato</w>
               <c>.</c>
               <S/>
            </s>
            <s>
               <w msd="Zc-mdi" lemma="oba">Oba</w>
               <S/>
               <w msd="Somdi" lemma="sogovornik">sogovornika</w>
               <S/>
               <w msd="Gp-std-n" lemma="biti">sta</w>
               <S/>
               <w msd="L" lemma="tudi">tudi</w>
               <S/>
               <w msd="Ggdd-dm" lemma="izpostaviti">izpostavila</w>
               <S/>
               <w msd="Sozet" lemma="potreba">potrebo</w>
               <S/>
               <w msd="Dm" lemma="po">po</w>
               <S/>
               <w msd="Ppnzem" lemma="čimprejšnji">čimprejšnji</w>
               <S/>
               <w msd="Sozem" lemma="ureditev">ureditvi</w>
               <S/>
               <w msd="Sozmr" lemma="razmera">razmer</w>
               <S/>
               <w msd="Dm" lemma="v">v</w>
               <S/>
               <w msd="Slzem" lemma="Makedonija">Makedoniji</w>
               <c>.</c>
               <S/>
            </s>
            <s>
               <w msd="Kbzzei" lemma="en">Ena</w>
               <S/>
               <w msd="Dr" lemma="izmed">izmed</w>
               <S/>
               <w msd="Ppnzmr" lemma="včerajšnji">včerajšnjih</w>
               <S/>
               <w msd="Sozmr" lemma="tema">tem</w>
               <S/>
               <w msd="Sommr" lemma="pogovor">pogovorov</w>
               <S/>
               <w msd="Gp-stm-n" lemma="biti">so</w>
               <S/>
               <w msd="Gp-d-mm" lemma="biti">bili</w>
               <S/>
               <w msd="L" lemma="tudi">tudi</w>
               <S/>
               <w msd="Ppnmmi" lemma="gospodarski">gospodarski</w>
               <S/>
               <w msd="Sommi" lemma="odnos">odnosi</w>
               <S/>
               <w msd="Do" lemma="med">med</w>
               <S/>
               <w msd="Slzeo" lemma="Bavarska">Bavarsko</w>
               <S/>
               <w msd="Vp" lemma="in">in</w>
               <S/>
               <w msd="Slzeo" lemma="Slovenija">Slovenijo</w>
               <c>.</c>
               <S/>
            </s>
            <s>
               <w msd="Vd" lemma="kot">Kot</w>
               <S/>
               <w msd="Gp-ste-n" lemma="biti">je</w>
               <S/>
               <w msd="Ggdd-em" lemma="dejati">dejal</w>
               <S/>
               <w msd="Slmei" lemma="Stoiber">Stoiber</w>
               <c>,</c>
               <S/>
               <w msd="Zp------k" lemma="se">se</w>
               <S/>
               <w msd="Ppnsmi" lemma="bavarski">bavarska</w>
               <S/>
               <w msd="Sosmi" lemma="podjetje">podjetja</w>
               <S/>
               <w msd="Ggnstm" lemma="zanimati">zanimajo</w>
               <S/>
               <w msd="Dt" lemma="za">za</w>
               <S/>
               <w msd="Soset" lemma="sodelovanje">sodelovanje</w>
               <S/>
               <w msd="Dm" lemma="pri">pri</w>
               <S/>
               <w msd="Sozem" lemma="privatizacija">privatizaciji</w>
               <S/>
               <w msd="Sosmr" lemma="podjetje">podjetij</w>
               <S/>
               <w msd="Dt" lemma="za">za</w>
               <S/>
               <w msd="Sozet" lemma="oskrba">oskrbo</w>
               <S/>
               <w msd="Do" lemma="z">z</w>
               <S/>
               <w msd="Ppnzeo" lemma="električen">električno</w>
               <S/>
               <w msd="Sozeo" lemma="energija">energijo</w>
               <S/>
               <w msd="Vp" lemma="in">in</w>
               <S/>
               <w msd="Dm" lemma="pri">pri</w>
               <S/>
               <w msd="Zk-sem" lemma="ta">tem</w>
               <S/>
               <w msd="Ggdd-em" lemma="omeniti">omenil</w>
               <S/>
               <w msd="Ppnset" lemma="bavarski">bavarsko</w>
               <S/>
               <w msd="Soset" lemma="podjetje">podjetje</w>
               <S/>
               <w msd="Somer" lemma="eon">Eona</w>
               <c>,</c>
               <S/>
               <w msd="L" lemma="prav">prav</w>
               <S/>
               <w msd="Rsn" lemma="tako">tako</w>
               <S/>
               <w msd="Vp" lemma="pa">pa</w>
               <S/>
               <w msd="Gp-stm-n" lemma="biti">so</w>
               <S/>
               <w msd="Ppnsmi" lemma="bavarski">bavarska</w>
               <S/>
               <w msd="Sosmi" lemma="podjetje">podjetja</w>
               <S/>
               <w msd="Pdnzei" lemma="pripravljen">pripravljena</w>
               <S/>
               <w msd="Ggnn" lemma="vlagati">vlagati</w>
               <S/>
               <w msd="Dt" lemma="v">v</w>
               <S/>
               <w msd="Sozet" lemma="luka">Luko</w>
               <S/>
               <w msd="Slmei" lemma="Koper">Koper</w>
               <c>,</c>
               <S/>
               <w msd="Vd" lemma="ki">ki</w>
               <S/>
               <w msd="Gp-ste-n" lemma="biti">je</w>
               <S/>
               <w msd="Vd" lemma="kot">kot</w>
               <S/>
               <w msd="Sosei" lemma="pristanišče">pristanišče</w>
               <S/>
               <w msd="Ppnsei" lemma="pomemben">pomembno</w>
               <S/>
               <w msd="L" lemma="tudi">tudi</w>
               <S/>
               <w msd="Dt" lemma="za">za</w>
               <S/>
               <w msd="Slzet" lemma="Bavarska">Bavarsko</w>
               <c>.</c>
               <S/>
            </s>
            <s>
               <w msd="Zk-zei" lemma="ta">Ta</w>
               <S/>
               <w msd="Gp-ste-n" lemma="biti">je</w>
               <S/>
               <w msd="L" lemma="tudi">tudi</w>
               <S/>
               <w msd="Pdnzei" lemma="zainteresiran">zainteresirana</w>
               <S/>
               <w msd="Dt" lemma="za">za</w>
               <S/>
               <w msd="Sozet" lemma="izgradnja">izgradnjo</w>
               <S/>
               <w msd="Ppnzmr" lemma="dober">dobrih</w>
               <S/>
               <w msd="Ppnzmr" lemma="prometen">prometnih</w>
               <S/>
               <w msd="Sozmr" lemma="povezava">povezav</w>
               <S/>
               <w msd="Do" lemma="med">med</w>
               <S/>
               <w msd="Sozeo" lemma="luka">Luko</w>
               <S/>
               <w msd="Slmei" lemma="Koper">Koper</w>
               <S/>
               <w msd="Vp" lemma="in">in</w>
               <S/>
               <w msd="Slzeo" lemma="Bavarska">Bavarsko</w>
               <c>.</c>
            </s>
         </p>
         <p xml:id="F0000485.000978">
            <s>
               <w msd="Ggdd-es" lemma="zgoditi">Zgodilo</w>
               <S/>
               <w msd="Zp------k" lemma="se">se</w>
               <S/>
               <w msd="Gp-ste-n" lemma="biti">je</w>
               <S/>
               <w msd="Dt" lemma="na">na</w>
               <S/>
               <w msd="Ppnmetd" lemma="današnji">današnji</w>
               <S/>
               <w msd="Sometn" lemma="dan">dan</w>
               <c>:</c>
            </s>
         </p>
         <p xml:id="F0000485.001023">
            <s>
               <w msd="Kag" lemma="1912">1912</w>
               <S/>
               <c>-</c>
               <S/>
               <w msd="Dm" lemma="na">Na</w>
               <S/>
               <w msd="Sozem" lemma="pot">poti</w>
               <S/>
               <w msd="Dr" lemma="z">z</w>
               <S/>
               <w msd="Ppnmer" lemma="južen">južnega</w>
               <S/>
               <w msd="Somer" lemma="tečaj">tečaja</w>
               <c>,</c>
               <S/>
               <w msd="Vd" lemma="ki">ki</w>
               <S/>
               <w msd="Zotmet--k" lemma="on">ga</w>
               <S/>
               <w msd="Gp-ste-n" lemma="biti">je</w>
               <S/>
               <w msd="Ggdd-em" lemma="doseči">dosegel</w>
               <S/>
               <w msd="Kav" lemma="13.">13.</w>
               <S/>
               <w msd="Somer" lemma="januar">januarja</w>
               <c>,</c>
               <S/>
               <w msd="L" lemma="samo">samo</w>
               <S/>
               <w msd="Kbgmmt" lemma="štirje">štiri</w>
               <S/>
               <w msd="Sommt" lemma="teden">tedne</w>
               <S/>
               <w msd="Do" lemma="za">za</w>
               <S/>
               <w msd="Slmeo" lemma="Amundsen">Amundsenom</w>
               <c>,</c>
               <S/>
               <w msd="Gp-ste-n" lemma="biti">je</w>
               <S/>
               <w msd="Ggdd-em" lemma="umreti">umrl</w>
               <S/>
               <w msd="Ppnmeid" lemma="britanski">britanski</w>
               <S/>
               <w msd="Ppnmeid" lemma="polaren">polarni</w>
               <S/>
               <w msd="Somei" lemma="raziskovalec">raziskovalec</w>
               <S/>
               <w msd="Slmei" lemma="Robert">Robert</w>
               <S/>
               <w msd="Slmei" lemma="Scott">Scott</w>
               <c>.</c>
            </s>
         </p>
         <p xml:id="F0000485.001194">
            <s>
               <c>"</c>
               <w msd="Dm" lemma="v">V</w>
               <S/>
               <w msd="Slzem" lemma="Praga">Pragi</w>
               <S/>
               <w msd="Zop-et--k" lemma="jaz">me</w>
               <S/>
               <w msd="Ggnstm" lemma="vleči">vlečejo</w>
               <S/>
               <w msd="Dt" lemma="za">za</w>
               <S/>
               <w msd="Sometn" lemma="rokav">rokav</w>
               <c>"</c>
            </s>
         </p>
         <p xml:id="F0000485.001512">
            <s>
               <w msd="Ppnmeid" lemma="francoski">Francoski</w>
               <S/>
               <w msd="Somei" lemma="pregovor">pregovor</w>
            </s>
         </p>
      </body>
   </text>
</TEI>