<?xml version="1.0" encoding="UTF-8"?>
<TEI xmlns="http://www.tei-c.org/ns/1.0" xml:id="F0001881" xml:lang="sl">
   <teiHeader>
      <fileDesc>
         <titleStmt>
            <title>ccKRES: Janez Košnik. Moje pesmi. (2009)</title>
            <funder>Operacijo delno financira Evropska unija iz Evropskega socialnega sklada ter Ministrstvo za šolstvo in šport. Operacija se izvaja v okviru Operativnega programa razvoja človeških virov za obdobje 2007-2013, razvojne prioritete: razvoj človeških virov in vseživljenjskega učenja; prednostne usmeritve: izboljšanje kakovosti in učinkovitosti sistemov izobraževanja in usposabljanja 2007-2013.</funder>
         </titleStmt>
         <editionStmt>
            <edition>1.0</edition>
         </editionStmt>
         <extent>858 besed</extent>
         <publicationStmt>
            <idno>K:\Razvoj\Korpus\SSJ\3_Tmp\Salve\knjige\2009\janez*.*</idno>
            <availability status="free">
               <p xml:lang="sl">Avtorske pravice za to izdajo ureja licenca <ref target="http://creativecommons.org/licenses/by-nc/2.5/si/">Creative Commons Priznanje avtorstva-Nekomercialno 2.5 Slovenija</ref>.</p>
               <p xml:lang="en">This work is licenced under the <ref target="http://creativecommons.org/licenses/by-nc/2.5/si/deed.en">Creative Commons Attribution-Noncommercial 2.5 Slovenia</ref>.</p>
            </availability>
            <date>2012-05-06</date>
         </publicationStmt>
         <sourceDesc>
            <bibl>
               <title>Moje pesmi</title>
               <author>Janez Košnik</author>
               <date>2009</date>
               <publisher n="drugo">Salve</publisher>
               <note type="sourceLang"/>
            </bibl>
         </sourceDesc>
      </fileDesc>
      <encodingDesc>
         <projectDesc>
            <p xml:lang="sl">Glej <ref target="http://www.korpus-kres.net/">www.korpus-kres.net</ref> oz. <ref target="http://nl.ijs.si/ssj/">nl.ijs.si/ssj</ref>.</p>
            <p xml:lang="en">See <ref target="http://www.korpus-kres.net/">www.korpus-kres.net</ref> or <ref target="http://nl.ijs.si/ssj/">nl.ijs.si/ssj</ref>.</p>
         </projectDesc>
         <samplingDecl>
            <p xml:lang="sl">
            Besedila in odstavki v korpusu KRES so bili vzorčeni iz
            Gigafide tako, da smo dobili 100-milijonski referenčni
            korpus, v katerem so besedila uravnotežena po vnaprej
            določenih taksonomskih deležih in po podatkih o branosti
            vira (časopisi, revije, novičarski portali).  Korpus
            ccKRES nato, z namenom, da je lahko dostopen po licenci CC,
            vsebuje 10 % naključno vzorčenih odstavkov besedil iz
            korpusa KRES, torej 10 milijonov besed.
	    Več o sestavi korpusa lahko preberete na 
            <ref target="http://www.korpus-kres.net/">www.korpus-kres.net</ref> oz.
            <ref target="http://nl.ijs.si/ssj/">nl.ijs.si/ssj</ref>.
	  </p>
            <p xml:lang="en">
            Texts and paragraphs in the KRES corpus have been sampled from the 
	    Gigafida corpus. The result of the sampling is a 100-million-word 
	    reference corpus. The texts in KRES are balanced according to the 
	    predetermined categories, with particular consideration being paid to 
	    the data on the popularity of the source (newspapers, magazines, 
	    Internet news sites). 
	    To enable free (CC) distribution of the corpus, the ccKRES corpus contains 
	    10% of randomly sampled paragraphs from KRES, i.e. contains 10 million words.
	    For more information about the contents of the corpus, 
	    see <ref target="http://www.korpus-kres.net/">www.korpus-kres.net</ref>
	    and <ref target="http://nl.ijs.si/ssj/">nl.ijs.si/ssj</ref>.
	  </p>
         </samplingDecl>
         <tagsDecl>
            <namespace name="http://www.tei-c.org/ns/1.0">
               <tagUsage gi="p" occurs="185"/>
               <tagUsage gi="s" occurs="189"/>
               <tagUsage gi="S" occurs="718"/>
               <tagUsage gi="w" occurs="858"/>
               <tagUsage gi="c" occurs="201"/>
            </namespace>
         </tagsDecl>
         <classDecl>
            <taxonomy xml:id="SSJ">
               <category xml:id="SSJ.T">
                  <catDesc>tisk</catDesc>
                  <category xml:id="SSJ.T.K">
                     <catDesc>knjižno</catDesc>
                     <category xml:id="SSJ.T.K.L">
                        <catDesc>leposlovno</catDesc>
                     </category>
                     <category xml:id="SSJ.T.K.S">
                        <catDesc>strokovno</catDesc>
                     </category>
                  </category>
                  <category xml:id="SSJ.T.P">
                     <catDesc>periodično</catDesc>
                     <category xml:id="SSJ.T.P.C">
                        <catDesc>časopis</catDesc>
                     </category>
                     <category xml:id="SSJ.T.P.R">
                        <catDesc>revija</catDesc>
                     </category>
                  </category>
                  <category xml:id="SSJ.T.D">
                     <catDesc>drugo</catDesc>
                  </category>
               </category>
               <category xml:id="SSJ.I">
                  <catDesc>internet</catDesc>
               </category>
            </taxonomy>
         </classDecl>
      </encodingDesc>
      <profileDesc>
         <textClass>
            <catRef target="#SSJ.T.K.L"/>
         </textClass>
      </profileDesc>
   </teiHeader>
   <text xml:id="F0001881." xml:lang="sl">
      <body>
         <p xml:id="F0001881.000020">
            <s>
               <w msd="Rsn" lemma="vse">vse</w>
               <S/>
               <w msd="Gp-pde-n" lemma="biti">boš</w>
               <S/>
               <w msd="Ggdd-em" lemma="odkriti">odkril</w>
               <c>,</c>
               <S/>
               <w msd="Vd" lemma="kakor">kakor</w>
               <S/>
               <w msd="Zod-ed--k" lemma="ti">ti</w>
               <S/>
               <w msd="Sozet" lemma="glava">glavo</w>
               <c>,</c>
            </s>
         </p>
         <p xml:id="F0001881.000028">
            <s>
               <w msd="Do" lemma="z">s</w>
               <S/>
               <w msd="Zp-zeo" lemma="svoj">svojo</w>
               <S/>
               <w msd="Sozeo" lemma="glava">glavo</w>
               <S/>
               <w msd="Sozer" lemma="misel">misli</w>
               <c>,</c>
               <S/>
            </s>
         </p>
         <p xml:id="F0001881.000029">
            <s>
               <w msd="Sozet" lemma="črka">črko</w>
               <S/>
               <w msd="Rsn" lemma="tja">tja</w>
               <S/>
               <w msd="Ggdvde" lemma="deti">deni</w>
               <c>,</c>
               <S/>
               <w msd="Vd" lemma="kjer">kjer</w>
               <S/>
               <w msd="Gp-ste-n" lemma="biti">je</w>
               <S/>
               <w msd="Somei" lemma="ni">ni</w>
               <c>,</c>
               <S/>
            </s>
         </p>
         <p xml:id="F0001881.000034">
            <s>
               <w msd="Somei" lemma="O">O</w>
               <S/>
               <w msd="Ppnzei" lemma="prekrasen">prekrasna</w>
               <S/>
               <w msd="Zp---d--k" lemma="se">si</w>
               <S/>
               <w msd="Zod-ei" lemma="ti">ti</w>
               <c>,</c>
               <S/>
            </s>
         </p>
         <p xml:id="F0001881.000040">
            <s>
               <w msd="Do" lemma="pod">pod</w>
               <S/>
               <w msd="Zsdmeoe" lemma="tvoj">tvojim</w>
               <S/>
               <w msd="Soseo" lemma="okrilje">okriljem</w>
            </s>
         </p>
         <p xml:id="F0001881.000079">
            <s>
               <w msd="Zk-mei" lemma="ta">Ta</w>
               <S/>
               <w msd="Somei" lemma="kraj">kraj</w>
               <S/>
               <w msd="Somei" lemma="človek">človek</w>
               <S/>
               <w msd="Ggdste" lemma="uzreti">uzre</w>
               <c>,</c>
            </s>
         </p>
         <p xml:id="F0001881.000103">
            <s>
               <w msd="Dt" lemma="za">za</w>
               <S/>
               <w msd="Sometn" lemma="klobuk">klobuk</w>
               <S/>
               <w msd="Ggdsde" lemma="pripeti">pripneš</w>
               <S/>
               <w msd="Zk-mei" lemma="ta">ta</w>
               <S/>
               <w msd="Ppnmeid" lemma="bel">beli</w>
               <S/>
               <w msd="Somei" lemma="cvet">cvet</w>
               <c>,</c>
            </s>
         </p>
         <p xml:id="F0001881.000104">
            <s>
               <w msd="Ggvsde" lemma="darovati">daruješ</w>
               <S/>
               <w msd="Zotmet--k" lemma="on">ga</w>
               <S/>
               <w msd="Slzed" lemma="Marija">Mariji</w>
               <S/>
               <w msd="Dt" lemma="na">na</w>
               <S/>
               <w msd="Sometn" lemma="oltar">oltar</w>
               <c>.</c>
            </s>
         </p>
         <p xml:id="F0001881.000146">
            <s>
               <w msd="Rsn" lemma="zdaj">zdaj</w>
               <S/>
               <w msd="Dr" lemma="iz">iz</w>
               <S/>
               <w msd="Sozmr" lemma="lina">lin</w>
               <S/>
               <w msd="L" lemma="le">le</w>
               <c>-</c>
               <w msd="Zk-zmr" lemma="ta">teh</w>
               <S/>
               <w msd="Ggnste" lemma="prinašati">prinaša</w>
               <S/>
               <w msd="Sometn" lemma="pozdrav">pozdrav</w>
               <c>.</c>
            </s>
         </p>
         <p xml:id="F0001881.000161">
            <s>
               <w msd="Rsn" lemma="kaj">Kaj</w>
               <S/>
               <w msd="Ggvd-ez" lemma="početi">počela</w>
               <S/>
               <w msd="Gp-ptd-n" lemma="biti">bosta</w>
            </s>
         </p>
         <p xml:id="F0001881.000163">
            <s>
               <w msd="Vd" lemma="ko">ko</w>
               <S/>
               <w msd="Sozmr" lemma="odeja">odej</w>
               <S/>
               <w msd="Ppnzei" lemma="bel">bela</w>
               <c>,</c>
            </s>
         </p>
         <p xml:id="F0001881.000170">
            <s>
               <w msd="Kav" lemma="10.">10.</w>
               <S/>
               <w msd="Kag" lemma="12">12</w>
               <c>.</c>
               <S/>
            </s>
            <s>
               <w msd="Kag" lemma="1967">1967</w>
            </s>
         </p>
         <p xml:id="F0001881.000177">
            <s>
               <w msd="Rsn" lemma="nič">nič</w>
               <S/>
               <w msd="Rsn" lemma="mar">mar</w>
               <S/>
               <w msd="Zotmed--k" lemma="on">mu</w>
               <S/>
               <w msd="Gp-ste-d" lemma="biti">ni</w>
               <c>,</c>
            </s>
         </p>
         <p xml:id="F0001881.000180">
            <s>
               <w msd="L" lemma="samo">samo</w>
               <S/>
               <w msd="Sosei" lemma="okolje">okolje</w>
               <S/>
               <w msd="Ggnste" lemma="dajati">daje</w>
               <S/>
               <w msd="Zotmed--k" lemma="on">mu</w>
               <c>,</c>
            </s>
         </p>
         <p xml:id="F0001881.000190">
            <s>
               <w msd="L" lemma="še">še</w>
               <S/>
               <w msd="Rsn" lemma="dolgo">dolgo</w>
               <S/>
               <w msd="Dm" lemma="v">v</w>
               <S/>
               <w msd="Sosem" lemma="srce">srcu</w>
               <S/>
               <w msd="Ggnste" lemma="živeti">živi</w>
               <c>.</c>
            </s>
         </p>
         <p xml:id="F0001881.000191">
            <s>
               <w msd="Sozei" lemma="mati">Mati</w>
               <S/>
               <w msd="Ppnzei" lemma="brezmadežen">Brezmadežna</w>
            </s>
         </p>
         <p xml:id="F0001881.000205">
            <s>
               <w msd="Rsn" lemma="mogočno">mogočno</w>
               <S/>
               <w msd="Somei" lemma="prestol">prestol</w>
               <S/>
               <w msd="Zsdmeie" lemma="tvoj">tvoj</w>
               <S/>
               <w msd="Ggnste" lemma="stati">stoji</w>
               <c>,</c>
            </s>
         </p>
         <p xml:id="F0001881.000222">
            <s>
               <w msd="Dr" lemma="iz">iz</w>
               <S/>
               <w msd="Sommr" lemma="starš">staršev</w>
               <S/>
               <w msd="Ggdd-em" lemma="vzeti">vzel</w>
               <S/>
               <w msd="Zotmet--k" lemma="on">ga</w>
               <S/>
               <w msd="Gp-ste-n" lemma="biti">je</w>
               <S/>
               <w msd="Gp-d-em" lemma="biti">bil</w>
               <c>,</c>
            </s>
         </p>
         <p xml:id="F0001881.000269">
            <s>
               <w msd="Sommi" lemma="satelit">sateliti</w>
               <c>,</c>
               <S/>
               <w msd="Soser" lemma="letalo">letala</w>
               <c>,</c>
               <S/>
               <w msd="L" lemma="že">že</w>
               <S/>
               <w msd="Rsn" lemma="tam">tam</w>
               <S/>
               <w msd="Sozem" lemma="gora">gori</w>
               <S/>
               <w msd="Gp-ste-n" lemma="biti">je</w>
               <S/>
               <w msd="Rsn" lemma="gosto">gosto</w>
               <c>,</c>
            </s>
         </p>
         <p xml:id="F0001881.000288">
            <s>
               <w msd="Somei" lemma="mir">mir</w>
               <S/>
               <w msd="Zc-met" lemma="vsak">vsak</w>
               <S/>
               <w msd="Sometn" lemma="dan">dan</w>
               <S/>
               <w msd="Ggnspm" lemma="ljubiti">ljubimo</w>
               <c>,</c>
            </s>
         </p>
         <p xml:id="F0001881.000300">
            <s>
               <w msd="Dt" lemma="v">v</w>
               <S/>
               <w msd="Sommt" lemma="val">valove</w>
               <S/>
               <w msd="Soser" lemma="vrenje">vrenja</w>
               <c>,</c>
               <S/>
               <w msd="Dt" lemma="v">v</w>
               <S/>
               <w msd="Sozet" lemma="družina">družino</w>
               <S/>
               <w msd="Ppnmmr" lemma="mlad">mladih</w>
               <c>,</c>
            </s>
         </p>
         <p xml:id="F0001881.000303">
            <s>
               <w msd="Dt" lemma="v">v</w>
               <S/>
               <w msd="Zp-met" lemma="svoj">svoj</w>
               <S/>
               <w msd="Sometn" lemma="del">del</w>
               <S/>
               <w msd="Soser" lemma="stanovanje">stanovanja</w>
               <c>,</c>
            </s>
         </p>
         <p xml:id="F0001881.000304">
            <s>
               <w msd="Rsn" lemma="res">res</w>
               <S/>
               <w msd="Gp-ste-n" lemma="biti">je</w>
               <c>,</c>
               <S/>
               <w msd="Vd" lemma="da">da</w>
               <S/>
               <w msd="Dr" lemma="zaradi">zaradi</w>
               <S/>
               <w msd="Zk-ser" lemma="ta">tega</w>
               <S/>
               <w msd="Ppnmein" lemma="sam">sam</w>
               <S/>
               <w msd="Gp-spe-n" lemma="biti">sem</w>
               <c>,</c>
            </s>
         </p>
         <p xml:id="F0001881.000312">
            <s>
               <w msd="Vd" lemma="ko">Ko</w>
               <S/>
               <w msd="Ggnspe" lemma="sedeti">sedim</w>
               <S/>
               <w msd="Dm" lemma="na">na</w>
               <S/>
               <w msd="Somem" lemma="obronek">obronku</w>
               <S/>
               <w msd="Somer" lemma="gozd">gozda</w>
               <c>,</c>
            </s>
         </p>
         <p xml:id="F0001881.000320">
            <s>
               <w msd="Sommi" lemma="zvon">Zvonovi</w>
               <S/>
               <w msd="Ggnstm" lemma="vabiti">vabijo</w>
               <S/>
               <w msd="Zod-er" lemma="ti">tebe</w>
               <c>,</c>
               <S/>
               <w msd="Somei" lemma="kristjan">kristjan</w>
               <c>,</c>
            </s>
         </p>
         <p xml:id="F0001881.000321">
            <s>
               <w msd="Dd" lemma="k">k</w>
               <S/>
               <w msd="Sozed" lemma="molitev">molitvi</w>
               <S/>
               <w msd="Vp" lemma="in">in</w>
               <S/>
               <w msd="Sozed" lemma="prošnja">prošnji</w>
               <S/>
               <w msd="Zc-met" lemma="vsak">vsak</w>
               <S/>
               <w msd="Sometn" lemma="dan">dan</w>
               <c>,</c>
            </s>
         </p>
         <p xml:id="F0001881.000322">
            <s>
               <w msd="Vd" lemma="da">da</w>
               <S/>
               <w msd="Sozet" lemma="sreča">srečo</w>
               <S/>
               <w msd="Ggdste" lemma="nakloniti">nakloni</w>
               <S/>
               <w msd="Somei" lemma="bog">Bog</w>
               <S/>
               <w msd="Zod-ed" lemma="ti">tebi</w>
               <c>,</c>
               <S/>
               <w msd="Slmei" lemma="Zemljan">Zemljan</w>
               <c>,</c>
            </s>
         </p>
         <p xml:id="F0001881.000328">
            <s>
               <w msd="Somei" lemma="ni">Ni</w>
               <S/>
               <w msd="Zp------k" lemma="se">se</w>
               <S/>
               <w msd="Zop-md" lemma="jaz">nam</w>
               <S/>
               <w msd="Rsn" lemma="treba">treba</w>
               <S/>
               <w msd="Ggnn" lemma="sramovati">sramovati</w>
               <c>,</c>
            </s>
         </p>
         <p xml:id="F0001881.000329">
            <s>
               <w msd="Vd" lemma="čeprav">čeprav</w>
               <S/>
               <w msd="Ppnmein" lemma="majhen">majhen</w>
               <S/>
               <w msd="Gp-spm-n" lemma="biti">smo</w>
               <S/>
               <w msd="Somei" lemma="narod">narod</w>
               <S/>
               <w msd="Zopmmi" lemma="jaz">mi</w>
               <S/>
               <w msd="L" lemma="le">le</w>
               <c>,</c>
            </s>
         </p>
         <p xml:id="F0001881.000350">
            <s>
               <w msd="Ppnmeid" lemma="dragocen">Dragoceni</w>
               <S/>
               <w msd="Somei" lemma="dom">dom</w>
               <S/>
            </s>
         </p>
         <p xml:id="F0001881.000363">
            <s>
               <w msd="Vd" lemma="da">da</w>
               <S/>
               <w msd="Zc-mmi" lemma="ves">vsi</w>
               <S/>
               <w msd="Gp-g" lemma="biti">bi</w>
               <S/>
               <w msd="Rsn" lemma="tamkaj">tamkaj</w>
               <S/>
               <w msd="Ppnmmi" lemma="zdrav">zdravi</w>
               <c>,</c>
               <S/>
               <w msd="Ppnmmi" lemma="srečen">srečni</w>
               <S/>
               <w msd="Gp-d-mm" lemma="biti">bili</w>
               <c>.</c>
               <S/>
            </s>
         </p>
         <p xml:id="F0001881.000423">
            <s>
               <w msd="Zk-mei" lemma="tisti">tisti</w>
               <S/>
               <w msd="Somei" lemma="cu">cu</w>
               <S/>
               <w msd="Vp" lemma="pa">pa</w>
               <S/>
               <w msd="Rsn" lemma="res">res</w>
               <S/>
               <w msd="Rsn" lemma="zelo">zelo</w>
               <c>.</c>
            </s>
         </p>
         <p xml:id="F0001881.000429">
            <s>
               <w msd="Rsn" lemma="kar">kar</w>
               <S/>
               <w msd="Dr" lemma="od">od</w>
               <S/>
               <w msd="Soser" lemma="delo">dela</w>
               <S/>
               <w msd="Gp-ste-n" lemma="biti">je</w>
               <S/>
               <w msd="Ggdd-em" lemma="zaslužiti">zaslužil</w>
               <c>,</c>
            </s>
         </p>
         <p xml:id="F0001881.000442">
            <s>
               <w msd="Sometn" lemma="zgled">zgled</w>
               <S/>
               <w msd="Soser" lemma="poštenje">poštenja</w>
               <S/>
               <w msd="L" lemma="tudi">tudi</w>
               <S/>
               <w msd="Zop-md" lemma="jaz">nam</w>
               <c>,</c>
            </s>
         </p>
         <p xml:id="F0001881.000459">
            <s>
               <w msd="Somer" lemma="dan">dneva</w>
               <S/>
               <w msd="Somei" lemma="tek">tek</w>
               <S/>
               <w msd="Zp------k" lemma="se">se</w>
               <S/>
               <w msd="Ggdste" lemma="umiriti">umiri</w>
               <c>,</c>
               <S/>
            </s>
         </p>
         <p xml:id="F0001881.000478">
            <s>
               <w msd="Sozed" lemma="žena">Ženi</w>
            </s>
         </p>
         <p xml:id="F0001881.000500">
            <s>
               <w msd="Vp" lemma="saj">Saj</w>
               <S/>
               <w msd="Zod-ei" lemma="ti">ti</w>
               <S/>
               <w msd="L" lemma="že">že</w>
               <S/>
               <w msd="Ppnzei" lemma="truden">trudna</w>
               <S/>
               <w msd="Zp---d--k" lemma="se">si</w>
               <c>,</c>
               <S/>
            </s>
         </p>
         <p xml:id="F0001881.000514">
            <s>
               <w msd="Vd" lemma="preden">preden</w>
               <S/>
               <w msd="Sozer" lemma="kraja">kraje</w>
               <S/>
               <w msd="Zod-et--k" lemma="ti">te</w>
               <S/>
               <w msd="Ggdd-em" lemma="doseči">dosegel</w>
               <S/>
               <w msd="Zp---d--k" lemma="se">si</w>
               <c>,</c>
            </s>
         </p>
         <p xml:id="F0001881.000542">
            <s>
               <w msd="Ggnd-mm" lemma="biti">Bili</w>
               <S/>
               <w msd="Sozei" lemma="vzgojiteljica">vzgojiteljica</w>
               <S/>
               <w msd="Gp-sdm-n" lemma="biti">ste</w>
               <S/>
               <w msd="Dm" lemma="v">v</w>
               <S/>
               <w msd="Sozem" lemma="cerkev">cerkvi</w>
               <S/>
               <w msd="Vp" lemma="in">in</w>
               <S/>
               <w msd="Rsn" lemma="doma">doma</w>
               <c>,</c>
            </s>
         </p>
         <p xml:id="F0001881.000547">
            <s>
               <w msd="Ppnmmi" lemma="majhen">majhni</w>
               <S/>
               <w msd="Gp-stm-n" lemma="biti">so</w>
               <S/>
               <w msd="Sommi" lemma="otrok">otroci</w>
               <c>,</c>
               <S/>
               <w msd="Ppnzmi" lemma="majhen">majhne</w>
               <S/>
               <w msd="Gp-stm-n" lemma="biti">so</w>
               <S/>
               <w msd="Sozmi" lemma="skrb">skrbi</w>
               <c>,</c>
            </s>
         </p>
         <p xml:id="F0001881.000584">
            <s>
               <w msd="Vp" lemma="zato">zato</w>
               <S/>
               <w msd="Gp-vpm" lemma="biti">bodimo</w>
               <S/>
               <w msd="Ppnmmi" lemma="hvaležen">hvaležni</w>
               <S/>
               <w msd="Somed" lemma="bog">Bogu</w>
               <S/>
               <w msd="Zc-mmi" lemma="ves">vsi</w>
               <c>.</c>
               <S/>
            </s>
         </p>
         <p xml:id="F0001881.000587">
            <s>
               <w msd="Dt" lemma="v">v</w>
               <S/>
               <w msd="Sozet" lemma="večnost">večnost</w>
               <S/>
               <w msd="Rsn" lemma="vse">vse</w>
               <S/>
               <w msd="Ggnste" lemma="odtekati">odteka</w>
               <c>.</c>
               <S/>
            </s>
         </p>
         <p xml:id="F0001881.000635">
            <s>
               <w msd="Kav" lemma="80.">80.</w>
               <S/>
               <w msd="Sosmr" lemma="leto">let</w>
               <S/>
               <w msd="Soser" lemma="življenje">življenja</w>
               <S/>
               <w msd="Ggnsde" lemma="praznovati">praznuješ</w>
               <S/>
               <w msd="Zk-mmi" lemma="ta">ti</w>
               <c>,</c>
            </s>
         </p>
         <p xml:id="F0001881.000640">
            <s>
               <w msd="Sozei" lemma="bolezen">bolezen</w>
               <S/>
               <w msd="Zp-zet" lemma="svoj">svojo</w>
               <S/>
               <w msd="Ggdn" lemma="vzeti">vzeti</w>
               <c>,</c>
               <S/>
               <w msd="Vp" lemma="pa">pa</w>
               <S/>
               <w msd="Rsn" lemma="naprej">naprej</w>
               <S/>
               <w msd="Ggnn" lemma="živeti">živeti</w>
               <c>.</c>
            </s>
         </p>
         <p xml:id="F0001881.000664">
            <s>
               <w msd="Dr" lemma="prek">prek</w>
               <S/>
               <w msd="Soser" lemma="guljenje">guljenja</w>
               <S/>
               <w msd="Ppnzmr" lemma="šolski">šolskih</w>
               <S/>
               <w msd="Sozmr" lemma="klop">klopi</w>
               <c>,</c>
            </s>
         </p>
         <p xml:id="F0001881.000674">
            <s>
               <w msd="L" lemma="le">le</w>
               <S/>
               <w msd="Zotmei" lemma="on">On</w>
               <S/>
               <w msd="Sozei" lemma="prihodnost">prihodnost</w>
               <S/>
               <w msd="Ggnste" lemma="znati">zna</w>
               <c>,</c>
            </s>
         </p>
         <p xml:id="F0001881.000686">
            <s>
               <w msd="L" lemma="naj">naj</w>
               <S/>
               <w msd="Do" lemma="z">z</w>
               <S/>
               <w msd="Zop-mo" lemma="jaz">nami</w>
               <S/>
               <w msd="Ggnstm" lemma="prositi">prosijo</w>
               <S/>
               <w msd="Somer" lemma="bog">Boga</w>
               <c>,</c>
            </s>
         </p>
         <p xml:id="F0001881.000688">
            <s>
               <w msd="Dm" lemma="v">v</w>
               <S/>
               <w msd="Somem" lemma="poklic">poklicu</w>
               <S/>
               <w msd="Soset" lemma="usmiljenje">usmiljenje</w>
               <S/>
               <w msd="Zstseiem" lemma="njegov">Njegovo</w>
               <S/>
               <w msd="Zod-et--z" lemma="zame">zate</w>
               <S/>
               <w msd="L" lemma="naj">naj</w>
               <S/>
               <w msd="Ggnste" lemma="veljati">velja</w>
               <c>.</c>
               <S/>
            </s>
         </p>
         <p xml:id="F0001881.000693">
            <s>
               <w msd="Ppnmeid" lemma="drag">Dragi</w>
               <S/>
               <w msd="Somei" lemma="novomašnik">novomašnik</w>
               <c>,</c>
               <S/>
               <w msd="Somei" lemma="sin">sin</w>
               <S/>
               <w msd="Slmei" lemma="Marko">Marko</w>
            </s>
         </p>
         <p xml:id="F0001881.000706">
            <s>
               <w msd="Sozei" lemma="resnica">resnica</w>
               <S/>
               <w msd="Zod-ed" lemma="ti">tebi</w>
               <S/>
               <w msd="Gp-ste-d" lemma="biti">ni</w>
               <S/>
               <w msd="Ppnzei" lemma="neznan">neznana</w>
               <c>,</c>
            </s>
         </p>
         <p xml:id="F0001881.000714">
            <s>
               <w msd="L" lemma="tudi">tudi</w>
               <S/>
               <w msd="Zk-mmi" lemma="ta">ti</w>
               <S/>
               <w msd="Pdnmein" lemma="postavljen">postavljen</w>
               <S/>
               <w msd="Dt" lemma="za">za</w>
               <S/>
               <w msd="Sometd" lemma="glasnik">glasnika</w>
               <c>,</c>
               <S/>
            </s>
         </p>
         <p xml:id="F0001881.000728">
            <s>
               <w msd="Ppnsei" lemma="zelen">zeleno</w>
               <c>-</c>
               <w msd="Rsn" lemma="modro">modro</w>
               <S/>
               <w msd="Pdnsei" lemma="vdelan">vdelano</w>
               <S/>
               <w msd="Soset" lemma="oko">oko</w>
               <S/>
               <w msd="Zod-ed--k" lemma="ti">ti</w>
               <S/>
               <w msd="Gp-ste-n" lemma="biti">je</w>
               <S/>
               <w msd="Somei" lemma="porok">porok</w>
               <c>,</c>
            </s>
         </p>
         <p xml:id="F0001881.000735">
            <s>
               <w msd="Zp------k" lemma="se">se</w>
               <S/>
               <w msd="Ggnste" lemma="misliti">misli</w>
               <S/>
               <w msd="Zop-ed--k" lemma="jaz">mi</w>
               <S/>
               <w msd="Sommt" lemma="pod">pode</w>
               <S/>
               <w msd="Dm" lemma="po">po</w>
               <S/>
               <w msd="Sozem" lemma="glava">glavi</w>
               <c>.</c>
            </s>
         </p>
         <p xml:id="F0001881.000736">
            <s>
               <w msd="Somei" lemma="prah">Prah</w>
               <S/>
               <w msd="Sozer" lemma="domovina">domovine</w>
               <S/>
               <w msd="Zod-ei" lemma="ti">ti</w>
               <S/>
               <w msd="Ggdvde" lemma="ponesti">ponesi</w>
               <S/>
               <w msd="Dm" lemma="v">v</w>
               <S/>
               <w msd="Rsr" lemma="dolgo">dalj</w>
               <c>,</c>
               <S/>
            </s>
         </p>
         <p xml:id="F0001881.000744">
            <s>
               <w msd="Rsn" lemma="povsod">povsod</w>
               <S/>
               <w msd="Zp------k" lemma="se">se</w>
               <S/>
               <w msd="Sozei" lemma="sreča">sreča</w>
               <S/>
               <w msd="Ggnste" lemma="smejati">smeje</w>
               <c>,</c>
            </s>
         </p>
         <p xml:id="F0001881.000756">
            <s>
               <w msd="Sometd" lemma="človek">Človeka</w>
               <S/>
               <w msd="Sosei" lemma="srce">srce</w>
               <S/>
               <w msd="Dm" lemma="po">po</w>
               <S/>
               <w msd="Sozem" lemma="sreča">sreči</w>
               <S/>
               <w msd="Ggnste" lemma="hrepeneti">hrepeni</w>
               <c>,</c>
            </s>
         </p>
         <p xml:id="F0001881.000769">
            <s>
               <w msd="Vd" lemma="naj">Naj</w>
               <S/>
               <w msd="Zp------k" lemma="se">se</w>
               <S/>
               <w msd="Ggdste" lemma="izpolniti">izpolni</w>
               <S/>
               <w msd="Zsdzeim" lemma="vaš">Vaša</w>
               <S/>
               <w msd="Sozei" lemma="želja">želja</w>
               <c>,</c>
            </s>
         </p>
         <p xml:id="F0001881.000777">
            <s>
               <w msd="Rsn" lemma="tam">Tam</w>
               <S/>
               <w msd="Ggnsdm" lemma="prositi">prosite</w>
               <c>,</c>
               <S/>
               <w msd="Sozei" lemma="mati">mati</w>
               <c>,</c>
               <S/>
               <w msd="Zodmmi" lemma="ti">Vi</w>
               <S/>
               <w msd="Somer" lemma="bog">Boga</w>
               <c>,</c>
            </s>
         </p>
         <p xml:id="F0001881.000799">
            <s>
               <w msd="Vd" lemma="da">da</w>
               <S/>
               <w msd="Zc-set" lemma="ves">vse</w>
               <S/>
               <w msd="Kbzsei" lemma="drug">drugo</w>
               <S/>
               <w msd="Ggdsde" lemma="odpisati">odpišeš</w>
               <c>,</c>
               <S/>
               <w msd="Ggvsde" lemma="slišati">slišiš</w>
               <S/>
               <w msd="L" lemma="le">le</w>
               <S/>
               <w msd="Zk-sei" lemma="tisti">tisto</w>
               <S/>
               <w msd="L" lemma="samo">samo</w>
               <c>.</c>
            </s>
         </p>
         <p xml:id="F0001881.000808">
            <s>
               <w msd="Rsn" lemma="zato">Zato</w>
               <S/>
               <w msd="Vp" lemma="pa">pa</w>
               <S/>
               <w msd="Gp-vde" lemma="biti">bodi</w>
               <S/>
               <w msd="Dr" lemma="do">do</w>
               <S/>
               <w msd="Sozer" lemma="mamica">mamice</w>
               <S/>
               <w msd="Ppnzei" lemma="pozoren">pozorna</w>
               <c>,</c>
            </s>
         </p>
         <p xml:id="F0001881.000837">
            <s>
               <w msd="Sozmr" lemma="skrivnost">skrivnosti</w>
               <S/>
               <w msd="Ppnmmr" lemma="trikraten">trikratnih</w>
               <S/>
               <w msd="Pdnmmr" lemma="proseč">prosečih</w>
               <S/>
               <w msd="Sommr" lemma="vzklik">vzklikov</w>
               <c>.</c>
               <S/>
            </s>
         </p>
         <p xml:id="F0001881.000849">
            <s>
               <w msd="Vp" lemma="in">in</w>
               <S/>
               <w msd="Ggdd-ez" lemma="naznaniti">naznanila</w>
               <S/>
               <c>–</c>
               <S/>
               <w msd="Sozei" lemma="zima">zima</w>
               <S/>
               <w msd="Gp-pte-n" lemma="biti">bo</w>
               <c>.</c>
            </s>
         </p>
         <p xml:id="F0001881.000855">
            <s>
               <w msd="Dm" lemma="v">v</w>
               <S/>
               <w msd="Sozem" lemma="radost">radosti</w>
               <S/>
               <w msd="Somer" lemma="bog">Boga</w>
               <S/>
               <w msd="Sozer" lemma="slava">slave</w>
               <c>,</c>
            </s>
         </p>
         <p xml:id="F0001881.000861">
            <s>
               <w msd="Sozei" lemma="palica">palica</w>
               <S/>
               <w msd="Vp" lemma="in">in</w>
               <S/>
               <w msd="Somei" lemma="prstan">prstan</w>
               <S/>
               <w msd="Slmei" lemma="roko">roko</w>
               <S/>
               <w msd="Ggnstd" lemma="krasiti">krasita</w>
            </s>
         </p>
         <p xml:id="F0001881.000865">
            <s>
               <w msd="Vd" lemma="ki">ki</w>
               <S/>
               <w msd="Rsn" lemma="komaj">komaj</w>
               <S/>
               <w msd="Ggnn" lemma="govoriti">govoriti</w>
               <S/>
               <w msd="Ggnste" lemma="znati">zna</w>
               <c>,</c>
            </s>
         </p>
         <p xml:id="F0001881.000872">
            <s>
               <w msd="Somei" lemma="škof">škof</w>
               <c>,</c>
               <S/>
               <w msd="Somei" lemma="dobrotnik">dobrotnik</w>
               <S/>
               <w msd="Vp" lemma="in">in</w>
               <S/>
               <w msd="Somei" lemma="svetnik">svetnik</w>
               <c>,</c>
            </s>
         </p>
         <p xml:id="F0001881.000888">
            <s>
               <w msd="Pdnmmi" lemma="rešen">rešeni</w>
               <S/>
               <w msd="Gp-spm-n" lemma="biti">smo</w>
               <c>.</c>
            </s>
         </p>
         <p xml:id="F0001881.000900">
            <s>
               <w msd="Rsn" lemma="zakaj">zakaj</w>
               <S/>
               <w msd="Zk-sed" lemma="ta">temu</w>
               <S/>
               <w msd="Gp-ste-n" lemma="biti">je</w>
               <S/>
               <w msd="Rsn" lemma="tako">tako</w>
               <c>,</c>
               <S/>
            </s>
         </p>
         <p xml:id="F0001881.000905">
            <s>
               <w msd="Zk-mmi" lemma="ta">Ti</w>
               <c>,</c>
               <S/>
               <w msd="Ppnmeid" lemma="vrl">vrli</w>
               <S/>
               <w msd="Somei" lemma="mladenič">mladenič</w>
               <c>,</c>
               <S/>
            </s>
         </p>
         <p xml:id="F0001881.000913">
            <s>
               <w msd="M" lemma="oj">Oj</w>
               <c>,</c>
               <S/>
               <w msd="Kbvmei" lemma="prvi">prvi</w>
               <S/>
               <w msd="Somei" lemma="mučenec">mučenec</w>
               <S/>
               <w msd="Zp---d--k" lemma="se">si</w>
               <c>,</c>
            </s>
         </p>
         <p xml:id="F0001881.000918">
            <s>
               <w msd="Kag" lemma="1967">1967</w>
            </s>
         </p>
         <p xml:id="F0001881.000928">
            <s>
               <w msd="Vd" lemma="naj">naj</w>
               <S/>
               <w msd="Zp------k" lemma="se">se</w>
               <S/>
               <w msd="Sommt" lemma="pomor">pomore</w>
            </s>
         </p>
         <p xml:id="F0001881.000972">
            <s>
               <w msd="Vd" lemma="ko">ko</w>
               <S/>
               <w msd="Ggdspm" lemma="priti">pridemo</w>
               <S/>
               <w msd="Dd" lemma="k">k</w>
               <S/>
               <w msd="Zod-ed" lemma="ti">Tebi</w>
               <c>,</c>
               <S/>
            </s>
         </p>
         <p xml:id="F0001881.000979">
            <s>
               <w msd="Ppnzei" lemma="velik">velika</w>
               <S/>
               <w msd="Gp-ste-n" lemma="biti">je</w>
               <S/>
               <w msd="Sozei" lemma="reva">reva</w>
               <S/>
               <w msd="Ppnzei" lemma="človeški">človeška</w>
               <c>,</c>
            </s>
         </p>
         <p xml:id="F0001881.001036">
            <s>
               <w msd="Somei" lemma="človek">človek</w>
               <S/>
               <w msd="Zsdmere" lemma="tvoj">tvojega</w>
               <S/>
               <w msd="Soser" lemma="srce">srca</w>
               <S/>
               <w msd="Gp-ste-n" lemma="biti">je</w>
               <S/>
               <w msd="Ppnzei" lemma="nebeški">nebeška</w>
               <S/>
               <w msd="Sozei" lemma="obleka">obleka</w>
               <c>.</c>
               <S/>
            </s>
         </p>
         <p xml:id="F0001881.001043">
            <s>
               <w msd="Vd" lemma="da">da</w>
               <S/>
               <w msd="Soser" lemma="življenje">življenja</w>
               <S/>
               <w msd="Gp-ste-n" lemma="biti">je</w>
               <S/>
               <w msd="Somei" lemma="smisel">smisel</w>
               <c>,</c>
            </s>
         </p>
         <p xml:id="F0001881.001045">
            <s>
               <w msd="Slzed" lemma="Marija">Mariji</w>
               <S/>
               <w msd="Sozet" lemma="prošnja">prošnjo</w>
               <S/>
               <w msd="Ggnspd" lemma="polagati">polagava</w>
               <S/>
               <w msd="Dt" lemma="na">na</w>
               <S/>
               <w msd="Sometn" lemma="oltar">oltar</w>
               <c>,</c>
            </s>
         </p>
         <p xml:id="F0001881.001046">
            <s>
               <w msd="Vd" lemma="da">da</w>
               <S/>
               <w msd="Rsn" lemma="srečno">srečno</w>
               <S/>
               <w msd="L" lemma="naj">naj</w>
               <S/>
               <w msd="Ggnste" lemma="voditi">vodi</w>
               <S/>
               <w msd="Zod-et--k" lemma="ti">te</w>
               <S/>
               <w msd="Ppnmeid" lemma="večen">večni</w>
               <S/>
               <w msd="Somei" lemma="vladar">Vladar</w>
               <c>,</c>
            </s>
         </p>
         <p xml:id="F0001881.001049">
            <s>
               <w msd="Ppnmeid" lemma="božji">Božji</w>
               <S/>
               <w msd="Somei" lemma="hram">hram</w>
            </s>
         </p>
         <p xml:id="F0001881.001050">
            <s>
               <w msd="Kav" lemma="15.">15.</w>
               <S/>
               <w msd="Kag" lemma="6">6</w>
               <c>.</c>
               <S/>
            </s>
            <s>
               <w msd="Kag" lemma="2008">2008</w>
            </s>
         </p>
         <p xml:id="F0001881.001058">
            <s>
               <w msd="Rsn" lemma="nemo">nemo</w>
               <S/>
               <w msd="Sozet" lemma="moč">moč</w>
               <S/>
               <w msd="Soser" lemma="življenje">življenja</w>
               <S/>
               <w msd="Ggnsde" lemma="posvečevati">posvečuješ</w>
               <c>.</c>
            </s>
         </p>
         <p xml:id="F0001881.001082">
            <s>
               <w msd="Vd" lemma="ki">ki</w>
               <S/>
               <w msd="Ggnste" lemma="nositi">nosi</w>
               <S/>
               <w msd="Soset" lemma="gorje">gorje</w>
               <S/>
               <w msd="Dt" lemma="za">za</w>
               <S/>
               <w msd="Zspmmtm" lemma="naš">naše</w>
               <S/>
               <w msd="Soset" lemma="polje">polje</w>
               <c>,</c>
            </s>
         </p>
         <p xml:id="F0001881.001090">
            <s>
               <w msd="Vd" lemma="da">da</w>
               <S/>
               <w msd="Ggdspm" lemma="pospraviti">pospravimo</w>
               <S/>
               <w msd="Sommt" lemma="sad">sadove</w>
               <S/>
               <w msd="Sozer" lemma="zemlja">zemlje</w>
               <c>,</c>
            </s>
         </p>
         <p xml:id="F0001881.001124">
            <s>
               <w msd="Vp" lemma="saj">saj</w>
               <S/>
               <w msd="Zotmei" lemma="on">On</w>
               <S/>
               <w msd="Rsn" lemma="večno">večno</w>
               <S/>
               <w msd="Rsn" lemma="tam">tam</w>
               <S/>
               <w msd="Ggnste" lemma="živeti">živi</w>
               <c>.</c>
               <S/>
            </s>
         </p>
         <p xml:id="F0001881.001131">
            <s>
               <w msd="Dr" lemma="iz">iz</w>
               <S/>
               <w msd="Somer" lemma="grob">groba</w>
               <S/>
               <w msd="Ggdd-em" lemma="vstati">vstal</w>
               <S/>
               <w msd="Zp---d--k" lemma="se">si</w>
               <S/>
               <w msd="Vp" lemma="in">in</w>
               <S/>
               <w msd="Ggnsde" lemma="živeti">živiš</w>
               <c>,</c>
            </s>
         </p>
         <p xml:id="F0001881.001138">
            <s>
               <w msd="Ggnvpm" lemma="peti">pojmo</w>
               <S/>
               <w msd="Dr" lemma="iz">iz</w>
               <S/>
               <w msd="Soser" lemma="srce">srca</w>
               <c>,</c>
            </s>
         </p>
         <p xml:id="F0001881.001143">
            <s>
               <w msd="Ggdvde" lemma="priti">pridi</w>
               <c>,</c>
               <S/>
               <w msd="Ggdvpm" lemma="dati">dajmo</w>
               <S/>
               <w msd="Zod-ed--k" lemma="ti">ti</w>
               <S/>
               <w msd="L" lemma="še">še</w>
               <S/>
               <w msd="Sometn" lemma="posluh">posluh</w>
               <c>,</c>
            </s>
         </p>
         <p xml:id="F0001881.001148">
            <s>
               <w msd="Vd" lemma="ki">ki</w>
               <S/>
               <w msd="Ggnste" lemma="voditi">vodi</w>
               <S/>
               <w msd="Zop-et--k" lemma="jaz">me</w>
               <S/>
               <w msd="Dt" lemma="v">v</w>
               <S/>
               <w msd="Sozmr" lemma="dalja">dalj</w>
               <c>,</c>
            </s>
         </p>
         <p xml:id="F0001881.001151">
            <s>
               <w msd="Ppnmein" lemma="slaboten">Slaboten</w>
               <S/>
               <w msd="Gp-spe-n" lemma="biti">sem</w>
               <S/>
               <w msd="Somei" lemma="človek">človek</w>
               <c>,</c>
            </s>
         </p>
         <p xml:id="F0001881.001162">
            <s>
               <w msd="Vd" lemma="da">da</w>
               <S/>
               <w msd="Ggdd-em" lemma="zavladati">zavladal</w>
               <S/>
               <w msd="Dm" lemma="v">v</w>
               <S/>
               <w msd="Zop-em" lemma="jaz">meni</w>
               <S/>
               <w msd="Gp-pte-n" lemma="biti">bo</w>
               <S/>
               <w msd="Somei" lemma="mir">mir</w>
               <S/>
               <w msd="Soser" lemma="srce">srca</w>
               <c>.</c>
            </s>
         </p>
         <p xml:id="F0001881.001170">
            <s>
               <w msd="Vd" lemma="da">da</w>
               <S/>
               <w msd="Sozei" lemma="kriza">kriza</w>
               <S/>
               <w msd="Zspmmrm" lemma="naš">naših</w>
               <S/>
               <w msd="Sommr" lemma="dan">dni</w>
               <c>,</c>
               <S/>
            </s>
         </p>
         <p xml:id="F0001881.001181">
            <s>
               <w msd="Sozei" lemma="hvala">Hvala</w>
               <S/>
               <w msd="Zotmed" lemma="on">Njemu</w>
               <c>,</c>
               <S/>
               <w msd="Vd" lemma="ki">ki</w>
               <S/>
               <w msd="Zop-mt" lemma="jaz">nas</w>
               <S/>
               <w msd="Gp-ste-n" lemma="biti">je</w>
               <S/>
               <w msd="Ggdd-em" lemma="ustvariti">ustvaril</w>
               <c>,</c>
            </s>
         </p>
         <p xml:id="F0001881.001209">
            <s>
               <w msd="Somei" lemma="storžek">Storžek</w>
               <c>,</c>
               <S/>
               <w msd="Ppnmeid" lemma="mali">mali</w>
               <S/>
               <w msd="Somei" lemma="ptiček">ptiček</w>
               <c>,</c>
               <S/>
            </s>
         </p>
         <p xml:id="F0001881.001212">
            <s>
               <w msd="Vp" lemma="saj">saj</w>
               <S/>
               <w msd="Rsn" lemma="tu">tu</w>
               <S/>
               <w msd="L" lemma="še">še</w>
               <S/>
               <w msd="Sozer" lemma="zima">zime</w>
               <S/>
               <w msd="Gp-ste-d" lemma="biti">ni</w>
               <c>.</c>
            </s>
         </p>
         <p xml:id="F0001881.001213">
            <s>
               <w msd="Dr" lemma="iz">Iz</w>
               <S/>
               <w msd="Sozmr" lemma="planina">planin</w>
               <S/>
               <w msd="Ggdd-ez" lemma="pregnati">pregnala</w>
               <S/>
               <w msd="Zk-zmt" lemma="ta">te</w>
               <S/>
               <w msd="Gp-ste-n" lemma="biti">je</w>
            </s>
         </p>
         <p xml:id="F0001881.001215">
            <s>
               <w msd="Dm" lemma="v">v</w>
               <S/>
               <w msd="Sozem" lemma="dolina">dolini</w>
               <S/>
               <w msd="Zk-zer" lemma="ta">te</w>
               <S/>
               <w msd="Gp-ste-n" lemma="biti">je</w>
               <S/>
               <w msd="Ggdd-es" lemma="sprejeti">sprejelo</w>
            </s>
         </p>
         <p xml:id="F0001881.001223">
            <s>
               <w msd="Sosei" lemma="petje">petje</w>
               <S/>
               <w msd="Ppnsei" lemma="petelinji">petelinje</w>
               <c>,</c>
            </s>
         </p>
         <p xml:id="F0001881.001240">
            <s>
               <w msd="Somei" lemma="studenček">studenček</w>
               <S/>
               <w msd="Ggnste" lemma="teči">teče</w>
               <c>,</c>
               <S/>
               <w msd="Ggnste" lemma="žuboreti">žubori</w>
               <c>,</c>
            </s>
         </p>
         <p xml:id="F0001881.001244">
            <s>
               <w msd="Ggnste" lemma="spremljati">spremlja</w>
               <S/>
               <w msd="Zspzeim" lemma="naš">naša</w>
               <S/>
               <w msd="Zc-smi" lemma="ves">vsa</w>
               <S/>
               <w msd="Sosmt" lemma="hotenje">hotenja</w>
               <c>,</c>
            </s>
         </p>
         <p xml:id="F0001881.001252">
            <s>
               <w msd="Vp" lemma="saj">saj</w>
               <S/>
               <w msd="Somei" lemma="stvarnik">Stvarnik</w>
               <S/>
               <w msd="Zsdmeie" lemma="tvoj">tvoj</w>
               <S/>
               <w msd="Gp-ste-n" lemma="biti">je</w>
               <S/>
               <w msd="Somei" lemma="bog">Bog</w>
               <c>,</c>
            </s>
         </p>
         <p xml:id="F0001881.001255">
            <s>
               <w msd="Sosei" lemma="drevje">Drevje</w>
               <S/>
               <w msd="Zp------k" lemma="se">se</w>
               <S/>
               <w msd="Ggnste" lemma="sklanjati">sklanja</w>
            </s>
         </p>
         <p xml:id="F0001881.001289">
            <s>
               <w msd="Do" lemma="z">z</w>
               <S/>
               <w msd="Sozeo" lemma="zarja">zarjo</w>
               <S/>
               <w msd="Zotmet--k" lemma="on">ga</w>
               <S/>
               <w msd="Sosei" lemma="sonce">sonce</w>
               <S/>
               <w msd="Ggvste" lemma="obsevati">obseva</w>
               <c>.</c>
            </s>
         </p>
         <p xml:id="F0001881.001290">
            <s>
               <w msd="Zz-mei" lemma="kdor">Kdor</w>
               <S/>
               <w msd="Ggnste" lemma="odhajati">odhaja</w>
               <S/>
               <w msd="Dr" lemma="iz">iz</w>
               <S/>
               <w msd="Ppnzer" lemma="roden">rodne</w>
               <S/>
               <w msd="Sozer" lemma="zemlja">zemlje</w>
            </s>
         </p>
         <p xml:id="F0001881.001303">
            <s>
               <w msd="Zz-mei" lemma="kdor">Kdor</w>
               <S/>
               <w msd="Ggnste" lemma="delati">dela</w>
               <c>,</c>
            </s>
         </p>
         <p xml:id="F0001881.001317">
            <s>
               <w msd="Vd" lemma="kakor">kakor</w>
               <S/>
               <w msd="Ggnd-ez" lemma="goreti">gorela</w>
               <S/>
               <w msd="Gp-g" lemma="biti">bi</w>
               <S/>
               <w msd="Sozei" lemma="livada">livada</w>
               <c>,</c>
            </s>
         </p>
         <p xml:id="F0001881.001343">
            <s>
               <w msd="Sosei" lemma="seme">seme</w>
               <S/>
               <w msd="Dt" lemma="v">v</w>
               <S/>
               <w msd="Sozet" lemma="zemlja">zemljo</w>
               <S/>
               <w msd="Zp------k" lemma="se">se</w>
               <S/>
               <w msd="Ggdste" lemma="deti">dene</w>
               <S/>
               <w msd="Rsn" lemma="lepo">lepo</w>
               <c>,</c>
            </s>
         </p>
         <p xml:id="F0001881.001356">
            <s>
               <w msd="Rsn" lemma="kako">Kako</w>
               <S/>
               <w msd="Gp-sde-n" lemma="biti">si</w>
               <S/>
               <w msd="Ppnmein" lemma="muhast">muhast</w>
               <c>,</c>
               <S/>
            </s>
         </p>
         <p xml:id="F0001881.001374">
            <s>
               <w msd="Dm" lemma="v">V</w>
               <S/>
               <w msd="Sozem" lemma="dežela">deželi</w>
               <S/>
               <w msd="Somei" lemma="junij">junij</w>
               <S/>
               <w msd="Ggnste" lemma="gospodariti">gospodari</w>
               <c>,</c>
            </s>
         </p>
         <p xml:id="F0001881.001411">
            <s>
               <w msd="Ppnmetd" lemma="zadnji">zadnji</w>
               <S/>
               <w msd="Sometn" lemma="udarec">udarec</w>
               <c>,</c>
               <S/>
               <w msd="Ggnvde" lemma="gledati">glej</w>
               <S/>
               <w msd="Sometn" lemma="polom">polom</w>
               <c>.</c>
               <S/>
            </s>
         </p>
         <p xml:id="F0001881.001420">
            <s>
               <w msd="Somei" lemma="veter">Veter</w>
            </s>
         </p>
         <p xml:id="F0001881.001423">
            <s>
               <w msd="Ggdspe" lemma="vzeti">vzamem</w>
               <S/>
               <w msd="L" lemma="tudi">tudi</w>
               <S/>
               <w msd="Soset" lemma="gnezdo">gnezdo</w>
               <S/>
               <w msd="Ppnsei" lemma="sračji">sračje</w>
               <c>,</c>
            </s>
         </p>
         <p xml:id="F0001881.001475">
            <s>
               <w msd="Dm" lemma="v">v</w>
               <S/>
               <w msd="Sozem" lemma="puščava">puščavi</w>
               <S/>
               <w msd="Zp------k" lemma="se">se</w>
               <S/>
               <w msd="Ggdste" lemma="znajti">znajde</w>
               <S/>
               <w msd="Somei" lemma="samotar">samotar</w>
               <c>,</c>
            </s>
         </p>
         <p xml:id="F0001881.001478">
            <s>
               <w msd="Vd" lemma="kjer">kjer</w>
               <S/>
               <w msd="Zod-ed--k" lemma="ti">ti</w>
               <S/>
               <w msd="Dm" lemma="v">v</w>
               <S/>
               <w msd="Sosem" lemma="življenje">življenju</w>
               <S/>
               <w msd="Ggnsde" lemma="hoditi">hodiš</w>
               <c>,</c>
            </s>
         </p>
         <p xml:id="F0001881.001488">
            <s>
               <w msd="Vd" lemma="ko">ko</w>
               <S/>
               <w msd="Sosei" lemma="zelenilo">zelenilo</w>
               <S/>
               <w msd="Ggnste" lemma="pokrivati">pokriva</w>
               <S/>
               <w msd="Ppnmetd" lemma="gorski">gorski</w>
               <S/>
               <w msd="Somei" lemma="svet">svet</w>
               <c>,</c>
            </s>
         </p>
         <p xml:id="F0001881.001492">
            <s>
               <w msd="Somei" lemma="pogled">pogled</w>
               <S/>
               <w msd="Ppnmein" lemma="čist">čist</w>
               <c>,</c>
               <S/>
               <w msd="Vd" lemma="kakor">kakor</w>
               <S/>
               <w msd="Gp-d-em" lemma="biti">bil</w>
               <S/>
               <w msd="Gp-g" lemma="biti">bi</w>
               <S/>
               <w msd="Pdnmein" lemma="umit">umit</w>
               <c>,</c>
            </s>
         </p>
         <p xml:id="F0001881.001498">
            <s>
               <w msd="Dr" lemma="iz">iz</w>
               <S/>
               <w msd="Ppnzer" lemma="božji">Božje</w>
               <S/>
               <w msd="Sozer" lemma="roka">roke</w>
               <S/>
               <w msd="Sozer" lemma="lepota">lepote</w>
               <S/>
               <w msd="Gp-stm-n" lemma="biti">so</w>
               <S/>
               <w msd="Pdnzmi" lemma="poslan">poslane</w>
               <c>.</c>
            </s>
         </p>
         <p xml:id="F0001881.001525">
            <s>
               <w msd="Slmei" lemma="Košnik">Košnik</w>
            </s>
         </p>
         <p xml:id="F0001881.001535">
            <s>
               <w msd="Pdnmetd" lemma="grozeč">grozeči</w>
               <S/>
               <w msd="Somei" lemma="tresk">tresk</w>
               <S/>
               <w msd="Vp" lemma="in">in</w>
               <S/>
               <w msd="Rsn" lemma="sila">sila</w>
            </s>
         </p>
         <p xml:id="F0001881.001574">
            <s>
               <w msd="Vd" lemma="ko">Ko</w>
               <S/>
               <w msd="Somei" lemma="brat">brat</w>
               <S/>
               <w msd="Dm" lemma="po">po</w>
               <S/>
               <w msd="Kbg-mm" lemma="šest">šestih</w>
               <S/>
               <w msd="Sommm" lemma="teden">tednih</w>
            </s>
         </p>
         <p xml:id="F0001881.001579">
            <s>
               <w msd="Vd" lemma="da">da</w>
               <S/>
               <w msd="Gp-g" lemma="biti">bi</w>
               <S/>
               <w msd="Sozet" lemma="živina">živino</w>
               <S/>
               <w msd="Ggdd-mm" lemma="nakrmiti">nakrmili</w>
               <c>,</c>
            </s>
         </p>
         <p xml:id="F0001881.001609">
            <s>
               <w msd="Sozei" lemma="odločitev">odločitev</w>
               <S/>
               <w msd="Ggdd-ez" lemma="pasti">padla</w>
               <S/>
               <w msd="Dt" lemma="za">za</w>
               <S/>
               <w msd="Zop-er" lemma="jaz">mene</w>
               <c>,</c>
               <S/>
               <w msd="Slmer" lemma="Janez">Janeza</w>
               <c>,</c>
            </s>
         </p>
         <p xml:id="F0001881.001610">
            <s>
               <w msd="Vd" lemma="čeprav">čeprav</w>
               <S/>
               <w msd="Ppsmeid" lemma="mlad">najmlajši</w>
               <S/>
               <w msd="Somei" lemma="košnik">Košnik</w>
               <c>,</c>
            </s>
         </p>
         <p xml:id="F0001881.001632">
            <s>
               <w msd="Rsn" lemma="domov">domov</w>
               <S/>
               <w msd="Zp------k" lemma="se">se</w>
               <S/>
               <w msd="L" lemma="že">že</w>
               <S/>
               <w msd="Ggnste" lemma="muditi">mudi</w>
               <c>.</c>
               <S/>
            </s>
         </p>
         <p xml:id="F0001881.001636">
            <s>
               <w msd="Sozei" lemma="katra">Katra</w>
               <S/>
               <w msd="Zp------k" lemma="se">se</w>
               <S/>
               <w msd="Ggnd-ez" lemma="ubadati">ubadala</w>
               <S/>
               <w msd="Gp-ste-n" lemma="biti">je</w>
               <S/>
               <w msd="Do" lemma="z">s</w>
               <S/>
               <w msd="Kbgmmo" lemma="trije">tremi</w>
               <c>.</c>
            </s>
         </p>
         <p xml:id="F0001881.001685">
            <s>
               <w msd="Vd" lemma="ko">Ko</w>
               <S/>
               <w msd="Dr" lemma="iz">iz</w>
               <S/>
               <w msd="Sozer" lemma="šola">šole</w>
               <S/>
               <w msd="Ggdspe" lemma="priti">pridem</w>
               <c>,</c>
            </s>
         </p>
         <p xml:id="F0001881.001704">
            <s>
               <w msd="Kbvmei" lemma="četrti">Četrti</w>
               <S/>
               <w msd="Sometn" lemma="razred">razred</w>
               <S/>
               <w msd="Gp-spe-n" lemma="biti">sem</w>
               <S/>
               <w msd="Ggdd-em" lemma="izdelati">izdelal</w>
               <c>,</c>
            </s>
         </p>
         <p xml:id="F0001881.001706">
            <s>
               <w msd="Somei" lemma="vpis">vpis</w>
               <S/>
               <w msd="Dt" lemma="v">v</w>
               <S/>
               <w msd="Kbvzem" lemma="peti">peti</w>
               <S/>
               <w msd="Sometn" lemma="razred">razred</w>
               <c>,</c>
            </s>
         </p>
         <p xml:id="F0001881.001737">
            <s>
               <w msd="Rsn" lemma="zdaj">Zdaj</w>
               <S/>
               <w msd="Rsn" lemma="spet">spet</w>
               <S/>
               <w msd="Gp-spe-n" lemma="biti">sem</w>
               <S/>
               <w msd="Rsn" lemma="doma">doma</w>
               <c>,</c>
               <S/>
               <w msd="Rsn" lemma="tam">tam</w>
               <c>,</c>
               <S/>
               <w msd="Vd" lemma="kjer">kjer</w>
               <S/>
               <w msd="Ppnmeid" lemma="rojsten">rojstni</w>
               <S/>
               <w msd="Somei" lemma="dom">dom</w>
               <S/>
               <w msd="Gp-ste-n" lemma="biti">je</w>
               <S/>
               <w msd="Zspmeie" lemma="moj">moj</w>
            </s>
         </p>
         <p xml:id="F0001881.001751">
            <s>
               <w msd="Sozei" lemma="družinica">družinica</w>
               <S/>
               <w msd="Do" lemma="z">z</w>
               <S/>
               <w msd="Zotzeo" lemma="on">njo</w>
               <S/>
               <w msd="Gp-ste-n" lemma="biti">je</w>
               <S/>
               <w msd="Ggdd-ez" lemma="oditi">odšla</w>
               <c>,</c>
            </s>
         </p>
         <p xml:id="F0001881.001821">
            <s>
               <w msd="Ppnsmi" lemma="tovoren">tovorna</w>
               <S/>
               <w msd="Sosmi" lemma="sredstvo">sredstva</w>
               <S/>
               <w msd="Gp-stm-n" lemma="biti">so</w>
               <S/>
               <w msd="Ppnsmi" lemma="prazen">prazna</w>
               <S/>
               <w msd="Ggdd-ms" lemma="oditi">odšla</w>
               <c>.</c>
               <S/>
            </s>
         </p>
         <p xml:id="F0001881.001834">
            <s>
               <w msd="Ppnmeid" lemma="globok">Globoki</w>
               <S/>
               <w msd="Somer" lemma="otrok">otroka</w>
               <S/>
               <w msd="Sommi" lemma="spomin">spomini</w>
            </s>
         </p>
         <p xml:id="F0001881.001847">
            <s>
               <w msd="Rsn" lemma="vse">vse</w>
               <S/>
               <w msd="Rsr" lemma="bolj">bolj</w>
               <S/>
               <w msd="Dt" lemma="na">na</w>
               <S/>
               <w msd="Sometn" lemma="vrh">vrh</w>
               <S/>
               <w msd="Ggnstm" lemma="dvigati">dvigajo</w>
               <S/>
               <w msd="Zp------k" lemma="se">se</w>
               <c>.</c>
               <S/>
            </s>
         </p>
         <p xml:id="F0001881.001869">
            <s>
               <w msd="Zv-set" lemma="kaj">kaj</w>
               <S/>
               <w msd="Gp-ppe-n" lemma="biti">bom</w>
               <S/>
               <w msd="Ggnd-em" lemma="delati">delal</w>
               <S/>
               <w msd="Rsn" lemma="zdaj">zdaj</w>
               <c>,</c>
            </s>
         </p>
         <p xml:id="F0001881.001882">
            <s>
               <w msd="Sozei" lemma="teža">teža</w>
               <S/>
               <w msd="Sozer" lemma="samota">samote</w>
               <S/>
               <w msd="Zp------k" lemma="se">se</w>
               <S/>
               <w msd="Sommi" lemma="oglas">oglasi</w>
               <c>.</c>
               <S/>
            </s>
         </p>
         <p xml:id="F0001881.001891">
            <s>
               <w msd="Sosei" lemma="polje">Polje</w>
               <S/>
               <w msd="Soser" lemma="življenje">življenja</w>
            </s>
         </p>
         <p xml:id="F0001881.001901">
            <s>
               <w msd="Sozei" lemma="misel">Misel</w>
               <S/>
               <w msd="Ggnste" lemma="stati">stoji</w>
               <c>,</c>
               <S/>
               <w msd="Rsn" lemma="kje">kje</w>
               <S/>
               <w msd="Gp-ste-n" lemma="biti">je</w>
               <S/>
               <w msd="Pdnmein" lemma="zavzet">zavzet</w>
               <c>,</c>
            </s>
         </p>
         <p xml:id="F0001881.001902">
            <s>
               <w msd="Rsn" lemma="kako">kako</w>
               <S/>
               <w msd="Zv-zei" lemma="kakšen">kakšna</w>
               <S/>
               <w msd="Sozei" lemma="stvar">stvar</w>
               <S/>
               <w msd="Zp------k" lemma="se">se</w>
               <S/>
               <w msd="Ggdste" lemma="napraviti">napravi</w>
               <c>,</c>
            </s>
         </p>
         <p xml:id="F0001881.001908">
            <s>
               <w msd="Rsn" lemma="kaj">kaj</w>
               <S/>
               <w msd="Vp" lemma="pa">pa</w>
               <S/>
               <w msd="Zk-zei" lemma="ta">ta</w>
               <c>-</c>
               <w msd="Ppnmeid" lemma="star">stari</w>
               <S/>
               <w msd="Ggnste" lemma="znati">zna</w>
               <S/>
               <w msd="Vp" lemma="in">in</w>
               <S/>
               <w msd="Ggnste" lemma="vedeti">ve</w>
               <c>.</c>
               <S/>
            </s>
         </p>
         <p xml:id="F0001881.001909">
            <s>
               <w msd="Ggdstm" lemma="obrniti">Obrnejo</w>
               <S/>
               <w msd="Zp------k" lemma="se">se</w>
               <S/>
               <w msd="Sozmi" lemma="številka">številke</w>
            </s>
         </p>
         <p xml:id="F0001881.001920">
            <s>
               <w msd="Ggdste" lemma="prikrasti">prikrade</w>
               <S/>
               <w msd="Zp------k" lemma="se">se</w>
               <S/>
               <w msd="Zop-ed--k" lemma="jaz">mi</w>
               <S/>
               <w msd="Dm" lemma="v">v</w>
               <S/>
               <w msd="Sozmm" lemma="misel">mislih</w>
               <S/>
               <w msd="Soser" lemma="srce">srca</w>
               <c>,</c>
            </s>
         </p>
         <p xml:id="F0001881.001936">
            <s>
               <w msd="Vp" lemma="saj">saj</w>
               <S/>
               <w msd="Zp---d--k" lemma="se">si</w>
               <S/>
               <w msd="Dt" lemma="za">za</w>
               <S/>
               <w msd="Kbg-mt" lemma="devet">devet</w>
               <S/>
               <w msd="Sosmr" lemma="dekle">deklet</w>
               <c>,</c>
            </s>
         </p>
         <p xml:id="F0001881.001958">
            <s>
               <w msd="Vd" lemma="ko">ko</w>
               <S/>
               <w msd="Somei" lemma="mrak">mrak</w>
               <S/>
               <w msd="Do" lemma="pred">pred</w>
               <S/>
               <w msd="Soseo" lemma="sonce">soncem</w>
               <S/>
               <w msd="Ggnste" lemma="bežati">beži</w>
               <c>,</c>
               <S/>
            </s>
         </p>
         <p xml:id="F0001881.001962">
            <s>
               <w msd="Sosei" lemma="čudo">čudo</w>
               <S/>
               <w msd="Soser" lemma="stvarstvo">stvarstva</w>
               <c>,</c>
               <S/>
               <w msd="Rsn" lemma="kaj">kaj</w>
               <S/>
               <w msd="Dm" lemma="v">v</w>
               <S/>
               <w msd="Sosem" lemma="srce">srcu</w>
               <S/>
               <w msd="Ggdsde" lemma="zaslediti">zaslediš</w>
               <c>,</c>
            </s>
         </p>
         <p xml:id="F0001881.001978">
            <s>
               <w msd="L" lemma="samo">samo</w>
               <S/>
               <w msd="L" lemma="ne">ne</w>
               <S/>
               <w msd="Rsn" lemma="nocoj">nocoj</w>
               <c>,</c>
               <S/>
               <w msd="Somei" lemma="fantič">fantič</w>
               <S/>
               <w msd="Zspmete" lemma="moj">moj</w>
               <c>,</c>
            </s>
         </p>
         <p xml:id="F0001881.001999">
            <s>
               <w msd="Vd" lemma="čeprav">Čeprav</w>
               <S/>
               <w msd="Sommr" lemma="očitek">očitkov</w>
               <S/>
               <w msd="Gp-ste-d" lemma="biti">ni</w>
               <c>,</c>
               <S/>
            </s>
         </p>
         <p xml:id="F0001881.002011">
            <s>
               <w msd="Zspseie" lemma="moj">Moje</w>
               <S/>
               <w msd="Sosei" lemma="zdravje">zdravje</w>
               <c>!</c>
               <S/>
            </s>
         </p>
         <p xml:id="F0001881.002020">
            <s>
               <w msd="Vd" lemma="ker">ker</w>
               <S/>
               <w msd="Gp-ste-d" lemma="biti">ni</w>
               <S/>
               <w msd="Sozer" lemma="ljubezen">ljubezni</w>
               <S/>
               <w msd="Sozer" lemma="prava">prave</w>
               <S/>
               <w msd="Dr" lemma="do">do</w>
               <S/>
               <w msd="Somer" lemma="bog">Boga</w>
               <c>,</c>
            </s>
         </p>
         <p xml:id="F0001881.002033">
            <s>
               <w msd="Vp" lemma="pa">pa</w>
               <S/>
               <w msd="Zp------k" lemma="se">se</w>
               <S/>
               <w msd="Zop-ed--k" lemma="jaz">mi</w>
               <S/>
               <w msd="Zk-sei" lemma="ta">to</w>
               <S/>
               <w msd="Ggdste" lemma="zgoditi">zgodi</w>
               <c>.</c>
               <S/>
            </s>
         </p>
         <p xml:id="F0001881.002037">
            <s>
               <w msd="Dm" lemma="po">po</w>
               <S/>
               <w msd="Kbgsmm" lemma="trije">treh</w>
               <S/>
               <w msd="Sosmm" lemma="leto">letih</w>
               <S/>
               <w msd="Ggnd-em" lemma="stati">stal</w>
               <S/>
               <w msd="Dm" lemma="v">v</w>
               <S/>
               <w msd="Sozem" lemma="vera">veri</w>
               <S/>
               <w msd="Rsn" lemma="trdno">trdno</w>
               <S/>
               <w msd="Gp-spe-n" lemma="biti">sem</w>
               <c>.</c>
               <S/>
            </s>
         </p>
         <p xml:id="F0001881.002038">
            <s>
               <w msd="Rsn" lemma="kar">Kar</w>
               <S/>
               <w msd="Ggdd-em" lemma="stopiti">stopil</w>
               <S/>
               <w msd="Zotmei" lemma="on">On</w>
               <S/>
               <w msd="Gp-ste-n" lemma="biti">je</w>
               <S/>
               <w msd="Dt" lemma="na">na</w>
               <S/>
               <w msd="Sozet" lemma="zemlja">zemljo</w>
               <c>,</c>
               <S/>
            </s>
         </p>
         <p xml:id="F0001881.002055">
            <s>
               <w msd="Somei" lemma="glas">glas</w>
               <S/>
               <w msd="Zstmetem" lemma="njegov">njegov</w>
               <S/>
               <w msd="Gp-ste-n" lemma="biti">je</w>
               <S/>
               <w msd="Ppnmein" lemma="razločen">razločen</w>
               <c>.</c>
               <S/>
            </s>
         </p>
         <p xml:id="F0001881.002078">
            <s>
               <w msd="Rsn" lemma="kar">Kar</w>
               <S/>
               <w msd="Sozmi" lemma="pesem">pesmi</w>
               <S/>
               <w msd="Ggnspe" lemma="pisati">pišem</w>
               <c>,</c>
            </s>
         </p>
         <p xml:id="F0001881.002111">
            <s>
               <w msd="Vd" lemma="da">da</w>
               <S/>
               <w msd="L" lemma="še">še</w>
               <S/>
               <w msd="Dt" lemma="za">za</w>
               <S/>
               <w msd="Soset" lemma="spanje">spanje</w>
               <S/>
               <w msd="Rsn" lemma="dosti">dosti</w>
               <S/>
               <w msd="Somer" lemma="čas">časa</w>
               <S/>
               <w msd="Gp-ste-d" lemma="biti">ni</w>
               <c>.</c>
            </s>
         </p>
         <p xml:id="F0001881.002134">
            <s>
               <w msd="Zk-mmi" lemma="ta">Ti</w>
               <S/>
               <w msd="Ggnvde" lemma="delati">delaj</w>
               <c>,</c>
               <S/>
               <w msd="Ggnste" lemma="mučiti">muči</w>
               <S/>
               <w msd="Zp------k" lemma="se">se</w>
               <c>,</c>
            </s>
         </p>
         <p xml:id="F0001881.002150">
            <s>
               <w msd="Sozei" lemma="podzavest">Podzavest</w>
            </s>
         </p>
         <p xml:id="F0001881.002152">
            <s>
               <w msd="Slmei" lemma="Marko">Marko</w>
               <c>,</c>
               <S/>
               <w msd="Soser" lemma="pismo">pisma</w>
               <S/>
               <w msd="Zsdzeie" lemma="tvoj">tvoja</w>
               <S/>
               <w msd="Zop-ed--k" lemma="jaz">mi</w>
               <S/>
            </s>
         </p>
         <p xml:id="F0001881.002169">
            <s>
               <w msd="Zspmerd" lemma="najin">najinega</w>
               <S/>
               <w msd="Somer" lemma="zakon">zakona</w>
               <S/>
               <w msd="Sommr" lemma="dan">dni</w>
               <c>,</c>
            </s>
         </p>
         <p xml:id="F0001881.002178">
            <s>
               <w msd="Dt" lemma="na">Na</w>
               <S/>
               <w msd="Sosmt" lemma="vrata">vrata</w>
               <S/>
               <w msd="Ggnste" lemma="trkati">trka</w>
               <S/>
               <w msd="Ppnset" lemma="nov">novo</w>
               <S/>
               <w msd="Soset" lemma="leto">leto</w>
               <c>,</c>
            </s>
         </p>
         <p xml:id="F0001881.002190">
            <s>
               <w msd="L" lemma="tudi">Tudi</w>
               <S/>
               <w msd="Dr" lemma="od">od</w>
               <S/>
               <w msd="Rsn" lemma="takrat">takrat</w>
               <S/>
               <w msd="Gp-ste-d" lemma="biti">ni</w>
               <S/>
               <w msd="Ggnd-ez" lemma="teči">tekla</w>
               <S/>
               <w msd="Sozei" lemma="pot">pot</w>
               <S/>
               <w msd="Rsn" lemma="gladko">gladko</w>
               <c>,</c>
            </s>
         </p>
         <p xml:id="F0001881.002200">
            <s>
               <w msd="Vd" lemma="čeprav">čeprav</w>
               <S/>
               <w msd="Dr" lemma="od">od</w>
               <S/>
               <w msd="Sommr" lemma="sin">sinov</w>
               <S/>
               <w msd="Dt" lemma="za">za</w>
               <S/>
               <w msd="Zop-et--k" lemma="jaz">me</w>
               <S/>
               <w msd="Ppnzem" lemma="sleheren">sleherni</w>
               <S/>
               <w msd="Ggnste" lemma="skrbeti">skrbi</w>
               <c>,</c>
            </s>
         </p>
         <p xml:id="F0001881.002201">
            <s>
               <w msd="L" lemma="le">le</w>
               <S/>
               <w msd="Slzei" lemma="Majda">Majda</w>
               <S/>
               <w msd="Rsr" lemma="več">več</w>
               <S/>
               <w msd="Zp------k" lemma="se">se</w>
               <S/>
               <w msd="L" lemma="ne">ne</w>
               <S/>
               <w msd="Ggdste" lemma="vrniti">vrne</w>
               <c>.</c>
            </s>
         </p>
         <p xml:id="F0001881.002233">
            <s>
               <w msd="Rsn" lemma="včasih">včasih</w>
               <S/>
               <w msd="Ggnste-n" lemma="imeti">ima</w>
               <S/>
               <w msd="Vp" lemma="pa">pa</w>
               <S/>
               <w msd="Kbgmmt" lemma="trije">tri</w>
               <c>,</c>
            </s>
         </p>
         <p xml:id="F0001881.002241">
            <s>
               <w msd="Zp------k" lemma="se">se</w>
               <S/>
               <w msd="Ggnste" lemma="oglašati">oglaša</w>
               <S/>
               <w msd="Somei" lemma="glas">glas</w>
               <S/>
               <w msd="Somer" lemma="človek">človeka</w>
               <S/>
               <w msd="Sozer" lemma="domišljija">domišljije</w>
               <c>.</c>
               <S/>
            </s>
         </p>
         <p xml:id="F0001881.002244">
            <s>
               <w msd="Zv-mei" lemma="kdo">kdo</w>
               <S/>
               <w msd="Ggdd-em" lemma="ustvariti">ustvaril</w>
               <S/>
               <w msd="Zop-ed--k" lemma="jaz">mi</w>
               <S/>
               <w msd="Gp-ste-n" lemma="biti">je</w>
               <S/>
               <w msd="Dt" lemma="v">v</w>
               <S/>
               <w msd="Soset" lemma="srce">srce</w>
               <c>,</c>
            </s>
         </p>
         <p xml:id="F0001881.002271">
            <s>
               <w msd="Dt" lemma="v">V</w>
               <S/>
               <w msd="Sommt" lemma="las">lase</w>
               <S/>
               <w msd="Ggnste" lemma="vpletati">vpleta</w>
               <S/>
               <w msd="Zp------k" lemma="se">se</w>
               <S/>
               <w msd="Sosei" lemma="srebro">srebro</w>
               <c>,</c>
               <S/>
            </s>
         </p>
         <p xml:id="F0001881.002273">
            <s>
               <w msd="Rsn" lemma="nekaj">nekaj</w>
               <S/>
               <w msd="Sozer" lemma="moč">moči</w>
               <S/>
               <w msd="Ggdd-mm" lemma="odpeljati">odpeljali</w>
               <S/>
               <w msd="Gp-stm-n" lemma="biti">so</w>
               <c>,</c>
            </s>
         </p>
         <p xml:id="F0001881.002279">
            <s>
               <w msd="Vp" lemma="in">IN</w>
               <S/>
               <w msd="Dm" lemma="po">PO</w>
               <S/>
               <w msd="Somem" lemma="bog">BOGU</w>
               <S/>
               <w msd="Ggnste" lemma="hrepeneti">HREPENI</w>
            </s>
         </p>
         <p xml:id="F0001881.002287">
            <s>
               <w msd="Ggdm" lemma="narediti">naredit</w>
               <c>'</c>
               <S/>
               <w msd="L" lemma="ne">ne</w>
               <S/>
               <w msd="Ggnste" lemma="znati">zna</w>
               <c>,</c>
            </s>
         </p>
         <p xml:id="F0001881.002306">
            <s>
               <w msd="Sommi" lemma="zvon">Zvonovi</w>
               <S/>
               <w msd="Rsn" lemma="zadnjič">zadnjič</w>
               <S/>
               <w msd="Rsn" lemma="zdaj">zdaj</w>
               <S/>
               <w msd="Ggnstm" lemma="peti">pojo</w>
               <c>,</c>
            </s>
         </p>
         <p xml:id="F0001881.002322">
            <s>
               <w msd="Vd" lemma="ko">ko</w>
               <S/>
               <w msd="Somei" lemma="človek">človek</w>
               <S/>
               <w msd="Ggnste" lemma="umirati">umira</w>
               <c>,</c>
            </s>
         </p>
         <p xml:id="F0001881.002326">
            <s>
               <w msd="Sozei" lemma="beseda">beseda</w>
               <S/>
               <w msd="Ppnzei" lemma="sam">sama</w>
               <S/>
               <w msd="Rsn" lemma="dosti">dosti</w>
               <S/>
               <w msd="Gp-ste-d" lemma="biti">ni</w>
               <c>,</c>
               <S/>
            </s>
         </p>
         <p xml:id="F0001881.002356">
            <s>
               <w msd="Kav" lemma="12.">12.</w>
               <S/>
               <w msd="Kag" lemma="5">5</w>
               <c>.</c>
               <S/>
            </s>
            <s>
               <w msd="Kag" lemma="2001">2001</w>
               <S/>
            </s>
         </p>
         <p xml:id="F0001881.002359">
            <s>
               <w msd="Dm" lemma="v">v</w>
               <S/>
               <w msd="Zspzmmm" lemma="naš">naših</w>
               <S/>
               <w msd="Sosmm" lemma="srce">srcih</w>
               <S/>
               <w msd="L" lemma="še">še</w>
               <S/>
               <w msd="Ggnsdm" lemma="živeti">živite</w>
               <c>,</c>
            </s>
         </p>
         <p xml:id="F0001881.002370">
            <s>
               <w msd="Sozet" lemma="domovina">domovino</w>
               <S/>
               <w msd="Ggnstm" lemma="vezati">vežejo</w>
               <S/>
               <w msd="Ppnzmi" lemma="peklenski">peklenske</w>
               <S/>
               <w msd="L" lemma="še">še</w>
               <S/>
               <w msd="Sozmt" lemma="vez">vezi</w>
               <c>,</c>
               <S/>
            </s>
         </p>
         <p xml:id="F0001881.002383">
            <s>
               <w msd="Sozei" lemma="molitev">Molitev</w>
               <c>,</c>
               <S/>
               <w msd="Vd" lemma="ki">ki</w>
               <S/>
               <w msd="Dr" lemma="iz">iz</w>
               <S/>
               <w msd="Sozmr" lemma="globina">globin</w>
               <S/>
               <w msd="Soser" lemma="srce">srca</w>
            </s>
         </p>
         <p xml:id="F0001881.002389">
            <s>
               <w msd="Somed" lemma="človek">človeku</w>
               <S/>
               <w msd="Vp" lemma="niti">niti</w>
               <S/>
               <w msd="Zp------k" lemma="se">se</w>
               <S/>
               <w msd="L" lemma="ne">ne</w>
               <S/>
               <w msd="Ggnste" lemma="sanjati">sanja</w>
               <c>,</c>
            </s>
         </p>
         <p xml:id="F0001881.002457">
            <s>
               <w msd="Vp" lemma="a">A</w>
               <S/>
               <w msd="Zk-sei" lemma="ta">to</w>
               <S/>
               <w msd="Dt" lemma="za">za</w>
               <S/>
               <w msd="Ppnset" lemma="dober">dobro</w>
               <S/>
               <w msd="Soset" lemma="jutro">jutro</w>
               <S/>
               <w msd="Gp-ste-n" lemma="biti">je</w>
               <S/>
               <w msd="Gp-d-es" lemma="biti">bilo</w>
               <c>,</c>
               <S/>
            </s>
         </p>
         <p xml:id="F0001881.002460">
            <s>
               <w msd="Ppnzei" lemma="dolg">dolga</w>
               <S/>
               <w msd="Kag" lemma="16">16</w>
               <S/>
               <w msd="Sosmr" lemma="leto">let</w>
               <S/>
               <w msd="Sozei" lemma="pot">pot</w>
               <S/>
               <w msd="Gp-ste-n" lemma="biti">je</w>
               <S/>
               <w msd="Gp-d-ez" lemma="biti">bila</w>
               <c>.</c>
               <S/>
            </s>
         </p>
         <p xml:id="F0001881.002495">
            <s>
               <w msd="Slzei" lemma="Majda">Majda</w>
               <c>,</c>
               <S/>
               <w msd="Zsdmeie" lemma="tvoj">tvoj</w>
               <S/>
               <w msd="Ppnmetd" lemma="godoven">godovni</w>
               <S/>
               <w msd="Sometn" lemma="dan">dan</w>
               <S/>
            </s>
         </p>
         <p xml:id="F0001881.002498">
            <s>
               <w msd="Zod-ei" lemma="ti">ti</w>
               <S/>
               <w msd="Rsn" lemma="danes">danes</w>
               <S/>
               <w msd="Ggnsde" lemma="godovati">goduješ</w>
               <c>,</c>
               <S/>
            </s>
         </p>
         <p xml:id="F0001881.002514">
            <s>
               <w msd="Dt" lemma="za">za</w>
               <S/>
               <w msd="Zc-set" lemma="ves">vse</w>
               <c>,</c>
               <S/>
               <w msd="Rsn" lemma="kar">kar</w>
               <S/>
               <w msd="Dt" lemma="za">za</w>
               <S/>
               <w msd="Zop-et--k" lemma="jaz">me</w>
               <S/>
               <w msd="Zp---d--k" lemma="se">si</w>
               <S/>
               <w msd="Ggdd-ez" lemma="narediti">naredila</w>
               <c>,</c>
               <S/>
            </s>
         </p>
         <p xml:id="F0001881.002526">
            <s>
               <w msd="Ppnzei" lemma="drag">draga</w>
               <S/>
               <w msd="Slzei" lemma="Majda">Majda</w>
               <c>,</c>
               <S/>
               <w msd="Dt" lemma="za">za</w>
               <S/>
               <w msd="Ppnset" lemma="večen">večno</w>
               <S/>
               <w msd="Soset" lemma="telo">telo</w>
               <S/>
               <w msd="Zk-set" lemma="ta">to</w>
               <S/>
               <w msd="Ggnste" lemma="spati">spi</w>
               <c>.</c>
            </s>
         </p>
         <p xml:id="F0001881.002562">
            <s>
               <w msd="Kav" lemma="21.">21.</w>
               <S/>
               <w msd="Kag" lemma="2">2</w>
               <c>.</c>
               <S/>
            </s>
            <s>
               <w msd="Kag" lemma="2009">2009</w>
               <S/>
            </s>
         </p>
         <p xml:id="F0001881.002574">
            <s>
               <w msd="Rsn" lemma="kam">kam</w>
               <S/>
               <w msd="Ggvsde" lemma="iti">greš</w>
               <c>,</c>
               <S/>
               <w msd="Rsn" lemma="kje">kje</w>
               <S/>
               <w msd="Zp---d--k" lemma="se">si</w>
               <S/>
               <w msd="Ggnd-em" lemma="biti">bil</w>
               <c>,</c>
               <S/>
               <w msd="Vd" lemma="da">da</w>
               <S/>
               <w msd="Rsn" lemma="doma">doma</w>
               <S/>
               <w msd="Zk-mmt" lemma="ta">te</w>
               <S/>
               <w msd="Gp-ste-d" lemma="biti">ni</w>
               <c>.</c>
               <S/>
            </s>
         </p>
         <p xml:id="F0001881.002575">
            <s>
               <w msd="Vd" lemma="ako">Ako</w>
               <S/>
               <w msd="Vp" lemma="pa">pa</w>
               <S/>
               <w msd="Slmei" lemma="Jezus">Jezus</w>
               <S/>
               <w msd="Do" lemma="z">z</w>
               <S/>
               <w msd="Zop-eo" lemma="jaz">menoj</w>
               <S/>
               <w msd="Ggnste" lemma="živeti">živi</w>
               <c>,</c>
            </s>
         </p>
      </body>
   </text>
</TEI>