<?xml version="1.0" encoding="UTF-8"?>
<TEI xmlns="http://www.tei-c.org/ns/1.0" xml:id="F0000413" xml:lang="sl">
   <teiHeader>
      <fileDesc>
         <titleStmt>
            <title>ccKRES: [DZS] (1999)</title>
            <funder>Operacijo delno financira Evropska unija iz Evropskega socialnega sklada ter Ministrstvo za šolstvo in šport. Operacija se izvaja v okviru Operativnega programa razvoja človeških virov za obdobje 2007-2013, razvojne prioritete: razvoj človeških virov in vseživljenjskega učenja; prednostne usmeritve: izboljšanje kakovosti in učinkovitosti sistemov izobraževanja in usposabljanja 2007-2013.</funder>
         </titleStmt>
         <editionStmt>
            <edition>1.0</edition>
         </editionStmt>
         <extent>247 besed</extent>
         <publicationStmt>
            <idno>DZVEZEK</idno>
            <availability status="free">
               <p xml:lang="sl">Avtorske pravice za to izdajo ureja licenca <ref target="http://creativecommons.org/licenses/by-nc/2.5/si/">Creative Commons Priznanje avtorstva-Nekomercialno 2.5 Slovenija</ref>.</p>
               <p xml:lang="en">This work is licenced under the <ref target="http://creativecommons.org/licenses/by-nc/2.5/si/deed.en">Creative Commons Attribution-Noncommercial 2.5 Slovenia</ref>.</p>
            </availability>
            <date>2012-05-06</date>
         </publicationStmt>
         <sourceDesc>
            <bibl>
               <note>
DZS-Učbenik-Delovni zvezek
</note>
               <title n="???">neznani naslov</title>
               <author n="???">neznani avtor</author>
               <date>1999</date>
               <publisher n="DZS">DZS</publisher>
               <note type="sourceLang"/>
            </bibl>
         </sourceDesc>
      </fileDesc>
      <encodingDesc>
         <projectDesc>
            <p xml:lang="sl">Glej <ref target="http://www.korpus-kres.net/">www.korpus-kres.net</ref> oz. <ref target="http://nl.ijs.si/ssj/">nl.ijs.si/ssj</ref>.</p>
            <p xml:lang="en">See <ref target="http://www.korpus-kres.net/">www.korpus-kres.net</ref> or <ref target="http://nl.ijs.si/ssj/">nl.ijs.si/ssj</ref>.</p>
         </projectDesc>
         <samplingDecl>
            <p xml:lang="sl">
            Besedila in odstavki v korpusu KRES so bili vzorčeni iz
            Gigafide tako, da smo dobili 100-milijonski referenčni
            korpus, v katerem so besedila uravnotežena po vnaprej
            določenih taksonomskih deležih in po podatkih o branosti
            vira (časopisi, revije, novičarski portali).  Korpus
            ccKRES nato, z namenom, da je lahko dostopen po licenci CC,
            vsebuje 10 % naključno vzorčenih odstavkov besedil iz
            korpusa KRES, torej 10 milijonov besed.
	    Več o sestavi korpusa lahko preberete na 
            <ref target="http://www.korpus-kres.net/">www.korpus-kres.net</ref> oz.
            <ref target="http://nl.ijs.si/ssj/">nl.ijs.si/ssj</ref>.
	  </p>
            <p xml:lang="en">
            Texts and paragraphs in the KRES corpus have been sampled from the 
	    Gigafida corpus. The result of the sampling is a 100-million-word 
	    reference corpus. The texts in KRES are balanced according to the 
	    predetermined categories, with particular consideration being paid to 
	    the data on the popularity of the source (newspapers, magazines, 
	    Internet news sites). 
	    To enable free (CC) distribution of the corpus, the ccKRES corpus contains 
	    10% of randomly sampled paragraphs from KRES, i.e. contains 10 million words.
	    For more information about the contents of the corpus, 
	    see <ref target="http://www.korpus-kres.net/">www.korpus-kres.net</ref>
	    and <ref target="http://nl.ijs.si/ssj/">nl.ijs.si/ssj</ref>.
	  </p>
         </samplingDecl>
         <tagsDecl>
            <namespace name="http://www.tei-c.org/ns/1.0">
               <tagUsage gi="c" occurs="542"/>
               <tagUsage gi="p" occurs="25"/>
               <tagUsage gi="s" occurs="30"/>
               <tagUsage gi="S" occurs="722"/>
               <tagUsage gi="w" occurs="247"/>
            </namespace>
         </tagsDecl>
         <classDecl>
            <taxonomy xml:id="SSJ">
               <category xml:id="SSJ.T">
                  <catDesc>tisk</catDesc>
                  <category xml:id="SSJ.T.K">
                     <catDesc>knjižno</catDesc>
                     <category xml:id="SSJ.T.K.L">
                        <catDesc>leposlovno</catDesc>
                     </category>
                     <category xml:id="SSJ.T.K.S">
                        <catDesc>strokovno</catDesc>
                     </category>
                  </category>
                  <category xml:id="SSJ.T.P">
                     <catDesc>periodično</catDesc>
                     <category xml:id="SSJ.T.P.C">
                        <catDesc>časopis</catDesc>
                     </category>
                     <category xml:id="SSJ.T.P.R">
                        <catDesc>revija</catDesc>
                     </category>
                  </category>
                  <category xml:id="SSJ.T.D">
                     <catDesc>drugo</catDesc>
                  </category>
               </category>
               <category xml:id="SSJ.I">
                  <catDesc>internet</catDesc>
               </category>
            </taxonomy>
         </classDecl>
      </encodingDesc>
      <profileDesc>
         <textClass>
            <catRef target="#SSJ.T.K.S"/>
         </textClass>
      </profileDesc>
   </teiHeader>
   <text xml:id="F0000413." xml:lang="sl">
      <body>
         <p xml:id="F0000413.000018">
            <s>
               <w msd="Sozei" lemma="slika">slika</w>
               <S/>
               <w msd="Kag" lemma="18">18</w>
               <S/>
               <c>,</c>
               <S/>
               <w msd="Ppnmeid" lemma="šolski">Šolski</w>
               <S/>
               <w msd="Ppnmeid" lemma="zgodovinski">zgodovinski</w>
               <S/>
               <w msd="Somei" lemma="atlas">atlas</w>
               <S/>
               <w msd="O" lemma="str.">str.</w>
               <S/>
               <w msd="Kag" lemma="43">43</w>
               <c>:</c>
               <S/>
               <w msd="Somei" lemma="nastanek">Nastanek</w>
               <S/>
               <w msd="Sozer" lemma="kraljevina">Kraljevine</w>
               <S/>
               <w msd="Slmei" lemma="SHS">SHS</w>
            </s>
         </p>
         <p xml:id="F0000413.000059">
            <s>
               <w msd="Sozei" lemma="slika">slika</w>
               <S/>
               <w msd="Kag" lemma="60">60</w>
               <c>,</c>
               <S/>
               <w msd="Ppnmeid" lemma="šolski">Šolski</w>
               <S/>
               <w msd="Ppnmeid" lemma="zgodovinski">zgodovinski</w>
               <S/>
               <w msd="Somei" lemma="atlas">atlas</w>
               <c>,</c>
               <S/>
               <w msd="O" lemma="str.">str.</w>
               <S/>
               <w msd="Kag" lemma="55">55</w>
               <c>:</c>
               <S/>
               <w msd="Sosei" lemma="preseljevanje">Preseljevanje</w>
               <S/>
               <w msd="Soser" lemma="prebivalstvo">prebivalstva</w>
            </s>
         </p>
         <p xml:id="F0000413.000065">
            <s>
               <w msd="Sozei" lemma="slika">slika</w>
               <S/>
               <w msd="Kag" lemma="66">66</w>
               <c>,</c>
               <S/>
               <w msd="O" lemma="B.">B.</w>
               <S/>
               <w msd="Slmei" lemma="Repe">Repe</w>
               <c>,</c>
               <S/>
               <w msd="Zspzeim" lemma="naš">Naša</w>
               <S/>
               <w msd="Sozei" lemma="doba">doba</w>
               <c>,</c>
               <S/>
               <w msd="O" lemma="str.">str.</w>
               <S/>
               <w msd="Kag" lemma="225">225</w>
               <c>:</c>
               <S/>
               <w msd="Ppnzei" lemma="nov">Nova</w>
               <S/>
               <w msd="Ppnzei" lemma="ameriški">ameriška</w>
               <S/>
               <w msd="Ppnzei" lemma="vesoljski">vesoljska</w>
               <S/>
               <w msd="Sozei" lemma="postaja">postaja</w>
            </s>
         </p>
         <p xml:id="F0000413.000084">
            <s>
               <w msd="Sozei" lemma="slika">slika</w>
               <S/>
               <w msd="Kav" lemma="85.">85.</w>
               <S/>
               <w msd="Kav" lemma="20.">20.</w>
               <S/>
               <w msd="O" lemma="stol.">stol.</w>
               <S/>
               <w msd="Dm" lemma="v">v</w>
               <S/>
               <w msd="Slmetn" lemma="zgo">zgo</w>
               <c>.</c>
               <S/>
               <w msd="Sommm" lemma="vir">virih</w>
               <c>,</c>
               <S/>
               <w msd="Ggnste" lemma="besediti">besedi</w>
               <S/>
               <w msd="Vp" lemma="in">in</w>
               <S/>
               <w msd="Sozmm" lemma="slika">slikah</w>
               <c>,</c>
               <S/>
               <w msd="Kag" lemma="1939">1939</w>
               <c>-</c>
               <w msd="Kag" lemma="1945">1945</w>
               <c>,</c>
               <S/>
               <w msd="O" lemma="str.">str.</w>
               <w msd="Kag" lemma="48">48</w>
               <c>:</c>
               <S/>
               <w msd="Kav" lemma="2.">2.</w>
               <S/>
               <w msd="Vp" lemma="in">in</w>
               <S/>
               <w msd="Kav" lemma="3.">3.</w>
               <S/>
               <w msd="Somei" lemma="sklep">sklep</w>
               <S/>
               <w msd="Sozer" lemma="konferenca">konference</w>
               <S/>
               <w msd="Dm" lemma="na">na</w>
               <S/>
               <w msd="Sozem" lemma="jalta">Jalti</w>
            </s>
         </p>
         <p xml:id="F0000413.000114">
            <s>
               <w msd="Ggdste" lemma="dopolniti">DOPOLNI</w>
               <c>!</c>
            </s>
         </p>
         <p xml:id="F0000413.000156">
            <s>
               <w msd="Somei" lemma="c">c</w>
               <c>/</c>
               <S/>
               <c>*</c>
               <c>*</c>
               <S/>
               <w msd="Gp-stm-n" lemma="biti">so</w>
               <S/>
               <w msd="Dm" lemma="v">v</w>
               <S/>
               <w msd="Ppnzem" lemma="nov">novi</w>
               <S/>
               <w msd="Ppnzem" lemma="političen">politični</w>
               <S/>
               <w msd="Sozem" lemma="podoba">podobi</w>
               <S/>
               <w msd="Somer" lemma="svet">sveta</w>
               <S/>
               <w msd="Pdnmmi" lemma="upoštevan">upoštevani</w>
               <S/>
               <w msd="Sommi" lemma="interes">interesi</w>
               <c>,</c>
               <S/>
               <w msd="Sozmt" lemma="potreba">potrebe</w>
               <S/>
               <w msd="Vp" lemma="in">in</w>
               <S/>
               <w msd="Sozer" lemma="želja">želje</w>
               <S/>
               <w msd="Sommr" lemma="človek">ljudi</w>
               <c>?</c>
               <S/>
               <c>.</c>
               <S/>
               <c>.</c>
               <S/>
               <c>.</c>
               <S/>
               <c>.</c>
               <S/>
               <c>.</c>
               <S/>
               <c>.</c>
               <S/>
               <c>.</c>
               <S/>
               <c>.</c>
               <S/>
               <c>.</c>
               <S/>
               <c>.</c>
               <S/>
               <c>.</c>
               <S/>
               <c>.</c>
               <S/>
               <c>.</c>
               <S/>
               <c>.</c>
               <S/>
               <c>.</c>
               <S/>
               <c>.</c>
               <S/>
               <c>.</c>
               <S/>
               <c>.</c>
               <S/>
               <c>.</c>
               <S/>
               <c>.</c>
               <S/>
               <c>.</c>
               <S/>
               <c>.</c>
               <S/>
               <c>.</c>
               <S/>
               <c>.</c>
               <S/>
               <c>.</c>
               <S/>
               <c>.</c>
               <S/>
               <c>.</c>
               <S/>
               <c>.</c>
               <S/>
               <c>.</c>
               <S/>
               <c>.</c>
               <S/>
               <c>.</c>
               <S/>
               <c>.</c>
               <S/>
               <c>.</c>
               <S/>
               <c>.</c>
               <S/>
               <c>.</c>
               <S/>
               <c>.</c>
               <S/>
               <c>.</c>
               <S/>
               <c>.</c>
               <S/>
               <c>.</c>
               <S/>
               <c>.</c>
               <S/>
               <c>.</c>
               <S/>
               <c>.</c>
               <S/>
               <c>.</c>
               <S/>
               <c>.</c>
               <S/>
               <c>.</c>
               <S/>
               <c>.</c>
               <S/>
               <c>.</c>
               <S/>
               <c>.</c>
               <S/>
               <c>.</c>
               <S/>
               <c>.</c>
               <S/>
               <c>.</c>
               <S/>
               <c>.</c>
               <S/>
               <c>.</c>
               <S/>
               <c>.</c>
               <S/>
               <c>.</c>
               <S/>
               <c>.</c>
               <S/>
               <c>.</c>
               <S/>
               <c>.</c>
               <S/>
               <c>.</c>
               <S/>
               <c>.</c>
               <S/>
               <c>.</c>
               <S/>
               <c>.</c>
               <S/>
               <c>.</c>
               <S/>
               <c>.</c>
               <S/>
               <c>.</c>
               <S/>
               <c>.</c>
               <S/>
               <c>.</c>
               <S/>
               <c>.</c>
               <S/>
               <c>.</c>
               <S/>
               <c>.</c>
               <S/>
               <c>.</c>
               <S/>
               <c>.</c>
               <S/>
               <c>.</c>
               <S/>
               <c>.</c>
               <S/>
               <c>.</c>
               <S/>
               <c>.</c>
               <S/>
               <c>.</c>
               <S/>
               <c>.</c>
               <S/>
               <c>.</c>
               <S/>
               <c>.</c>
               <S/>
               <c>.</c>
               <S/>
               <c>.</c>
               <S/>
               <c>.</c>
               <S/>
               <c>.</c>
               <S/>
               <c>.</c>
               <S/>
               <c>.</c>
               <S/>
               <c>.</c>
               <S/>
               <c>.</c>
               <S/>
               <c>.</c>
               <S/>
               <c>.</c>
               <S/>
               <c>.</c>
               <S/>
               <c>.</c>
               <S/>
            </s>
         </p>
         <p xml:id="F0000413.000184">
            <s>
               <w msd="Kav" lemma="11.">11.</w>
               <S/>
               <w msd="Soset" lemma="nasprotje">nasprotje</w>
               <S/>
               <w msd="Ppnmer" lemma="napreden">naprednega</w>
            </s>
         </p>
         <p xml:id="F0000413.000210">
            <s>
               <w msd="Slzei" lemma="JUGOSLAVIJA">JUGOSLAVIJA</w>
               <S/>
               <w msd="Vp" lemma="in">IN</w>
               <S/>
               <w msd="Slzei" lemma="SLOVENIJA">SLOVENIJA</w>
               <S/>
               <w msd="Do" lemma="med">MED</w>
               <S/>
               <w msd="Zc-zdo" lemma="oba">OBEMA</w>
               <S/>
               <w msd="Sozdo" lemma="vojna">VOJNAMA</w>
            </s>
         </p>
         <p xml:id="F0000413.000214">
            <s>
               <w msd="Somei" lemma="b">b</w>
               <c>/</c>
               <S/>
               <w msd="Zv-met" lemma="kakšen">Kakšen</w>
               <S/>
               <w msd="Somei" lemma="odnos">odnos</w>
               <S/>
               <w msd="Ggnste-n" lemma="imeti">ima</w>
               <S/>
               <w msd="Zc-zei" lemma="vsak">vsaka</w>
               <S/>
               <w msd="Sozei" lemma="deklaracija">deklaracija</w>
               <S/>
               <w msd="Dr" lemma="do">do</w>
               <S/>
               <w msd="Ppnzer" lemma="nacionalen">nacionalne</w>
               <S/>
               <w msd="Sozer" lemma="pestrost">pestrosti</w>
               <S/>
               <w msd="Dm" lemma="na">na</w>
               <S/>
               <w msd="Somem" lemma="prostor">prostoru</w>
               <c>,</c>
               <S/>
               <w msd="Vd" lemma="ki">ki</w>
               <S/>
               <w msd="L" lemma="naj">naj</w>
               <S/>
               <w msd="Gp-g" lemma="biti">bi</w>
               <S/>
               <w msd="Zp------k" lemma="se">se</w>
               <S/>
               <w msd="Ggdd-em" lemma="združiti">združil</w>
               <c>?</c>
            </s>
         </p>
         <p xml:id="F0000413.000216">
            <s>
               <w msd="Somei" lemma="č">č</w>
               <c>/</c>
               <S/>
               <w msd="Zv-smt" lemma="kateri">Katera</w>
               <S/>
               <w msd="Dr" lemma="izmed">izmed</w>
               <S/>
               <w msd="Zotmmr" lemma="on">njih</w>
               <S/>
               <w msd="Gp-ste-n" lemma="biti">je</w>
               <S/>
               <w msd="Gp-d-ez" lemma="biti">bila</w>
               <S/>
               <w msd="Dm" lemma="po">po</w>
               <S/>
               <w msd="Sozem" lemma="združitev">združitvi</w>
               <S/>
               <w msd="Rss" lemma="najbolj">najbolj</w>
               <S/>
               <w msd="Pdnzei" lemma="upoštevan">upoštevana</w>
               <c>?</c>
               <S/>
            </s>
            <s>
               <w msd="Ggdvdm" lemma="utemeljiti">Utemeljite</w>
               <c>!</c>
            </s>
         </p>
         <p xml:id="F0000413.000307">
            <s>
               <w msd="Kav" lemma="7.">7.</w>
               <S/>
            </s>
            <s>
               <w msd="Rsn" lemma="zakaj">Zakaj</w>
               <S/>
               <w msd="Gp-ste-n" lemma="biti">je</w>
               <S/>
               <w msd="Somei" lemma="napad">napad</w>
               <S/>
               <w msd="Ppnzmr" lemma="nacifašističen">nacifašističnih</w>
               <S/>
               <w msd="Sozmr" lemma="sila">sil</w>
               <S/>
               <w msd="Kav" lemma="22.">22.</w>
               <S/>
               <w msd="Somer" lemma="junij">junija</w>
               <S/>
               <w msd="Kav" lemma="1941.">1941.</w>
               <S/>
               <w msd="Soser" lemma="leto">leta</w>
               <c>,</c>
               <S/>
               <w msd="Pdnmein" lemma="znan">znan</w>
               <S/>
               <w msd="Do" lemma="pod">pod</w>
               <S/>
               <w msd="Soseo" lemma="ime">imenom</w>
               <S/>
               <c>.</c>
               <S/>
               <c>.</c>
               <S/>
               <c>.</c>
               <S/>
               <c>.</c>
               <S/>
               <c>.</c>
               <S/>
               <c>.</c>
               <S/>
               <c>.</c>
               <S/>
               <c>.</c>
               <S/>
               <c>,</c>
               <S/>
               <w msd="Ggdd-em" lemma="presenetiti">presenetil</w>
               <S/>
               <w msd="Ppnzet" lemma="sovjetski">Sovjetsko</w>
               <S/>
               <w msd="Sozet" lemma="zveza">zvezo</w>
               <c>?</c>
               <S/>
               <c>.</c>
               <S/>
               <c>.</c>
               <S/>
               <c>.</c>
               <S/>
               <c>.</c>
               <S/>
               <c>.</c>
               <S/>
               <c>.</c>
               <S/>
               <c>.</c>
               <S/>
               <c>.</c>
               <S/>
               <c>.</c>
               <S/>
               <c>.</c>
               <S/>
               <c>.</c>
               <S/>
               <c>.</c>
               <S/>
               <c>.</c>
               <S/>
               <c>.</c>
               <S/>
               <c>.</c>
               <S/>
               <c>.</c>
               <S/>
               <c>.</c>
               <S/>
               <c>.</c>
               <S/>
               <c>.</c>
               <S/>
               <c>.</c>
               <S/>
               <c>.</c>
               <S/>
               <c>.</c>
               <S/>
               <c>.</c>
               <S/>
               <c>.</c>
               <S/>
               <c>.</c>
               <S/>
               <c>.</c>
               <S/>
               <c>.</c>
               <S/>
               <c>.</c>
               <S/>
               <c>.</c>
               <S/>
               <c>.</c>
               <S/>
               <c>.</c>
               <S/>
               <c>.</c>
               <S/>
               <c>.</c>
               <S/>
               <c>.</c>
               <S/>
               <c>.</c>
               <S/>
               <c>.</c>
               <S/>
               <c>.</c>
               <S/>
               <c>.</c>
               <S/>
               <c>.</c>
               <S/>
               <c>.</c>
               <S/>
               <c>.</c>
               <S/>
               <c>.</c>
               <S/>
               <c>.</c>
               <S/>
               <c>.</c>
               <S/>
               <c>.</c>
               <S/>
               <c>.</c>
               <S/>
               <c>.</c>
               <S/>
               <c>.</c>
               <S/>
               <c>.</c>
               <S/>
               <c>.</c>
               <S/>
               <c>.</c>
               <S/>
               <c>.</c>
               <S/>
               <c>.</c>
               <S/>
               <c>.</c>
               <S/>
               <c>.</c>
               <S/>
               <c>.</c>
               <S/>
               <c>.</c>
               <S/>
               <c>.</c>
               <S/>
               <c>.</c>
               <S/>
               <c>.</c>
               <S/>
               <c>.</c>
               <S/>
               <c>.</c>
               <S/>
               <c>.</c>
               <S/>
               <c>.</c>
               <S/>
               <c>.</c>
               <S/>
               <c>.</c>
               <S/>
               <c>.</c>
               <S/>
               <c>.</c>
               <S/>
            </s>
         </p>
         <p xml:id="F0000413.000314">
            <s>
               <w msd="Vp" lemma="a">a</w>
               <c>/</c>
               <S/>
               <w msd="Zv-med" lemma="kateri">Kateremu</w>
               <S/>
               <w msd="Somed" lemma="način">načinu</w>
               <S/>
               <w msd="Soser" lemma="bojevanje">bojevanja</w>
               <S/>
               <w msd="Dm" lemma="na">na</w>
               <S/>
               <w msd="Sosem" lemma="morje">morju</w>
               <S/>
               <w msd="Gp-stm-n" lemma="biti">so</w>
               <S/>
               <w msd="Slmmi" lemma="Nemec">Nemci</w>
               <S/>
               <w msd="Ggdd-mm" lemma="posvetiti">posvetili</w>
               <S/>
               <w msd="Ppnzet" lemma="glaven">glavno</w>
               <S/>
               <w msd="Sozet" lemma="pozornost">pozornost</w>
               <c>?</c>
               <c>.</c>
               <S/>
               <c>.</c>
               <S/>
               <c>.</c>
               <S/>
               <c>.</c>
               <S/>
               <c>.</c>
               <S/>
               <c>.</c>
               <S/>
               <c>.</c>
               <S/>
               <c>.</c>
               <S/>
               <c>.</c>
               <S/>
               <c>.</c>
               <S/>
               <c>.</c>
               <S/>
               <c>.</c>
               <S/>
               <c>.</c>
               <S/>
               <c>.</c>
               <S/>
               <c>.</c>
               <S/>
               <c>.</c>
               <S/>
               <c>.</c>
               <S/>
               <c>.</c>
               <S/>
               <c>.</c>
               <S/>
               <c>.</c>
               <S/>
               <c>.</c>
               <S/>
               <c>.</c>
               <S/>
               <c>.</c>
               <S/>
               <c>.</c>
               <S/>
               <c>.</c>
               <S/>
               <c>.</c>
               <S/>
               <c>.</c>
               <S/>
               <c>.</c>
               <S/>
               <c>.</c>
               <S/>
               <c>.</c>
               <S/>
               <c>.</c>
               <S/>
               <c>.</c>
               <S/>
               <c>.</c>
               <S/>
               <c>.</c>
               <S/>
               <c>.</c>
               <S/>
               <c>.</c>
               <S/>
               <c>.</c>
               <S/>
               <c>.</c>
               <S/>
               <c>.</c>
               <S/>
               <c>.</c>
               <S/>
               <c>.</c>
               <S/>
               <c>.</c>
               <S/>
               <c>.</c>
               <S/>
               <c>.</c>
               <S/>
               <c>.</c>
               <S/>
               <c>.</c>
               <S/>
               <c>.</c>
               <S/>
               <c>.</c>
               <S/>
            </s>
         </p>
         <p xml:id="F0000413.000360">
            <s>
               <w msd="Vp" lemma="a">a</w>
               <c>/</c>
               <S/>
               <w msd="Dm" lemma="v">v</w>
               <S/>
               <w msd="Sosmm" lemma="leto">letih</w>
               <S/>
               <w msd="Kag" lemma="1936">1936</w>
               <S/>
               <c>-</c>
               <S/>
               <w msd="Kag" lemma="1938">1938</w>
            </s>
         </p>
         <p xml:id="F0000413.000369">
            <s>
               <w msd="Kav" lemma="3.">3.</w>
               <S/>
            </s>
            <s>
               <w msd="Sommi" lemma="dogovor">Dogovori</w>
               <S/>
               <w msd="Dm" lemma="na">na</w>
               <S/>
               <w msd="Ppnsmm" lemma="različen">različnih</w>
               <S/>
               <w msd="Sosmm" lemma="srečanje">srečanjih</w>
               <S/>
               <w msd="Ppnsmm" lemma="velik">velikih</w>
               <S/>
               <w msd="Kbgmmr" lemma="trije">treh</w>
               <S/>
               <w msd="Do" lemma="med">med</w>
               <S/>
               <w msd="Sozeo" lemma="vojna">vojno</w>
               <S/>
               <w msd="Gp-stm-n" lemma="biti">so</w>
               <S/>
               <w msd="L" lemma="že">že</w>
               <S/>
               <w msd="Do" lemma="pred">pred</w>
               <S/>
               <w msd="Someo" lemma="konec">koncem</w>
               <S/>
               <w msd="Sozer" lemma="vojna">vojne</w>
               <S/>
               <w msd="Ggnd-mm" lemma="nakazovati">nakazovali</w>
               <c>,</c>
               <S/>
               <w msd="Zv-zei" lemma="kakšen">kakšna</w>
               <S/>
               <w msd="Gp-pte-n" lemma="biti">bo</w>
               <S/>
               <w msd="Ppnzei" lemma="povojen">povojna</w>
               <S/>
               <w msd="Ppnzei" lemma="političen">politična</w>
               <S/>
               <w msd="Sozei" lemma="klima">klima</w>
               <c>.</c>
            </s>
         </p>
         <p xml:id="F0000413.000373">
            <s>
               <w msd="Vp" lemma="a">a</w>
               <c>/</c>
               <S/>
               <w msd="Dt" lemma="na">na</w>
               <S/>
               <w msd="Zv-met" lemma="kakšen">kakšen</w>
               <S/>
               <w msd="Sometn" lemma="način">način</w>
               <S/>
               <w msd="L" lemma="naj">naj</w>
               <S/>
               <w msd="Gp-g" lemma="biti">bi</w>
               <S/>
               <w msd="Zp------k" lemma="se">se</w>
               <S/>
               <w msd="Sosei" lemma="gospodarstvo">gospodarstvo</w>
               <S/>
               <w msd="Slzer" lemma="Nemčija">Nemčije</w>
               <S/>
               <w msd="Ggnd-es" lemma="razvijati">razvijalo</w>
               <S/>
               <w msd="Dm" lemma="po">po</w>
               <S/>
               <w msd="Sozem" lemma="vojna">vojni</w>
               <c>?</c>
               <c>.</c>
               <S/>
               <c>.</c>
               <S/>
               <c>.</c>
               <S/>
               <c>.</c>
               <S/>
               <c>.</c>
               <S/>
               <c>.</c>
               <S/>
               <c>.</c>
               <S/>
               <c>.</c>
               <S/>
               <c>.</c>
               <S/>
               <c>.</c>
               <S/>
               <c>.</c>
               <S/>
               <c>.</c>
               <S/>
               <c>.</c>
               <S/>
               <c>.</c>
               <S/>
               <c>.</c>
               <S/>
               <c>.</c>
               <S/>
               <c>.</c>
               <S/>
               <c>.</c>
               <S/>
               <c>.</c>
               <S/>
               <c>.</c>
               <S/>
               <c>.</c>
               <S/>
               <c>.</c>
               <S/>
               <c>.</c>
               <S/>
               <c>.</c>
               <S/>
               <c>.</c>
               <S/>
               <c>.</c>
               <S/>
               <c>.</c>
               <S/>
               <c>.</c>
               <S/>
               <c>.</c>
               <S/>
               <c>.</c>
               <S/>
               <c>.</c>
               <S/>
               <c>.</c>
               <S/>
               <c>.</c>
               <S/>
               <c>.</c>
               <S/>
               <c>.</c>
               <S/>
               <c>.</c>
               <S/>
               <c>.</c>
               <S/>
               <c>.</c>
               <S/>
               <c>.</c>
               <S/>
               <c>.</c>
               <S/>
               <c>.</c>
               <S/>
               <c>.</c>
               <S/>
               <c>.</c>
               <S/>
               <c>.</c>
               <S/>
               <c>.</c>
               <S/>
               <c>.</c>
               <S/>
               <c>.</c>
               <S/>
               <c>.</c>
               <S/>
               <c>.</c>
               <S/>
               <c>.</c>
               <S/>
               <c>.</c>
               <S/>
               <c>.</c>
               <S/>
               <c>.</c>
               <S/>
               <c>.</c>
               <S/>
               <c>.</c>
               <S/>
               <c>.</c>
               <S/>
               <c>.</c>
               <S/>
               <c>.</c>
               <S/>
               <c>.</c>
               <S/>
               <c>.</c>
               <S/>
               <c>.</c>
               <S/>
               <c>.</c>
               <S/>
               <c>.</c>
               <S/>
               <c>.</c>
               <S/>
               <c>.</c>
               <S/>
               <c>.</c>
               <S/>
               <c>.</c>
               <S/>
               <c>.</c>
               <S/>
               <c>.</c>
               <S/>
               <c>.</c>
               <S/>
               <c>.</c>
               <S/>
               <c>.</c>
               <S/>
               <c>.</c>
               <S/>
               <c>.</c>
               <S/>
               <c>.</c>
               <S/>
               <c>.</c>
               <S/>
               <c>.</c>
               <S/>
               <c>.</c>
               <S/>
               <c>.</c>
               <S/>
               <c>.</c>
               <S/>
               <c>.</c>
               <S/>
               <c>.</c>
               <S/>
               <c>.</c>
               <S/>
               <c>.</c>
               <S/>
               <c>.</c>
               <S/>
               <c>.</c>
               <S/>
               <c>.</c>
               <S/>
               <c>.</c>
               <S/>
               <c>.</c>
               <S/>
               <c>.</c>
               <S/>
               <c>.</c>
               <S/>
               <c>.</c>
               <S/>
               <c>.</c>
               <S/>
               <c>.</c>
               <S/>
               <c>.</c>
               <S/>
               <c>.</c>
               <S/>
            </s>
         </p>
         <p xml:id="F0000413.000392">
            <s>
               <w msd="Dd" lemma="kljub">Kljub</w>
               <S/>
               <w msd="Sozmd" lemma="razlika">razlikam</w>
               <S/>
               <w msd="Dm" lemma="v">v</w>
               <S/>
               <w msd="Sosem" lemma="izvajanje">izvajanju</w>
               <S/>
               <w msd="Ppnzer" lemma="okupacijski">okupacijske</w>
               <S/>
               <w msd="Sozer" lemma="politika">politike</w>
               <S/>
               <w msd="Gp-ste-n" lemma="biti">je</w>
               <S/>
               <w msd="Gp-d-em" lemma="biti">bil</w>
               <S/>
               <w msd="Somei" lemma="cilj">cilj</w>
               <S/>
               <w msd="Zc-mmr" lemma="ves">vseh</w>
               <S/>
               <w msd="Kbgmmr" lemma="trije">treh</w>
               <S/>
               <w msd="Ppnzmr" lemma="okupacijski">okupacijskih</w>
               <S/>
               <w msd="Sozmr" lemma="sila">sil</w>
               <S/>
               <w msd="Zn-mei" lemma="enak">enak</w>
               <c>.</c>
               <S/>
            </s>
            <s>
               <w msd="Ggdste" lemma="utemeljiti">Utemelji</w>
               <S/>
               <w msd="Vp" lemma="ali">ali</w>
               <S/>
               <w msd="Ggdvde" lemma="zanikati">zanikaj</w>
               <S/>
               <w msd="Sozet" lemma="trditev">trditev</w>
               <c>.</c>
               <S/>
               <c>.</c>
               <S/>
               <c>.</c>
               <S/>
               <c>.</c>
               <S/>
               <c>.</c>
               <S/>
               <c>.</c>
               <S/>
               <c>.</c>
               <S/>
               <c>.</c>
               <S/>
               <c>.</c>
               <S/>
               <c>.</c>
               <S/>
               <c>.</c>
               <S/>
               <c>.</c>
               <S/>
               <c>.</c>
               <S/>
               <c>.</c>
               <S/>
               <c>.</c>
               <S/>
               <c>.</c>
               <S/>
               <c>.</c>
               <S/>
               <c>.</c>
               <S/>
               <c>.</c>
               <S/>
               <c>.</c>
               <S/>
               <c>.</c>
               <S/>
               <c>.</c>
               <S/>
               <c>.</c>
               <S/>
               <c>.</c>
               <S/>
               <c>.</c>
               <S/>
               <c>.</c>
               <S/>
               <c>.</c>
               <S/>
               <c>.</c>
               <S/>
               <c>.</c>
               <S/>
               <c>.</c>
               <S/>
               <c>.</c>
               <S/>
               <c>.</c>
               <S/>
               <c>.</c>
               <S/>
               <c>.</c>
               <S/>
               <c>.</c>
               <S/>
               <c>.</c>
               <S/>
               <c>.</c>
               <S/>
               <c>.</c>
               <S/>
               <c>.</c>
               <S/>
               <c>.</c>
               <S/>
               <c>.</c>
               <S/>
               <c>.</c>
               <S/>
               <c>.</c>
               <S/>
               <c>.</c>
               <S/>
               <c>.</c>
               <S/>
               <c>.</c>
               <S/>
               <c>.</c>
               <S/>
               <c>.</c>
               <S/>
               <c>.</c>
               <S/>
               <c>.</c>
               <S/>
               <c>.</c>
               <S/>
               <c>.</c>
               <S/>
               <c>.</c>
               <S/>
               <c>.</c>
               <S/>
               <c>.</c>
               <S/>
               <c>.</c>
               <S/>
               <c>.</c>
               <S/>
               <c>.</c>
               <S/>
               <c>.</c>
               <S/>
               <c>.</c>
               <S/>
               <c>.</c>
               <S/>
               <c>.</c>
               <S/>
               <c>.</c>
               <S/>
               <c>.</c>
               <S/>
               <c>.</c>
               <S/>
               <c>.</c>
               <S/>
               <c>.</c>
               <S/>
               <c>.</c>
               <S/>
               <c>.</c>
               <S/>
               <c>.</c>
               <S/>
            </s>
         </p>
         <p xml:id="F0000413.000405">
            <s>
               <w msd="Somei" lemma="c">c</w>
               <c>/</c>
               <S/>
               <w msd="Sozei" lemma="želja">želja</w>
               <c>,</c>
               <S/>
               <w msd="Vd" lemma="da">da</w>
               <S/>
               <w msd="Ggdste" lemma="postati">postane</w>
               <S/>
               <w msd="Soset" lemma="ozemlje">ozemlje</w>
               <S/>
               <w msd="Sozer" lemma="kraljevina">kraljevine</w>
               <S/>
               <w msd="Slzer" lemma="Jugoslavija">Jugoslavije</w>
               <S/>
               <w msd="Ppnmeid" lemma="sestaven">sestavni</w>
               <S/>
               <w msd="Somei" lemma="del">del</w>
               <S/>
               <w msd="Kbvmer" lemma="tretji">tretjega</w>
               <S/>
               <w msd="Somer" lemma="rajh">rajha</w>
            </s>
         </p>
         <p xml:id="F0000413.000406">
            <s>
               <w msd="Somei" lemma="č">č</w>
               <c>/</c>
               <S/>
               <w msd="Ppnzei" lemma="verski">verska</w>
               <S/>
               <w msd="Sozei" lemma="nestrpnost">nestrpnost</w>
            </s>
         </p>
         <p xml:id="F0000413.000418">
            <s>
               <w msd="Sozei" lemma="slika">slika</w>
               <S/>
               <w msd="Kag" lemma="44">44</w>
            </s>
         </p>
         <p xml:id="F0000413.000442">
            <s>
               <w msd="Slzei" lemma="Ljubljana">Ljubljana</w>
               <S/>
               <w msd="Gp-ste-n" lemma="biti">je</w>
               <S/>
               <w msd="Gp-d-ez" lemma="biti">bila</w>
               <S/>
               <w msd="Dm" lemma="v">v</w>
               <S/>
               <w msd="Kbvmmm" lemma="prvi">prvih</w>
               <S/>
               <w msd="Sommm" lemma="mesec">mesecih</w>
               <S/>
               <w msd="Somer" lemma="odpor">odpora</w>
               <S/>
               <w msd="Sosei" lemma="središče">središče</w>
               <S/>
               <w msd="Ppnmer" lemma="narodnoosvobodilen">narodnoosvobodilnega</w>
               <S/>
               <w msd="Somer" lemma="boj">boja</w>
               <c>,</c>
               <S/>
               <w msd="Vp" lemma="saj">saj</w>
               <S/>
               <w msd="Gp-stm-n" lemma="biti">so</w>
               <S/>
               <w msd="Dm" lemma="v">v</w>
               <S/>
               <w msd="Zotzem" lemma="on">njej</w>
               <S/>
               <w msd="Ggnd-mz" lemma="potekati">potekale</w>
               <S/>
               <w msd="Ppnzmt" lemma="naslednji">naslednje</w>
               <S/>
               <w msd="Sozmi" lemma="aktivnost">aktivnosti</w>
               <c>:</c>
               <S/>
               <c>.</c>
               <S/>
               <c>.</c>
               <S/>
               <c>.</c>
               <S/>
               <c>.</c>
               <S/>
               <c>.</c>
               <S/>
               <c>.</c>
               <S/>
               <c>.</c>
               <S/>
               <c>.</c>
               <S/>
               <c>.</c>
               <S/>
               <c>.</c>
               <S/>
               <c>.</c>
               <S/>
               <c>.</c>
               <S/>
               <c>.</c>
               <S/>
               <c>.</c>
               <S/>
               <c>.</c>
               <S/>
               <c>.</c>
               <S/>
               <c>.</c>
               <S/>
               <c>.</c>
               <S/>
               <c>.</c>
               <S/>
               <c>.</c>
               <S/>
               <c>.</c>
               <S/>
               <c>.</c>
               <S/>
               <c>.</c>
               <S/>
               <c>.</c>
               <S/>
               <c>.</c>
               <S/>
               <c>.</c>
               <S/>
               <c>.</c>
               <S/>
               <c>.</c>
               <S/>
               <c>.</c>
               <S/>
               <c>.</c>
               <S/>
               <c>.</c>
               <S/>
               <c>.</c>
               <S/>
               <c>.</c>
               <S/>
               <c>.</c>
               <S/>
               <c>.</c>
               <S/>
               <c>.</c>
               <S/>
               <c>.</c>
               <S/>
               <c>.</c>
               <S/>
               <c>.</c>
               <S/>
               <c>.</c>
               <S/>
               <c>.</c>
               <S/>
               <c>.</c>
               <S/>
               <c>.</c>
               <S/>
               <c>.</c>
               <S/>
               <c>.</c>
               <S/>
               <c>.</c>
               <S/>
               <c>.</c>
               <S/>
               <c>.</c>
               <S/>
               <c>.</c>
               <S/>
               <c>.</c>
               <S/>
               <c>.</c>
               <S/>
               <c>.</c>
               <S/>
               <c>.</c>
               <S/>
               <c>.</c>
               <S/>
               <c>.</c>
               <S/>
               <c>.</c>
               <S/>
               <c>.</c>
               <S/>
               <c>.</c>
               <S/>
               <c>.</c>
               <S/>
               <c>.</c>
               <S/>
               <c>.</c>
               <S/>
               <c>.</c>
               <S/>
               <c>.</c>
               <S/>
               <c>.</c>
               <S/>
               <c>.</c>
               <S/>
               <c>.</c>
               <S/>
               <c>.</c>
               <S/>
               <c>.</c>
               <S/>
               <c>.</c>
               <S/>
               <c>.</c>
               <S/>
               <c>.</c>
               <S/>
               <c>.</c>
               <S/>
               <c>.</c>
               <S/>
               <c>.</c>
               <S/>
               <c>.</c>
               <S/>
               <c>.</c>
               <S/>
               <c>.</c>
               <S/>
               <c>.</c>
               <S/>
               <c>.</c>
               <S/>
               <c>.</c>
               <S/>
               <c>.</c>
               <S/>
               <c>.</c>
               <S/>
               <c>.</c>
               <S/>
               <c>.</c>
               <S/>
               <c>.</c>
               <S/>
               <c>.</c>
               <S/>
               <c>.</c>
               <S/>
               <c>.</c>
               <S/>
               <c>.</c>
               <S/>
               <c>.</c>
               <S/>
               <c>.</c>
               <S/>
               <c>.</c>
               <S/>
               <c>.</c>
               <S/>
               <c>.</c>
               <S/>
               <c>.</c>
               <S/>
               <c>.</c>
               <S/>
               <c>.</c>
               <S/>
               <c>.</c>
               <S/>
               <c>.</c>
               <S/>
               <c>.</c>
               <S/>
               <c>.</c>
               <S/>
               <c>.</c>
               <S/>
               <c>.</c>
               <S/>
               <c>.</c>
               <S/>
               <c>.</c>
               <S/>
               <c>.</c>
               <S/>
               <c>.</c>
               <S/>
               <c>.</c>
               <S/>
               <c>.</c>
               <S/>
               <c>.</c>
               <S/>
               <c>.</c>
               <S/>
               <c>.</c>
               <S/>
               <c>.</c>
               <S/>
            </s>
         </p>
         <p xml:id="F0000413.000524">
            <s>
               <w msd="Somei" lemma="M">M</w>
            </s>
         </p>
         <p xml:id="F0000413.000545">
            <s>
               <w msd="Kbvzei" lemma="šestdeseti">Šestdeseta</w>
               <S/>
               <w msd="Sosmi" lemma="leto">leta</w>
               <S/>
               <w msd="Gp-stm-n" lemma="biti">so</w>
               <S/>
               <w msd="Ggvd-ez" lemma="pomeniti">pomenila</w>
               <S/>
               <w msd="Sometn" lemma="navdih">navdih</w>
               <S/>
               <w msd="L" lemma="še">še</w>
               <S/>
               <w msd="Dt" lemma="za">za</w>
               <S/>
               <w msd="Kbzset" lemma="en">eno</w>
               <S/>
               <w msd="Ppnset" lemma="množičen">množično</w>
               <S/>
               <w msd="Soset" lemma="gibanje">gibanje</w>
               <c>,</c>
               <S/>
               <w msd="Pdnsei" lemma="znan">znano</w>
               <S/>
               <w msd="Do" lemma="pod">pod</w>
               <S/>
               <w msd="Soseo" lemma="ime">imenom</w>
               <S/>
               <w msd="Sosei" lemma="hipijevstvo">HIPIJEVSTVO</w>
               <c>.</c>
            </s>
         </p>
         <p xml:id="F0000413.000548">
            <s>
               <w msd="Kav" lemma="3.">3.</w>
               <S/>
            </s>
            <s>
               <w msd="Zv-mei" lemma="kateri">Kateri</w>
               <S/>
               <w msd="Somei" lemma="del">del</w>
               <S/>
               <w msd="Sozer" lemma="populacija">populacije</w>
               <S/>
               <w msd="Gp-ste-n" lemma="biti">je</w>
               <S/>
               <w msd="L" lemma="zlasti">zlasti</w>
               <S/>
               <w msd="Ggdd-es" lemma="pritegniti">pritegnilo</w>
               <S/>
               <w msd="Vp" lemma="in">in</w>
               <S/>
               <w msd="Rsn" lemma="zakaj">zakaj</w>
               <c>?</c>
            </s>
         </p>
         <p xml:id="F0000413.000573">
            <s>
               <w msd="Ppnzer" lemma="deloven">Delovne</w>
               <S/>
               <w msd="Sozer" lemma="akcija">akcije</w>
            </s>
         </p>
         <p xml:id="F0000413.000628">
            <s>
               <w msd="Sozei" lemma="pot">Pot</w>
               <S/>
               <w msd="Dr" lemma="do">do</w>
               <S/>
               <w msd="Ppnzer" lemma="dokončen">dokončne</w>
               <S/>
               <w msd="Sozer" lemma="osamosvojitev">osamosvojitve</w>
            </s>
         </p>
      </body>
   </text>
</TEI>