<?xml version="1.0" encoding="UTF-8"?>
<TEI xmlns="http://www.tei-c.org/ns/1.0" xml:id="F0002077" xml:lang="sl">
   <teiHeader>
      <fileDesc>
         <titleStmt>
            <title>ccKRES: Gledališče v deželi Lepo in prav (2000)</title>
            <funder>Operacijo delno financira Evropska unija iz Evropskega socialnega sklada ter Ministrstvo za šolstvo in šport. Operacija se izvaja v okviru Operativnega programa razvoja človeških virov za obdobje 2007-2013, razvojne prioritete: razvoj človeških virov in vseživljenjskega učenja; prednostne usmeritve: izboljšanje kakovosti in učinkovitosti sistemov izobraževanja in usposabljanja 2007-2013.</funder>
         </titleStmt>
         <editionStmt>
            <edition>1.0</edition>
         </editionStmt>
         <extent>910 besed</extent>
         <publicationStmt>
            <idno>GLED</idno>
            <availability status="free">
               <p xml:lang="sl">Avtorske pravice za to izdajo ureja licenca <ref target="http://creativecommons.org/licenses/by-nc/2.5/si/">Creative Commons Priznanje avtorstva-Nekomercialno 2.5 Slovenija</ref>.</p>
               <p xml:lang="en">This work is licenced under the <ref target="http://creativecommons.org/licenses/by-nc/2.5/si/deed.en">Creative Commons Attribution-Noncommercial 2.5 Slovenia</ref>.</p>
            </availability>
            <date>2012-05-06</date>
         </publicationStmt>
         <sourceDesc>
            <bibl>
               <title>Gledališče v deželi Lepo in prav</title>
               <author n="???">neznani avtor</author>
               <date>2000</date>
               <publisher n="drugo">Zavod RS za šolstvo</publisher>
               <note type="sourceLang">sl</note>
            </bibl>
         </sourceDesc>
      </fileDesc>
      <encodingDesc>
         <projectDesc>
            <p xml:lang="sl">Glej <ref target="http://www.korpus-kres.net/">www.korpus-kres.net</ref> oz. <ref target="http://nl.ijs.si/ssj/">nl.ijs.si/ssj</ref>.</p>
            <p xml:lang="en">See <ref target="http://www.korpus-kres.net/">www.korpus-kres.net</ref> or <ref target="http://nl.ijs.si/ssj/">nl.ijs.si/ssj</ref>.</p>
         </projectDesc>
         <samplingDecl>
            <p xml:lang="sl">
            Besedila in odstavki v korpusu KRES so bili vzorčeni iz
            Gigafide tako, da smo dobili 100-milijonski referenčni
            korpus, v katerem so besedila uravnotežena po vnaprej
            določenih taksonomskih deležih in po podatkih o branosti
            vira (časopisi, revije, novičarski portali).  Korpus
            ccKRES nato, z namenom, da je lahko dostopen po licenci CC,
            vsebuje 10 % naključno vzorčenih odstavkov besedil iz
            korpusa KRES, torej 10 milijonov besed.
	    Več o sestavi korpusa lahko preberete na 
            <ref target="http://www.korpus-kres.net/">www.korpus-kres.net</ref> oz.
            <ref target="http://nl.ijs.si/ssj/">nl.ijs.si/ssj</ref>.
	  </p>
            <p xml:lang="en">
            Texts and paragraphs in the KRES corpus have been sampled from the 
	    Gigafida corpus. The result of the sampling is a 100-million-word 
	    reference corpus. The texts in KRES are balanced according to the 
	    predetermined categories, with particular consideration being paid to 
	    the data on the popularity of the source (newspapers, magazines, 
	    Internet news sites). 
	    To enable free (CC) distribution of the corpus, the ccKRES corpus contains 
	    10% of randomly sampled paragraphs from KRES, i.e. contains 10 million words.
	    For more information about the contents of the corpus, 
	    see <ref target="http://www.korpus-kres.net/">www.korpus-kres.net</ref>
	    and <ref target="http://nl.ijs.si/ssj/">nl.ijs.si/ssj</ref>.
	  </p>
         </samplingDecl>
         <tagsDecl>
            <namespace name="http://www.tei-c.org/ns/1.0">
               <tagUsage gi="p" occurs="68"/>
               <tagUsage gi="s" occurs="128"/>
               <tagUsage gi="S" occurs="855"/>
               <tagUsage gi="w" occurs="910"/>
               <tagUsage gi="c" occurs="262"/>
            </namespace>
         </tagsDecl>
         <classDecl>
            <taxonomy xml:id="SSJ">
               <category xml:id="SSJ.T">
                  <catDesc>tisk</catDesc>
                  <category xml:id="SSJ.T.K">
                     <catDesc>knjižno</catDesc>
                     <category xml:id="SSJ.T.K.L">
                        <catDesc>leposlovno</catDesc>
                     </category>
                     <category xml:id="SSJ.T.K.S">
                        <catDesc>strokovno</catDesc>
                     </category>
                  </category>
                  <category xml:id="SSJ.T.P">
                     <catDesc>periodično</catDesc>
                     <category xml:id="SSJ.T.P.C">
                        <catDesc>časopis</catDesc>
                     </category>
                     <category xml:id="SSJ.T.P.R">
                        <catDesc>revija</catDesc>
                     </category>
                  </category>
                  <category xml:id="SSJ.T.D">
                     <catDesc>drugo</catDesc>
                  </category>
               </category>
               <category xml:id="SSJ.I">
                  <catDesc>internet</catDesc>
               </category>
            </taxonomy>
         </classDecl>
      </encodingDesc>
      <profileDesc>
         <textClass>
            <catRef target="#SSJ.T.K.L"/>
         </textClass>
      </profileDesc>
   </teiHeader>
   <text xml:id="F0002077." xml:lang="sl">
      <body>
         <p xml:id="F0002077.000008">
            <s>
               <w msd="Dm" lemma="v">V</w>
               <S/>
               <w msd="Slmem" lemma="Logatec">Logatcu</w>
               <S/>
               <w msd="Gp-spm-n" lemma="biti">smo</w>
               <S/>
               <w msd="Dr" lemma="do">do</w>
               <S/>
               <w msd="Somer" lemma="konec">konca</w>
               <S/>
               <w msd="Kbvsmr" lemma="osemdeseti">osemdesetih</w>
               <S/>
               <w msd="Sosmr" lemma="leto">let</w>
               <S/>
               <w msd="Ggnd-mm" lemma="imeti">imeli</w>
               <S/>
               <w msd="L" lemma="že">že</w>
               <S/>
               <w msd="Ppnzet" lemma="dolg">dolgo</w>
               <S/>
               <w msd="Sozet" lemma="tradicija">tradicijo</w>
               <S/>
               <w msd="Dm" lemma="pri">pri</w>
               <S/>
               <w msd="Sozem" lemma="organizacija">organizaciji</w>
               <S/>
               <w msd="Ppnmmr" lemma="pravljičen">pravljičnih</w>
               <S/>
               <w msd="Sommr" lemma="sprevod">sprevodov</w>
               <S/>
               <w msd="Do" lemma="z">z</w>
               <S/>
               <w msd="Someo" lemma="dedek">dedkom</w>
               <S/>
               <w msd="Someo" lemma="mraz">Mrazom</w>
               <S/>
               <w msd="Dm" lemma="na">na</w>
               <S/>
               <w msd="Somem" lemma="čelo">čelu</w>
               <c>.</c>
               <S/>
            </s>
            <s>
               <w msd="Vd" lemma="ko">Ko</w>
               <S/>
               <w msd="Zp------k" lemma="se">se</w>
               <S/>
               <w msd="Gp-ste-n" lemma="biti">je</w>
               <S/>
               <w msd="Zk-zei" lemma="ta">ta</w>
               <S/>
               <w msd="Sozei" lemma="tradicija">tradicija</w>
               <S/>
               <w msd="Rsn" lemma="počasi">počasi</w>
               <S/>
               <w msd="Ggdd-ez" lemma="prekiniti">prekinila</w>
               <c>,</c>
               <S/>
               <w msd="Gp-ste-n" lemma="biti">je</w>
               <S/>
               <w msd="Ggdd-ez" lemma="nastati">nastala</w>
               <S/>
               <w msd="Dm" lemma="v">v</w>
               <S/>
               <w msd="Ppnmem" lemma="prednovoleten">prednovoletnem</w>
               <S/>
               <w msd="Somem" lemma="čas">času</w>
               <S/>
               <w msd="Ppnzei" lemma="velik">velika</w>
               <S/>
               <w msd="Sozei" lemma="praznina">praznina</w>
               <c>.</c>
               <S/>
            </s>
            <s>
               <w msd="Sozei" lemma="skupina">Skupina</w>
               <S/>
               <w msd="Sommr" lemma="zanesenjak">zanesenjakov</w>
               <c>,</c>
               <S/>
               <w msd="Vd" lemma="ki">ki</w>
               <S/>
               <w msd="Gp-ste-n" lemma="biti">je</w>
               <S/>
               <w msd="Ggnd-ez" lemma="sodelovati">sodelovala</w>
               <S/>
               <w msd="L" lemma="že">že</w>
               <S/>
               <w msd="Dm" lemma="pri">pri</w>
               <S/>
               <w msd="Sommm" lemma="sprevod">sprevodih</w>
               <S/>
               <w msd="Vp" lemma="in">in</w>
               <S/>
               <w msd="Dm" lemma="v">v</w>
               <S/>
               <w msd="Zv-zem" lemma="kateri">kateri</w>
               <S/>
               <w msd="Gp-spe-n" lemma="biti">sem</w>
               <S/>
               <w msd="Gp-d-ez" lemma="biti">bila</w>
               <S/>
               <w msd="L" lemma="tudi">tudi</w>
               <S/>
               <w msd="Ppnzei" lemma="sam">sama</w>
               <c>,</c>
               <S/>
               <w msd="Vp" lemma="pa">pa</w>
               <S/>
               <w msd="Gp-ste-n" lemma="biti">je</w>
               <S/>
               <w msd="L" lemma="še">še</w>
               <S/>
               <w msd="Rsn" lemma="vedno">vedno</w>
               <S/>
               <w msd="Ggnd-ez" lemma="želeti">želela</w>
               <S/>
               <w msd="Ppnmmd" lemma="majhen">majhnim</w>
               <S/>
               <w msd="Sommd" lemma="otrok">otrokom</w>
               <S/>
               <w msd="Ggdn" lemma="pričarati">pričarati</w>
               <S/>
               <w msd="Rsn" lemma="nekaj">nekaj</w>
               <S/>
               <w msd="Ppnser" lemma="pravljičen">pravljičnega</w>
               <S/>
               <w msd="Soser" lemma="vzdušje">vzdušja</w>
               <S/>
               <w msd="Dm" lemma="ob">ob</w>
               <S/>
               <w msd="Somem" lemma="prihod">prihodu</w>
               <S/>
               <w msd="Somer" lemma="dedek">dedka</w>
               <S/>
               <w msd="Somer" lemma="mraz">Mraza</w>
               <c>.</c>
               <S/>
            </s>
            <s>
               <w msd="Ggdd-mm" lemma="dogovoriti">Dogovorili</w>
               <S/>
               <w msd="Gp-spm-n" lemma="biti">smo</w>
               <S/>
               <w msd="Zp------k" lemma="se">se</w>
               <c>,</c>
               <S/>
               <w msd="Vd" lemma="da">da</w>
               <S/>
               <w msd="Gp-ppm-n" lemma="biti">bomo</w>
               <S/>
               <w msd="Dm" lemma="v">v</w>
               <S/>
               <w msd="Somem" lemma="december">decembru</w>
               <S/>
               <w msd="Ggdd-mm" lemma="pripraviti">pripravili</w>
               <S/>
               <w msd="Sozet" lemma="predstava">predstavo</w>
               <c>,</c>
               <S/>
               <w msd="Vd" lemma="ki">ki</w>
               <S/>
               <w msd="Gp-pte-n" lemma="biti">bo</w>
               <S/>
               <w msd="Sommd" lemma="malček">malčkom</w>
               <S/>
               <w msd="Rsn" lemma="všeč">všeč</w>
               <c>,</c>
               <S/>
               <w msd="Dm" lemma="ob">ob</w>
               <S/>
               <w msd="Zv-zem" lemma="kateri">kateri</w>
               <S/>
               <w msd="Zp------k" lemma="se">se</w>
               <S/>
               <w msd="Gp-ptm-n" lemma="biti">bodo</w>
               <S/>
               <w msd="Rsn" lemma="nekaj">nekaj</w>
               <S/>
               <w msd="Ggdd-mm" lemma="naučiti">naučili</w>
               <S/>
               <w msd="Vp" lemma="in">in</w>
               <S/>
               <w msd="Zp------k" lemma="se">se</w>
               <S/>
               <w msd="L" lemma="tudi">tudi</w>
               <S/>
               <w msd="Ggnd-mm" lemma="zabavati">zabavali</w>
               <c>.</c>
               <S/>
            </s>
            <s>
               <w msd="Vd" lemma="ker">Ker</w>
               <S/>
               <w msd="Gp-spm-d" lemma="biti">nismo</w>
               <S/>
               <w msd="Ggnd-mm" lemma="imeti">imeli</w>
               <S/>
               <w msd="Ppnser" lemma="ustrezen">ustreznega</w>
               <S/>
               <w msd="Soser" lemma="besedilo">besedila</w>
               <c>,</c>
               <S/>
               <w msd="Gp-spe-n" lemma="biti">sem</w>
               <S/>
               <w msd="Zotmet--k" lemma="on">ga</w>
               <S/>
               <w msd="Ggdd-ez" lemma="napisati">napisala</w>
               <S/>
               <w msd="Rsn" lemma="kar">kar</w>
               <S/>
               <w msd="Ppnzei" lemma="sam">sama</w>
               <c>.</c>
               <S/>
            </s>
            <s>
               <w msd="Rsn" lemma="tako">Tako</w>
               <S/>
               <w msd="Gp-ste-n" lemma="biti">je</w>
               <S/>
               <w msd="Kbvzet" lemma="prvi">prvo</w>
               <S/>
               <w msd="Ppnsei" lemma="dramski">dramsko</w>
               <S/>
               <w msd="Sosei" lemma="besedilo">besedilo</w>
               <S/>
               <w msd="Dm" lemma="v">v</w>
               <S/>
               <w msd="Zk-zem" lemma="ta">tej</w>
               <S/>
               <w msd="Sozem" lemma="zbirka">zbirki</w>
               <S/>
               <w msd="Ggdd-es" lemma="nastati">nastalo</w>
               <S/>
               <w msd="Soser" lemma="leto">leta</w>
               <S/>
               <w msd="Kag" lemma="1990">1990</w>
               <S/>
               <w msd="Vp" lemma="in">in</w>
               <S/>
               <w msd="Dr" lemma="od">od</w>
               <S/>
               <w msd="Rsn" lemma="takrat">takrat</w>
               <S/>
               <w msd="Rsn" lemma="naprej">naprej</w>
               <S/>
               <w msd="Zc-set" lemma="vsak">vsako</w>
               <S/>
               <w msd="Soset" lemma="leto">leto</w>
               <S/>
               <w msd="Kbzsei" lemma="en">eno</w>
               <c>,</c>
               <S/>
               <w msd="Rsn" lemma="skupaj">skupaj</w>
               <S/>
               <w msd="Kbg-mi" lemma="osem">osem</w>
               <c>.</c>
               <S/>
            </s>
            <s>
               <w msd="L" lemma="prav">Prav</w>
               <S/>
               <w msd="Zc-mmr" lemma="ves">vseh</w>
               <S/>
               <w msd="Kbg-mt" lemma="osem">osem</w>
               <S/>
               <w msd="Sosmr" lemma="besedilo">besedil</w>
               <S/>
               <w msd="Gp-spm-n" lemma="biti">smo</w>
               <S/>
               <w msd="Ggdd-mm" lemma="uprizoriti">uprizorili</w>
               <S/>
               <w msd="Rss" lemma="najmanj">najmanj</w>
               <S/>
               <w msd="Rsn" lemma="trikrat">trikrat</w>
               <c>.</c>
               <S/>
            </s>
            <s>
               <w msd="Sommt" lemma="igralec">Igralce</w>
               <S/>
               <w msd="Gp-spm-n" lemma="biti">smo</w>
               <S/>
               <w msd="Ggnd-mm" lemma="izbirati">izbirali</w>
               <S/>
               <w msd="Do" lemma="med">med</w>
               <S/>
               <w msd="Sommo" lemma="pevec">pevci</w>
               <S/>
               <w msd="Vp" lemma="in">in</w>
               <S/>
               <w msd="Sozmo" lemma="pevka">pevkami</w>
               <S/>
               <w msd="Ppnmer" lemma="šolski">šolskega</w>
               <S/>
               <w msd="Ppnmer" lemma="pevski">pevskega</w>
               <S/>
               <w msd="Somer" lemma="zbor">zbora</w>
               <c>,</c>
               <S/>
               <w msd="Dm" lemma="v">v</w>
               <S/>
               <w msd="Zv-mem" lemma="kateri">katerem</w>
               <S/>
               <w msd="Ggnstm" lemma="peti">pojejo</w>
               <S/>
               <w msd="Sommi" lemma="otrok">otroci</w>
               <c>,</c>
               <S/>
               <w msd="Ppnmmi" lemma="star">stari</w>
               <S/>
               <w msd="Dr" lemma="od">od</w>
               <S/>
               <w msd="Kbg-mt" lemma="osem">osem</w>
               <S/>
               <w msd="Dr" lemma="do">do</w>
               <S/>
               <w msd="Kbg-mt" lemma="dvanajst">dvanajst</w>
               <S/>
               <w msd="Sosmr" lemma="leto">let</w>
               <c>.</c>
               <S/>
            </s>
            <s>
               <w msd="Dr" lemma="poleg">Poleg</w>
               <S/>
               <w msd="Sommr" lemma="igralec">igralcev</w>
               <S/>
               <w msd="Gp-stm-n" lemma="biti">so</w>
               <S/>
               <w msd="Rsn" lemma="vedno">vedno</w>
               <S/>
               <w msd="Ggnd-mm" lemma="sodelovati">sodelovali</w>
               <S/>
               <w msd="Zc-mmi" lemma="ves">vsi</w>
               <S/>
               <w msd="Sommi" lemma="član">člani</w>
               <S/>
               <w msd="Somer" lemma="zbor">zbora</w>
               <S/>
               <w msd="Do" lemma="z">s</w>
               <S/>
               <w msd="Ppnzmo" lemma="skupinski">skupinskimi</w>
               <S/>
               <w msd="Ppnmmo" lemma="govoren">govornimi</w>
               <S/>
               <w msd="Sommo" lemma="vložek">vložki</w>
               <c>,</c>
               <S/>
               <w msd="Do" lemma="z">s</w>
               <S/>
               <w msd="Soseo" lemma="petje">petjem</w>
               <S/>
               <w msd="Sozmr" lemma="pesmica">pesmic</w>
               <S/>
               <w msd="Vp" lemma="in">in</w>
               <S/>
               <w msd="Someo" lemma="ples">plesom</w>
               <c>.</c>
               <S/>
            </s>
            <s>
               <w msd="Zc-zmi" lemma="ves">Vse</w>
               <S/>
               <w msd="Zspzerm" lemma="naš">naše</w>
               <S/>
               <w msd="Sozmi" lemma="predstava">predstave</w>
               <S/>
               <w msd="Gp-stm-n" lemma="biti">so</w>
               <S/>
               <w msd="Gp-d-mz" lemma="biti">bile</w>
               <S/>
               <w msd="Rsn" lemma="toplo">toplo</w>
               <S/>
               <w msd="Pdnzmi" lemma="sprejet">sprejete</w>
               <c>.</c>
               <S/>
            </s>
            <s>
               <w msd="Dm" lemma="ob">Ob</w>
               <S/>
               <w msd="Zotmmm" lemma="on">njih</w>
               <S/>
               <w msd="Gp-stm-n" lemma="biti">so</w>
               <S/>
               <w msd="Ggnd-mm" lemma="uživati">uživali</w>
               <S/>
               <w msd="Rsn" lemma="tako">tako</w>
               <S/>
               <w msd="Sommi" lemma="malček">malčki</w>
               <c>,</c>
               <S/>
               <w msd="Ppnmmi" lemma="star">stari</w>
               <S/>
               <w msd="Kbgsdt" lemma="dva">dve</w>
               <S/>
               <w msd="Sosdt" lemma="leto">leti</w>
               <S/>
               <w msd="Vd" lemma="kot">kot</w>
               <S/>
               <w msd="Ppnmmi" lemma="dvanajstleten">dvanajstletni</w>
               <S/>
               <w msd="Sommi" lemma="šolar">šolarji</w>
               <c>.</c>
               <S/>
            </s>
            <s>
               <w msd="Zc-zei" lemma="ves">Vsa</w>
               <S/>
               <w msd="Pdnsmi" lemma="objavljen">objavljena</w>
               <S/>
               <w msd="Sosmi" lemma="besedilo">besedila</w>
               <S/>
               <w msd="Gp-stm-n" lemma="biti">so</w>
               <S/>
               <w msd="Rsn" lemma="dovolj">dovolj</w>
               <S/>
               <w msd="Ppnzei" lemma="preprost">preprosta</w>
               <S/>
               <w msd="Vp" lemma="in">in</w>
               <S/>
               <w msd="Ppnzei" lemma="kratek">kratka</w>
               <c>,</c>
               <S/>
               <w msd="Vd" lemma="da">da</w>
               <S/>
               <w msd="Zotmmt--k" lemma="on">jih</w>
               <S/>
               <w msd="Rsn" lemma="lahko">lahko</w>
               <S/>
               <w msd="Dr" lemma="brez">brez</w>
               <S/>
               <w msd="Sozmr" lemma="težava">težav</w>
               <S/>
               <w msd="Ggdstm" lemma="odigrati">odigrajo</w>
               <S/>
               <w msd="L" lemma="tudi">tudi</w>
               <S/>
               <w msd="Ppnmmi" lemma="petleten">petletni</w>
               <S/>
               <w msd="Sommi" lemma="otrok">otroci</w>
               <c>,</c>
               <S/>
               <w msd="Vp" lemma="zato">zato</w>
               <S/>
               <w msd="Gp-stm-n" lemma="biti">so</w>
               <S/>
               <w msd="Pdnsmi" lemma="namenjen">namenjena</w>
               <S/>
               <w msd="Sommd" lemma="vrtec">vrtcem</w>
               <c>,</c>
               <S/>
               <w msd="Ppnzem" lemma="razreden">razredni</w>
               <S/>
               <w msd="Sozem" lemma="stopnja">stopnji</w>
               <S/>
               <w msd="Ppnzmr" lemma="osnoven">osnovnih</w>
               <S/>
               <w msd="Sozmr" lemma="šola">šol</w>
               <S/>
               <w msd="Vp" lemma="in">in</w>
               <S/>
               <w msd="Ppnmmd" lemma="otroški">otroškim</w>
               <S/>
               <w msd="Ppnzmd" lemma="amaterski">amaterskim</w>
               <S/>
               <w msd="Ppnzmd" lemma="gledališki">gledališkim</w>
               <S/>
               <w msd="Sozmd" lemma="skupina">skupinam</w>
               <c>.</c>
               <S/>
            </s>
         </p>
         <p xml:id="F0002077.000049">
            <s>
               <w msd="Somei" lemma="pravček">PRAVČEK</w>
               <c>:</c>
               <S/>
               <w msd="L" lemma="še">Še</w>
               <S/>
               <w msd="Ggdd-em" lemma="stopiti">stopil</w>
               <S/>
               <w msd="Zp------k" lemma="se">se</w>
               <S/>
               <w msd="Gp-ppe-n" lemma="biti">bom</w>
               <S/>
               <w msd="Dr" lemma="od">od</w>
               <S/>
               <w msd="Zsdseie" lemma="tvoj">tvoje</w>
               <S/>
               <w msd="Sozer" lemma="lepota">lepote</w>
               <c>.</c>
            </s>
            <s>
               <w msd="Zv-sei" lemma="kaj">Kaj</w>
               <S/>
               <w msd="Zod-ed--k" lemma="ti">ti</w>
               <S/>
               <w msd="Gp-pte-n" lemma="biti">bo</w>
               <S/>
               <w msd="L" lemma="sploh">sploh</w>
               <S/>
               <w msd="Ggvd-ez" lemma="pomagati">pomagala</w>
               <c>,</c>
               <S/>
               <w msd="Vp" lemma="saj">saj</w>
               <S/>
               <w msd="Zk-zer" lemma="ta">te</w>
               <S/>
               <w msd="Zl-mei" lemma="nihče">nihče</w>
               <S/>
               <w msd="L" lemma="ne">ne</w>
               <S/>
               <w msd="Gp-pte-n" lemma="biti">bo</w>
               <S/>
               <w msd="Ggvd-em" lemma="videti">videl</w>
               <c>,</c>
               <S/>
               <w msd="Vd" lemma="ker">ker</w>
               <S/>
               <w msd="Gp-ppd-n" lemma="biti">bova</w>
               <S/>
               <w msd="Ggdd-ez" lemma="zamuditi">zamudila</w>
               <c>.</c>
            </s>
         </p>
         <p xml:id="F0002077.000054">
            <s>
               <c>(</c>
               <w msd="Zc-mmi" lemma="ves">vsi</w>
               <S/>
               <w msd="Zp------k" lemma="se">se</w>
               <S/>
               <w msd="Ggnstm" lemma="zgrinjati">zgrinjajo</w>
               <S/>
               <w msd="Dt" lemma="na">na</w>
               <S/>
               <w msd="Ppnmetd" lemma="prireditven">prireditveni</w>
               <S/>
               <w msd="Sometn" lemma="prostor">prostor</w>
               <c>,</c>
               <w msd="Ggnstm" lemma="plesati">plešejo</w>
               <c>,</c>
               <w msd="Ggnstm" lemma="ploskati">ploskajo</w>
               <c>,</c>
               <w msd="Ggnstm" lemma="peti">pojejo</w>
               <c>)</c>
            </s>
         </p>
         <p xml:id="F0002077.000070">
            <s>
               <w msd="Slmei" lemma="CAPEK">CAPEK</w>
               <S/>
               <w msd="Kag" lemma="1">1</w>
               <c>:</c>
               <S/>
               <w msd="Ggnste" lemma="brigati">Briga</w>
               <S/>
               <w msd="Zop-et--k" lemma="jaz">me</w>
               <S/>
               <w msd="Sosei" lemma="srce">srce</w>
               <c>!</c>
            </s>
         </p>
         <p xml:id="F0002077.000072">
            <s>
               <w msd="Somei" lemma="policaj">POLICAJ</w>
               <S/>
               <w msd="Kag" lemma="1">1</w>
               <c>:</c>
               <S/>
               <w msd="Somei" lemma="marš">Marš</w>
               <S/>
               <w msd="Rsn" lemma="ven">ven</w>
               <S/>
               <w msd="Dr" lemma="iz">iz</w>
               <S/>
               <w msd="Zspzerm" lemma="naš">naše</w>
               <S/>
               <w msd="Sozer" lemma="dežela">dežele</w>
               <c>!</c>
               <S/>
            </s>
            <s>
               <w msd="Zv-mei" lemma="kdo">Kdo</w>
               <S/>
               <w msd="Zod-md" lemma="ti">vam</w>
               <S/>
               <w msd="Gp-ste-n" lemma="biti">je</w>
               <S/>
               <w msd="L" lemma="sploh">sploh</w>
               <S/>
               <w msd="Ggdd-em" lemma="dovoliti">dovolil</w>
               <S/>
               <w msd="Ggdn" lemma="prestopiti">prestopiti</w>
               <S/>
               <w msd="Sozet" lemma="meja">mejo</w>
               <c>?</c>
               <S/>
            </s>
            <s>
               <w msd="Zp------k" lemma="se">Se</w>
               <S/>
               <w msd="L" lemma="sploh">sploh</w>
               <S/>
               <w msd="Ggnsdm" lemma="zavedati">zavedate</w>
               <c>,</c>
               <S/>
               <w msd="Rsn" lemma="kako">kako</w>
               <S/>
               <w msd="Ppnmetn" lemma="hud">hud</w>
               <S/>
               <w msd="Sometn" lemma="prekršek">prekršek</w>
               <S/>
               <w msd="Gp-sdm-n" lemma="biti">ste</w>
               <S/>
               <w msd="Ggdd-mm" lemma="storiti">storili</w>
               <c>?</c>
               <S/>
            </s>
            <s>
               <c>(</c>
               <S/>
               <w msd="Ggnste" lemma="žvižgati">žvižga</w>
               <S/>
               <w msd="Vp" lemma="in">in</w>
               <S/>
               <w msd="Ggnste" lemma="odganjati">odganja</w>
               <S/>
               <w msd="Sozer" lemma="capka">Capke</w>
               <c>,</c>
            </s>
         </p>
         <p xml:id="F0002077.000077">
            <s>
               <w msd="Somei" lemma="policaj">POLICAJ</w>
               <S/>
               <w msd="Kag" lemma="1">1</w>
               <c>:</c>
               <S/>
               <w msd="Ggvvpd" lemma="iti">Pojdiva</w>
               <S/>
               <w msd="Ggdm" lemma="povedati">povedat</w>
               <S/>
               <w msd="L" lemma="še">še</w>
               <S/>
               <w msd="Kbzmmd" lemma="drug">drugim</w>
               <c>,</c>
               <S/>
               <w msd="Zv-zmt" lemma="kakšen">kakšne</w>
               <S/>
               <w msd="Sozmt" lemma="nesnaga">nesnage</w>
               <S/>
               <w msd="Gp-spd-n" lemma="biti">sva</w>
               <S/>
               <w msd="Zotzmt--k" lemma="on">jih</w>
               <S/>
               <w msd="Rsn" lemma="pravkar">pravkar</w>
               <S/>
               <w msd="Ggdd-ez" lemma="rešiti">rešila</w>
               <c>!</c>
               <S/>
            </s>
            <s>
               <c>(</c>
               <w msd="Ggdstd" lemma="oditi">odideta</w>
               <c>)</c>
            </s>
         </p>
         <p xml:id="F0002077.000079">
            <s>
               <c>(</c>
               <w msd="Sosei" lemma="slavje">slavje</w>
               <S/>
               <w msd="Sommr" lemma="lepojček">Lepojčkov</w>
               <S/>
               <w msd="Vp" lemma="in">in</w>
               <S/>
               <w msd="Sommr" lemma="pravček">Pravčkov</w>
               <S/>
               <w msd="Gp-ste-n" lemma="biti">je</w>
               <S/>
               <w msd="Dm" lemma="v">v</w>
               <S/>
               <w msd="Ppnmem" lemma="poln">polnem</w>
               <S/>
               <w msd="Somem" lemma="tek">teku</w>
               <c>,</c>
               <S/>
               <w msd="Somei" lemma="ples">ples</w>
               <c>,</c>
               <S/>
               <w msd="Sozei" lemma="zabava">zabava</w>
               <c>,</c>
               <S/>
               <w msd="Sosei" lemma="vzklikanje">vzklikanje</w>
               <c>)</c>
            </s>
         </p>
         <p xml:id="F0002077.000080">
            <s>
               <w msd="Somei" lemma="govornik">GOVORNIK</w>
               <c>:</c>
               <S/>
               <w msd="Zv-mei" lemma="kdo">Kdo</w>
               <S/>
               <w msd="Gp-ste-n" lemma="biti">je</w>
               <S/>
               <w msd="Ppsmeid" lemma="lep">najlepši</w>
               <S/>
               <w msd="Dm" lemma="v">v</w>
               <S/>
               <w msd="Zspzemm" lemma="naš">naši</w>
               <S/>
               <w msd="Sozem" lemma="dežela">deželi</w>
               <c>?</c>
            </s>
         </p>
         <p xml:id="F0002077.000084">
            <s>
               <w msd="Somei" lemma="govornik">GOVORNIK</w>
               <c>:</c>
               <S/>
               <w msd="Zv-zei" lemma="kateri">Katera</w>
               <S/>
               <w msd="Sozei" lemma="dežela">dežela</w>
               <S/>
               <w msd="Gp-ste-n" lemma="biti">je</w>
               <S/>
               <w msd="Ppszei" lemma="dober">najboljša</w>
               <S/>
               <w msd="Dm" lemma="na">na</w>
               <S/>
               <w msd="Somem" lemma="svet">svetu</w>
               <c>?</c>
               <S/>
            </s>
            <s>
               <w msd="Zc-mmi" lemma="ves">VSI</w>
               <c>:</c>
               <S/>
               <w msd="Zspzeim" lemma="naš">Naša</w>
               <c>,</c>
               <S/>
               <w msd="Zspzeim" lemma="naš">naša</w>
               <c>!</c>
               <S/>
            </s>
            <s>
               <w msd="Sozei" lemma="dežela">Dežela</w>
               <S/>
               <w msd="Rsn" lemma="lepo">Lepo</w>
               <S/>
               <w msd="Vp" lemma="in">in</w>
               <S/>
               <w msd="L" lemma="prav">prav</w>
               <c>!</c>
               <S/>
            </s>
            <s>
               <c>(</c>
               <S/>
               <w msd="Somei" lemma="ples">ples</w>
               <c>,</c>
               <w msd="Sozei" lemma="zabava">zabava</w>
               <c>)</c>
            </s>
         </p>
         <p xml:id="F0002077.000090">
            <s>
               <w msd="Zc-mmi" lemma="ves">VSI</w>
               <c>:</c>
               <S/>
               <w msd="Gp-ste-d" lemma="biti">Ni</w>
               <S/>
               <w msd="Gp-ste-n" lemma="biti">je</w>
               <S/>
               <w msd="L" lemma="več">več</w>
               <c>?</c>
               <S/>
            </s>
            <s>
               <w msd="Gp-ste-d" lemma="biti">NI</w>
               <S/>
               <w msd="Gp-ste-n" lemma="biti">JE</w>
               <S/>
               <w msd="L" lemma="več">VEČ</w>
               <c>!</c>
               <c>!</c>
               <c>!</c>
               <c>(</c>
               <S/>
               <w msd="Ggnstm" lemma="jokati">jočejo</w>
               <S/>
               <w msd="Vp" lemma="in">in</w>
               <S/>
               <w msd="Zp------k" lemma="se">se</w>
               <S/>
               <w msd="Rsn" lemma="prestrašeno">prestrašeno</w>
               <S/>
               <w msd="Ggnstm" lemma="oklepati">oklepajo</w>
               <S/>
               <w msd="Kbzmein" lemma="drug">drug</w>
               <S/>
               <w msd="Kbzmet" lemma="drug">drugega</w>
               <c>)</c>
               <S/>
               <w msd="Zv-sei" lemma="kaj">Kaj</w>
               <S/>
               <w msd="Vp" lemma="pa">pa</w>
               <S/>
               <w msd="Rsn" lemma="zdaj">zdaj</w>
               <c>?</c>
            </s>
         </p>
         <p xml:id="F0002077.000094">
            <s>
               <w msd="Slmei" lemma="CAPEK">CAPEK</w>
               <S/>
               <w msd="Kag" lemma="1">1</w>
               <c>:</c>
               <S/>
               <w msd="L" lemma="prav">Prav</w>
               <S/>
               <w msd="Zotmmd--k" lemma="on">jim</w>
               <S/>
               <w msd="Gp-vde" lemma="biti">bodi</w>
               <c>!</c>
               <S/>
            </s>
            <s>
               <w msd="Rsn" lemma="tako">Tako</w>
               <S/>
               <w msd="Rsn" lemma="grdo">grdo</w>
               <S/>
               <w msd="Gp-stm-n" lemma="biti">so</w>
               <S/>
               <w msd="Zop-mt" lemma="jaz">nas</w>
               <S/>
               <w msd="Ggdd-mm" lemma="spoditi">spodili</w>
               <S/>
               <w msd="Sozet" lemma="stran">stran</w>
               <c>,</c>
               <S/>
               <w msd="Vd" lemma="kot">kot</w>
               <S/>
               <w msd="Vd" lemma="da">da</w>
               <S/>
               <w msd="Gp-spm-n" lemma="biti">smo</w>
               <S/>
               <w msd="Ppnzer" lemma="navaden">navadne</w>
               <S/>
               <w msd="Sozer" lemma="smet">smeti</w>
               <c>.</c>
               <S/>
            </s>
            <s>
               <w msd="Vp" lemma="pa">Pa</w>
               <S/>
               <w msd="Gp-spm-n" lemma="biti">smo</w>
               <S/>
               <w msd="L" lemma="ravno">ravno</w>
               <S/>
               <w msd="Zk-mmi" lemma="takšen">takšni</w>
               <S/>
               <w msd="Vd" lemma="kot">kot</w>
               <S/>
               <w msd="Zotmmi" lemma="on">oni</w>
               <c>.</c>
               <S/>
            </s>
            <s>
               <w msd="L" lemma="le">Le</w>
               <S/>
               <w msd="Ggdvde" lemma="pogledati">poglej</w>
               <S/>
               <w msd="Zotzmt--k" lemma="on">jih</w>
               <c>!</c>
               <S/>
            </s>
            <s>
               <w msd="Rsn" lemma="kar">Kar</w>
               <S/>
               <w msd="Ggdstm" lemma="pomreti">pomrejo</w>
               <S/>
               <w msd="L" lemma="naj">naj</w>
               <S/>
               <w msd="Dr" lemma="od">od</w>
               <S/>
               <w msd="Sozer" lemma="lakota">lakote</w>
               <c>!</c>
            </s>
         </p>
         <p xml:id="F0002077.000100">
            <s>
               <w msd="Ggdste" lemma="nastati">Nastane</w>
               <S/>
               <w msd="Ppnzei" lemma="groben">grobna</w>
               <S/>
               <w msd="Sozei" lemma="tišina">tišina</w>
               <c>,</c>
               <w msd="Somei" lemma="policaj">policaj</w>
               <S/>
               <w msd="Rsn" lemma="kar">kar</w>
               <S/>
               <w msd="Rsn" lemma="naenkrat">naenkrat</w>
               <S/>
               <w msd="Ggdste" lemma="planiti">plane</w>
               <S/>
               <w msd="Dt" lemma="v">v</w>
               <S/>
               <w msd="Sometn" lemma="jok">jok</w>
               <c>.</c>
            </s>
         </p>
         <p xml:id="F0002077.000113">
            <s>
               <w msd="Ppnmeid" lemma="moder">MODRI</w>
               <S/>
               <w msd="Somei" lemma="starec">STAREC</w>
               <S/>
               <c>(</c>
               <S/>
               <w msd="Zotmet--k" lemma="on">ga</w>
               <S/>
               <w msd="Ggdste" lemma="objeti">objame</w>
               <S/>
               <w msd="Dr" lemma="prek">prek</w>
               <S/>
               <w msd="Sosmr" lemma="rame">ramen</w>
               <c>)</c>
               <S/>
               <w msd="Zsdseie" lemma="tvoj">Tvoje</w>
               <S/>
               <w msd="Sosei" lemma="srce">srce</w>
               <S/>
               <w msd="Ggnste" lemma="biti">bije</w>
               <S/>
               <w msd="Rsn" lemma="tako">tako</w>
               <S/>
               <w msd="Rsn" lemma="močno">močno</w>
               <c>,</c>
               <S/>
               <w msd="Vd" lemma="da">da</w>
               <S/>
               <w msd="Zp------k" lemma="se">se</w>
               <S/>
               <w msd="Ggvste" lemma="slišati">sliši</w>
               <S/>
               <w msd="Rsn" lemma="daleč">daleč</w>
               <S/>
               <w msd="Rsn" lemma="naokoli">naokoli</w>
               <c>.</c>
            </s>
         </p>
         <p xml:id="F0002077.000120">
            <s>
               <w msd="Kav" lemma="1.">1.</w>
               <S/>
               <w msd="Kag" lemma="3">3</w>
               <c>.</c>
               <S/>
            </s>
            <s>
               <w msd="Sozei" lemma="refleksija">REFLEKSIJA</w>
               <S/>
               <w msd="Dm" lemma="o">O</w>
               <S/>
               <w msd="Pdnzem" lemma="izveden">IZVEDENI</w>
               <S/>
               <w msd="Sozem" lemma="predstava">PREDSTAVI</w>
               <c>:</c>
            </s>
         </p>
         <p xml:id="F0002077.000134">
            <s>
               <w msd="Kav" lemma="2.">2.</w>
               <S/>
            </s>
            <s>
               <w msd="Zk-sei" lemma="ta">TO</w>
               <S/>
               <w msd="Gp-g" lemma="biti">BI</w>
               <S/>
               <w msd="Ggnd-ms" lemma="jokati">JOKALA</w>
               <S/>
               <c>–</c>
               <S/>
               <w msd="O" lemma="G.">G.</w>
               <S/>
               <w msd="O" lemma="F.">F.</w>
               <S/>
               <w msd="Slmei" lemma="Handel">Handel</w>
            </s>
         </p>
         <p xml:id="F0002077.000145">
            <s>
               <w msd="Ggdstm" lemma="izdelati">izdelajo</w>
               <S/>
               <w msd="Ppnmmi" lemma="sam">sami</w>
               <S/>
               <w msd="Sommi" lemma="otrok">otroci</w>
            </s>
         </p>
         <p xml:id="F0002077.000146">
            <s>
               <w msd="Sommi" lemma="kostum">Kostumi</w>
               <c>:</c>
               <S/>
               <w msd="Rsn" lemma="lahko">lahko</w>
               <S/>
               <w msd="Zotmmt--k" lemma="on">jih</w>
               <S/>
               <w msd="Ggvstm" lemma="pomagati">pomagajo</w>
               <S/>
               <w msd="Ggdn" lemma="izdelati">izdelati</w>
               <S/>
               <w msd="Sommi" lemma="starš">starši</w>
               <S/>
               <w msd="Vp" lemma="ali">ali</w>
               <S/>
               <w msd="Zp---d--k" lemma="se">si</w>
               <S/>
               <w msd="Zotmmt--k" lemma="on">jih</w>
               <S/>
               <w msd="Ggdstm" lemma="izdelati">izdelajo</w>
               <S/>
            </s>
         </p>
         <p xml:id="F0002077.000154">
            <s>
               <w msd="Zc-mmi" lemma="ves">VSI</w>
               <c>:</c>
               <S/>
               <w msd="M" lemma="hura">Hura</w>
               <c>,</c>
               <S/>
               <w msd="M" lemma="hura">hura</w>
               <c>,</c>
               <S/>
               <w msd="M" lemma="hura">hura</w>
               <c>!</c>
            </s>
         </p>
         <p xml:id="F0002077.000164">
            <s>
               <c>(</c>
               <w msd="Ggdstm" lemma="prinesti">Prinesejo</w>
               <S/>
               <w msd="Zotzet--k" lemma="on">jo</w>
               <S/>
               <w msd="Dt" lemma="v">v</w>
               <S/>
               <w msd="Soset" lemma="ospredje">ospredje</w>
               <S/>
               <w msd="Vp" lemma="in">in</w>
               <S/>
               <w msd="Zp---d--k" lemma="se">si</w>
               <S/>
               <w msd="Zotzet--k" lemma="on">jo</w>
               <S/>
               <w msd="Ggnstm" lemma="ogledovati">ogledujejo</w>
               <c>.</c>
               <c>)</c>
            </s>
         </p>
         <p xml:id="F0002077.000192">
            <s>
               <c>(</c>
               <w msd="Sommi" lemma="otrok">Otroci</w>
               <S/>
               <w msd="Zp------k" lemma="se">se</w>
               <S/>
               <w msd="Zotmer--k" lemma="on">ga</w>
               <S/>
               <w msd="L" lemma="ne">ne</w>
               <S/>
               <w msd="Ggnstm" lemma="bati">bojijo</w>
               <S/>
               <w msd="L" lemma="več">več</w>
               <c>,</c>
               <S/>
               <w msd="Ggnstm" lemma="hoditi">hodijo</w>
               <S/>
               <w msd="Dr" lemma="okrog">okrog</w>
               <S/>
               <w msd="Zotmer" lemma="on">njega</w>
               <c>,</c>
               <S/>
               <w msd="Zotmet--k" lemma="on">ga</w>
               <S/>
               <w msd="Ggnstm" lemma="objemati">objemajo</w>
               <c>.</c>
               <c>)</c>
            </s>
         </p>
         <p xml:id="F0002077.000195">
            <s>
               <c>(</c>
               <w msd="Sommd" lemma="otrok">Otrokom</w>
               <S/>
               <w msd="Ggdste" lemma="izročiti">izroči</w>
               <S/>
               <w msd="Sometn" lemma="lonček">lonček</w>
               <S/>
               <w msd="Do" lemma="z">s</w>
               <S/>
               <w msd="Soseo" lemma="seme">semenom</w>
               <S/>
               <w msd="Vp" lemma="in">in</w>
               <S/>
               <w msd="Ggdste" lemma="izginiti">izgine</w>
               <c>.</c>
               <c>)</c>
            </s>
         </p>
         <p xml:id="F0002077.000206">
            <s>
               <w msd="Kav" lemma="6.">6.</w>
               <S/>
               <w msd="Ppnmeid" lemma="glasben">glasbeni</w>
               <S/>
               <w msd="Somei" lemma="vložek">vložek</w>
            </s>
         </p>
         <p xml:id="F0002077.000222">
            <s>
               <w msd="Kav" lemma="3.">3.</w>
               <S/>
               <w msd="Ppnmeid" lemma="glasben">glasbeni</w>
               <S/>
               <w msd="Somei" lemma="vložek">vložek</w>
            </s>
         </p>
         <p xml:id="F0002077.000223">
            <s>
               <w msd="Somei" lemma="konec">KONEC</w>
            </s>
         </p>
         <p xml:id="F0002077.000225">
            <s>
               <c>-</c>
               <S/>
               <w msd="Rsn" lemma="kako">KAKO</w>
               <S/>
               <w msd="Gp-stm-n" lemma="biti">SO</w>
               <S/>
               <w msd="Sozet" lemma="predstava">PREDSTAVO</w>
               <S/>
               <w msd="Ggdd-mm" lemma="doživeti">DOŽIVELI</w>
               <S/>
               <w msd="Sommi" lemma="otrok">OTROCI</w>
               <c>?</c>
            </s>
         </p>
         <p xml:id="F0002077.000241">
            <s>
               <w msd="Somei" lemma="ples">Ples</w>
               <c>:</c>
               <S/>
               <w msd="Do" lemma="med">Med</w>
               <S/>
               <w msd="Soseo" lemma="izvajanje">izvajanjem</w>
               <S/>
               <w msd="Ppnzmr" lemma="posamezen">posameznih</w>
               <S/>
               <w msd="Sozmr" lemma="pesmica">pesmic</w>
               <S/>
               <w msd="Zp------k" lemma="se">se</w>
               <S/>
               <w msd="Rsn" lemma="lahko">lahko</w>
               <S/>
               <w msd="Ggdste" lemma="vključiti">vključi</w>
               <S/>
               <w msd="L" lemma="tudi">tudi</w>
               <S/>
               <w msd="Sometn" lemma="ples">ples</w>
               <c>.</c>
            </s>
         </p>
         <p xml:id="F0002077.000242">
            <s>
               <w msd="Somei" lemma="izbor">Izbor</w>
               <S/>
               <w msd="Somei" lemma="nalog">nalog</w>
               <c>:</c>
               <S/>
               <w msd="Sommi" lemma="igralec">Igralci</w>
               <c>:</c>
               <S/>
               <w msd="Ppnzei" lemma="cel">cela</w>
               <S/>
               <w msd="Sozei" lemma="skupina">skupina</w>
            </s>
         </p>
         <p xml:id="F0002077.000249">
            <s>
               <w msd="Kag" lemma="5.1">5.1</w>
               <c>.</c>
               <S/>
            </s>
            <s>
               <w msd="Ppnsei" lemma="dramski">DRAMSKO</w>
               <S/>
               <w msd="Sosei" lemma="besedilo">BESEDILO</w>
               <c>:</c>
            </s>
         </p>
         <p xml:id="F0002077.000255">
            <s>
               <w msd="Somei" lemma="puli">PULI</w>
               <c>:</c>
               <S/>
               <w msd="M" lemma="ha">Ha</w>
               <c>,</c>
               <S/>
               <w msd="M" lemma="ha">ha</w>
               <c>,</c>
               <S/>
               <w msd="M" lemma="ha">ha</w>
               <c>,</c>
               <S/>
               <w msd="Ggdvdd" lemma="pogledati">poglejta</w>
               <c>,</c>
               <S/>
               <w msd="Zv-zei" lemma="kakšen">kakšna</w>
               <S/>
               <w msd="Ppnsmi" lemma="čuden">čudna</w>
               <S/>
               <w msd="Sosmi" lemma="bitje">bitja</w>
               <S/>
               <c>(</c>
               <w msd="Ggnstm" lemma="ogledovati">ogledujejo</w>
               <S/>
               <w msd="Zp---d--k" lemma="se">si</w>
               <S/>
               <w msd="Sommt" lemma="človek">ljudi</w>
               <S/>
               <w msd="Dm" lemma="v">v</w>
               <S/>
               <w msd="Sozem" lemma="dvorana">dvorani</w>
               <S/>
               <w msd="Vp" lemma="in">in</w>
               <S/>
               <w msd="Dm" lemma="na">na</w>
               <S/>
               <w msd="Somem" lemma="oder">odru</w>
               <c>,</c>
               <S/>
               <w msd="Zc-mmi" lemma="ves">vsi</w>
               <S/>
               <w msd="Sommi" lemma="igralec">igralci</w>
               <S/>
               <w msd="Gp-stm-n" lemma="biti">so</w>
               <S/>
               <w msd="Dm" lemma="na">na</w>
               <S/>
               <w msd="Somem" lemma="oder">odru</w>
               <c>,</c>
               <S/>
               <w msd="Rss" lemma="najprej">najprej</w>
               <S/>
               <w msd="Dm" lemma="v">v</w>
               <S/>
               <w msd="Sozem" lemma="gruča">gruči</w>
               <S/>
               <w msd="Dm" lemma="na">na</w>
               <S/>
               <w msd="Kbzmem" lemma="en">enem</w>
               <S/>
               <w msd="Somem" lemma="del">delu</w>
               <S/>
               <w msd="Somer" lemma="oder">odra</w>
               <c>.</c>
            </s>
         </p>
         <p xml:id="F0002077.000259">
            <s>
               <c>(</c>
               <w msd="Ggvstm" lemma="obstopiti">Obstopijo</w>
               <S/>
               <w msd="Sozet" lemma="gruča">gručo</w>
               <S/>
               <w msd="Sommr" lemma="otrok">otrok</w>
               <S/>
               <w msd="Vp" lemma="in">in</w>
               <S/>
               <w msd="Ggdstm" lemma="zapeti">zapojejo</w>
               <S/>
               <w msd="Vp" lemma="in">in</w>
               <S/>
               <w msd="Ggdstm" lemma="zaplesati">zaplešejo</w>
               <S/>
               <w msd="Dr" lemma="okoli">okoli</w>
               <S/>
               <w msd="Zotmmm" lemma="on">njih</w>
               <c>)</c>
            </s>
         </p>
         <p xml:id="F0002077.000261">
            <s>
               <w msd="Kbzmet" lemma="en">EN</w>
               <S/>
               <w msd="Somei" lemma="ten">TEN</w>
               <S/>
               <w msd="Somei" lemma="tenera">TENERA</w>
               <c>,</c>
               <S/>
               <w msd="Somei" lemma="bum">BUM</w>
               <S/>
               <w msd="Rsn" lemma="čim">ČIM</w>
               <S/>
               <w msd="Slzei" lemma="KABARA">KABARA</w>
               <c>,</c>
               <w msd="Psnzei" lemma="Kabarin">KABARINA</w>
               <S/>
               <w msd="Slzei" lemma="BUNDAČINA">BUNDAČINA</w>
               <c>,</c>
               <S/>
               <w msd="Slzei" lemma="BUNDAČINA">BUNDAČINA</w>
               <S/>
               <w msd="Slzei" lemma="KABARA">KABARA</w>
               <c>.</c>
               <S/>
            </s>
            <s>
               <c>(</c>
               <w msd="Sommi" lemma="otrok">Otroci</w>
               <S/>
               <w msd="Zp------k" lemma="se">se</w>
               <S/>
               <w msd="Ggdstm" lemma="prestrašiti">prestrašijo</w>
               <c>,</c>
               <S/>
               <w msd="Ggdstm" lemma="začeti">začnejo</w>
               <S/>
               <w msd="Ggnn" lemma="bežati">bežati</w>
               <S/>
               <w msd="Dt" lemma="na">na</w>
               <S/>
               <w msd="Zc-zmt" lemma="ves">vse</w>
               <S/>
               <w msd="Sozmt" lemma="stran">strani</w>
               <c>.</c>
               <c>)</c>
            </s>
         </p>
         <p xml:id="F0002077.000281">
            <s>
               <w msd="Ggnste" lemma="piliti">PILI</w>
               <c>,</c>
               <S/>
               <w msd="Somei" lemma="puli">PULI</w>
               <c>,</c>
               <S/>
               <w msd="Slmer" lemma="PAL">PALA</w>
               <c>:</c>
               <S/>
               <w msd="Rsn" lemma="čudovito">Čudovito</w>
               <c>,</c>
               <S/>
               <w msd="Rsn" lemma="čudovito">čudovito</w>
               <c>.</c>
               <c>.</c>
               <c>.</c>
            </s>
         </p>
         <p xml:id="F0002077.000293">
            <s>
               <w msd="Slmei" lemma="MARKO">MARKO</w>
               <c>:</c>
               <S/>
               <w msd="Somei" lemma="cirkus">Cirkus</w>
               <c>?</c>
               <S/>
            </s>
            <s>
               <w msd="Zk-sei" lemma="ta">To</w>
               <S/>
               <w msd="Vp" lemma="pa">pa</w>
               <S/>
               <w msd="Gp-ste-n" lemma="biti">je</w>
               <S/>
               <w msd="Rss" lemma="najbolj">najbolj</w>
               <S/>
               <w msd="Ppnzei" lemma="zabaven">zabavna</w>
               <S/>
               <w msd="Sozei" lemma="stvar">stvar</w>
               <S/>
               <w msd="Dm" lemma="na">na</w>
               <S/>
               <w msd="Somem" lemma="svet">svetu</w>
               <c>,</c>
               <S/>
               <w msd="Vd" lemma="ki">ki</w>
               <S/>
               <w msd="Zotzet--k" lemma="on">jo</w>
               <S/>
               <w msd="Ggnste" lemma="morati">mora</w>
               <S/>
               <w msd="L" lemma="vsaj">vsaj</w>
               <S/>
               <w msd="Rsn" lemma="enkrat">enkrat</w>
               <S/>
               <w msd="Ggvn" lemma="videti">videti</w>
               <S/>
               <w msd="Zc-mei" lemma="vsak">vsak</w>
               <S/>
               <w msd="Somei" lemma="otrok">otrok</w>
               <c>!</c>
            </s>
         </p>
         <p xml:id="F0002077.000306">
            <s>
               <w msd="Sozei" lemma="maja">MAJA</w>
               <c>:</c>
               <S/>
               <w msd="Rsn" lemma="toliko">Toliko</w>
               <S/>
               <w msd="Somer" lemma="čas">časa</w>
               <S/>
               <w msd="L" lemma="že">že</w>
               <S/>
               <w msd="Ggnspm" lemma="potovati">potujemo</w>
               <S/>
               <w msd="Rsn" lemma="naokoli">naokoli</w>
               <c>,</c>
               <S/>
               <w msd="Vd" lemma="da">da</w>
               <S/>
               <w msd="Gp-spm-n" lemma="biti">smo</w>
               <S/>
               <w msd="Rsn" lemma="čisto">čisto</w>
               <S/>
               <w msd="Ggdd-mm" lemma="pozabiti">pozabili</w>
               <S/>
               <w msd="Dt" lemma="na">na</w>
               <S/>
               <w msd="Zk-set" lemma="ta">to</w>
               <c>.</c>
            </s>
         </p>
         <p xml:id="F0002077.000307">
            <s>
               <w msd="Slmei" lemma="MARKO">MARKO</w>
               <c>:</c>
               <S/>
               <w msd="Zv-set" lemma="kaj">Kaj</w>
               <S/>
               <w msd="Gp-spm-n" lemma="biti">smo</w>
               <S/>
               <w msd="Ggdd-mm" lemma="pozabiti">pozabili</w>
               <c>?</c>
            </s>
         </p>
         <p xml:id="F0002077.000314">
            <s>
               <w msd="Zc-mmi" lemma="ves">VSI</w>
               <c>:</c>
               <S/>
               <w msd="Ggdspm" lemma="poskusiti">Poskusimo</w>
               <c>,</c>
               <S/>
               <w msd="Ggdspm" lemma="poskusiti">poskusimo</w>
               <c>!</c>
               <S/>
            </s>
            <s>
               <w msd="Rsn" lemma="hitro">Hitro</w>
               <c>,</c>
               <S/>
               <w msd="Ggvvpm" lemma="iti">pojdimo</w>
               <c>!</c>
            </s>
         </p>
         <p xml:id="F0002077.000319">
            <s>
               <c>(</c>
               <w msd="Ggdste" lemma="priti">Pride</w>
               <S/>
               <w msd="Somei" lemma="vseved">Vseved</w>
               <c>.</c>
               <S/>
            </s>
            <s>
               <w msd="Ggnd-mm" lemma="piti">Pili</w>
               <S/>
               <w msd="Ggdste" lemma="začeti">začne</w>
               <S/>
               <w msd="Ggnn" lemma="skakati">skakati</w>
               <S/>
               <w msd="Dr" lemma="okoli">okoli</w>
               <S/>
               <w msd="Zotmer" lemma="on">njega</w>
               <S/>
               <w msd="Vp" lemma="in">in</w>
               <S/>
               <w msd="Zotmet--k" lemma="on">ga</w>
               <S/>
               <w msd="Ggnn" lemma="cukati">cukati</w>
               <S/>
               <w msd="Dt" lemma="za">za</w>
               <S/>
               <w msd="Sometn" lemma="rokav">rokav</w>
               <c>.</c>
               <c>)</c>
            </s>
         </p>
         <p xml:id="F0002077.000335">
            <s>
               <w msd="Slmetd" lemma="PAL">PALA</w>
               <c>:</c>
               <S/>
               <w msd="Somei" lemma="halo">Halo</w>
               <c>,</c>
               <S/>
               <w msd="Slzei" lemma="Zemlja">Zemlja</w>
               <c>!</c>
               <S/>
            </s>
            <s>
               <w msd="Slzei" lemma="Maja">Maja</w>
               <c>,</c>
               <S/>
               <w msd="Slmei" lemma="Marko">Marko</w>
               <c>,</c>
               <S/>
               <w msd="Slzei" lemma="Mojca">Mojca</w>
               <c>,</c>
               <S/>
               <w msd="Rsn" lemma="tu">tu</w>
               <S/>
               <w msd="Gp-spm-n" lemma="biti">smo</w>
               <c>,</c>
               <S/>
               <w msd="Rsn" lemma="doma">doma</w>
               <S/>
               <w msd="Gp-spm-n" lemma="biti">smo</w>
               <c>.</c>
               <S/>
            </s>
            <s>
               <w msd="Somei" lemma="vseved">Vseved</w>
               <c>,</c>
               <S/>
               <w msd="Sozei" lemma="hvala">hvala</w>
               <c>,</c>
               <S/>
               <w msd="Sozei" lemma="hvala">hvala</w>
               <c>!</c>
            </s>
         </p>
         <p xml:id="F0002077.000354">
            <s>
               <c>-</c>
               <S/>
               <w msd="Sommi" lemma="odziv">ODZIVI</w>
               <S/>
               <w msd="Sommr" lemma="gledalec">GLEDALCEV</w>
               <S/>
               <c>(</c>
               <S/>
               <w msd="Somei" lemma="otrok">otrok</w>
               <c>,</c>
               <S/>
               <w msd="Sommr" lemma="starš">staršev</w>
               <c>,</c>
               <S/>
               <w msd="Kbzmmr" lemma="drug">drugih</w>
               <S/>
               <c>)</c>
               <S/>
               <w msd="Dt" lemma="na">NA</w>
               <S/>
               <w msd="Zspsetm" lemma="naš">NAŠE</w>
               <S/>
               <w msd="Soset" lemma="delo">DELO</w>
               <c>:</c>
            </s>
         </p>
         <p xml:id="F0002077.000367">
            <s>
               <w msd="Kav" lemma="5.">5.</w>
               <S/>
            </s>
            <s>
               <w msd="Vd" lemma="ko">KO</w>
               <S/>
               <w msd="Gp-sde-n" lemma="biti">SI</w>
               <S/>
               <w msd="Ppnmein" lemma="srečen">SREČEN</w>
               <S/>
               <c>–</c>
               <S/>
               <w msd="Ppnzei" lemma="mednaroden">mednarodna</w>
            </s>
         </p>
         <p xml:id="F0002077.000368">
            <s>
               <w msd="Somei" lemma="ples">Ples</w>
               <c>:</c>
               <S/>
               <w msd="Ggnspm" lemma="priporočati">Priporočamo</w>
               <S/>
               <w msd="Ppnzer" lemma="plesen">plesne</w>
               <S/>
               <w msd="Sommt" lemma="vložek">vložke</w>
               <S/>
               <w msd="Dm" lemma="ob">ob</w>
               <S/>
               <w msd="Ppnmmm" lemma="posamezen">posameznih</w>
               <S/>
               <w msd="Ppnmmm" lemma="glasben">glasbenih</w>
               <S/>
               <w msd="Sommm" lemma="vložek">vložkih</w>
               <c>.</c>
               <S/>
            </s>
         </p>
         <p xml:id="F0002077.000373">
            <s>
               <w msd="Sommi" lemma="kostum">Kostumi</w>
               <c>:</c>
               <S/>
               <w msd="Rsn" lemma="lahko">lahko</w>
               <S/>
               <w msd="Zotmmt--k" lemma="on">jih</w>
               <S/>
               <w msd="Ggvstm" lemma="pomagati">pomagajo</w>
               <S/>
               <w msd="Ggdn" lemma="izdelati">izdelati</w>
               <S/>
               <w msd="Sommi" lemma="starš">starši</w>
               <S/>
               <w msd="Vp" lemma="ali">ali</w>
               <S/>
               <w msd="Zp---d--k" lemma="se">si</w>
               <S/>
               <w msd="Zotmmt--k" lemma="on">jih</w>
               <S/>
               <w msd="Ggdstm" lemma="izdelati">izdelajo</w>
               <S/>
            </s>
         </p>
         <p xml:id="F0002077.000377">
            <s>
               <w msd="Kav" lemma="1.">1.</w>
               <S/>
            </s>
            <s>
               <w msd="Sosei" lemma="dejanje">DEJANJE</w>
               <S/>
            </s>
         </p>
         <p xml:id="F0002077.000390">
            <s>
               <w msd="Rsn" lemma="bobo">BOBO</w>
               <c>:</c>
               <S/>
               <w msd="L" lemma="le">Le</w>
               <S/>
               <w msd="Rsn" lemma="dobro">dobro</w>
               <S/>
               <w msd="Zop-et--k" lemma="jaz">me</w>
               <S/>
               <w msd="Ggdvdm" lemma="pogledati">poglejte</w>
               <c>!</c>
               <S/>
            </s>
            <s>
               <w msd="Vp" lemma="ali">Ali</w>
               <S/>
               <w msd="Zod-dt" lemma="ti">vaju</w>
               <S/>
               <w msd="Dt" lemma="na">na</w>
               <S/>
               <w msd="Zv-met" lemma="kdo">koga</w>
               <S/>
               <w msd="Ggnspe" lemma="spominjati">spominjam</w>
               <c>?</c>
            </s>
         </p>
         <p xml:id="F0002077.000393">
            <s>
               <w msd="Somei" lemma="deček">DEČEK</w>
               <c>:</c>
               <S/>
               <c>(</c>
               <w msd="Zotmet--k" lemma="on">ga</w>
               <S/>
               <w msd="Ggnste" lemma="vleči">vleče</w>
               <S/>
               <w msd="Dt" lemma="za">za</w>
               <S/>
               <w msd="Sommt" lemma="las">lase</w>
               <c>)</c>
               <c>:</c>
               <S/>
               <w msd="Zk-mei" lemma="tak">Tak</w>
               <S/>
               <w msd="Gp-sde-n" lemma="biti">si</w>
               <S/>
               <w msd="Vd" lemma="kot">kot</w>
               <S/>
               <w msd="Zv-mei" lemma="kakšen">kakšen</w>
               <S/>
               <w msd="Ppnmein" lemma="star">star</w>
               <S/>
               <w msd="Somei" lemma="hipi">hipi</w>
               <S/>
               <w msd="Do" lemma="z">s</w>
               <S/>
               <w msd="Zk-zeo" lemma="ta">to</w>
               <S/>
               <w msd="Sozeo" lemma="pleša">plešo</w>
               <S/>
               <w msd="Vp" lemma="in">in</w>
               <S/>
               <w msd="Do" lemma="z">s</w>
               <S/>
               <w msd="Zk-zmo" lemma="ta">temi</w>
               <S/>
               <w msd="Sozmo" lemma="štrena">štrenami</w>
               <S/>
               <w msd="Dr" lemma="okrog">okrog</w>
               <S/>
               <w msd="Sozer" lemma="glava">glave</w>
               <c>.</c>
            </s>
         </p>
         <p xml:id="F0002077.000399">
            <s>
               <w msd="Sozei" lemma="deklica">DEKLICA</w>
               <c>:</c>
               <S/>
               <w msd="Vp" lemma="in">In</w>
               <S/>
               <w msd="Zv-sei" lemma="kaj">kaj</w>
               <S/>
               <w msd="Zp------k" lemma="se">se</w>
               <S/>
               <w msd="Zod-dd" lemma="ti">vama</w>
               <S/>
               <w msd="Gp-ste-n" lemma="biti">je</w>
               <S/>
               <w msd="Ggdd-es" lemma="zgoditi">zgodilo</w>
               <c>?</c>
            </s>
         </p>
         <p xml:id="F0002077.000412">
            <s>
               <w msd="Rsn" lemma="bobo">BOBO</w>
               <c>:</c>
               <S/>
               <w msd="Rsr" lemma="tiho">Tiše</w>
               <c>,</c>
               <S/>
               <w msd="L" lemma="no">no</w>
               <c>.</c>
               <S/>
            </s>
            <s>
               <w msd="Rsn" lemma="res">Res</w>
               <S/>
               <w msd="Gp-spe-n" lemma="biti">sem</w>
               <S/>
               <w msd="Zop-ei" lemma="jaz">jaz</w>
               <c>.</c>
               <S/>
            </s>
            <s>
               <w msd="L" lemma="nikar">Nikar</w>
               <S/>
               <w msd="Rsn" lemma="tako">tako</w>
               <S/>
               <w msd="L" lemma="ne">ne</w>
               <S/>
               <w msd="Ggnvdm" lemma="kričati">kričite</w>
               <c>.</c>
               <S/>
            </s>
            <s>
               <w msd="Ggnspe-d" lemma="hoteti">Nočem</w>
               <c>,</c>
               <S/>
               <w msd="Vd" lemma="da">da</w>
               <S/>
               <w msd="Ppnmeid" lemma="hudoben">hudobni</w>
               <S/>
               <w msd="Somei" lemma="direktor">direktor</w>
               <S/>
               <w msd="Ggdste" lemma="zvedeti">zve</w>
               <c>,</c>
               <S/>
               <w msd="Vd" lemma="da">da</w>
               <S/>
               <w msd="Gp-spe-n" lemma="biti">sem</w>
               <S/>
               <w msd="Rsn" lemma="tukaj">tukaj</w>
               <c>.</c>
            </s>
         </p>
         <p xml:id="F0002077.000436">
            <s>
               <w msd="Kav" lemma="2.">2.</w>
               <S/>
            </s>
            <s>
               <w msd="Somei" lemma="palček">PALČEK</w>
               <c>:</c>
               <S/>
               <w msd="L" lemma="prav">Prav</w>
               <c>,</c>
               <S/>
               <w msd="Vp" lemma="pa">pa</w>
               <S/>
               <w msd="Rsn" lemma="nič">nič</w>
               <c>.</c>
               <S/>
            </s>
            <s>
               <w msd="Gp-pdm-n" lemma="biti">Boste</w>
               <S/>
               <w msd="Vp" lemma="pa">pa</w>
               <S/>
               <w msd="Ggdd-mm" lemma="ostati">ostali</w>
               <S/>
               <w msd="Dr" lemma="brez">brez</w>
               <S/>
               <w msd="Sommr" lemma="cekin">cekinov</w>
               <c>,</c>
               <S/>
               <w msd="M" lemma="ha">ha</w>
               <c>,</c>
               <S/>
               <w msd="M" lemma="ha">ha</w>
               <c>,</c>
               <S/>
               <w msd="M" lemma="ha">ha</w>
               <c>.</c>
            </s>
         </p>
         <p xml:id="F0002077.000444">
            <s>
               <w msd="Kav" lemma="2.">2.</w>
               <S/>
            </s>
            <s>
               <w msd="Somei" lemma="palček">PALČEK</w>
               <c>:</c>
               <S/>
               <w msd="L" lemma="le">Le</w>
               <S/>
               <w msd="Somei" lemma="pogum">pogum</w>
               <S/>
               <w msd="Sozei" lemma="sončnica">Sončnica</w>
               <c>,</c>
               <S/>
               <w msd="L" lemma="le">le</w>
               <S/>
               <w msd="Sometn" lemma="pogum">pogum</w>
               <c>.</c>
               <S/>
            </s>
            <s>
               <w msd="L" lemma="samo">Samo</w>
               <S/>
               <w msd="L" lemma="še">še</w>
               <S/>
               <w msd="Rsn" lemma="malo">malo</w>
               <S/>
               <w msd="Ggvste" lemma="potrpeti">potrpi</w>
               <c>.</c>
               <S/>
            </s>
            <s>
               <w msd="Ggdvde" lemma="pogledati">Poglej</w>
               <c>,</c>
               <S/>
               <w msd="Sozei" lemma="predstava">predstava</w>
               <S/>
               <w msd="Zp------k" lemma="se">se</w>
               <S/>
               <w msd="L" lemma="že">že</w>
               <S/>
               <w msd="Ggnste" lemma="začenjati">začenja</w>
               <c>!</c>
            </s>
         </p>
         <p xml:id="F0002077.000463">
            <s>
               <w msd="Rsn" lemma="bobo">BOBO</w>
               <c>:</c>
               <S/>
               <w msd="Vp" lemma="saj">Saj</w>
               <S/>
               <w msd="Gp-std-n" lemma="biti">sta</w>
               <S/>
               <w msd="L" lemma="tudi">tudi</w>
               <S/>
               <w msd="Ggnd-dm" lemma="biti">bila</w>
               <S/>
               <w msd="Dm" lemma="v">v</w>
               <S/>
               <w msd="Sozem" lemma="pravljica">pravljici</w>
               <c>,</c>
               <S/>
               <w msd="Somer" lemma="otrok">otroka</w>
               <S/>
               <w msd="Zspsmte" lemma="moj">moja</w>
               <c>.</c>
               <S/>
            </s>
            <s>
               <w msd="Dm" lemma="v">V</w>
               <S/>
               <w msd="Ppszem" lemma="lep">najlepši</w>
               <S/>
               <w msd="Sozem" lemma="pravljica">pravljici</w>
               <c>.</c>
               <S/>
            </s>
            <s>
               <w msd="L" lemma="tudi">Tudi</w>
               <S/>
               <w msd="Zod-md" lemma="ti">vam</w>
               <S/>
               <w msd="Gp-ste-n" lemma="biti">je</w>
               <S/>
               <w msd="Sozei" lemma="sončnica">Sončnica</w>
               <S/>
               <w msd="Ggdd-ez" lemma="izpolniti">izpolnila</w>
               <S/>
               <w msd="Sozet" lemma="želja">željo</w>
               <c>!</c>
               <S/>
            </s>
            <s>
               <w msd="Zopmmi" lemma="jaz">Mi</w>
               <S/>
               <w msd="Zc-mmi" lemma="ves">vsi</w>
               <S/>
               <w msd="Gp-spm-n" lemma="biti">smo</w>
               <S/>
               <w msd="Ppnzei" lemma="čudovit">čudovita</w>
               <S/>
               <w msd="Sozei" lemma="pravljica">pravljica</w>
               <c>.</c>
            </s>
         </p>
         <p xml:id="F0002077.000467">
            <s>
               <w msd="Somei" lemma="konec">KONEC</w>
            </s>
         </p>
         <p xml:id="F0002077.000470">
            <s>
               <c>-</c>
               <S/>
               <w msd="Rsn" lemma="kako">KAKO</w>
               <S/>
               <w msd="Gp-ste-n" lemma="biti">JE</w>
               <S/>
               <w msd="Sozet" lemma="predstava">PREDSTAVO</w>
               <S/>
               <w msd="Ggdd-em" lemma="doživeti">DOŽIVEL</w>
               <S/>
               <w msd="Somei" lemma="izvajalec">IZVAJALEC</w>
               <c>?</c>
            </s>
         </p>
         <p xml:id="F0002077.000482">
            <s>
               <w msd="Kav" lemma="10.">10.</w>
               <S/>
            </s>
            <s>
               <w msd="Ppnzei" lemma="cirkuški">CIRKUŠKA</w>
               <S/>
               <w msd="Sozei" lemma="predstava">PREDSTAVA</w>
               <S/>
               <c>–</c>
               <S/>
               <w msd="Ppnzei" lemma="italijanski">italijanska</w>
               <S/>
               <w msd="Ppnzei" lemma="otroški">otroška</w>
               <c>,</c>
               <S/>
               <w msd="Ppnzei" lemma="ljudski">ljudska</w>
            </s>
         </p>
         <p xml:id="F0002077.000493">
            <s>
               <w msd="Sozei" lemma="mama">MAMA</w>
               <S/>
               <w msd="Zp------k" lemma="se">SE</w>
               <S/>
               <w msd="Ggnste" lemma="jeziti">JEZI</w>
               <c>,</c>
            </s>
         </p>
         <p xml:id="F0002077.000506">
            <s>
               <w msd="Ggdstm" lemma="izdelati">izdelajo</w>
               <S/>
               <w msd="Ppnmmi" lemma="sam">sami</w>
               <S/>
               <w msd="Sommi" lemma="otrok">otroci</w>
            </s>
         </p>
         <p xml:id="F0002077.000516">
            <s>
               <w msd="Zl-mer" lemma="nihče">Nikogar</w>
               <S/>
               <w msd="Gp-ste-d" lemma="biti">ni</w>
               <c>.</c>
               <S/>
            </s>
            <s>
               <w msd="Vp" lemma="in">In</w>
               <S/>
               <w msd="Rsn" lemma="tu">tu</w>
               <S/>
               <w msd="Gp-ste-n" lemma="biti">je</w>
               <S/>
               <w msd="Rsn" lemma="tako">tako</w>
               <S/>
               <w msd="Ppnsei" lemma="čuden">čudno</w>
               <c>.</c>
               <S/>
            </s>
            <s>
               <w msd="Rsn" lemma="sem">Sem</w>
               <S/>
               <w msd="L" lemma="že">že</w>
               <S/>
               <w msd="Gp-spm-d" lemma="biti">nismo</w>
               <S/>
               <w msd="Gp-d-mz" lemma="biti">bile</w>
               <S/>
               <w msd="Pdnzmi" lemma="namenjen">namenjene</w>
               <c>.</c>
               <S/>
            </s>
            <s>
               <c>(</c>
               <w msd="Rsn" lemma="spet">Spet</w>
               <S/>
               <w msd="Ggdste" lemma="sesti">sede</w>
               <c>)</c>
            </s>
         </p>
         <p xml:id="F0002077.000546">
            <s>
               <w msd="Kav" lemma="2.">2.</w>
               <S/>
            </s>
            <s>
               <w msd="Sosei" lemma="dejanje">DEJANJE</w>
               <c>:</c>
            </s>
         </p>
         <p xml:id="F0002077.000549">
            <s>
               <w msd="Somei" lemma="deček">DEČEK</w>
               <c>:</c>
               <c>(</c>
               <S/>
               <w msd="Ggdste" lemma="prijeti">prime</w>
               <S/>
               <w msd="Sozet" lemma="snežinka">Snežinko</w>
               <S/>
               <w msd="Dt" lemma="za">za</w>
               <S/>
               <w msd="Sozet" lemma="roka">roko</w>
               <S/>
               <w msd="Vp" lemma="in">in</w>
               <S/>
               <w msd="Zotzet--k" lemma="on">jo</w>
               <S/>
               <w msd="Ggdste" lemma="potisniti">potisne</w>
               <S/>
               <w msd="Dt" lemma="pred">pred</w>
               <S/>
               <w msd="Somer" lemma="klovn">Klovna</w>
               <c>:</c>
               <S/>
               <w msd="Gp-sde-n" lemma="biti">Si</w>
               <S/>
               <w msd="L" lemma="že">že</w>
               <S/>
               <w msd="Ggvd-em" lemma="videti">videl</w>
               <S/>
               <w msd="Rsn" lemma="kdaj">kdaj</w>
               <S/>
               <w msd="Zk-set" lemma="takšen">takšno</w>
               <S/>
               <w msd="Sosei" lemma="čudo">čudo</w>
               <c>?</c>
               <S/>
            </s>
            <s>
               <c>(</c>
               <S/>
               <w msd="Somei" lemma="klovn">Klovn</w>
               <S/>
               <w msd="Ggnste" lemma="plesati">pleše</w>
               <S/>
               <w msd="Dr" lemma="okoli">okoli</w>
               <S/>
               <w msd="Sozer" lemma="snežinka">Snežinke</w>
               <c>,</c>
               <S/>
               <w msd="Zp------k" lemma="se">se</w>
               <S/>
               <w msd="Gp-ste-n" lemma="biti">je</w>
               <S/>
               <w msd="Ggnste" lemma="dotikati">dotika</w>
               <c>,</c>
               <S/>
               <w msd="Sommi" lemma="premer">premeri</w>
               <S/>
               <w msd="Zotzet--k" lemma="on">jo</w>
               <S/>
               <w msd="Dr" lemma="od">od</w>
               <S/>
               <w msd="Sozer" lemma="glava">glave</w>
               <S/>
               <w msd="Dr" lemma="do">do</w>
               <S/>
               <w msd="Sozer" lemma="peta">pete</w>
               <c>.</c>
               <c>)</c>
            </s>
         </p>
         <p xml:id="F0002077.000555">
            <s>
               <w msd="Kav" lemma="4.">4.</w>
               <S/>
               <w msd="Ppnmeid" lemma="glasben">glasbeni</w>
               <S/>
               <w msd="Somei" lemma="vložek">vložek</w>
               <S/>
            </s>
         </p>
         <p xml:id="F0002077.000570">
            <s>
               <w msd="Sozei" lemma="snežinka">SNEŽINKA</w>
               <c>:</c>
               <S/>
               <w msd="Dr" lemma="iz">Iz</w>
               <S/>
               <w msd="Somer" lemma="sneg">snega</w>
               <S/>
               <w msd="Slmei" lemma="so">so</w>
               <c>.</c>
               <S/>
            </s>
            <s>
               <w msd="Rsn" lemma="kaj">Kaj</w>
               <S/>
               <w msd="Gp-stm-d" lemma="biti">niso</w>
               <S/>
               <w msd="Ppnmmi" lemma="čudovit">čudoviti</w>
               <c>?</c>
            </s>
         </p>
         <p xml:id="F0002077.000591">
            <s>
               <w msd="Kav" lemma="9.">9.</w>
               <S/>
            </s>
            <s>
               <w msd="Pdnzei" lemma="zmešan">ZMEŠANA</w>
               <S/>
               <w msd="Sozei" lemma="pravljica">PRAVLJICA</w>
               <c>:</c>
            </s>
         </p>
         <p xml:id="F0002077.000617">
            <s>
               <w msd="Sozei" lemma="mati">MATI</w>
               <c>:</c>
               <S/>
               <w msd="Ppnmeid" lemma="drag">Dragi</w>
               <S/>
               <w msd="Zspmete" lemma="moj">moj</w>
               <c>,</c>
               <S/>
               <w msd="Rsn" lemma="treba">treba</w>
               <S/>
               <w msd="Gp-pte-n" lemma="biti">bo</w>
               <S/>
               <w msd="Dt" lemma="v">v</w>
               <S/>
               <w msd="Sozet" lemma="postelja">posteljo</w>
               <c>.</c>
               <S/>
            </s>
            <s>
               <w msd="Ggdvde" lemma="pogledati">Poglej</w>
               <c>,</c>
               <S/>
               <w msd="Rsn" lemma="koliko">koliko</w>
               <S/>
               <w msd="Gp-ste-n" lemma="biti">je</w>
               <S/>
               <w msd="L" lemma="že">že</w>
               <S/>
               <w msd="Sozei" lemma="ura">ura</w>
               <c>.</c>
            </s>
         </p>
         <p xml:id="F0002077.000629">
            <s>
               <w msd="Ppnzei" lemma="rdeč">RDEČA</w>
               <S/>
               <w msd="Sozei" lemma="kapica">KAPICA</w>
               <c>:</c>
               <S/>
               <w msd="Slmei" lemma="Glej">Glej</w>
               <S/>
               <w msd="Zotmet--k" lemma="on">ga</w>
               <S/>
               <w msd="Ggnvde" lemma="gledati">glej</w>
               <c>,</c>
               <S/>
               <w msd="Ggnste" lemma="lumpati">lumpa</w>
               <S/>
               <w msd="Ppnser" lemma="mali">malega</w>
               <c>!</c>
               <S/>
            </s>
            <s>
               <w msd="Ggnsde" lemma="stokati">Stokaš</w>
               <S/>
               <w msd="Vp" lemma="in">in</w>
               <S/>
               <w msd="Zp------k" lemma="se">se</w>
               <S/>
               <w msd="Ggnsde" lemma="jeziti">jeziš</w>
               <c>,</c>
               <S/>
               <w msd="Vd" lemma="ker">ker</w>
               <S/>
               <w msd="L" lemma="ne">ne</w>
               <S/>
               <w msd="Ggnsde" lemma="moči">moreš</w>
               <S/>
               <w msd="Ggnn" lemma="spati">spati</w>
               <c>,</c>
               <S/>
               <w msd="Rsn" lemma="zdaj">zdaj</w>
               <S/>
               <w msd="Vp" lemma="pa">pa</w>
               <S/>
               <w msd="Zod-ed--k" lemma="ti">ti</w>
               <S/>
               <w msd="Rsn" lemma="spet">spet</w>
               <S/>
               <w msd="Gp-ste-d" lemma="biti">ni</w>
               <S/>
               <w msd="Rsn" lemma="prav">prav</w>
               <c>,</c>
               <S/>
               <w msd="Vd" lemma="ker">ker</w>
               <S/>
               <w msd="Gp-spm-n" lemma="biti">smo</w>
               <S/>
               <w msd="Ggdd-mm" lemma="priti">prišli</w>
               <S/>
               <w msd="Dd" lemma="k">k</w>
               <S/>
               <w msd="Zod-ed" lemma="ti">tebi</w>
               <S/>
               <w msd="Dt" lemma="na">na</w>
               <S/>
               <w msd="Sometn" lemma="obisk">obisk</w>
               <c>.</c>
            </s>
         </p>
         <p xml:id="F0002077.000656">
            <s>
               <w msd="Somei" lemma="otrok">OTROK</w>
               <c>:</c>
               <S/>
               <w msd="Zop-ei" lemma="jaz">Jaz</w>
               <S/>
               <w msd="L" lemma="tudi">tudi</w>
               <S/>
               <w msd="L" lemma="ne">ne</w>
               <c>.</c>
               <S/>
            </s>
            <s>
               <w msd="Rsn" lemma="tu">Tu</w>
               <S/>
               <w msd="Gp-ste-n" lemma="biti">je</w>
               <S/>
               <w msd="Rsn" lemma="nekaj">nekaj</w>
               <S/>
               <w msd="Rsn" lemma="hudo">hudo</w>
               <S/>
               <w msd="Rsn" lemma="narobe">narobe</w>
               <c>.</c>
               <S/>
            </s>
            <s>
               <w msd="Rsn" lemma="kako">Kako</w>
               <S/>
               <w msd="Zp------k" lemma="se">se</w>
               <S/>
               <w msd="Zc-mmi" lemma="ves">vsi</w>
               <S/>
               <w msd="Rsn" lemma="čudno">čudno</w>
               <S/>
               <w msd="Ggnsdm" lemma="obnašati">obnašate</w>
               <S/>
               <c>–</c>
               <S/>
               <w msd="Rsn" lemma="čisto">čisto</w>
               <S/>
               <w msd="Rsn" lemma="drugače">drugače</w>
               <S/>
               <w msd="Vd" lemma="kot">kot</w>
               <S/>
               <w msd="Dm" lemma="v">v</w>
               <S/>
               <w msd="Sozmm" lemma="knjiga">knjigah</w>
               <c>.</c>
            </s>
         </p>
         <p xml:id="F0002077.000658">
            <s>
               <w msd="Kav" lemma="7.">7.</w>
               <S/>
               <w msd="Ppnmeid" lemma="glasben">glasbeni</w>
               <S/>
               <w msd="Somei" lemma="vložek">vložek</w>
            </s>
         </p>
         <p xml:id="F0002077.000689">
            <s>
               <w msd="Somei" lemma="ples">Ples</w>
               <S/>
               <w msd="Zp---d--k" lemma="se">si</w>
               <S/>
               <w msd="Rsn" lemma="lahko">lahko</w>
               <S/>
               <w msd="Ggdstm" lemma="izmisliti">izmislijo</w>
               <S/>
               <w msd="L" lemma="tudi">tudi</w>
               <S/>
               <w msd="Ppnmmi" lemma="sam">sami</w>
               <S/>
               <w msd="Vp" lemma="ali">ali</w>
               <S/>
               <w msd="Vp" lemma="pa">pa</w>
               <S/>
               <w msd="Zotzmd--k" lemma="on">jim</w>
               <S/>
               <w msd="Zotmet--k" lemma="on">ga</w>
               <S/>
               <w msd="Ggdste" lemma="sestaviti">sestavi</w>
               <S/>
               <w msd="Somei" lemma="učitelj">učitelj</w>
               <S/>
               <w msd="Vp" lemma="ali">ali</w>
               <S/>
               <w msd="Somei" lemma="vzgojitelj">vzgojitelj</w>
               <c>.</c>
            </s>
         </p>
         <p xml:id="F0002077.000751">
            <s>
               <w msd="Kav" lemma="3.">3.</w>
               <S/>
            </s>
            <s>
               <w msd="Somei" lemma="zajček">ZAJČEK</w>
               <S/>
               <w msd="Slmei" lemma="DOLGOUŠČEK">DOLGOUŠČEK</w>
               <S/>
               <c>–</c>
               <S/>
               <w msd="O" lemma="J.">J.</w>
               <S/>
               <w msd="Slmei" lemma="Bitenc">Bitenc</w>
            </s>
         </p>
         <p xml:id="F0002077.000799">
            <s>
               <w msd="Somei" lemma="škrat">ŠKRAT</w>
               <c>:</c>
               <S/>
               <w msd="Ppnsei" lemma="mogoč">Mogoče</w>
               <S/>
               <w msd="Gp-ste-n" lemma="biti">je</w>
               <S/>
               <w msd="Vp" lemma="pa">pa</w>
               <S/>
               <w msd="L" lemma="že">že</w>
               <S/>
               <w msd="Rsn" lemma="tukaj">tukaj</w>
               <S/>
               <w msd="Vp" lemma="in">in</w>
               <S/>
               <w msd="Zp------k" lemma="se">se</w>
               <S/>
               <w msd="Gp-ste-n" lemma="biti">je</w>
               <S/>
               <w msd="Rsn" lemma="kam">kam</w>
               <S/>
               <w msd="Ggdd-em" lemma="skriti">skril</w>
               <c>.</c>
            </s>
         </p>
      </body>
   </text>
</TEI>