<?xml version="1.0" encoding="UTF-8"?>
<TEI xmlns="http://www.tei-c.org/ns/1.0" xml:id="F0001503" xml:lang="sl">
   <teiHeader>
      <fileDesc>
         <titleStmt>
            <title>ccKRES: Jaz pa berem 3 : Berilo za tretji razred osnovne šole (2008)</title>
            <funder>Operacijo delno financira Evropska unija iz Evropskega socialnega sklada ter Ministrstvo za šolstvo in šport. Operacija se izvaja v okviru Operativnega programa razvoja človeških virov za obdobje 2007-2013, razvojne prioritete: razvoj človeških virov in vseživljenjskega učenja; prednostne usmeritve: izboljšanje kakovosti in učinkovitosti sistemov izobraževanja in usposabljanja 2007-2013.</funder>
         </titleStmt>
         <editionStmt>
            <edition>1.0</edition>
         </editionStmt>
         <extent>1122 besed</extent>
         <publicationStmt>
            <idno>K:\Razvoj\Korpus\SSJ\3_Tmp\Rokus__Klett\2008\*3__berilo.*</idno>
            <availability status="free">
               <p xml:lang="sl">Avtorske pravice za to izdajo ureja licenca <ref target="http://creativecommons.org/licenses/by-nc/2.5/si/">Creative Commons Priznanje avtorstva-Nekomercialno 2.5 Slovenija</ref>.</p>
               <p xml:lang="en">This work is licenced under the <ref target="http://creativecommons.org/licenses/by-nc/2.5/si/deed.en">Creative Commons Attribution-Noncommercial 2.5 Slovenia</ref>.</p>
            </availability>
            <date>2012-05-06</date>
         </publicationStmt>
         <sourceDesc>
            <bibl>
               <title>Jaz pa berem 3 : Berilo za tretji razred osnovne šole</title>
               <author n="???">neznani avtor</author>
               <date>2008</date>
               <publisher n="drugo">Rokus Klett</publisher>
               <note type="sourceLang"/>
            </bibl>
         </sourceDesc>
      </fileDesc>
      <encodingDesc>
         <projectDesc>
            <p xml:lang="sl">Glej <ref target="http://www.korpus-kres.net/">www.korpus-kres.net</ref> oz. <ref target="http://nl.ijs.si/ssj/">nl.ijs.si/ssj</ref>.</p>
            <p xml:lang="en">See <ref target="http://www.korpus-kres.net/">www.korpus-kres.net</ref> or <ref target="http://nl.ijs.si/ssj/">nl.ijs.si/ssj</ref>.</p>
         </projectDesc>
         <samplingDecl>
            <p xml:lang="sl">
            Besedila in odstavki v korpusu KRES so bili vzorčeni iz
            Gigafide tako, da smo dobili 100-milijonski referenčni
            korpus, v katerem so besedila uravnotežena po vnaprej
            določenih taksonomskih deležih in po podatkih o branosti
            vira (časopisi, revije, novičarski portali).  Korpus
            ccKRES nato, z namenom, da je lahko dostopen po licenci CC,
            vsebuje 10 % naključno vzorčenih odstavkov besedil iz
            korpusa KRES, torej 10 milijonov besed.
	    Več o sestavi korpusa lahko preberete na 
            <ref target="http://www.korpus-kres.net/">www.korpus-kres.net</ref> oz.
            <ref target="http://nl.ijs.si/ssj/">nl.ijs.si/ssj</ref>.
	  </p>
            <p xml:lang="en">
            Texts and paragraphs in the KRES corpus have been sampled from the 
	    Gigafida corpus. The result of the sampling is a 100-million-word 
	    reference corpus. The texts in KRES are balanced according to the 
	    predetermined categories, with particular consideration being paid to 
	    the data on the popularity of the source (newspapers, magazines, 
	    Internet news sites). 
	    To enable free (CC) distribution of the corpus, the ccKRES corpus contains 
	    10% of randomly sampled paragraphs from KRES, i.e. contains 10 million words.
	    For more information about the contents of the corpus, 
	    see <ref target="http://www.korpus-kres.net/">www.korpus-kres.net</ref>
	    and <ref target="http://nl.ijs.si/ssj/">nl.ijs.si/ssj</ref>.
	  </p>
         </samplingDecl>
         <tagsDecl>
            <namespace name="http://www.tei-c.org/ns/1.0">
               <tagUsage gi="c" occurs="261"/>
               <tagUsage gi="p" occurs="28"/>
               <tagUsage gi="s" occurs="100"/>
               <tagUsage gi="S" occurs="1109"/>
               <tagUsage gi="w" occurs="1122"/>
            </namespace>
         </tagsDecl>
         <classDecl>
            <taxonomy xml:id="SSJ">
               <category xml:id="SSJ.T">
                  <catDesc>tisk</catDesc>
                  <category xml:id="SSJ.T.K">
                     <catDesc>knjižno</catDesc>
                     <category xml:id="SSJ.T.K.L">
                        <catDesc>leposlovno</catDesc>
                     </category>
                     <category xml:id="SSJ.T.K.S">
                        <catDesc>strokovno</catDesc>
                     </category>
                  </category>
                  <category xml:id="SSJ.T.P">
                     <catDesc>periodično</catDesc>
                     <category xml:id="SSJ.T.P.C">
                        <catDesc>časopis</catDesc>
                     </category>
                     <category xml:id="SSJ.T.P.R">
                        <catDesc>revija</catDesc>
                     </category>
                  </category>
                  <category xml:id="SSJ.T.D">
                     <catDesc>drugo</catDesc>
                  </category>
               </category>
               <category xml:id="SSJ.I">
                  <catDesc>internet</catDesc>
               </category>
            </taxonomy>
         </classDecl>
      </encodingDesc>
      <profileDesc>
         <textClass>
            <catRef target="#SSJ.T.K.L"/>
         </textClass>
      </profileDesc>
   </teiHeader>
   <text xml:id="F0001503." xml:lang="sl">
      <body>
         <p xml:id="F0001503.000009">
            <s>
               <w msd="Kag" lemma="8">8</w>
               <S/>
               <w msd="Rsn" lemma="zakaj">Zakaj</w>
               <S/>
               <w msd="Ggnste-n" lemma="imeti">ima</w>
               <S/>
               <w msd="Soset" lemma="nebo">nebo</w>
               <S/>
               <w msd="Rsn" lemma="tako">tako</w>
               <S/>
               <w msd="Ppnzmt" lemma="dolg">dolge</w>
               <S/>
               <w msd="Ppnmmt" lemma="plav">plave</w>
               <S/>
               <w msd="Ppnmmt" lemma="lep">lepe</w>
               <S/>
               <w msd="Sommt" lemma="las">lase</w>
            </s>
         </p>
         <p xml:id="F0001503.000013">
            <s>
               <w msd="Kag" lemma="24">24</w>
               <S/>
               <w msd="Slmei" lemma="France">France</w>
               <S/>
               <w msd="Slmei" lemma="Forstnerič">Forstnerič</w>
               <c>:</c>
               <S/>
               <w msd="Ppnzei" lemma="hiter">Hitra</w>
               <S/>
               <w msd="Sozei" lemma="pesem">pesem</w>
               <S/>
               <w msd="Kag" lemma="26">26</w>
               <S/>
               <w msd="Slzei" lemma="Bina">Bina</w>
               <S/>
               <w msd="Slmei" lemma="Štampe">Štampe</w>
               <S/>
               <w msd="Slmei" lemma="Žmavc">Žmavc</w>
               <c>:</c>
               <S/>
               <w msd="Ppnzei" lemma="smehast">Smehasta</w>
               <S/>
               <w msd="Sozei" lemma="pesem">pesem</w>
               <S/>
               <w msd="Kag" lemma="27">27</w>
               <S/>
               <w msd="Slmei" lemma="Srečko">Srečko</w>
               <S/>
               <w msd="Slmei" lemma="Kosovel">Kosovel</w>
               <c>:</c>
               <S/>
               <w msd="Slmei" lemma="Večer">Večer</w>
               <S/>
               <w msd="Kag" lemma="28">28</w>
               <S/>
               <w msd="Slmei" lemma="Srečko">Srečko</w>
               <S/>
               <w msd="Slmei" lemma="Kosovel">Kosovel</w>
               <c>:</c>
               <S/>
               <w msd="Somei" lemma="škrat">Škrat</w>
               <S/>
               <w msd="Slmei" lemma="Dobrošin">Dobrošin</w>
               <S/>
               <w msd="Kag" lemma="30">30</w>
               <S/>
               <w msd="Slmei" lemma="Feri">Feri</w>
               <S/>
               <w msd="Slmei" lemma="Lainšček">Lainšček</w>
               <c>:</c>
               <S/>
               <w msd="Sozei" lemma="pesem">Pesem</w>
               <S/>
               <c>–</c>
               <S/>
               <w msd="Sosei" lemma="križišče">križišče</w>
               <S/>
               <w msd="Kag" lemma="32">32</w>
               <S/>
               <w msd="Slmei" lemma="Naštevanke">Naštevanke</w>
               <c>:</c>
               <S/>
               <w msd="Slmei" lemma="Boris">Boris</w>
               <S/>
               <w msd="O" lemma="A.">A.</w>
               <S/>
               <w msd="Slmei" lemma="Novak">Novak</w>
               <c>:</c>
               <S/>
               <w msd="Ppnzei" lemma="ljubezenski">Ljubezenska</w>
               <S/>
               <w msd="Dt" lemma="za">za</w>
               <S/>
               <w msd="Sommt" lemma="deček">dečke</w>
               <c>;</c>
               <S/>
               <w msd="Ppnzei" lemma="ljubezenski">Ljubezenska</w>
               <S/>
               <w msd="Dt" lemma="za">za</w>
               <S/>
               <w msd="Sozmt" lemma="deklica">deklice</w>
               <S/>
               <w msd="Kag" lemma="34">34</w>
               <S/>
               <w msd="Slmei" lemma="Boris">Boris</w>
               <S/>
               <w msd="O" lemma="A.">A.</w>
               <S/>
               <w msd="Slmei" lemma="Novak">Novak</w>
               <c>:</c>
               <S/>
               <w msd="Ppnmeid" lemma="mali">Mali</w>
               <S/>
               <w msd="Sommi" lemma="prodajalec">prodajalci</w>
               <S/>
               <w msd="Sosmr" lemma="zijalo">zijal</w>
               <S/>
               <w msd="Kag" lemma="36">36</w>
               <S/>
               <w msd="Slmei" lemma="Tone">Tone</w>
               <S/>
               <w msd="Slmei" lemma="Pavček">Pavček</w>
               <c>:</c>
               <S/>
               <w msd="Ppnmeid" lemma="nov">Novi</w>
               <S/>
               <w msd="Somei" lemma="mož">mož</w>
               <S/>
               <w msd="Kag" lemma="38">38</w>
               <S/>
               <w msd="Slmei" lemma="Ervin">Ervin</w>
               <S/>
               <w msd="Slmei" lemma="Fritz">Fritz</w>
               <c>:</c>
               <S/>
               <w msd="Ppnmeid" lemma="radijski">Radijski</w>
               <S/>
               <w msd="Sommi" lemma="val">valovi</w>
            </s>
         </p>
         <p xml:id="F0001503.000024">
            <s>
               <w msd="Zop-ei" lemma="jaz">JAZ</w>
               <S/>
               <w msd="Vp" lemma="pa">PA</w>
               <S/>
               <w msd="Ggnspe" lemma="brati">BEREM</w>
               <S/>
               <w msd="Kag" lemma="3">3</w>
            </s>
         </p>
         <p xml:id="F0001503.000029">
            <s>
               <w msd="Sozei" lemma="reklama">Reklama</w>
            </s>
         </p>
         <p xml:id="F0001503.000049">
            <s>
               <w msd="Zop-ei" lemma="jaz">JAZ</w>
               <S/>
               <w msd="Vp" lemma="pa">PA</w>
               <S/>
               <w msd="Ggnspe" lemma="brati">BEREM</w>
               <S/>
               <w msd="Kag" lemma="3">3</w>
            </s>
         </p>
         <p xml:id="F0001503.000063">
            <s>
               <c>≠</c>
               <S/>
               <w msd="Ppnmmi" lemma="resen">RESNI</w>
               <S/>
               <w msd="Sommi" lemma="človek">LJUDJE</w>
               <S/>
               <w msd="Gp-stm-n" lemma="biti">SO</w>
               <S/>
               <w msd="Rsn" lemma="zmeraj">ZMERAJ</w>
               <S/>
               <w msd="Ppnmmi" lemma="resen">RESNI</w>
               <c>!</c>
            </s>
         </p>
         <p xml:id="F0001503.000088">
            <s>
               <w msd="Zop-ei" lemma="jaz">JAZ</w>
               <S/>
               <w msd="Vp" lemma="pa">PA</w>
               <S/>
               <w msd="Ggnspe" lemma="brati">BEREM</w>
               <S/>
               <w msd="Kag" lemma="3">3</w>
            </s>
         </p>
         <p xml:id="F0001503.000123">
            <s>
               <w msd="Ppnmeid" lemma="nov">Novi</w>
               <S/>
               <w msd="Somei" lemma="mož">mož</w>
            </s>
         </p>
         <p xml:id="F0001503.000194">
            <s>
               <w msd="Dr" lemma="sredi">Sredi</w>
               <S/>
               <w msd="Ppnzer" lemma="širen">širne</w>
               <S/>
               <w msd="Sozer" lemma="poljana">poljane</w>
               <S/>
               <w msd="Gp-ste-n" lemma="biti">je</w>
               <S/>
               <w msd="Ggnd-em" lemma="stati">stal</w>
               <S/>
               <w msd="Pdnmeid" lemma="snežen">sneženi</w>
               <S/>
               <w msd="Somei" lemma="mož">mož</w>
               <c>.</c>
               <S/>
            </s>
            <s>
               <w msd="Somei" lemma="dolg">Dolg</w>
               <S/>
               <w msd="Somei" lemma="korenček">korenček</w>
               <S/>
               <w msd="Gp-ste-n" lemma="biti">je</w>
               <S/>
               <w msd="Ggnd-em" lemma="imeti">imel</w>
               <S/>
               <w msd="Dt" lemma="za">za</w>
               <S/>
               <w msd="Sometn" lemma="nos">nos</w>
               <c>,</c>
               <S/>
               <w msd="Dt" lemma="na">na</w>
               <S/>
               <w msd="Vd" lemma="da">Da</w>
               <S/>
               <w msd="L" lemma="ne">ne</w>
               <S/>
               <w msd="Gp-pte-n" lemma="biti">bo</w>
               <S/>
               <w msd="Ggdd-em" lemma="najti">našel</w>
               <S/>
               <w msd="Slmei" lemma="rož">rož</w>
               <c>?</c>
               <S/>
               <w msd="Sozem" lemma="glava">glavi</w>
               <S/>
               <w msd="Vp" lemma="pa">pa</w>
               <S/>
               <w msd="Ppnmein" lemma="velik">velik</w>
               <S/>
               <w msd="Sometn" lemma="klobuk">klobuk</w>
               <c>.</c>
               <S/>
            </s>
            <s>
               <w msd="Ggnd-em" lemma="stati">Stal</w>
               <S/>
               <w msd="Gp-ste-n" lemma="biti">je</w>
               <S/>
               <w msd="Rsn" lemma="tam">tam</w>
               <S/>
               <w msd="Vp" lemma="in">in</w>
               <S/>
               <w msd="Zp------k" lemma="se">se</w>
               <S/>
               <w msd="Rsn" lemma="kislo">kislo</w>
               <S/>
               <w msd="Ggnd-em" lemma="držati">držal</w>
               <c>.</c>
               <S/>
            </s>
            <s>
               <w msd="Pdnmeid" lemma="snežen">Sneženi</w>
               <S/>
               <w msd="Somei" lemma="mož">mož</w>
               <S/>
               <w msd="L" lemma="seveda">seveda</w>
               <S/>
               <w msd="Gp-ste-d" lemma="biti">ni</w>
               <S/>
               <w msd="Rsn" lemma="kar">kar</w>
               <S/>
               <w msd="Rsn" lemma="tako">tako</w>
               <S/>
               <w msd="Ggdd-em" lemma="odnehati">odnehal</w>
               <c>.</c>
               <S/>
            </s>
            <s>
               <w msd="Rsn" lemma="kamorkoli">Kamorkoli</w>
               <S/>
               <w msd="Gp-ste-n" lemma="biti">je</w>
               <S/>
               <w msd="Vp" lemma="namreč">namreč</w>
               <S/>
               <w msd="Ggdd-em" lemma="pogledati">pogledal</w>
               <S/>
               <w msd="Do" lemma="z">s</w>
               <S/>
               <w msd="Zp-mmo" lemma="svoj">svojimi</w>
               <S/>
               <w msd="Ppnzmo" lemma="črnočrn">črnočrnimi</w>
               <S/>
               <w msd="Sozmo" lemma="oči">očmi</w>
               <c>,</c>
               <S/>
               <w msd="Rsn" lemma="povsod">povsod</w>
               <S/>
               <w msd="Gp-ste-n" lemma="biti">je</w>
               <S/>
               <w msd="Gp-d-em" lemma="biti">bil</w>
               <S/>
               <w msd="Somei" lemma="sneg">sneg</w>
               <c>.</c>
               <S/>
            </s>
            <s>
               <w msd="Ggvd-em" lemma="iti">Šel</w>
               <S/>
               <w msd="Gp-ste-n" lemma="biti">je</w>
               <S/>
               <w msd="Rsn" lemma="naprej">naprej</w>
               <c>.</c>
               <S/>
            </s>
            <s>
               <w msd="Ppnmein" lemma="sam">Sam</w>
               <S/>
               <w msd="Somei" lemma="sneg">sneg</w>
               <c>.</c>
               <S/>
            </s>
            <s>
               <w msd="Ppnmeid" lemma="bel">Beli</w>
               <S/>
               <w msd="Somei" lemma="sneg">sneg</w>
               <c>.</c>
               <S/>
            </s>
            <s>
               <w msd="Pdnmeid" lemma="snežen">Sneženi</w>
               <S/>
               <w msd="Somei" lemma="mož">mož</w>
               <S/>
               <w msd="Gp-ste-n" lemma="biti">je</w>
               <S/>
               <w msd="Gp-d-em" lemma="biti">bil</w>
               <S/>
               <w msd="Pdnmein" lemma="razočaran">razočaran</w>
               <c>.</c>
               <S/>
            </s>
            <s>
               <w msd="Sozet" lemma="zemlja">Zemljo</w>
               <S/>
               <w msd="Zp---d--k" lemma="se">si</w>
               <S/>
               <w msd="Gp-ste-n" lemma="biti">je</w>
               <S/>
               <w msd="Vp" lemma="namreč">namreč</w>
               <S/>
               <w msd="Ggnd-em" lemma="predstavljati">predstavljal</w>
               <S/>
               <w msd="Rsn" lemma="drugače">drugače</w>
               <c>.</c>
               <S/>
               <c>…</c>
               <S/>
            </s>
            <s>
               <w msd="Ggdd-em" lemma="priti">Prišel</w>
               <S/>
               <w msd="Gp-ste-n" lemma="biti">je</w>
               <S/>
               <w msd="Dt" lemma="v">v</w>
               <S/>
               <w msd="Sometn" lemma="gozd">gozd</w>
               <S/>
               <w msd="Vp" lemma="in">in</w>
               <S/>
               <w msd="Ggdd-em" lemma="srečati">srečal</w>
               <S/>
               <w msd="Somer" lemma="vran">vrana</w>
               <S/>
               <c>…</c>
               <S/>
            </s>
            <s>
               <w msd="Rsn" lemma="pisano">Pisano</w>
               <c>,</c>
               <S/>
               <w msd="L" lemma="ne">ne</w>
               <S/>
               <w msd="Rsn" lemma="belo">belo</w>
               <c>.</c>
               <S/>
               <c>…</c>
               <S/>
            </s>
            <s>
               <w msd="Vp" lemma="in">In</w>
               <S/>
               <w msd="Rsn" lemma="potem">potem</w>
               <S/>
               <w msd="Gp-ste-n" lemma="biti">je</w>
               <S/>
               <w msd="Ggdd-em" lemma="priti">prišel</w>
               <S/>
               <w msd="Dt" lemma="v">v</w>
               <S/>
               <w msd="Soset" lemma="mesto">mesto</w>
               <c>,</c>
               <S/>
               <w msd="Vd" lemma="kjer">kjer</w>
               <S/>
               <w msd="Gp-ste-n" lemma="biti">je</w>
               <S/>
               <w msd="Ggdd-em" lemma="srečati">srečal</w>
               <S/>
               <w msd="Ppnmer" lemma="črn">črnega</w>
               <S/>
               <w msd="Slmei" lemma="ma">ma</w>
               <S/>
               <w msd="Ggvd-em" lemma="slišati">Slišal</w>
               <S/>
               <w msd="Gp-ste-n" lemma="biti">je</w>
               <c>,</c>
               <S/>
               <w msd="Vd" lemma="da">da</w>
               <S/>
               <w msd="Gp-stm-n" lemma="biti">so</w>
               <S/>
               <w msd="Dm" lemma="na">na</w>
               <S/>
               <w msd="Sozem" lemma="zemlja">zemlji</w>
               <S/>
               <w msd="Sozer" lemma="roža">rože</w>
               <c>.</c>
               <S/>
            </s>
            <s>
               <w msd="Sozmt" lemma="roža">Rože</w>
               <S/>
               <w msd="Zc-mmr" lemma="ves">vseh</w>
               <S/>
               <w msd="Sozmr" lemma="barva">barv</w>
               <c>.</c>
               <S/>
            </s>
            <s>
               <w msd="Vp" lemma="toda">Toda</w>
               <S/>
               <w msd="Rsn" lemma="kje">kje</w>
               <S/>
               <w msd="Gp-stm-n" lemma="biti">so</w>
               <S/>
               <w msd="Zc-zmi" lemma="ves">vse</w>
               <S/>
               <w msd="Zk-zmt" lemma="ta">te</w>
               <S/>
               <w msd="Sozmt" lemma="roža">rože</w>
               <c>?</c>
               <S/>
               <c>…</c>
               <S/>
            </s>
            <s>
               <w msd="Vp" lemma="in">In</w>
               <S/>
               <w msd="Rsn" lemma="nazadnje">nazadnje</w>
               <S/>
               <w msd="Gp-ste-n" lemma="biti">je</w>
               <S/>
               <w msd="Ggdd-em" lemma="priti">prišel</w>
               <S/>
               <w msd="Dr" lemma="do">do</w>
               <S/>
               <w msd="Ppnsmr" lemma="velik">velikih</w>
               <S/>
               <w msd="Sosmr" lemma="vrata">vrat</w>
               <S/>
               <c>…</c>
               <S/>
            </s>
            <s>
               <w msd="Ggnd-em" lemma="misliti">Mislil</w>
               <S/>
               <w msd="Gp-ste-n" lemma="biti">je</w>
               <S/>
               <w msd="Vp" lemma="in">in</w>
               <S/>
               <w msd="Ggnd-em" lemma="misliti">mislil</w>
               <c>:</c>
               <S/>
               <c>˝</c>
               <w msd="Rsn" lemma="tu">Tu</w>
               <S/>
               <w msd="Rsn" lemma="nekaj">nekaj</w>
               <S/>
               <w msd="Gp-ste-d" lemma="biti">ni</w>
               <S/>
               <w msd="Dm" lemma="v">v</w>
               <S/>
               <w msd="Somem" lemma="red">redu</w>
               <c>.</c>
               <S/>
            </s>
            <s>
               <w msd="Vp" lemma="ampak">Ampak</w>
               <S/>
               <w msd="Rsn" lemma="kaj">kaj</w>
               <c>?</c>
               <c>˝</c>
               <S/>
               <w msd="Ggdd-em" lemma="namrščiti">Namrščil</w>
               <S/>
               <w msd="Zp------k" lemma="se">se</w>
               <S/>
               <w msd="Gp-ste-n" lemma="biti">je</w>
               <S/>
               <w msd="Vp" lemma="in">in</w>
               <S/>
               <w msd="Ggdd-em" lemma="zavihati">zavihal</w>
               <S/>
               <w msd="Zp-met" lemma="svoj">svoj</w>
               <S/>
               <w msd="Ppnzem" lemma="oranžen">oranžni</w>
               <S/>
               <w msd="Sometn" lemma="nos">nos</w>
               <c>.</c>
               <S/>
               <c>˝</c>
               <w msd="L" lemma="že">Že</w>
               <S/>
               <w msd="Ggnspe" lemma="vedeti">vem</w>
               <c>,</c>
               <c>˝</c>
               <S/>
               <w msd="Gp-ste-n" lemma="biti">je</w>
               <S/>
               <w msd="Ggdd-em" lemma="vzklikniti">vzkliknil</w>
               <c>.</c>
               <S/>
               <c>˝</c>
               <w msd="Dm" lemma="na">Na</w>
               <S/>
               <w msd="Ppnmem" lemma="napačen">napačnem</w>
               <S/>
               <w msd="Somem" lemma="kraj">kraju</w>
               <S/>
               <w msd="Ggnspe" lemma="stati">stojim</w>
               <c>.</c>
               <S/>
            </s>
            <s>
               <w msd="Sozmi" lemma="roža">Rože</w>
               <S/>
               <w msd="Slmei" lemma="so">so</w>
               <S/>
               <w msd="Rsn" lemma="drugje">drugje</w>
               <c>!</c>
               <c>˝</c>
               <S/>
               <w msd="Ppnset" lemma="naslednji">Naslednje</w>
               <S/>
               <w msd="Soset" lemma="jutro">jutro</w>
               <S/>
               <w msd="Zp------k" lemma="se">se</w>
               <S/>
               <w msd="Gp-ste-n" lemma="biti">je</w>
               <S/>
               <w msd="Ggdd-em" lemma="odpraviti">odpravil</w>
               <S/>
               <w msd="Dt" lemma="na">na</w>
               <S/>
               <w msd="Sozet" lemma="pot">pot</w>
               <c>.</c>
               <S/>
            </s>
            <s>
               <w msd="Dm" lemma="v">V</w>
               <S/>
               <w msd="Sozem" lemma="skupina">skupini</w>
               <S/>
               <w msd="Zp------k" lemma="se">se</w>
               <S/>
               <w msd="Ggdsdm" lemma="dogovoriti">dogovorite</w>
               <c>,</c>
               <S/>
               <w msd="Rsn" lemma="kako">kako</w>
               <S/>
               <w msd="Zp------k" lemma="se">se</w>
               <S/>
               <w msd="Gp-pte-n" lemma="biti">bo</w>
               <S/>
               <w msd="Sozei" lemma="pravljica">pravljica</w>
               <S/>
               <w msd="Ggnd-ez" lemma="nadaljevati">nadaljevala</w>
               <S/>
               <w msd="Sometn" lemma="i">i</w>
            </s>
         </p>
         <p xml:id="F0001503.000207">
            <s>
               <w msd="Vp" lemma="in">in</w>
               <S/>
               <w msd="Gp-std-n" lemma="biti">sta</w>
               <S/>
               <w msd="Ggnd-dm" lemma="jesti">jedla</w>
               <S/>
               <w msd="Rsn" lemma="dalje">dalje</w>
               <S/>
               <w msd="Vp" lemma="ter">ter</w>
               <S/>
               <w msd="Zp------k" lemma="se">se</w>
               <S/>
               <w msd="Gp-std-d" lemma="biti">nista</w>
               <S/>
               <w msd="Ggdd-dm" lemma="dati">dala</w>
               <S/>
               <w msd="Ggnn" lemma="motiti">motiti</w>
               <c>.</c>
               <S/>
            </s>
            <s>
               <w msd="Slmei" lemma="Janko">Janko</w>
               <c>,</c>
               <S/>
               <w msd="Vd" lemma="ki">ki</w>
               <S/>
               <w msd="Zotmed--k" lemma="on">mu</w>
               <S/>
               <w msd="Gp-ste-n" lemma="biti">je</w>
               <S/>
               <w msd="Sozei" lemma="streha">streha</w>
               <S/>
               <w msd="L" lemma="prav">prav</w>
               <S/>
               <w msd="Rsn" lemma="dobro">dobro</w>
               <S/>
               <w msd="Ggvd-ez" lemma="tekniti">teknila</w>
               <c>,</c>
               <S/>
               <w msd="Zotzet--k" lemma="on">jo</w>
               <S/>
               <w msd="Gp-ste-n" lemma="biti">je</w>
               <S/>
               <w msd="Ggdd-em" lemma="iztrgati">iztrgal</w>
               <S/>
               <w msd="Ppnmetn" lemma="velik">velik</w>
               <S/>
               <w msd="Sometn" lemma="kos">kos</w>
               <S/>
               <w msd="Vp" lemma="in">in</w>
               <S/>
               <w msd="Slzei" lemma="Metka">Metka</w>
               <S/>
               <w msd="Gp-ste-n" lemma="biti">je</w>
               <S/>
               <w msd="Ggdd-ez" lemma="potegniti">potegnila</w>
               <S/>
               <w msd="Rsn" lemma="ven">ven</w>
               <S/>
               <w msd="L" lemma="celo">celo</w>
               <S/>
               <w msd="Ppnzet" lemma="okrogel">okroglo</w>
               <S/>
               <w msd="Sozet" lemma="šipa">šipo</w>
               <c>,</c>
               <S/>
               <w msd="Ggdd-ez" lemma="sesti">sedla</w>
               <S/>
               <w msd="Dt" lemma="na">na</w>
               <S/>
               <w msd="Sosmt" lemma="tla">tla</w>
               <S/>
               <w msd="Vp" lemma="in">in</w>
               <S/>
               <w msd="Zp---d--k" lemma="se">si</w>
               <S/>
               <w msd="Ggvd-ez" lemma="privoščiti">privoščila</w>
               <c>.</c>
               <S/>
            </s>
            <s>
               <w msd="Rsn" lemma="tedaj">Tedaj</w>
               <S/>
               <w msd="Vp" lemma="pa">pa</w>
               <S/>
               <w msd="Gp-stm-n" lemma="biti">so</w>
               <S/>
               <w msd="Zp------k" lemma="se">se</w>
               <S/>
               <w msd="Rsn" lemma="nenadoma">nenadoma</w>
               <S/>
               <w msd="Ggdd-ms" lemma="odpreti">odprla</w>
               <S/>
               <w msd="Sosmt" lemma="vrata">vrata</w>
               <S/>
               <w msd="Vp" lemma="in">in</w>
               <S/>
               <w msd="Rsn" lemma="ven">ven</w>
               <S/>
               <w msd="Gp-ste-n" lemma="biti">je</w>
               <S/>
               <w msd="Ggdd-ez" lemma="prišantati">prišantala</w>
               <S/>
               <w msd="Vd" lemma="kakor">kakor</w>
               <S/>
               <w msd="Sozei" lemma="zemlja">zemlja</w>
               <S/>
               <w msd="Ppnzei" lemma="star">stara</w>
               <S/>
               <w msd="Sozei" lemma="ženska">ženska</w>
               <c>,</c>
               <S/>
               <w msd="Vd" lemma="ki">ki</w>
               <S/>
               <w msd="Zp------k" lemma="se">se</w>
               <S/>
               <w msd="Gp-ste-n" lemma="biti">je</w>
               <S/>
               <w msd="Ggnd-ez" lemma="opirati">opirala</w>
               <S/>
               <w msd="Dt" lemma="na">na</w>
               <S/>
               <w msd="Sozmt" lemma="bergla">bergle</w>
               <c>.</c>
               <S/>
            </s>
            <s>
               <w msd="Slmei" lemma="Janko">Janko</w>
               <S/>
               <w msd="Vp" lemma="in">in</w>
               <S/>
               <w msd="Slzei" lemma="Metka">Metka</w>
               <S/>
               <w msd="Gp-std-n" lemma="biti">sta</w>
               <S/>
               <w msd="Zp------k" lemma="se">se</w>
               <S/>
               <w msd="Rsn" lemma="tako">tako</w>
               <S/>
               <w msd="Ggdd-dm" lemma="prestrašiti">prestrašila</w>
               <c>,</c>
               <S/>
               <w msd="Vd" lemma="da">da</w>
               <S/>
               <w msd="Zotmdd--k" lemma="on">jima</w>
               <S/>
               <w msd="Gp-ste-n" lemma="biti">je</w>
               <S/>
               <w msd="Ggvd-es" lemma="popadati">popadalo</w>
               <S/>
               <w msd="Dt" lemma="na">na</w>
               <S/>
               <w msd="Sosmt" lemma="tla">tla</w>
               <S/>
               <w msd="Zc-set" lemma="ves">vse</w>
               <c>,</c>
               <S/>
               <w msd="Zz-set" lemma="kar">kar</w>
               <S/>
               <w msd="Gp-std-n" lemma="biti">sta</w>
               <S/>
               <w msd="Ggnd-dm" lemma="držati">držala</w>
               <S/>
               <w msd="Dm" lemma="v">v</w>
               <S/>
               <w msd="Sozmm" lemma="roka">rokah</w>
               <c>.</c>
               <S/>
            </s>
            <s>
               <w msd="Sozei" lemma="starka">Starka</w>
               <S/>
               <w msd="Vp" lemma="pa">pa</w>
               <S/>
               <w msd="Gp-ste-n" lemma="biti">je</w>
               <S/>
               <w msd="Ggnd-ez" lemma="zmajevati">zmajevala</w>
               <S/>
               <w msd="Do" lemma="z">z</w>
               <S/>
               <w msd="Sozeo" lemma="glava">glavo</w>
               <S/>
               <w msd="Vp" lemma="in">in</w>
               <S/>
               <w msd="Soser" lemma="govorilo">govorila</w>
               <c>:</c>
               <S/>
               <c>˝</c>
               <w msd="Sozei" lemma="ejej">Ejej</w>
               <c>,</c>
               <S/>
               <w msd="Ppnzei" lemma="ljub">ljuba</w>
               <S/>
               <w msd="Sometd" lemma="otrok">otroka</w>
               <S/>
               <w msd="Zspzeie" lemma="moj">moja</w>
               <c>,</c>
               <S/>
               <w msd="Zv-mei" lemma="kdo">kdo</w>
               <S/>
               <w msd="Vp" lemma="pa">pa</w>
               <S/>
               <w msd="Zod-dt" lemma="ti">vaju</w>
               <S/>
               <w msd="Gp-ste-n" lemma="biti">je</w>
               <S/>
               <w msd="Ggdd-em" lemma="pripeljati">pripeljal</w>
               <S/>
               <w msd="Rsn" lemma="sem">sem</w>
               <c>?</c>
               <S/>
            </s>
            <s>
               <w msd="Ggdstd" lemma="stopiti">Stopita</w>
               <S/>
               <w msd="L" lemma="no">no</w>
               <S/>
               <w msd="Dt" lemma="v">v</w>
               <S/>
               <w msd="Sozet" lemma="hiša">hišo</w>
               <S/>
               <w msd="Vp" lemma="in">in</w>
               <S/>
               <w msd="Ggdvdd" lemma="ostati">ostanita</w>
               <S/>
               <w msd="Dm" lemma="pri">pri</w>
               <S/>
               <w msd="Zop-em" lemma="jaz">meni</w>
               <c>.</c>
               <S/>
            </s>
            <s>
               <w msd="Zl-sei" lemma="nič">Nič</w>
               <S/>
               <w msd="Ppnser" lemma="hud">hudega</w>
               <S/>
               <w msd="Zp------k" lemma="se">se</w>
               <S/>
               <w msd="Zod-dd" lemma="ti">vama</w>
               <S/>
               <w msd="L" lemma="ne">ne</w>
               <S/>
               <w msd="Slmei" lemma="bo">bo</w>
               <S/>
               <w msd="Ggdd-es" lemma="zgoditi">zgodilo</w>
               <c>.</c>
               <c>˝</c>
               <S/>
               <c>(</c>
               <w msd="Somei" lemma="odlomek">odlomek</w>
               <c>)</c>
            </s>
         </p>
         <p xml:id="F0001503.000219">
            <s>
               <c>(</c>
               <w msd="Pppset" lemma="počasen">Počasnejše</w>
               <S/>
               <w msd="Sosei" lemma="peketanje">peketanje</w>
               <S/>
               <w msd="Ppnmer" lemma="vojaški">vojaškega</w>
               <S/>
               <w msd="Somer" lemma="konj">konja</w>
               <c>.</c>
               <S/>
            </s>
            <s>
               <w msd="Ggvste" lemma="slišati">Sliši</w>
               <S/>
               <w msd="Zp------k" lemma="se">se</w>
               <S/>
               <w msd="Sosei" lemma="trobljenje">trobljenje</w>
               <c>.</c>
               <S/>
            </s>
            <s>
               <w msd="Zc-sei" lemma="oboj">Oboje</w>
               <S/>
               <w msd="Ggnste" lemma="prihajati">prihaja</w>
               <S/>
               <w msd="Rsr" lemma="blizko">bliže</w>
               <c>.</c>
               <c>)</c>
            </s>
         </p>
         <p xml:id="F0001503.000230">
            <s>
               <w msd="Slmei" lemma="Turek">Turek</w>
            </s>
         </p>
         <p xml:id="F0001503.000236">
            <s>
               <w msd="Slmei" lemma="Oton">Oton</w>
               <S/>
               <w msd="Slmei" lemma="Župančič">Župančič</w>
            </s>
         </p>
         <p xml:id="F0001503.000237">
            <s>
               <w msd="Somei" lemma="ples">Ples</w>
               <S/>
               <w msd="Somer" lemma="kralj">kralja</w>
               <S/>
               <w msd="Slmer" lemma="Matjaž">Matjaža</w>
            </s>
         </p>
         <p xml:id="F0001503.000246">
            <s>
               <w msd="Sozmi" lemma="luknjica">Luknjice</w>
               <S/>
               <w msd="Dm" lemma="v">v</w>
               <S/>
               <w msd="Sommm" lemma="gumb">gumbih</w>
               <S/>
               <w msd="Gp-stm-n" lemma="biti">so</w>
               <S/>
               <w msd="Rsn" lemma="skrbno">skrbno</w>
               <S/>
               <w msd="Ggdd-mm" lemma="zamašiti">zamašili</w>
               <c>.</c>
               <S/>
            </s>
            <s>
               <w msd="Ggdd-mm" lemma="pustiti">Pustili</w>
               <S/>
               <w msd="Gp-stm-n" lemma="biti">so</w>
               <S/>
               <w msd="Zotmmt--k" lemma="on">jih</w>
               <S/>
               <w msd="L" lemma="le">le</w>
               <S/>
               <w msd="Dm" lemma="na">na</w>
               <S/>
               <w msd="Sozem" lemma="streha">strehi</w>
               <S/>
               <w msd="Dt" lemma="za">za</w>
               <S/>
               <w msd="Sometn" lemma="dimnik">dimnik</w>
               <c>.</c>
               <S/>
            </s>
            <s>
               <w msd="Rsn" lemma="lahko">Lahko</w>
               <S/>
               <w msd="Zp------k" lemma="se">se</w>
               <S/>
               <w msd="Gp-pte-n" lemma="biti">bo</w>
               <S/>
               <w msd="Ggnd-es" lemma="kaditi">kadilo</w>
               <S/>
               <w msd="Dr" lemma="iz">iz</w>
               <S/>
               <w msd="Kbgzmr" lemma="štirje">štirih</w>
               <S/>
               <w msd="Sozmr" lemma="luknjica">luknjic</w>
               <S/>
               <w msd="Rsn" lemma="hkrati">hkrati</w>
               <c>.</c>
               <S/>
            </s>
            <s>
               <w msd="Somei" lemma="krojaček">Krojaček</w>
               <S/>
               <w msd="Gp-ste-n" lemma="biti">je</w>
               <S/>
               <w msd="Ggdd-em" lemma="sešiti">sešil</w>
               <S/>
               <w msd="L" lemma="tudi">tudi</w>
               <S/>
               <w msd="Ppnzmt" lemma="okenski">okenske</w>
               <S/>
               <w msd="Sozer" lemma="zavesa">zavese</w>
               <S/>
               <w msd="Vp" lemma="in">in</w>
               <S/>
               <w msd="Sozmt" lemma="odeja">odeje</w>
               <S/>
               <w msd="Dt" lemma="za">za</w>
               <S/>
               <w msd="Sozet" lemma="postelja">posteljo</w>
               <c>.</c>
               <S/>
            </s>
            <s>
               <w msd="Zc-mmi" lemma="ves">Vsi</w>
               <S/>
               <w msd="Gp-stm-n" lemma="biti">so</w>
               <S/>
               <w msd="Gp-d-mm" lemma="biti">bili</w>
               <S/>
               <w msd="Ppnmmi" lemma="vesel">veseli</w>
               <c>,</c>
               <S/>
               <w msd="Rss" lemma="najbolj">najbolj</w>
               <S/>
               <w msd="Vp" lemma="pa">pa</w>
               <S/>
               <w msd="Gp-std-n" lemma="biti">sta</w>
               <S/>
               <w msd="Gp-d-dm" lemma="biti">bila</w>
               <S/>
               <w msd="Ppnmdi" lemma="srečen">srečna</w>
               <S/>
               <w msd="Sozet" lemma="tinka">Tinko</w>
               <S/>
               <w msd="Vp" lemma="in">in</w>
               <S/>
               <w msd="Sozei" lemma="mama">mama</w>
               <c>.</c>
               <S/>
            </s>
            <s>
               <w msd="Rsn" lemma="zdaj">Zdaj</w>
               <S/>
               <w msd="Gp-std-n" lemma="biti">sta</w>
               <S/>
               <w msd="Ggnd-dm" lemma="imeti">imela</w>
               <S/>
               <w msd="Sozet" lemma="streha">streho</w>
               <S/>
               <w msd="Dt" lemma="za">za</w>
               <S/>
               <w msd="Sometn" lemma="dež">dež</w>
               <S/>
               <w msd="Vp" lemma="in">in</w>
               <S/>
               <w msd="Sometn" lemma="mraz">mraz</w>
               <c>.</c>
               <S/>
            </s>
            <s>
               <w msd="Rsn" lemma="vse">Vse</w>
               <S/>
               <w msd="Rsn" lemma="lepo">lepo</w>
               <S/>
               <w msd="Vp" lemma="in">in</w>
               <S/>
               <w msd="L" lemma="prav">prav</w>
               <c>,</c>
               <S/>
               <w msd="L" lemma="le">le</w>
               <S/>
               <w msd="Somei" lemma="krojaček">krojaček</w>
               <S/>
               <w msd="Somei" lemma="hlaček">Hlaček</w>
               <S/>
               <w msd="Gp-ste-n" lemma="biti">je</w>
               <S/>
               <w msd="Ggdd-em" lemma="pozabiti">pozabil</w>
               <S/>
               <w msd="Sozet" lemma="šivanka">šivanko</w>
               <S/>
               <w msd="Dm" lemma="v">v</w>
               <S/>
               <w msd="Sozem" lemma="postelja">postelji</w>
               <S/>
               <w msd="Vp" lemma="in">in</w>
               <S/>
               <w msd="Zp------k" lemma="se">se</w>
               <S/>
               <w msd="Gp-ste-n" lemma="biti">je</w>
               <S/>
               <w msd="Rsn" lemma="tinko">Tinko</w>
               <S/>
               <w msd="Ggdd-em" lemma="zbosti">zbodel</w>
               <c>,</c>
               <S/>
               <w msd="Vd" lemma="ko">ko</w>
               <S/>
               <w msd="Gp-ste-n" lemma="biti">je</w>
               <S/>
               <w msd="Ggvd-em" lemma="leči">legel</w>
               <S/>
               <w msd="Zotzet--z" lemma="vame">vanjo</w>
               <c>.</c>
               <S/>
            </s>
            <s>
               <w msd="Ggdd-em" lemma="zavriskati">Zavriskal</w>
               <S/>
               <w msd="Gp-ste-n" lemma="biti">je</w>
               <S/>
               <w msd="Dt" lemma="na">na</w>
               <S/>
               <w msd="Zc-met" lemma="ves">ves</w>
               <S/>
               <w msd="Sometn" lemma="glas">glas</w>
               <c>,</c>
               <S/>
               <w msd="Vp" lemma="a">a</w>
               <S/>
               <w msd="L" lemma="ne">ne</w>
               <S/>
               <w msd="Ggnspm" lemma="vedeti">vemo</w>
               <c>,</c>
               <S/>
               <w msd="Vd" lemma="če">če</w>
               <S/>
               <w msd="Dr" lemma="od">od</w>
               <S/>
               <w msd="Sozer" lemma="bolečina">bolečine</w>
               <S/>
               <w msd="Vp" lemma="ali">ali</w>
               <S/>
               <w msd="Dr" lemma="od">od</w>
               <S/>
               <w msd="Sozer" lemma="sreča">sreče</w>
               <c>.</c>
               <S/>
            </s>
            <s>
               <c>(</c>
               <w msd="Somei" lemma="odlomek">odlomek</w>
               <c>)</c>
               <S/>
               <w msd="Sozet" lemma="tinka">TINKO</w>
               <S/>
               <w msd="Vp" lemma="in">IN</w>
               <S/>
               <w msd="Sozei" lemma="mama">MAMA</w>
               <S/>
               <w msd="Gp-std-n" lemma="biti">STA</w>
               <S/>
               <w msd="Ggdd-dm" lemma="ostati">OSTALA</w>
               <S/>
               <w msd="Dr" lemma="brez">BREZ</w>
               <S/>
               <w msd="Sozer" lemma="streha">STREHE</w>
               <S/>
               <w msd="Do" lemma="nad">NAD</w>
               <S/>
               <w msd="Sozeo" lemma="glava">GLAVO</w>
               <c>.</c>
               <S/>
            </s>
            <s>
               <w msd="Rss" lemma="najprej">NAJPREJ</w>
               <S/>
               <w msd="Gp-std-n" lemma="biti">STA</w>
               <S/>
               <w msd="Ggnd-dm" lemma="iskati">ISKALA</w>
               <S/>
               <w msd="Sozet" lemma="pomoč">POMOČ</w>
               <S/>
               <w msd="Dm" lemma="pri">PRI</w>
               <S/>
               <w msd="Somem" lemma="sosed">SOSEDU</w>
               <S/>
               <w msd="Slmem" lemma="MARTIN">MARTINU</w>
               <c>,</c>
               <S/>
               <w msd="Rsn" lemma="nato">NATO</w>
               <S/>
               <w msd="Dm" lemma="pri">PRI</w>
               <S/>
               <w msd="Slmem" lemma="ŽUPAN">ŽUPANU</w>
               <S/>
               <w msd="Vp" lemma="in">IN</w>
               <S/>
               <w msd="Rsn" lemma="nazadnje">NAZADNJE</w>
               <S/>
               <c>…</c>
               <S/>
               <c>≠</c>
               <S/>
               <w msd="Rsn" lemma="kako">KAKO</w>
               <S/>
               <w msd="Gp-ste-n" lemma="biti">JE</w>
               <S/>
               <w msd="Gp-d-es" lemma="biti">BILO</w>
               <c>?</c>
               <S/>
               <c>≠</c>
               <S/>
               <w msd="Zp---d--k" lemma="se">SI</w>
               <S/>
               <w msd="Ggdd-em" lemma="opaziti">OPAZIL</w>
               <c>,</c>
               <S/>
               <w msd="Vd" lemma="da">DA</w>
               <S/>
               <w msd="Gp-std-n" lemma="biti">STA</w>
               <S/>
               <w msd="Sozei" lemma="pomoč">POMOČ</w>
               <S/>
               <w msd="Ggnd-dm" lemma="iskati">ISKALA</w>
               <S/>
               <w msd="Rsn" lemma="trikrat">TRIKRAT</w>
               <S/>
               <w msd="Vp" lemma="in">IN</w>
               <S/>
               <w msd="Zotzet--k" lemma="on">JO</w>
               <S/>
               <w msd="L" lemma="šele">ŠELE</w>
               <S/>
               <w msd="Dm" lemma="v">V</w>
               <S/>
               <w msd="Kbvmem" lemma="tretji">TRETJEM</w>
               <S/>
               <w msd="Somem" lemma="poskus">POSKUSU</w>
               <S/>
               <w msd="Ggdd-ez" lemma="dobiti">DOBILA</w>
               <c>?</c>
               <S/>
               <c>≠</c>
               <S/>
               <w msd="Rsn" lemma="kako">KAKO</w>
               <S/>
               <w msd="Gp-g" lemma="biti">BI</w>
               <S/>
               <w msd="Ggdd-em" lemma="poimenovati">POIMENOVAL</w>
               <S/>
               <w msd="Psnsei" lemma="Suhodolčanov">SUHODOLČANOVO</w>
               <S/>
               <w msd="Sosei" lemma="pripovedovanje">PRIPOVEDOVANJE</w>
               <c>?</c>
            </s>
         </p>
         <p xml:id="F0001503.000255">
            <s>
               <w msd="Ggdste" lemma="pomisliti">POMISLI</w>
               <c>,</c>
               <S/>
               <w msd="L" lemma="celo">CELO</w>
               <S/>
               <w msd="Sozei" lemma="mama">MAMA</w>
               <S/>
               <w msd="Zp------k" lemma="se">SE</w>
               <S/>
               <w msd="Zotmet--k" lemma="on">GA</w>
               <S/>
               <w msd="Sozem" lemma="boja">BOJI</w>
               <c>!</c>
               <S/>
               <c>≠</c>
               <S/>
               <w msd="Vp" lemma="pa">PA</w>
               <S/>
               <w msd="Ppnmeid" lemma="mali">MALI</w>
               <S/>
               <w msd="Sozmr" lemma="trola">TROL</w>
               <c>?</c>
               <S/>
            </s>
            <s>
               <w msd="Ggdste" lemma="razložiti">RAZLOŽI</w>
               <c>!</c>
            </s>
         </p>
         <p xml:id="F0001503.000259">
            <s>
               <w msd="Sozei" lemma="palčica">Palčica</w>
               <S/>
               <w msd="Gp-ste-n" lemma="biti">je</w>
               <S/>
               <w msd="Ggnd-ez" lemma="jadrati">jadrala</w>
               <S/>
               <w msd="Dr" lemma="mimo">mimo</w>
               <S/>
               <w msd="Zn-mmr" lemma="mnog">mnogih</w>
               <S/>
               <w msd="Sosmr" lemma="mesto">mest</w>
               <S/>
               <w msd="Vp" lemma="in">in</w>
               <S/>
               <w msd="Dm" lemma="v">v</w>
               <S/>
               <w msd="Sosem" lemma="grmovje">grmovju</w>
               <S/>
               <w msd="Gp-stm-n" lemma="biti">so</w>
               <S/>
               <w msd="Ggnd-mz" lemma="sedeti">sedele</w>
               <S/>
               <w msd="Ppnzmi" lemma="droben">drobne</w>
               <S/>
               <w msd="Sozmi" lemma="ptica">ptice</w>
               <c>,</c>
               <S/>
               <w msd="Zotzet--k" lemma="on">jo</w>
               <S/>
               <w msd="Ggvd-mz" lemma="videti">videle</w>
               <S/>
               <w msd="Vp" lemma="in">in</w>
               <S/>
               <w msd="Ggnd-mz" lemma="peti">pele</w>
               <c>:</c>
               <S/>
               <c>˝</c>
               <w msd="Rsn" lemma="kako">Kako</w>
               <S/>
               <w msd="Ppnzei" lemma="ljubek">ljubka</w>
               <c>,</c>
               <S/>
               <w msd="Ppnzei" lemma="droben">drobna</w>
               <S/>
               <w msd="Sozei" lemma="deklica">deklica</w>
               <c>!</c>
               <c>˝</c>
               <S/>
               <w msd="Somei" lemma="list">List</w>
               <S/>
               <w msd="Do" lemma="z">z</w>
               <S/>
               <w msd="Zotzeo" lemma="on">njo</w>
               <S/>
               <w msd="Gp-ste-n" lemma="biti">je</w>
               <S/>
               <w msd="Ggnd-em" lemma="plavati">plaval</w>
               <S/>
               <w msd="Rsn" lemma="vse">vse</w>
               <S/>
               <w msd="Rsn" lemma="dalje">dalje</w>
               <c>.</c>
               <S/>
            </s>
            <s>
               <w msd="Rsn" lemma="tako">Tako</w>
               <S/>
               <w msd="Gp-ste-n" lemma="biti">je</w>
               <S/>
               <w msd="Sozei" lemma="palčica">Palčica</w>
               <S/>
               <w msd="Ggnd-ez" lemma="potovati">potovala</w>
               <S/>
               <w msd="Dr" lemma="iz">iz</w>
               <S/>
               <w msd="Sozer" lemma="dežela">dežele</w>
               <c>.</c>
               <S/>
            </s>
            <s>
               <w msd="Zc-met" lemma="ves">Ves</w>
               <S/>
               <w msd="Sometn" lemma="čas">čas</w>
               <S/>
               <w msd="Gp-ste-n" lemma="biti">je</w>
               <S/>
               <w msd="Dr" lemma="okoli">okoli</w>
               <S/>
               <w msd="Zotzer" lemma="on">nje</w>
               <S/>
               <w msd="Ggnd-em" lemma="frfotati">frfotal</w>
               <S/>
               <w msd="Ppnmetn" lemma="ljubek">ljubek</w>
               <S/>
               <w msd="Ppnmein" lemma="majhen">majhen</w>
               <S/>
               <w msd="Somei" lemma="metulj">metulj</w>
               <S/>
               <w msd="Vp" lemma="in">in</w>
               <S/>
               <w msd="Rsn" lemma="nazadnje">nazadnje</w>
               <S/>
               <w msd="Somei" lemma="sédel">sédel</w>
               <S/>
               <w msd="Dd" lemma="k">k</w>
               <S/>
               <w msd="Zotzed" lemma="on">njej</w>
               <S/>
               <w msd="Dt" lemma="na">na</w>
               <S/>
               <w msd="Sometn" lemma="list">list</w>
               <c>.</c>
               <S/>
            </s>
            <s>
               <w msd="Sozei" lemma="palčica">Palčica</w>
               <S/>
               <w msd="Zotmed--k" lemma="on">mu</w>
               <S/>
               <w msd="Gp-ste-n" lemma="biti">je</w>
               <S/>
               <w msd="Ggnd-ez" lemma="ugajati">ugajala</w>
               <S/>
               <w msd="Vp" lemma="in">in</w>
               <S/>
               <w msd="Gp-ste-n" lemma="biti">je</w>
               <S/>
               <w msd="Gp-d-ez" lemma="biti">bila</w>
               <S/>
               <w msd="Zk-ser" lemma="ta">tega</w>
               <S/>
               <w msd="Rsn" lemma="zelo">zelo</w>
               <S/>
               <w msd="Ppnzei" lemma="vesel">vesela</w>
               <c>.</c>
               <S/>
            </s>
            <s>
               <w msd="Rsn" lemma="zdaj">Zdaj</w>
               <S/>
               <w msd="Gp-ste-n" lemma="biti">je</w>
               <S/>
               <w msd="Sozei" lemma="krastača">krastača</w>
               <S/>
               <w msd="Gp-ste-d" lemma="biti">ni</w>
               <S/>
               <w msd="L" lemma="več">več</w>
               <S/>
               <w msd="Ggnd-ez" lemma="moči">mogla</w>
               <S/>
               <w msd="Ggdn" lemma="doseči">doseči</w>
               <S/>
               <w msd="Vp" lemma="in">in</w>
               <S/>
               <w msd="Rsn" lemma="tako">tako</w>
               <S/>
               <w msd="Rsn" lemma="lepo">lepo</w>
               <S/>
               <w msd="Gp-ste-n" lemma="biti">je</w>
               <S/>
               <w msd="Gp-d-es" lemma="biti">bilo</w>
               <S/>
               <w msd="Rsn" lemma="tam">tam</w>
               <c>,</c>
               <S/>
               <w msd="Vd" lemma="kjer">kjer</w>
               <S/>
               <w msd="Zp------k" lemma="se">se</w>
               <S/>
               <w msd="Gp-ste-n" lemma="biti">je</w>
               <S/>
               <w msd="Ggnd-ez" lemma="voziti">vozila</w>
               <c>.</c>
               <S/>
            </s>
            <s>
               <w msd="Sosei" lemma="sonce">Sonce</w>
               <S/>
               <w msd="Gp-ste-n" lemma="biti">je</w>
               <S/>
               <w msd="Ggnd-es" lemma="sijati">sijalo</w>
               <S/>
               <w msd="Dt" lemma="na">na</w>
               <S/>
               <w msd="Ppnzet" lemma="voden">vodno</w>
               <S/>
               <w msd="Sozet" lemma="gladina">gladino</w>
               <S/>
               <w msd="Vp" lemma="in">in</w>
               <S/>
               <w msd="Zk-zei" lemma="ta">ta</w>
               <S/>
               <w msd="Zp------k" lemma="se">se</w>
               <S/>
               <w msd="Gp-ste-n" lemma="biti">je</w>
               <S/>
               <w msd="Ggnd-ez" lemma="bleščati">bleščala</w>
               <S/>
               <w msd="Vd" lemma="kakor">kakor</w>
               <S/>
               <w msd="Ppssei" lemma="krasen">najkrasnejše</w>
               <S/>
               <w msd="Rsn" lemma="zlato">zlato</w>
               <c>.</c>
               <S/>
            </s>
            <s>
               <w msd="Sozei" lemma="palčica">Palčica</w>
               <S/>
               <w msd="Zp---d--k" lemma="se">si</w>
               <S/>
               <w msd="Gp-ste-n" lemma="biti">je</w>
               <S/>
               <w msd="Ggdd-ez" lemma="odvezati">odvezala</w>
               <S/>
               <w msd="Sozet" lemma="pentlja">pentljo</w>
               <S/>
               <w msd="Vp" lemma="in">in</w>
               <S/>
               <w msd="Kbzmet" lemma="en">en</w>
               <S/>
               <w msd="Sometn" lemma="konec">konec</w>
               <S/>
               <w msd="Ggdd-ez" lemma="oviti">ovila</w>
               <S/>
               <w msd="Dr" lemma="okoli">okoli</w>
               <S/>
               <w msd="Somer" lemma="metulj">metulja</w>
               <c>,</c>
               <S/>
               <w msd="Kbzmetd" lemma="drug">drugi</w>
               <S/>
               <w msd="Sometn" lemma="konec">konec</w>
               <S/>
               <w msd="Vp" lemma="pa">pa</w>
               <S/>
               <w msd="Ggdd-ez" lemma="privezati">privezala</w>
               <S/>
               <w msd="Dd" lemma="k">k</w>
               <S/>
               <w msd="Somed" lemma="list">listu</w>
               <c>.</c>
               <S/>
            </s>
            <s>
               <w msd="Somei" lemma="list">List</w>
               <S/>
               <w msd="Gp-ste-n" lemma="biti">je</w>
               <S/>
               <w msd="Ggnd-em" lemma="plavati">plaval</w>
               <S/>
               <w msd="Rsn" lemma="zdaj">zdaj</w>
               <S/>
               <w msd="Rsn" lemma="veliko">veliko</w>
               <S/>
               <w msd="Rsr" lemma="hitro">hitreje</w>
               <S/>
               <w msd="Vp" lemma="in">in</w>
               <S/>
               <w msd="Zotzei" lemma="on">ona</w>
               <S/>
               <w msd="Do" lemma="z">z</w>
               <S/>
               <w msd="Zotmeo" lemma="on">njim</w>
               <c>,</c>
               <S/>
               <w msd="Vp" lemma="saj">saj</w>
               <S/>
               <w msd="Gp-ste-n" lemma="biti">je</w>
               <S/>
               <w msd="Gp-d-ez" lemma="biti">bila</w>
               <S/>
               <w msd="Rsn" lemma="vendar">vendar</w>
               <S/>
               <w msd="Dm" lemma="na">na</w>
               <S/>
               <w msd="Zotmem" lemma="on">njem</w>
               <c>.</c>
               <S/>
            </s>
            <s>
               <w msd="Rsn" lemma="tedaj">Tedaj</w>
               <S/>
               <w msd="Gp-ste-n" lemma="biti">je</w>
               <S/>
               <w msd="Ggdd-em" lemma="prileteti">priletel</w>
               <S/>
               <w msd="Ppnmein" lemma="velik">velik</w>
               <S/>
               <w msd="Somei" lemma="hrošč">hrošč</w>
               <c>,</c>
               <S/>
               <w msd="Ggdd-em" lemma="ugledati">ugledal</w>
               <S/>
               <w msd="Zotzet--k" lemma="on">jo</w>
               <S/>
               <w msd="Gp-ste-n" lemma="biti">je</w>
               <S/>
               <w msd="Vp" lemma="in">in</w>
               <S/>
               <w msd="Dm" lemma="v">v</w>
               <S/>
               <w msd="Zk-mem" lemma="ta">tem</w>
               <S/>
               <w msd="Somem" lemma="trenutek">trenutku</w>
               <S/>
               <w msd="Ggdd-em" lemma="objeti">objel</w>
               <S/>
               <w msd="Do" lemma="z">s</w>
               <S/>
               <w msd="Zp-zmo" lemma="svoj">svojimi</w>
               <S/>
               <w msd="Sozmo" lemma="noga">nogami</w>
               <S/>
               <w msd="Zstseiez" lemma="njen">njeno</w>
               <S/>
               <w msd="Ppnset" lemma="vitek">vitko</w>
               <S/>
               <w msd="Soset" lemma="telo">telo</w>
               <S/>
               <w msd="Vp" lemma="ter">ter</w>
               <S/>
               <w msd="Ggdd-em" lemma="odleteti">odletel</w>
               <S/>
               <w msd="Do" lemma="z">z</w>
               <S/>
               <w msd="Zotzeo" lemma="on">njo</w>
               <S/>
               <w msd="Dt" lemma="na">na</w>
               <S/>
               <w msd="Soset" lemma="drevo">drevo</w>
               <c>.</c>
               <S/>
            </s>
            <s>
               <w msd="Ppnmeid" lemma="zelen">Zeleni</w>
               <S/>
               <w msd="Somei" lemma="list">list</w>
               <S/>
               <w msd="Gp-ste-n" lemma="biti">je</w>
               <S/>
               <w msd="Ggnd-em" lemma="plavati">plaval</w>
               <S/>
               <w msd="Rsn" lemma="dalje">dalje</w>
               <S/>
               <w msd="Dm" lemma="po">po</w>
               <S/>
               <w msd="Somem" lemma="potok">potoku</w>
               <S/>
               <w msd="Vp" lemma="in">in</w>
               <S/>
               <w msd="Do" lemma="z">z</w>
               <S/>
               <w msd="Zotmeo" lemma="on">njim</w>
               <S/>
               <w msd="Somei" lemma="metulj">metulj</w>
               <c>,</c>
               <S/>
               <w msd="Vd" lemma="ker">ker</w>
               <S/>
               <w msd="Gp-ste-n" lemma="biti">je</w>
               <S/>
               <w msd="Gp-d-em" lemma="biti">bil</w>
               <S/>
               <w msd="Dt" lemma="na">na</w>
               <S/>
               <w msd="Sometn" lemma="list">list</w>
               <S/>
               <w msd="Pdnmein" lemma="privezan">privezan</w>
               <S/>
               <w msd="Vp" lemma="in">in</w>
               <S/>
               <w msd="Dr" lemma="z">z</w>
               <S/>
               <w msd="Somer" lemma="list">lista</w>
               <S/>
               <w msd="Gp-ste-d" lemma="biti">ni</w>
               <S/>
               <w msd="Ggnd-em" lemma="moči">mogel</w>
               <S/>
               <w msd="Ggdn" lemma="zleteti">zleteti</w>
               <c>.</c>
               <S/>
            </s>
            <s>
               <w msd="M" lemma="joj">Joj</w>
               <c>,</c>
               <S/>
               <w msd="Rsn" lemma="kako">kako</w>
               <S/>
               <w msd="Zp------k" lemma="se">se</w>
               <S/>
               <w msd="Gp-ste-n" lemma="biti">je</w>
               <S/>
               <w msd="Ggdd-ez" lemma="ustrašiti">ustrašila</w>
               <S/>
               <w msd="Ppnzei" lemma="ubog">uboga</w>
               <S/>
               <w msd="Sozei" lemma="palčica">Palčica</w>
               <c>,</c>
               <S/>
               <w msd="Vd" lemma="ko">ko</w>
               <S/>
               <w msd="Gp-ste-n" lemma="biti">je</w>
               <S/>
               <w msd="Somei" lemma="hrošč">hrošč</w>
               <S/>
               <w msd="Ggdd-em" lemma="odleteti">odletel</w>
               <S/>
               <w msd="Do" lemma="z">z</w>
               <S/>
               <w msd="Zotzeo" lemma="on">njo</w>
               <S/>
               <w msd="Dt" lemma="na">na</w>
               <S/>
               <w msd="Soset" lemma="drevo">drevo</w>
               <c>.</c>
               <S/>
            </s>
            <s>
               <w msd="Vp" lemma="a">A</w>
               <S/>
               <w msd="Rss" lemma="najbolj">najbolj</w>
               <S/>
               <w msd="Zp------k" lemma="se">se</w>
               <S/>
               <w msd="Gp-ste-n" lemma="biti">je</w>
               <S/>
               <w msd="Ggdd-ez" lemma="razžalostiti">razžalostila</w>
               <S/>
               <w msd="Dr" lemma="zaradi">zaradi</w>
               <S/>
               <w msd="Ppnser" lemma="lep">lepega</w>
               <S/>
               <w msd="Ppnmer" lemma="bel">belega</w>
               <S/>
               <w msd="Somer" lemma="metulj">metulja</w>
               <c>,</c>
               <S/>
               <w msd="Vd" lemma="ki">ki</w>
               <S/>
               <w msd="Zotmet--k" lemma="on">ga</w>
               <S/>
               <w msd="Gp-ste-n" lemma="biti">je</w>
               <S/>
               <w msd="Gp-d-ez" lemma="biti">bila</w>
               <S/>
               <w msd="Ggdd-ez" lemma="privezati">privezala</w>
               <S/>
               <w msd="Dt" lemma="na">na</w>
               <S/>
               <w msd="Sometn" lemma="list">list</w>
               <c>,</c>
               <S/>
               <w msd="Vp" lemma="saj">saj</w>
               <S/>
               <w msd="Vd" lemma="če">če</w>
               <S/>
               <w msd="Zp------k" lemma="se">se</w>
               <S/>
               <w msd="L" lemma="ne">ne</w>
               <S/>
               <w msd="Gp-pte-n" lemma="biti">bo</w>
               <S/>
               <w msd="Ggnd-em" lemma="moči">mogel</w>
               <S/>
               <w msd="Ggdn" lemma="osvoboditi">osvoboditi</w>
               <c>,</c>
               <S/>
               <w msd="Gp-pte-n" lemma="biti">bo</w>
               <S/>
               <w msd="Ggnd-em" lemma="morati">moral</w>
               <S/>
               <w msd="Ggdn" lemma="umreti">umreti</w>
               <S/>
               <w msd="Dr" lemma="od">od</w>
               <S/>
               <w msd="Somer" lemma="glad">gladu</w>
               <c>.</c>
               <S/>
            </s>
            <s>
               <w msd="Vp" lemma="toda">Toda</w>
               <S/>
               <w msd="Dt" lemma="za">za</w>
               <S/>
               <w msd="Zk-set" lemma="ta">to</w>
               <S/>
               <w msd="Zp------k" lemma="se">se</w>
               <S/>
               <w msd="Somei" lemma="hrošč">hrošč</w>
               <S/>
               <w msd="L" lemma="sploh">sploh</w>
               <S/>
               <w msd="Gp-ste-d" lemma="biti">ni</w>
               <S/>
               <w msd="Ggnd-em" lemma="meniti">menil</w>
               <c>.</c>
               <S/>
            </s>
            <s>
               <w msd="Ggnd-em" lemma="sedeti">Sedel</w>
               <S/>
               <w msd="Gp-ste-n" lemma="biti">je</w>
               <S/>
               <w msd="Do" lemma="z">z</w>
               <S/>
               <w msd="Zotzeo" lemma="on">njo</w>
               <S/>
               <w msd="Dm" lemma="na">na</w>
               <S/>
               <w msd="Ppszem" lemma="velik">največji</w>
               <S/>
               <w msd="Ppnmetd" lemma="zelen">zeleni</w>
               <S/>
               <w msd="Sometn" lemma="list">list</w>
               <S/>
               <w msd="Soser" lemma="drevo">drevesa</w>
               <c>,</c>
               <S/>
               <w msd="Zotzed--k" lemma="on">ji</w>
               <S/>
               <w msd="Ggdd-em" lemma="dati">dal</w>
               <S/>
               <w msd="Ggnn" lemma="jesti">jesti</w>
               <S/>
               <w msd="Somer" lemma="med">medu</w>
               <S/>
               <w msd="Dr" lemma="iz">iz</w>
               <S/>
               <w msd="Sozmr" lemma="cvetlica">cvetlic</w>
               <S/>
               <w msd="Vp" lemma="in">in</w>
               <S/>
               <w msd="Zotzed--k" lemma="on">ji</w>
               <S/>
               <w msd="Ggdd-em" lemma="dejati">dejal</w>
               <c>,</c>
               <S/>
               <w msd="Vd" lemma="da">da</w>
               <S/>
               <w msd="Gp-ste-n" lemma="biti">je</w>
               <S/>
               <w msd="Rsn" lemma="zelo">zelo</w>
               <S/>
               <w msd="Ppnzei" lemma="ljubek">ljubka</w>
               <c>,</c>
               <S/>
               <w msd="Vd" lemma="čeprav">čeprav</w>
               <S/>
               <w msd="L" lemma="niti">niti</w>
               <S/>
               <w msd="Rsn" lemma="malo">malo</w>
               <S/>
               <w msd="Gp-ste-d" lemma="biti">ni</w>
               <S/>
               <w msd="Ppnzei" lemma="podoben">podobna</w>
               <S/>
               <w msd="Zv-med" lemma="kak">kakemu</w>
               <S/>
               <w msd="Somed" lemma="hrošč">hrošču</w>
               <c>.</c>
               <S/>
            </s>
            <s>
               <w msd="Rsr" lemma="pozno">Pozneje</w>
               <S/>
               <w msd="Gp-stm-n" lemma="biti">so</w>
               <S/>
               <w msd="Ggdd-mm" lemma="priti">prišli</w>
               <S/>
               <w msd="Zc-mmi" lemma="ves">vsi</w>
               <S/>
               <w msd="Kbzmmi" lemma="drug">drugi</w>
               <S/>
               <w msd="Sommi" lemma="hrošč">hrošči</w>
               <c>,</c>
               <S/>
               <w msd="Vd" lemma="ki">ki</w>
               <S/>
               <w msd="Gp-stm-n" lemma="biti">so</w>
               <S/>
               <w msd="Ggnd-mm" lemma="stanovati">stanovali</w>
               <S/>
               <w msd="Dm" lemma="na">na</w>
               <S/>
               <w msd="Sosem" lemma="drevo">drevesu</w>
               <c>,</c>
               <S/>
               <w msd="Vp" lemma="ter">ter</w>
               <S/>
               <w msd="Zotmdt--k" lemma="on">ju</w>
               <S/>
               <w msd="Ggdd-mm" lemma="obiskati">obiskali</w>
               <c>.</c>
            </s>
         </p>
         <p xml:id="F0001503.000274">
            <s>
               <w msd="Slmei" lemma="Zvedavček">Zvedavček</w>
               <S/>
               <w msd="Do" lemma="z">z</w>
               <S/>
               <w msd="Ppnmeo" lemma="velik">velikim</w>
               <S/>
               <w msd="Someo" lemma="klobuk">klobukom</w>
            </s>
         </p>
         <p xml:id="F0001503.000279">
            <s>
               <c>≠</c>
               <S/>
               <w msd="Zv-ser" lemma="kaj">ČESA</w>
               <S/>
               <w msd="Zc-ser" lemma="ves">VSEGA</w>
               <S/>
               <w msd="Somei" lemma="človek">ČLOVEK</w>
               <S/>
               <w msd="L" lemma="ne">NE</w>
            </s>
         </p>
         <p xml:id="F0001503.000304">
            <s>
               <w msd="Sozei" lemma="kokokokopolicija">Kokokokopolicija</w>
               <S/>
               <w msd="Rsn" lemma="brž">brž</w>
               <S/>
               <w msd="Ggdste" lemma="uvesti">uvede</w>
               <S/>
               <w msd="Sozet" lemma="preiskava">preiskavo</w>
               <c>.</c>
               <S/>
            </s>
            <s>
               <w msd="Do" lemma="z">Z</w>
               <S/>
               <w msd="Soseo" lemma="izginotje">izginotjem</w>
               <S/>
               <w msd="Zp---d--k" lemma="se">si</w>
               <S/>
               <w msd="Ggnste" lemma="ubijati">ubija</w>
               <S/>
               <w msd="Kbg-mi" lemma="pet">pet</w>
               <S/>
               <w msd="Sommr" lemma="agent">agentov</w>
               <S/>
               <w msd="Ppnzet" lemma="bister">bistro</w>
               <S/>
               <w msd="Sozet" lemma="glava">glavo</w>
               <c>.</c>
               <S/>
            </s>
            <s>
               <w msd="Vp" lemma="a">A</w>
               <S/>
               <w msd="Rsn" lemma="naposled">naposled</w>
               <S/>
               <w msd="Zp------k" lemma="se">se</w>
               <S/>
               <w msd="Ggdste" lemma="izkazati">izkaže</w>
               <c>,</c>
               <S/>
               <w msd="Vd" lemma="da">da</w>
               <S/>
               <w msd="Sommi" lemma="nalog">nalogi</w>
               <S/>
               <w msd="Gp-stm-d" lemma="biti">niso</w>
               <S/>
               <w msd="Rsn" lemma="kos">kos</w>
               <c>.</c>
               <S/>
            </s>
            <s>
               <w msd="Ppnzei" lemma="mali">Mala</w>
               <S/>
               <w msd="Sozei" lemma="putka">putka</w>
               <S/>
               <w msd="Vp" lemma="namreč">namreč</w>
               <S/>
               <w msd="Rsr" lemma="lahko">laže</w>
               <S/>
               <w msd="Vd" lemma="kot">kot</w>
               <S/>
               <w msd="Ppnzei" lemma="velik">velika</w>
               <S/>
               <w msd="Ppnzei" lemma="star">stara</w>
               <S/>
               <w msd="Sozei" lemma="gos">gos</w>
               <c>.</c>
            </s>
         </p>
         <p xml:id="F0001503.000307">
            <s>
               <w msd="Zop-ei" lemma="jaz">JAZ</w>
               <S/>
               <w msd="Vp" lemma="pa">PA</w>
               <S/>
               <w msd="Ggnspe" lemma="brati">BEREM</w>
               <S/>
               <w msd="Kag" lemma="3">3</w>
            </s>
         </p>
         <p xml:id="F0001503.000334">
            <s>
               <c>≠</c>
               <S/>
               <w msd="Zv-ser" lemma="kaj">ČESA</w>
               <S/>
               <w msd="Zp------k" lemma="se">SE</w>
               <S/>
               <w msd="Gp-ste-n" lemma="biti">JE</w>
               <S/>
               <w msd="Ggnd-em" lemma="bati">BAL</w>
               <S/>
               <w msd="Somei" lemma="levček">LEVČEK</w>
               <c>?</c>
            </s>
         </p>
         <p xml:id="F0001503.000336">
            <s>
               <w msd="Zop-ei" lemma="jaz">JAZ</w>
               <S/>
               <w msd="Vp" lemma="pa">PA</w>
               <S/>
               <w msd="Ggnspe" lemma="brati">BEREM</w>
               <S/>
               <w msd="Kag" lemma="3">3</w>
            </s>
         </p>
         <p xml:id="F0001503.000374">
            <s>
               <w msd="Zop-ei" lemma="jaz">JAZ</w>
               <S/>
               <w msd="Vp" lemma="pa">PA</w>
               <S/>
               <w msd="Ggnspe" lemma="brati">BEREM</w>
               <S/>
               <w msd="Kag" lemma="3">3</w>
            </s>
         </p>
         <p xml:id="F0001503.000380">
            <s>
               <c>˝</c>
               <w msd="Somei" lemma="jaz">Jaz</w>
               <S/>
               <w msd="L" lemma="tudi">tudi</w>
               <c>,</c>
               <c>˝</c>
               <S/>
               <w msd="Gp-ste-n" lemma="biti">je</w>
               <S/>
               <w msd="Ggdd-em" lemma="dejati">dejal</w>
               <S/>
               <w msd="Slmei" lemma="Christopher">Christopher</w>
               <S/>
               <w msd="Slmei" lemma="Robin">Robin</w>
               <c>.</c>
               <S/>
               <c>˝</c>
               <w msd="Rsn" lemma="potem">Potem</w>
               <S/>
               <w msd="Zotmer--k" lemma="on">ga</w>
               <S/>
               <w msd="L" lemma="ne">ne</w>
               <S/>
               <w msd="Ggnsde" lemma="moči">moreš</w>
               <S/>
               <w msd="Ggnn" lemma="klicati">klicati</w>
               <S/>
               <w msd="Rsn" lemma="winnie">Winnie</w>
               <c>?</c>
               <c>˝</c>
               <S/>
               <c>˝</c>
               <w msd="Vp" lemma="saj">Saj</w>
               <S/>
               <w msd="Zotmet--k" lemma="on">ga</w>
               <S/>
               <w msd="Vp" lemma="ne">ne</w>
               <c>.</c>
               <c>˝</c>
               <S/>
               <c>˝</c>
               <w msd="Vp" lemma="pa">Pa</w>
               <S/>
               <w msd="Zp---d--k" lemma="se">si</w>
               <S/>
               <w msd="Ggdd-em" lemma="reči">rekel</w>
               <S/>
               <c>-</c>
               <c>˝</c>
               <S/>
               <c>˝</c>
               <w msd="Sosei" lemma="ime">Ime</w>
               <S/>
               <w msd="Zotmed--k" lemma="on">mu</w>
               <S/>
               <w msd="Gp-ste-n" lemma="biti">je</w>
               <S/>
               <w msd="Slmei" lemma="Winnie">Winnie</w>
               <S/>
               <w msd="Slzer" lemma="Pu">Pu</w>
               <c>.</c>
               <S/>
            </s>
            <s>
               <w msd="Gp-sde-d" lemma="biti">Nisi</w>
               <S/>
               <w msd="Ggvd-em" lemma="slišati">slišal</w>
               <c>,</c>
               <S/>
               <w msd="Vd" lemma="da">da</w>
               <S/>
               <w msd="Gp-spe-n" lemma="biti">sem</w>
               <S/>
               <w msd="Ggdd-em" lemma="reči">rekel</w>
               <S/>
               <w msd="L" lemma="tudi">tudi</w>
               <S/>
               <c>‘</c>
               <w msd="Slzer" lemma="Pu">Pu</w>
               <c>´</c>
               <c>?</c>
               <c>˝</c>
               <S/>
               <c>˝</c>
               <w msd="M" lemma="aha">Aha</w>
               <c>,</c>
               <S/>
               <w msd="L" lemma="že">že</w>
               <S/>
               <w msd="Ggvspe" lemma="razumeti">razumem</w>
               <c>,</c>
               <c>˝</c>
               <S/>
               <w msd="Gp-spe-n" lemma="biti">sem</w>
               <S/>
               <w msd="Rsn" lemma="hitro">hitro</w>
               <S/>
               <w msd="Ggdd-em" lemma="odvrniti">odvrnil</w>
               <c>;</c>
               <S/>
               <w msd="Ggnspe" lemma="upati">upam</w>
               <c>,</c>
               <S/>
               <w msd="Vd" lemma="da">da</w>
               <S/>
               <w msd="Gp-sdm-n" lemma="biti">ste</w>
               <S/>
               <w msd="Ggvd-mm" lemma="razumeti">razumeli</w>
               <S/>
               <w msd="L" lemma="tudi">tudi</w>
               <S/>
               <w msd="Zodmmi" lemma="ti">vi</w>
               <c>,</c>
               <S/>
               <w msd="Vd" lemma="ker">ker</w>
               <S/>
               <w msd="Rsn" lemma="kaj">kaj</w>
               <S/>
               <w msd="Rsr" lemma="več">več</w>
               <S/>
               <w msd="Dm" lemma="o">o</w>
               <S/>
               <w msd="Zk-sem" lemma="ta">tem</w>
               <S/>
               <w msd="L" lemma="ne">ne</w>
               <S/>
               <w msd="Gp-pdm-n" lemma="biti">boste</w>
               <S/>
               <w msd="Ggdd-mm" lemma="zvedeti">zvedeli</w>
               <c>.</c>
               <S/>
            </s>
            <s>
               <w msd="Vd" lemma="kadar">Kadar</w>
               <S/>
               <w msd="Ggdste" lemma="priti">pride</w>
               <S/>
               <w msd="Slmei" lemma="Winnie">Winnie</w>
               <S/>
               <w msd="Slzer" lemma="Pu">Pu</w>
               <S/>
               <w msd="Dm" lemma="po">po</w>
               <S/>
               <w msd="Sozmm" lemma="stopnica">stopnicah</w>
               <c>,</c>
               <S/>
               <w msd="Rsn" lemma="včasih">včasih</w>
               <S/>
               <w msd="Ggdste" lemma="sesti">sede</w>
               <S/>
               <w msd="Dd" lemma="k">h</w>
               <S/>
               <w msd="Zv-zed" lemma="kak">kaki</w>
               <S/>
               <w msd="Sozem" lemma="igra">igri</w>
               <c>,</c>
               <S/>
               <w msd="Kbzzmi" lemma="drug">druge</w>
               <S/>
               <w msd="Sommi" lemma="krat">krati</w>
               <S/>
               <w msd="Vp" lemma="pa">pa</w>
               <S/>
               <w msd="Rsr" lemma="raje">rajši</w>
               <S/>
               <w msd="Rsn" lemma="tiho">tiho</w>
               <S/>
               <w msd="Ggnste" lemma="ždeti">ždi</w>
               <S/>
               <w msd="Do" lemma="pred">pred</w>
               <S/>
               <w msd="Someo" lemma="kamin">kaminom</w>
               <S/>
               <w msd="Vp" lemma="in">in</w>
               <S/>
               <w msd="Ggnste" lemma="poslušati">posluša</w>
               <S/>
               <w msd="Sozmt" lemma="povest">povesti</w>
               <c>.</c>
               <S/>
            </s>
            <s>
               <w msd="Rsn" lemma="nocoj">Nocoj</w>
               <S/>
               <c>–</c>
               <S/>
               <c>˝</c>
               <w msd="Rsn" lemma="kako">Kako</w>
               <S/>
               <w msd="Gp-g" lemma="biti">bi</w>
               <S/>
               <w msd="Gp-d-es" lemma="biti">bilo</w>
               <S/>
               <w msd="Do" lemma="z">s</w>
               <S/>
               <w msd="Zv-sei" lemma="kakšen">kakšno</w>
               <S/>
               <w msd="Sozeo" lemma="povest">povestjo</w>
               <c>?</c>
               <c>˝</c>
               <S/>
               <w msd="Gp-ste-n" lemma="biti">je</w>
               <S/>
               <w msd="Ggdd-em" lemma="reči">rekel</w>
               <S/>
               <w msd="Slmei" lemma="Christopher">Christopher</w>
               <S/>
               <w msd="Slmei" lemma="Robin">Robin</w>
               <c>.</c>
               <S/>
               <c>˝</c>
               <w msd="Do" lemma="z">S</w>
               <S/>
               <w msd="Zv-sei" lemma="kakšen">kakšno</w>
               <S/>
               <w msd="Sozeo" lemma="povest">povestjo</w>
               <c>?</c>
               <c>˝</c>
               <S/>
               <w msd="Rsn" lemma="sem">sem</w>
               <S/>
               <w msd="Ggdd-em" lemma="vprašati">vprašal</w>
               <c>.</c>
               <S/>
               <c>˝</c>
               <w msd="L" lemma="no">No</w>
               <c>,</c>
               <S/>
               <w msd="Vp" lemma="ali">ali</w>
               <S/>
               <w msd="Gp-g" lemma="biti">bi</w>
               <S/>
               <w msd="Rsn" lemma="lahko">lahko</w>
               <S/>
               <w msd="Zv-zet" lemma="kateri">katero</w>
               <S/>
               <w msd="Ggdd-em" lemma="povedati">povedal</w>
               <S/>
               <w msd="Rsn" lemma="winnieju">Winnieju</w>
               <S/>
               <w msd="Rsn" lemma="puju">Puju</w>
               <c>?</c>
               <c>˝</c>
               <S/>
               <c>˝</c>
               <w msd="Rsn" lemma="zakaj">Zakaj</w>
               <S/>
               <w msd="Vp" lemma="ne">ne</w>
               <c>,</c>
               <c>˝</c>
               <S/>
               <w msd="Rsn" lemma="sem">sem</w>
               <S/>
               <w msd="Ggdd-em" lemma="reči">rekel</w>
               <c>.</c>
               <S/>
               <c>˝</c>
               <w msd="Zv-zmt" lemma="kakšen">Kakšne</w>
               <S/>
               <w msd="Sozer" lemma="povest">povesti</w>
               <S/>
               <w msd="Vp" lemma="pa">pa</w>
               <S/>
               <w msd="Rsn" lemma="rad">rad</w>
               <S/>
               <w msd="Ggnste" lemma="poslušati">posluša</w>
               <c>?</c>
               <c>˝</c>
               <S/>
               <c>˝</c>
               <w msd="Zk-mmt" lemma="tak">Take</w>
               <S/>
               <w msd="Dm" lemma="o">o</w>
               <S/>
               <w msd="Zotmem" lemma="on">njem</w>
               <S/>
               <w msd="Ppnmem" lemma="sam">samem</w>
               <c>.</c>
               <S/>
            </s>
            <s>
               <w msd="Gp-ste-n" lemma="biti">Je</w>
               <S/>
               <w msd="L" lemma="pač">pač</w>
               <S/>
               <w msd="Zk-zmt" lemma="tisti">tiste</w>
               <S/>
               <w msd="Sozer" lemma="sorta">sorte</w>
               <S/>
               <w msd="Somei" lemma="medved">medved</w>
               <c>.</c>
               <c>˝</c>
               <S/>
               <c>˝</c>
               <w msd="M" lemma="aha">Aha</w>
               <c>,</c>
               <S/>
               <w msd="L" lemma="že">že</w>
               <S/>
               <w msd="Ggvspe" lemma="razumeti">razumem</w>
               <c>.</c>
               <c>˝</c>
               <S/>
               <c>˝</c>
               <w msd="Rsn" lemma="torej">Torej</w>
               <S/>
               <w msd="Gp-pde-n" lemma="biti">boš</w>
               <S/>
               <w msd="Vp" lemma="tako">tako</w>
               <S/>
               <w msd="Ppnmein" lemma="prijazen">prijazen</w>
               <c>?</c>
               <c>˝</c>
               <S/>
               <c>˝</c>
               <w msd="Ggdspm" lemma="poskusiti">Poskusimo</w>
               <c>,</c>
               <c>˝</c>
               <S/>
               <w msd="Gp-spe-n" lemma="biti">sem</w>
               <S/>
               <w msd="Ggdd-em" lemma="reči">rekel</w>
               <c>.</c>
               <S/>
            </s>
            <s>
               <w msd="Vp" lemma="in">In</w>
               <S/>
               <w msd="Gp-spe-n" lemma="biti">sem</w>
               <S/>
               <w msd="Ggdd-em" lemma="poskusiti">poskusil</w>
               <c>.</c>
               <S/>
            </s>
            <s>
               <c>(</c>
               <w msd="Somei" lemma="odlomek">odlomek</w>
               <c>)</c>
            </s>
         </p>
         <p xml:id="F0001503.000392">
            <s>
               <w msd="Zop-ei" lemma="jaz">JAZ</w>
               <S/>
               <w msd="Vp" lemma="pa">PA</w>
               <S/>
               <w msd="Ggnspe" lemma="brati">BEREM</w>
               <S/>
               <w msd="Kag" lemma="3">3</w>
            </s>
         </p>
         <p xml:id="F0001503.000393">
            <s>
               <w msd="Somei" lemma="konj">Konj</w>
               <S/>
               <w msd="Zp------k" lemma="se">se</w>
               <S/>
               <w msd="Gp-ste-n" lemma="biti">je</w>
               <S/>
               <w msd="Ggdd-em" lemma="usesti">usedel</w>
               <c>.</c>
               <S/>
            </s>
            <s>
               <w msd="Somei" lemma="doktor">Doktor</w>
               <S/>
               <w msd="Zotmed--k" lemma="on">mu</w>
               <S/>
               <w msd="Gp-ste-n" lemma="biti">je</w>
               <S/>
               <w msd="Ggdd-em" lemma="natakniti">nataknil</w>
               <S/>
               <w msd="Sommt" lemma="naočnik">naočnike</w>
               <S/>
               <w msd="Vp" lemma="in">in</w>
               <S/>
               <w msd="Sozmi" lemma="oči">oči</w>
               <S/>
               <w msd="Gp-stm-n" lemma="biti">so</w>
               <S/>
               <w msd="Zotmet--k" lemma="on">ga</w>
               <S/>
               <w msd="Ggdd-mz" lemma="nehati">nehale</w>
               <S/>
               <w msd="Ggnn" lemma="boleti">boleti</w>
               <c>.</c>
               <S/>
               <c>˝</c>
               <w msd="Rsn" lemma="čaká">Čaká</w>
               <c>!</c>
               <c>˝</c>
               <S/>
               <w msd="Gp-ste-n" lemma="biti">je</w>
               <S/>
               <w msd="Ggdd-em" lemma="reči">rekel</w>
               <S/>
               <w msd="Somei" lemma="konj">konj</w>
               <c>,</c>
               <S/>
               <w msd="Ggdd-em" lemma="pomahati">pomahal</w>
               <S/>
               <w msd="Do" lemma="z">z</w>
               <S/>
               <w msd="Someo" lemma="rep">repom</w>
               <S/>
               <w msd="Vp" lemma="in">in</w>
               <S/>
               <w msd="Ggdd-em" lemma="steči">stekel</w>
               <S/>
               <w msd="Dm" lemma="na">na</w>
               <S/>
               <w msd="Sozet" lemma="cesta">cesto</w>
               <c>.</c>
               <S/>
               <c>˝</c>
               <w msd="Rsn" lemma="čaká">Čaká</w>
               <c>!</c>
               <c>˝</c>
               <w msd="Ggvste" lemma="pomeniti">pomeni</w>
               <S/>
               <w msd="Dm" lemma="v">v</w>
               <S/>
               <w msd="Ppnmmi" lemma="živalski">živalski</w>
               <S/>
               <w msd="Sozem" lemma="govorica">govorici</w>
               <S/>
               <c>˝</c>
               <w msd="Sozei" lemma="hvala">hvala</w>
               <c>˝</c>
               <c>.</c>
               <S/>
            </s>
            <s>
               <w msd="Rsn" lemma="kmalu">Kmalu</w>
               <S/>
               <w msd="Gp-stm-n" lemma="biti">so</w>
               <S/>
               <w msd="Zc-zmi" lemma="ves">vse</w>
               <S/>
               <w msd="Sozmi" lemma="žival">živali</w>
               <c>,</c>
               <S/>
               <w msd="Vd" lemma="ki">ki</w>
               <S/>
               <w msd="Gp-stm-n" lemma="biti">so</w>
               <S/>
               <w msd="Ggnd-mz" lemma="imeti">imele</w>
               <S/>
               <w msd="Ppnzmi" lemma="slab">slabe</w>
               <S/>
               <w msd="Sozmi" lemma="oči">oči</w>
               <c>,</c>
               <S/>
               <w msd="Ggdd-mz" lemma="dobiti">dobile</w>
               <S/>
               <w msd="Dm" lemma="pri">pri</w>
               <S/>
               <w msd="Somem" lemma="doktor">doktorju</w>
               <S/>
               <w msd="Slmed" lemma="Jojboli">Jojboliju</w>
               <S/>
               <w msd="Sommt" lemma="naočnik">naočnike</w>
               <c>.</c>
               <S/>
            </s>
            <s>
               <w msd="Sommi" lemma="konj">Konji</w>
               <S/>
               <w msd="Gp-stm-n" lemma="biti">so</w>
               <S/>
               <w msd="Ggnd-mm" lemma="hoditi">hodili</w>
               <S/>
               <w msd="Do" lemma="z">z</w>
               <S/>
               <w msd="Sommo" lemma="naočnik">naočniki</w>
               <c>,</c>
               <S/>
               <w msd="Sozmi" lemma="krava">krave</w>
               <S/>
               <w msd="Do" lemma="z">z</w>
               <S/>
               <w msd="Sommo" lemma="naočnik">naočniki</w>
               <c>,</c>
               <S/>
               <w msd="Sozmi" lemma="mačka">mačke</w>
               <S/>
               <w msd="Vp" lemma="in">in</w>
               <S/>
               <w msd="Sommi" lemma="pes">psi</w>
               <S/>
               <w msd="Do" lemma="z">z</w>
               <S/>
               <w msd="Sommo" lemma="naočnik">naočniki</w>
               <c>.</c>
               <S/>
            </s>
            <s>
               <w msd="L" lemma="celo">Celo</w>
               <S/>
               <w msd="Ppnzmi" lemma="star">stare</w>
               <S/>
               <w msd="Sozmi" lemma="vrana">vrane</w>
               <S/>
               <w msd="Gp-stm-d" lemma="biti">niso</w>
               <S/>
               <w msd="Ggnd-mz" lemma="letati">letale</w>
               <S/>
               <w msd="Dr" lemma="brez">brez</w>
               <S/>
               <w msd="Sommr" lemma="naočnik">naočnikov</w>
               <c>.</c>
               <S/>
            </s>
            <s>
               <w msd="Do" lemma="z">Z</w>
               <S/>
               <w msd="Zc-meo" lemma="vsak">vsakim</w>
               <S/>
               <w msd="Someo" lemma="dan">dnem</w>
               <S/>
               <w msd="Gp-ste-n" lemma="biti">je</w>
               <S/>
               <w msd="Ggnd-es" lemma="prihajati">prihajalo</w>
               <S/>
               <w msd="Dd" lemma="k">k</w>
               <S/>
               <w msd="Somed" lemma="doktor">doktorju</w>
               <S/>
               <w msd="Rsn" lemma="zmerom">zmerom</w>
               <S/>
               <w msd="Rsr" lemma="več">več</w>
               <S/>
               <w msd="Sozmr" lemma="žival">živali</w>
               <S/>
               <w msd="Vp" lemma="in">in</w>
               <S/>
               <w msd="Sozmr" lemma="ptica">ptic</w>
               <c>.</c>
               <S/>
            </s>
            <s>
               <w msd="Ggnd-mz" lemma="prihajati">Prihajale</w>
               <S/>
               <w msd="Gp-stm-n" lemma="biti">so</w>
               <S/>
               <w msd="Sozmi" lemma="želva">želve</w>
               <c>,</c>
               <S/>
               <w msd="Sozmi" lemma="lisica">lisice</w>
               <S/>
               <w msd="Vp" lemma="in">in</w>
               <S/>
               <w msd="Sozer" lemma="koza">koze</w>
               <c>,</c>
               <S/>
               <w msd="Ggnd-mm" lemma="priletati">priletali</w>
               <S/>
               <w msd="Gp-stm-n" lemma="biti">so</w>
               <S/>
               <w msd="Sommi" lemma="žerjav">žerjavi</w>
               <S/>
               <w msd="Vp" lemma="in">in</w>
               <S/>
               <w msd="Sommi" lemma="orel">orli</w>
               <c>.</c>
               <S/>
            </s>
            <s>
               <w msd="Rsn" lemma="vse">Vse</w>
               <S/>
               <w msd="Gp-ste-n" lemma="biti">je</w>
               <S/>
               <w msd="Somei" lemma="doktor">doktor</w>
               <S/>
               <w msd="Slmei" lemma="Jojboli">Jojboli</w>
               <S/>
               <w msd="Ggdd-em" lemma="ozdraviti">ozdravil</w>
               <c>,</c>
               <S/>
               <w msd="Vp" lemma="a">a</w>
               <S/>
               <w msd="Somer" lemma="denar">denarja</w>
               <S/>
               <w msd="Gp-ste-d" lemma="biti">ni</w>
               <S/>
               <w msd="Ggnd-em" lemma="jemati">jemal</w>
               <S/>
               <w msd="Zl-ser" lemma="noben">nobenega</w>
               <c>,</c>
               <S/>
               <w msd="Vd" lemma="ker">ker</w>
               <S/>
               <w msd="Sozmi" lemma="želva">želve</w>
               <S/>
               <w msd="Vp" lemma="in">in</w>
               <S/>
               <w msd="Sommi" lemma="orel">orli</w>
               <S/>
               <w msd="L" lemma="pač">pač</w>
               <S/>
               <w msd="Ggnstm-d" lemma="imeti">nimajo</w>
               <S/>
               <w msd="Somer" lemma="denar">denarja</w>
               <c>!</c>
               <S/>
            </s>
            <s>
               <w msd="Rsn" lemma="kmalu">Kmalu</w>
               <S/>
               <w msd="Gp-stm-n" lemma="biti">so</w>
               <S/>
               <w msd="Gp-d-mm" lemma="biti">bili</w>
               <S/>
               <w msd="Dm" lemma="v">v</w>
               <S/>
               <w msd="Somem" lemma="gozd">gozdu</w>
               <S/>
               <w msd="Dm" lemma="na">na</w>
               <S/>
               <w msd="Sosmm" lemma="drevo">drevesih</w>
               <S/>
               <w msd="Pdnmmi" lemma="nalepljen">nalepljeni</w>
               <S/>
               <w msd="Zk-mmi" lemma="takle">takile</w>
               <S/>
               <w msd="Sommi" lemma="razglas">razglasi</w>
               <c>:</c>
               <S/>
               <w msd="Pdnzei" lemma="odprt">Odprta</w>
               <S/>
               <w msd="Gp-ste-n" lemma="biti">je</w>
               <S/>
               <w msd="Sozei" lemma="bolnišnica">bolnišnica</w>
               <S/>
               <w msd="Dt" lemma="za">za</w>
               <S/>
               <w msd="Sozmt" lemma="ptica">ptice</w>
               <S/>
               <w msd="Vp" lemma="in">in</w>
               <S/>
               <w msd="Sozmr" lemma="zver">zveri</w>
               <c>.</c>
               <S/>
            </s>
            <s>
               <w msd="Sozmd" lemma="žival">Živalim</w>
               <c>,</c>
               <S/>
               <w msd="Vd" lemma="ki">ki</w>
               <S/>
               <w msd="Ggnstm" lemma="bolehati">bolehajo</w>
               <c>,</c>
               <S/>
               <w msd="Rsn" lemma="tam">tam</w>
               <S/>
               <w msd="Sosei" lemma="zdravje">zdravje</w>
               <S/>
               <w msd="Zp------k" lemma="se">se</w>
               <S/>
               <w msd="Ggnste" lemma="deliti">deli</w>
               <c>.</c>
               <S/>
            </s>
            <s>
               <w msd="Zk-mmt" lemma="ta">Te</w>
               <S/>
               <w msd="Sommt" lemma="razglas">razglase</w>
               <S/>
               <w msd="Gp-std-n" lemma="biti">sta</w>
               <S/>
               <w msd="Ggdd-dm" lemma="nalepiti">nalepila</w>
               <S/>
               <w msd="Slzei" lemma="Vanja">Vanja</w>
               <S/>
               <w msd="Vp" lemma="in">in</w>
               <S/>
               <w msd="Slzei" lemma="Tanja">Tanja</w>
               <c>,</c>
               <S/>
               <w msd="Psnzei" lemma="sosedov">sosedova</w>
               <S/>
               <w msd="Sometd" lemma="otrok">otroka</w>
               <c>,</c>
               <S/>
               <w msd="Vd" lemma="ki">ki</w>
               <S/>
               <w msd="Zotmdt--k" lemma="on">ju</w>
               <S/>
               <w msd="Gp-ste-n" lemma="biti">je</w>
               <S/>
               <w msd="Rsn" lemma="svojčas">svojčas</w>
               <S/>
               <w msd="Somei" lemma="doktor">doktor</w>
               <S/>
               <w msd="Ggdd-em" lemma="ozdraviti">ozdravil</w>
               <S/>
               <w msd="Sozer" lemma="škrlatinka">škrlatinke</w>
               <S/>
               <w msd="Vp" lemma="in">in</w>
               <S/>
               <w msd="Sozmr" lemma="ošpice">ošpic</w>
               <c>.</c>
               <S/>
            </s>
            <s>
               <w msd="Rsn" lemma="zelo">Zelo</w>
               <S/>
               <w msd="Rsn" lemma="rad">rada</w>
               <S/>
               <w msd="Gp-std-n" lemma="biti">sta</w>
               <S/>
               <w msd="Ggnd-dm" lemma="imeti">imela</w>
               <S/>
               <w msd="Somer" lemma="doktor">doktorja</w>
               <S/>
               <w msd="Vp" lemma="in">in</w>
               <S/>
               <w msd="Do" lemma="z">z</w>
               <S/>
               <w msd="Soseo" lemma="veselje">veseljem</w>
               <S/>
               <w msd="Gp-std-n" lemma="biti">sta</w>
               <S/>
               <w msd="Zotmed--k" lemma="on">mu</w>
               <S/>
               <w msd="Ggvd-dm" lemma="pomagati">pomagala</w>
               <c>.</c>
               <S/>
            </s>
            <s>
               <c>(</c>
               <w msd="Somei" lemma="odlomek">odlomek</w>
               <c>)</c>
            </s>
         </p>
         <p xml:id="F0001503.000403">
            <s>
               <w msd="Zop-ei" lemma="jaz">JAZ</w>
               <S/>
               <w msd="Vp" lemma="pa">PA</w>
               <S/>
               <w msd="Ggnspe" lemma="brati">BEREM</w>
               <S/>
               <w msd="Kag" lemma="3">3</w>
            </s>
         </p>
      </body>
   </text>
</TEI>