<?xml version="1.0" encoding="UTF-8"?>
<TEI xmlns="http://www.tei-c.org/ns/1.0" xml:id="F0000562" xml:lang="sl">
   <teiHeader>
      <fileDesc>
         <titleStmt>
            <title>ccKRES: Gloss (2003-01)</title>
            <funder>Operacijo delno financira Evropska unija iz Evropskega socialnega sklada ter Ministrstvo za šolstvo in šport. Operacija se izvaja v okviru Operativnega programa razvoja človeških virov za obdobje 2007-2013, razvojne prioritete: razvoj človeških virov in vseživljenjskega učenja; prednostne usmeritve: izboljšanje kakovosti in učinkovitosti sistemov izobraževanja in usposabljanja 2007-2013.</funder>
         </titleStmt>
         <editionStmt>
            <edition>1.0</edition>
         </editionStmt>
         <extent>578 besed</extent>
         <publicationStmt>
            <idno>gl1_03</idno>
            <availability status="free">
               <p xml:lang="sl">Avtorske pravice za to izdajo ureja licenca <ref target="http://creativecommons.org/licenses/by-nc/2.5/si/">Creative Commons Priznanje avtorstva-Nekomercialno 2.5 Slovenija</ref>.</p>
               <p xml:lang="en">This work is licenced under the <ref target="http://creativecommons.org/licenses/by-nc/2.5/si/deed.en">Creative Commons Attribution-Noncommercial 2.5 Slovenia</ref>.</p>
            </availability>
            <date>2012-05-06</date>
         </publicationStmt>
         <sourceDesc>
            <bibl>
               <title>Gloss</title>
               <author n="???">neznani novinar</author>
               <date>2003-01</date>
               <publisher n="drugo">Image Management</publisher>
               <note type="sourceLang">sl</note>
            </bibl>
         </sourceDesc>
      </fileDesc>
      <encodingDesc>
         <projectDesc>
            <p xml:lang="sl">Glej <ref target="http://www.korpus-kres.net/">www.korpus-kres.net</ref> oz. <ref target="http://nl.ijs.si/ssj/">nl.ijs.si/ssj</ref>.</p>
            <p xml:lang="en">See <ref target="http://www.korpus-kres.net/">www.korpus-kres.net</ref> or <ref target="http://nl.ijs.si/ssj/">nl.ijs.si/ssj</ref>.</p>
         </projectDesc>
         <samplingDecl>
            <p xml:lang="sl">
            Besedila in odstavki v korpusu KRES so bili vzorčeni iz
            Gigafide tako, da smo dobili 100-milijonski referenčni
            korpus, v katerem so besedila uravnotežena po vnaprej
            določenih taksonomskih deležih in po podatkih o branosti
            vira (časopisi, revije, novičarski portali).  Korpus
            ccKRES nato, z namenom, da je lahko dostopen po licenci CC,
            vsebuje 10 % naključno vzorčenih odstavkov besedil iz
            korpusa KRES, torej 10 milijonov besed.
	    Več o sestavi korpusa lahko preberete na 
            <ref target="http://www.korpus-kres.net/">www.korpus-kres.net</ref> oz.
            <ref target="http://nl.ijs.si/ssj/">nl.ijs.si/ssj</ref>.
	  </p>
            <p xml:lang="en">
            Texts and paragraphs in the KRES corpus have been sampled from the 
	    Gigafida corpus. The result of the sampling is a 100-million-word 
	    reference corpus. The texts in KRES are balanced according to the 
	    predetermined categories, with particular consideration being paid to 
	    the data on the popularity of the source (newspapers, magazines, 
	    Internet news sites). 
	    To enable free (CC) distribution of the corpus, the ccKRES corpus contains 
	    10% of randomly sampled paragraphs from KRES, i.e. contains 10 million words.
	    For more information about the contents of the corpus, 
	    see <ref target="http://www.korpus-kres.net/">www.korpus-kres.net</ref>
	    and <ref target="http://nl.ijs.si/ssj/">nl.ijs.si/ssj</ref>.
	  </p>
         </samplingDecl>
         <tagsDecl>
            <namespace name="http://www.tei-c.org/ns/1.0">
               <tagUsage gi="c" occurs="92"/>
               <tagUsage gi="p" occurs="8"/>
               <tagUsage gi="s" occurs="34"/>
               <tagUsage gi="S" occurs="571"/>
               <tagUsage gi="w" occurs="578"/>
            </namespace>
         </tagsDecl>
         <classDecl>
            <taxonomy xml:id="SSJ">
               <category xml:id="SSJ.T">
                  <catDesc>tisk</catDesc>
                  <category xml:id="SSJ.T.K">
                     <catDesc>knjižno</catDesc>
                     <category xml:id="SSJ.T.K.L">
                        <catDesc>leposlovno</catDesc>
                     </category>
                     <category xml:id="SSJ.T.K.S">
                        <catDesc>strokovno</catDesc>
                     </category>
                  </category>
                  <category xml:id="SSJ.T.P">
                     <catDesc>periodično</catDesc>
                     <category xml:id="SSJ.T.P.C">
                        <catDesc>časopis</catDesc>
                     </category>
                     <category xml:id="SSJ.T.P.R">
                        <catDesc>revija</catDesc>
                     </category>
                  </category>
                  <category xml:id="SSJ.T.D">
                     <catDesc>drugo</catDesc>
                  </category>
               </category>
               <category xml:id="SSJ.I">
                  <catDesc>internet</catDesc>
               </category>
            </taxonomy>
         </classDecl>
      </encodingDesc>
      <profileDesc>
         <textClass>
            <catRef target="#SSJ.T.P.R"/>
         </textClass>
      </profileDesc>
   </teiHeader>
   <text xml:id="F0000562." xml:lang="sl">
      <body>
         <p xml:id="F0000562.000025">
            <s>
               <w msd="Sozei" lemma="skrb">SKRB</w>
               <S/>
               <w msd="Dt" lemma="za">ZA</w>
               <S/>
               <w msd="Ppnzmt" lemma="divji">DIVJE</w>
               <S/>
               <w msd="Sozer" lemma="žival">ŽIVALI</w>
               <S/>
               <w msd="Gp-ste-n" lemma="biti">JE</w>
               <S/>
               <w msd="L" lemma="sicer">SICER</w>
               <S/>
               <w msd="Dm" lemma="v">V</w>
               <S/>
               <w msd="Sosem" lemma="ospredje">OSPREDJU</w>
               <c>.</c>
               <S/>
            </s>
            <s>
               <w msd="Rsn" lemma="kjerkoli">KJERKOLI</w>
               <S/>
               <w msd="Vp" lemma="pa">PA</w>
               <S/>
               <w msd="Rsn" lemma="lahko">LAHKO</w>
               <S/>
               <w msd="Ggdsdm" lemma="priti">PRIDETE</w>
               <S/>
               <w msd="Do" lemma="z">Z</w>
               <S/>
               <w msd="Zotmmo" lemma="on">NJIMI</w>
               <S/>
               <w msd="Dt" lemma="v">V</w>
               <S/>
               <w msd="Sometn" lemma="stik">STIK</w>
               <c>,</c>
               <S/>
               <w msd="Gp-ste-n" lemma="biti">JE</w>
               <S/>
               <w msd="Rsn" lemma="povsod">POVSOD</w>
               <S/>
               <w msd="Rsn" lemma="jasno">JASNO</w>
               <S/>
               <w msd="Pdnsei" lemma="označen">OZNAČENO</w>
               <c>,</c>
               <S/>
               <w msd="Vd" lemma="da">DA</w>
               <S/>
               <w msd="Zotmmr--k" lemma="on">JIH</w>
               <S/>
               <w msd="L" lemma="ne">NE</w>
               <S/>
               <w msd="Ggnsdm" lemma="hraniti">HRANITE</w>
               <c>.</c>
               <S/>
            </s>
            <s>
               <w msd="Vp" lemma="ali">ALI</w>
               <S/>
               <w msd="Ggnsdm" lemma="božati">BOŽATE</w>
               <c>.</c>
               <S/>
            </s>
         </p>
         <p xml:id="F0000562.000190">
            <s>
               <w msd="Zk-sei" lemma="ta">To</w>
               <S/>
               <w msd="Gp-ste-n" lemma="biti">je</w>
               <S/>
               <w msd="L" lemma="seveda">seveda</w>
               <S/>
               <w msd="Sosei" lemma="vprašanje">vprašanje</w>
               <S/>
               <w msd="Somer" lemma="užitek">užitka</w>
               <S/>
               <w msd="Vp" lemma="in">in</w>
               <S/>
               <w msd="Ppnser" lemma="dvosmeren">dvosmernega</w>
               <S/>
               <w msd="Soser" lemma="delovanje">delovanja</w>
               <S/>
               <w msd="Ppnmmr" lemma="primaren">primarnih</w>
               <S/>
               <w msd="Sommr" lemma="gon">gonov</w>
               <c>.</c>
               <S/>
            </s>
            <s>
               <w msd="Somer" lemma="gon">Gona</w>
               <S/>
               <w msd="Slmei" lemma="Eros">Eros</w>
               <S/>
               <w msd="Vp" lemma="in">in</w>
               <S/>
               <w msd="Slmei" lemma="Tanatos">Tanatos</w>
               <S/>
               <w msd="Ggnstd" lemma="delovati">delujeta</w>
               <S/>
               <w msd="Dm" lemma="v">v</w>
               <S/>
               <w msd="Zc-mem" lemma="vsak">vsakem</w>
               <S/>
               <w msd="Somem" lemma="posameznik">posamezniku</w>
               <c>.</c>
               <S/>
            </s>
            <s>
               <w msd="Ppnsei" lemma="enosmeren">Enosmerno</w>
               <S/>
               <w msd="Sosei" lemma="delovanje">delovanje</w>
               <S/>
               <w msd="Slmer" lemma="Eros">Erosa</w>
               <c>,</c>
               <S/>
               <w msd="Vd" lemma="ki">ki</w>
               <S/>
               <w msd="Zop-mt" lemma="jaz">nas</w>
               <S/>
               <w msd="Ggdste" lemma="pripeljati">pripelje</w>
               <S/>
               <w msd="Dd" lemma="k">k</w>
               <S/>
               <w msd="Sosed" lemma="zlitje">zlitju</w>
               <S/>
               <w msd="Vp" lemma="in">in</w>
               <S/>
               <w msd="Dd" lemma="k">k</w>
               <S/>
               <w msd="Ppnsed" lemma="orgazmičen">orgazmičnemu</w>
               <S/>
               <w msd="Sosed" lemma="zadovoljstvo">zadovoljstvu</w>
               <c>,</c>
               <S/>
               <w msd="Zop-mt" lemma="jaz">nas</w>
               <S/>
               <w msd="Rsn" lemma="hkrati">hkrati</w>
               <S/>
               <w msd="Ggdste" lemma="soočiti">sooči</w>
               <S/>
               <w msd="L" lemma="tudi">tudi</w>
               <S/>
               <w msd="Do" lemma="z">z</w>
               <S/>
               <w msd="Soseo" lemma="brezno">breznom</w>
               <S/>
               <w msd="Sozer" lemma="smrt">smrti</w>
               <c>,</c>
               <S/>
               <w msd="Do" lemma="z">z</w>
               <S/>
               <w msd="Sozeo" lemma="izginitev">izginitvijo</w>
               <S/>
               <w msd="Somer" lemma="subjekt">subjekta</w>
               <c>.</c>
               <S/>
            </s>
            <s>
               <w msd="L" lemma="prav">Prav</w>
               <S/>
               <w msd="Rsn" lemma="zato">zato</w>
               <S/>
               <w msd="Ggdspm" lemma="reči">rečemo</w>
               <S/>
               <w msd="Somed" lemma="orgazem">orgazmu</w>
               <S/>
               <w msd="L" lemma="tudi">tudi</w>
               <S/>
               <w msd="Ppnzei" lemma="mali">mala</w>
               <S/>
               <w msd="Sozei" lemma="smrt">smrt</w>
               <c>.</c>
               <S/>
            </s>
            <s>
               <w msd="Ppnsei" lemma="prevratniški">Prevratniško</w>
               <S/>
               <w msd="Sosei" lemma="obdobje">obdobje</w>
               <S/>
               <w msd="Gp-ste-n" lemma="biti">je</w>
               <S/>
               <w msd="Dm" lemma="v">v</w>
               <S/>
               <w msd="Kbvsmm" lemma="sedemdeseti">sedemdesetih</w>
               <S/>
               <w msd="Ggnd-es" lemma="poudarjati">poudarjalo</w>
               <S/>
               <w msd="L" lemma="le">le</w>
               <S/>
               <w msd="Ppnmeid" lemma="erotičen">erotični</w>
               <S/>
               <w msd="Somei" lemma="pol">pol</w>
               <S/>
               <w msd="Zk-zer" lemma="ta">te</w>
               <S/>
               <w msd="Ppnzer" lemma="dvosmeren">dvosmerne</w>
               <S/>
               <w msd="Sozer" lemma="napetost">napetosti</w>
               <c>.</c>
               <S/>
            </s>
            <s>
               <w msd="Ppnmeid" lemma="poglaviten">Poglavitni</w>
               <S/>
               <w msd="Somei" lemma="sprožilec">sprožilec</w>
               <S/>
               <w msd="Sozer" lemma="tesnoba">tesnobe</w>
               <S/>
               <w msd="Ggnste" lemma="tičati">tiči</w>
               <S/>
               <w msd="L" lemma="prav">prav</w>
               <S/>
               <w msd="Dm" lemma="v">v</w>
               <S/>
               <w msd="Sosem" lemma="nezavedanje">nezavedanju</w>
               <S/>
               <w msd="Ppnzer" lemma="tanatičen">tanatične</w>
               <S/>
               <w msd="Sozer" lemma="plat">plati</w>
               <S/>
               <w msd="Sozer" lemma="spolnost">spolnosti</w>
               <c>,</c>
               <S/>
               <w msd="Vd" lemma="ki">ki</w>
               <S/>
               <w msd="Vp" lemma="pa">pa</w>
               <S/>
               <w msd="Dd" lemma="navkljub">navkljub</w>
               <S/>
               <w msd="Sosed" lemma="nelagodje">nelagodju</w>
               <S/>
               <w msd="Ggnste" lemma="prinašati">prinaša</w>
               <S/>
               <w msd="L" lemma="tudi">tudi</w>
               <S/>
               <w msd="Soset" lemma="ugodje">ugodje</w>
               <c>.</c>
               <S/>
            </s>
            <s>
               <w msd="Do" lemma="z">S</w>
               <S/>
               <w msd="Sozeo" lemma="tesnoba">tesnobo</w>
               <S/>
               <w msd="Zp------k" lemma="se">se</w>
               <S/>
               <w msd="Rsn" lemma="lahko">lahko</w>
               <S/>
               <w msd="Rsn" lemma="učinkovito">učinkovito</w>
               <S/>
               <w msd="Ggdspm" lemma="spopasti">spopademo</w>
               <S/>
               <w msd="L" lemma="le">le</w>
               <c>,</c>
               <S/>
               <w msd="Vd" lemma="če">če</w>
               <S/>
               <w msd="Zp------k" lemma="se">se</w>
               <S/>
               <w msd="Ggnspm" lemma="zavedati">zavedamo</w>
               <S/>
               <w msd="Soser" lemma="delovanje">delovanja</w>
               <S/>
               <w msd="Somer" lemma="tanatos">Tanatosa</w>
               <c>.</c>
               <S/>
            </s>
            <s>
               <w msd="Rsn" lemma="skratka">Skratka</w>
               <c>,</c>
               <S/>
               <w msd="Ggdn" lemma="sprejeti">sprejeti</w>
               <S/>
               <w msd="Ggnspm" lemma="morati">moramo</w>
               <S/>
               <w msd="Sometn" lemma="učinek">učinek</w>
               <S/>
               <w msd="Sozer" lemma="napetost">napetosti</w>
               <S/>
               <w msd="Ppnser" lemma="dvosmeren">dvosmernega</w>
               <S/>
               <w msd="Soser" lemma="delovanje">delovanja</w>
               <S/>
               <w msd="Ppnmmr" lemma="primaren">primarnih</w>
               <S/>
               <w msd="Sommr" lemma="gon">gonov</w>
               <c>.</c>
               <S/>
            </s>
            <s>
               <w msd="Ppnsei" lemma="celoten">Celotno</w>
               <S/>
               <w msd="Sosei" lemma="življenje">življenje</w>
               <S/>
               <w msd="Gp-ste-n" lemma="biti">je</w>
               <S/>
               <w msd="Somei" lemma="skupek">skupek</w>
               <S/>
               <w msd="Sozer" lemma="napetost">napetosti</w>
               <S/>
               <w msd="Vp" lemma="in">in</w>
               <S/>
               <w msd="Sommr" lemma="stres">stresov</w>
               <c>.</c>
               <S/>
            </s>
            <s>
               <w msd="Do" lemma="z">Z</w>
               <S/>
               <w msd="Zotmmo" lemma="on">njimi</w>
               <S/>
               <w msd="Zp------k" lemma="se">se</w>
               <S/>
               <w msd="Ggnspm" lemma="spopadati">spopadamo</w>
               <S/>
               <w msd="Vp" lemma="in">in</w>
               <S/>
               <w msd="Dm" lemma="v">v</w>
               <S/>
               <w msd="Zotmmm" lemma="on">njih</w>
               <S/>
               <w msd="L" lemma="seveda">seveda</w>
               <S/>
               <w msd="L" lemma="tudi">tudi</w>
               <S/>
               <w msd="Ggnspm" lemma="uživati">uživamo</w>
               <c>.</c>
            </s>
         </p>
         <p xml:id="F0000562.000258">
            <s>
               <w msd="Rsn" lemma="nadvse">Nadvse</w>
               <S/>
               <w msd="Gp-sdm-n" lemma="biti">ste</w>
               <S/>
               <w msd="Ppnmmi" lemma="zadovoljen">zadovoljni</w>
               <S/>
               <w msd="Do" lemma="z">s</w>
               <S/>
               <w msd="Sozmo" lemma="sprememba">spremembami</w>
               <c>,</c>
               <S/>
               <w msd="Vd" lemma="ki">ki</w>
               <S/>
               <w msd="Zp------k" lemma="se">se</w>
               <S/>
               <w msd="Ggnstm" lemma="dogajati">dogajajo</w>
               <S/>
               <w msd="Dm" lemma="v">v</w>
               <S/>
               <w msd="Zsdmemm" lemma="vaš">vašem</w>
               <S/>
               <w msd="Sosem" lemma="življenje">življenju</w>
               <c>.</c>
               <S/>
            </s>
            <s>
               <w msd="Dr" lemma="zaradi">Zaradi</w>
               <S/>
               <w msd="Rsn" lemma="toliko">toliko</w>
               <S/>
               <w msd="Ppnzmr" lemma="dober">dobrih</w>
               <S/>
               <w msd="Sozmr" lemma="stvar">stvari</w>
               <S/>
               <w msd="Vp" lemma="pa">pa</w>
               <S/>
               <w msd="Zod-mt" lemma="ti">vas</w>
               <S/>
               <w msd="Gp-ste-n" lemma="biti">je</w>
               <S/>
               <w msd="Zc-met" lemma="ves">ves</w>
               <S/>
               <w msd="Sometn" lemma="čas">čas</w>
               <S/>
               <w msd="Somei" lemma="strah">strah</w>
               <c>,</c>
               <S/>
               <w msd="Vd" lemma="da">da</w>
               <S/>
               <w msd="Zp------k" lemma="se">se</w>
               <S/>
               <w msd="Gp-pte-n" lemma="biti">bo</w>
               <S/>
               <w msd="Ggdd-es" lemma="zgoditi">zgodilo</w>
               <S/>
               <w msd="Zv-set" lemma="kaj">kaj</w>
               <S/>
               <w msd="Ppnser" lemma="slab">slabega</w>
               <c>.</c>
               <S/>
            </s>
            <s>
               <w msd="L" lemma="seveda">Seveda</w>
               <S/>
               <w msd="L" lemma="ne">ne</w>
               <S/>
               <w msd="Ggnsdm" lemma="smeti">smete</w>
               <S/>
               <w msd="L" lemma="niti">niti</w>
               <S/>
               <w msd="Ggdn" lemma="pomisliti">pomisliti</w>
               <c>,</c>
               <S/>
               <w msd="Vd" lemma="da">da</w>
               <S/>
               <w msd="Gp-g" lemma="biti">bi</w>
               <S/>
               <w msd="Zod-md" lemma="ti">vam</w>
               <S/>
               <w msd="Zz-set" lemma="karkoli">karkoli</w>
               <S/>
               <w msd="Ggdd-es" lemma="uiti">ušlo</w>
               <S/>
               <w msd="Dr" lemma="z">z</w>
               <S/>
               <w msd="Sozer" lemma="vajet">vajeti</w>
               <c>,</c>
               <S/>
               <w msd="Vp" lemma="saj">saj</w>
               <S/>
               <w msd="Zp------k" lemma="se">se</w>
               <S/>
               <w msd="Zk-sei" lemma="ta">to</w>
               <S/>
               <w msd="Rsn" lemma="zagotovo">zagotovo</w>
               <S/>
               <w msd="L" lemma="ne">ne</w>
               <S/>
               <w msd="Gp-pte-n" lemma="biti">bo</w>
               <S/>
               <w msd="Ggdd-es" lemma="zgoditi">zgodilo</w>
               <c>.</c>
               <S/>
            </s>
            <s>
               <w msd="Ppnmmi" lemma="majhen">Majhni</w>
               <S/>
               <w msd="Sommi" lemma="spodrsljaj">spodrsljaji</w>
               <S/>
               <w msd="L" lemma="še">še</w>
               <S/>
               <w msd="L" lemma="ne">ne</w>
               <S/>
               <w msd="Ggvstm" lemma="pomeniti">pomenijo</w>
               <S/>
               <w msd="Somer" lemma="konec">konca</w>
               <S/>
               <w msd="Somer" lemma="svet">sveta</w>
               <c>.</c>
               <S/>
            </s>
            <s>
               <w msd="L" lemma="ne">Ne</w>
               <S/>
               <w msd="Ggnvdm" lemma="iskati">iščite</w>
               <S/>
               <w msd="Pdnmet" lemma="skrit">skritega</w>
               <S/>
               <w msd="Somer" lemma="sovražnik">sovražnika</w>
               <S/>
               <w msd="Rsn" lemma="tam">tam</w>
               <c>,</c>
               <S/>
               <w msd="Vd" lemma="kjer">kjer</w>
               <S/>
               <w msd="Gp-ste-d" lemma="biti">ni</w>
               <S/>
               <w msd="L" lemma="niti">niti</w>
               <S/>
               <w msd="Ppsmer" lemma="majhen">najmanjšega</w>
               <S/>
               <w msd="Somer" lemma="sum">suma</w>
               <c>,</c>
               <S/>
               <w msd="Vd" lemma="da">da</w>
               <S/>
               <w msd="Gp-g" lemma="biti">bi</w>
               <S/>
               <w msd="Rsn" lemma="lahko">lahko</w>
               <S/>
               <w msd="Ggnd-em" lemma="biti">bil</w>
               <c>.</c>
               <S/>
            </s>
            <s>
               <w msd="Rsn" lemma="včasih">Včasih</w>
               <S/>
               <w msd="Zp------k" lemma="se">se</w>
               <S/>
               <w msd="Ggnsdm" lemma="morati">morate</w>
               <S/>
               <w msd="Ggdn" lemma="ozreti">ozreti</w>
               <S/>
               <w msd="Rsn" lemma="nazaj">nazaj</w>
               <S/>
               <w msd="Vp" lemma="in">in</w>
               <S/>
               <w msd="Ggdn" lemma="pogledati">pogledati</w>
               <c>,</c>
               <S/>
               <w msd="Rsn" lemma="kaj">kaj</w>
               <S/>
               <w msd="Gp-sdm-n" lemma="biti">ste</w>
               <S/>
               <w msd="Ggdd-mm" lemma="doseči">dosegli</w>
               <S/>
               <w msd="Dr" lemma="do">do</w>
               <S/>
               <w msd="Rsn" lemma="zdaj">zdaj</w>
               <c>.</c>
            </s>
         </p>
         <p xml:id="F0000562.000330">
            <s>
               <w msd="Ppnzet" lemma="morski">morsko</w>
               <S/>
               <w msd="Sozet" lemma="sol">sol</w>
               <S/>
               <w msd="Vp" lemma="in">in</w>
               <S/>
               <w msd="Ppnmeid" lemma="črn">črni</w>
               <S/>
               <w msd="Sometn" lemma="poper">poper</w>
               <c>.</c>
            </s>
         </p>
         <p xml:id="F0000562.000639">
            <s>
               <w msd="Slzed" lemma="Ksenija">Kseniji</w>
               <c>,</c>
               <S/>
               <w msd="Vd" lemma="ki">ki</w>
               <S/>
               <w msd="Gp-ste-n" lemma="biti">je</w>
               <S/>
               <w msd="Dm" lemma="po">po</w>
               <S/>
               <w msd="Sozem" lemma="izobrazba">izobrazbi</w>
               <S/>
               <w msd="L" lemma="sicer">sicer</w>
               <S/>
               <w msd="N" lemma="univ.dipl.oec.">univ.dipl.oec.</w>
               <c>,</c>
               <S/>
               <w msd="Gp-ste-n" lemma="biti">je</w>
               <S/>
               <w msd="Ppnsei" lemma="dveleten">dveletno</w>
               <S/>
               <w msd="Sosei" lemma="popotovanje">popotovanje</w>
               <S/>
               <w msd="Dm" lemma="po">po</w>
               <S/>
               <w msd="Slzem" lemma="Azija">Aziji</w>
               <S/>
               <w msd="Do" lemma="z">z</w>
               <S/>
               <w msd="Ppnmeo" lemma="življenjski">življenjskim</w>
               <S/>
               <w msd="Someo" lemma="partner">partnerjem</w>
               <S/>
               <w msd="Slmeo" lemma="Cyril">Cyrilom</w>
               <c>,</c>
               <S/>
               <w msd="Do" lemma="z">s</w>
               <S/>
               <w msd="Sozeo" lemma="hčerka">hčerko</w>
               <S/>
               <w msd="Sozeo" lemma="maša">Mašo</w>
               <S/>
               <w msd="Vp" lemma="in">in</w>
               <S/>
               <w msd="Do" lemma="z">z</w>
               <S/>
               <w msd="Someo" lemma="motor">motorjem</w>
               <S/>
               <w msd="Rsn" lemma="popolnoma">popolnoma</w>
               <S/>
               <w msd="Ggdd-es" lemma="spremeniti">spremenilo</w>
               <S/>
               <w msd="Soset" lemma="življenje">življenje</w>
               <S/>
               <w msd="Vp" lemma="in">in</w>
               <S/>
               <w msd="Do" lemma="z">z</w>
               <S/>
               <w msd="Zotmeo" lemma="on">njim</w>
               <S/>
               <w msd="L" lemma="tudi">tudi</w>
               <S/>
               <w msd="Ppnzet" lemma="poklicen">poklicno</w>
               <S/>
               <w msd="Sozet" lemma="naravnanost">naravnanost</w>
               <c>.</c>
               <S/>
            </s>
            <s>
               <w msd="Sosei" lemma="potovanje">Potovanje</w>
               <c>,</c>
               <S/>
               <w msd="Vd" lemma="ki">ki</w>
               <S/>
               <w msd="Zp------k" lemma="se">se</w>
               <S/>
               <w msd="Gp-ste-n" lemma="biti">je</w>
               <S/>
               <w msd="Ggdd-es" lemma="začeti">začelo</w>
               <S/>
               <w msd="Vd" lemma="kot">kot</w>
               <S/>
               <w msd="Sozet" lemma="uresničitev">uresničitev</w>
               <S/>
               <w msd="Sozmr" lemma="sanja">sanj</w>
               <c>,</c>
               <S/>
               <w msd="Gp-ste-n" lemma="biti">je</w>
               <S/>
               <w msd="Ggdd-es" lemma="postati">postalo</w>
               <S/>
               <w msd="Sometn" lemma="način">način</w>
               <S/>
               <w msd="Zstserm" lemma="njihov">njihovega</w>
               <S/>
               <w msd="Soser" lemma="življenje">življenja</w>
               <S/>
               <w msd="Vp" lemma="in">in</w>
               <S/>
               <w msd="Soset" lemma="življenje">življenje</w>
               <S/>
               <w msd="L" lemma="samo">samo</w>
               <c>.</c>
               <S/>
            </s>
            <s>
               <w msd="Vd" lemma="naj">Naj</w>
               <S/>
               <w msd="Zp---d--k" lemma="se">si</w>
               <S/>
               <w msd="Gp-pte-n" lemma="biti">bo</w>
               <S/>
               <w msd="Dm" lemma="v">v</w>
               <S/>
               <w msd="Pdnzem" lemma="izgubljen">izgubljeni</w>
               <S/>
               <w msd="Sozem" lemma="vasica">vasici</w>
               <S/>
               <w msd="Do" lemma="pod">pod</w>
               <S/>
               <w msd="Slzet" lemma="Himalaja">Himalajo</w>
               <c>,</c>
               <S/>
               <w msd="Dm" lemma="ob">ob</w>
               <S/>
               <w msd="Ppnzem" lemma="mogočen">mogočni</w>
               <S/>
               <w msd="Sozem" lemma="amazonka">Amazonki</w>
               <c>,</c>
               <S/>
               <w msd="Do" lemma="med">med</w>
               <S/>
               <w msd="Ppnsmo" lemma="puščavski">puščavskimi</w>
               <S/>
               <w msd="Sosmo" lemma="pleme">plemeni</w>
               <S/>
               <w msd="Vp" lemma="ali">ali</w>
               <S/>
               <w msd="Ppnmmo" lemma="inkovski">inkovskimi</w>
               <S/>
               <w msd="Sommi" lemma="potomec">potomci</w>
               <c>,</c>
               <S/>
               <w msd="Rsn" lemma="povsod">povsod</w>
               <S/>
               <w msd="Gp-stm-n" lemma="biti">so</w>
               <S/>
               <w msd="Gp-d-mm" lemma="biti">bili</w>
               <S/>
               <w msd="Dr" lemma="zaradi">zaradi</w>
               <S/>
               <w msd="Ppnser" lemma="univerzalen">univerzalnega</w>
               <S/>
               <w msd="Soser" lemma="starševstvo">starševstva</w>
               <S/>
               <w msd="Vp" lemma="in">in</w>
               <S/>
               <w msd="Soser" lemma="sestrstvo">sestrstva</w>
               <S/>
               <w msd="Sozmr" lemma="mati">mater</w>
               <S/>
               <w msd="Rsn" lemma="lepo">lepo</w>
               <S/>
               <w msd="Ggdn" lemma="sprejeti">sprejeti</w>
               <c>.</c>
               <S/>
            </s>
            <s>
               <w msd="Kbzzet" lemma="en">Eno</w>
               <S/>
               <w msd="Zstzmrm" lemma="njihov">njihovih</w>
               <S/>
               <w msd="Sozmr" lemma="zgodba">zgodb</w>
               <c>,</c>
               <S/>
               <w msd="Sozet" lemma="zgodba">zgodbo</w>
               <S/>
               <w msd="Dm" lemma="o">o</w>
               <S/>
               <w msd="Ppnzem" lemma="edinstven">edinstveni</w>
               <S/>
               <w msd="Ppnzem" lemma="tibetanski">Tibetanski</w>
               <S/>
               <w msd="Ppnzem" lemma="otroški">otroški</w>
               <S/>
               <w msd="Sozem" lemma="vas">vasi</w>
               <c>,</c>
               <S/>
               <w msd="Rsn" lemma="lahko">lahko</w>
               <S/>
               <w msd="Ggdsdm" lemma="prebrati">preberete</w>
               <S/>
               <w msd="Dm" lemma="na">na</w>
               <S/>
               <w msd="Sozem" lemma="stran">strani</w>
               <S/>
               <c>.</c>
               <c>.</c>
               <c>.</c>
            </s>
         </p>
         <p xml:id="F0000562.000652">
            <s>
               <w msd="Ppszer" lemma="nov">Najnovejše</w>
               <S/>
               <w msd="Sozmi" lemma="raziskava">raziskave</w>
               <S/>
               <w msd="Ggnstm" lemma="kazati">kažejo</w>
               <c>,</c>
               <S/>
               <w msd="Vd" lemma="da">da</w>
               <S/>
               <w msd="Rsn" lemma="lahko">lahko</w>
               <S/>
               <w msd="Somei" lemma="vitamin">vitamin</w>
               <S/>
               <w msd="Somei" lemma="E">E</w>
               <S/>
               <w msd="Ggdste" lemma="omiliti">omili</w>
               <S/>
               <w msd="Sozmt" lemma="bolečina">bolečine</w>
               <c>,</c>
               <S/>
               <w msd="Dm" lemma="v">v</w>
               <S/>
               <w msd="Sozmm" lemma="mišica">mišicah</w>
               <S/>
               <w msd="Ggdd-mz" lemma="nastati">nastale</w>
               <S/>
               <w msd="Dm" lemma="po">po</w>
               <S/>
               <w msd="Ppnzem" lemma="naporen">naporni</w>
               <S/>
               <w msd="Sozem" lemma="vadba">vadbi</w>
               <c>.</c>
               <S/>
            </s>
            <s>
               <w msd="Ggnstm" lemma="domnevati">Domnevajo</w>
               <S/>
               <w msd="Vp" lemma="namreč">namreč</w>
               <c>,</c>
               <S/>
               <w msd="Vd" lemma="da">da</w>
               <S/>
               <w msd="Zk-mei" lemma="ta">ta</w>
               <S/>
               <w msd="Somei" lemma="antioksidant">antioksidant</w>
               <S/>
               <c>'</c>
               <w msd="Ggdste" lemma="zradirati">zradira</w>
               <c>'</c>
               <S/>
               <w msd="Ppnmmt" lemma="škodljiv">škodljive</w>
               <S/>
               <w msd="Ppnmmt" lemma="stranski">stranske</w>
               <S/>
               <w msd="Sommt" lemma="produkt">produkte</w>
               <c>,</c>
               <S/>
               <w msd="Vd" lemma="ki">ki</w>
               <S/>
               <w msd="Dm" lemma="v">v</w>
               <S/>
               <w msd="Sosem" lemma="telo">telesu</w>
               <S/>
               <w msd="Ggnstm" lemma="nastajati">nastajajo</w>
               <S/>
               <w msd="Dm" lemma="po">po</w>
               <S/>
               <w msd="Ppnzem" lemma="naporen">naporni</w>
               <S/>
               <w msd="Sozem" lemma="vadba">vadbi</w>
               <S/>
               <w msd="Vp" lemma="in">in</w>
               <S/>
               <w msd="Ggdstm" lemma="poškodovati">poškodujejo</w>
               <S/>
               <w msd="Ppnset" lemma="mišičen">mišično</w>
               <S/>
               <w msd="Soset" lemma="tkivo">tkivo</w>
               <c>,</c>
               <S/>
               <w msd="Zopmmi" lemma="jaz">mi</w>
               <S/>
               <w msd="Vp" lemma="pa">pa</w>
               <S/>
               <w msd="Zk-set" lemma="ta">to</w>
               <S/>
               <w msd="Ggdspm" lemma="občutiti">občutimo</w>
               <S/>
               <w msd="Vd" lemma="kot">kot</w>
               <S/>
               <w msd="Sozet" lemma="bolečina">bolečino</w>
               <S/>
               <w msd="Vp" lemma="in">in</w>
               <S/>
               <w msd="Sozet" lemma="utrujenost">utrujenost</w>
               <c>.</c>
               <S/>
            </s>
            <s>
               <w msd="Sommi" lemma="človek">Ljudje</w>
               <c>,</c>
               <S/>
               <w msd="Vd" lemma="ki">ki</w>
               <S/>
               <w msd="Gp-stm-n" lemma="biti">so</w>
               <S/>
               <w msd="Dm" lemma="v">v</w>
               <S/>
               <w msd="Ppnzem" lemma="dober">dobri</w>
               <S/>
               <w msd="Ppnzem" lemma="telesen">telesni</w>
               <S/>
               <w msd="Sozem" lemma="kondicija">kondiciji</w>
               <c>,</c>
               <S/>
               <w msd="L" lemma="ne">ne</w>
               <S/>
               <w msd="Gp-ptm-n" lemma="biti">bodo</w>
               <S/>
               <w msd="Ggnd-mm" lemma="potrebovati">potrebovali</w>
               <S/>
               <w msd="Somer" lemma="nadomestek">nadomestka</w>
               <S/>
               <w msd="Somer" lemma="vitamin">vitamina</w>
               <S/>
               <w msd="Somei" lemma="E">E</w>
               <c>,</c>
               <S/>
               <w msd="Vd" lemma="če">če</w>
               <S/>
               <w msd="Vp" lemma="pa">pa</w>
               <S/>
               <w msd="Gp-sdm-n" lemma="biti">ste</w>
               <S/>
               <w msd="L" lemma="le">le</w>
               <S/>
               <c>'</c>
               <w msd="Ppnmmi" lemma="vikendaški">vikendaški</w>
               <c>'</c>
               <S/>
               <w msd="Somei" lemma="športnik">športnik</w>
               <S/>
               <w msd="Vp" lemma="in">in</w>
               <S/>
               <w msd="Rsn" lemma="torej">torej</w>
               <S/>
               <w msd="L" lemma="ne">ne</w>
               <S/>
               <w msd="Ggnvdm" lemma="vaditi">vadite</w>
               <S/>
               <w msd="Rsn" lemma="redno">redno</w>
               <c>,</c>
               <S/>
               <w msd="Gp-pdm-n" lemma="biti">boste</w>
               <S/>
               <w msd="Do" lemma="z">z</w>
               <S/>
               <w msd="Someo" lemma="nadomestek">nadomestkom</w>
               <S/>
               <w msd="Somer" lemma="vitamin">vitamina</w>
               <S/>
               <w msd="Somei" lemma="E">E</w>
               <S/>
               <w msd="Dm" lemma="v">v</w>
               <S/>
               <w msd="Ppnzem" lemma="precejšnji">precejšnji</w>
               <S/>
               <w msd="Sozem" lemma="mera">meri</w>
               <S/>
               <w msd="Ggdd-mm" lemma="pregnati">pregnali</w>
               <S/>
               <w msd="Sozer" lemma="bolečina">bolečine</w>
               <S/>
               <w msd="Dm" lemma="v">v</w>
               <S/>
               <w msd="Sozmm" lemma="mišica">mišicah</w>
               <c>.</c>
               <S/>
            </s>
            <s>
               <w msd="Vp" lemma="vendar">Vendar</w>
               <S/>
               <w msd="L" lemma="predvsem">predvsem</w>
               <c>,</c>
               <S/>
               <w msd="Vd" lemma="če">če</w>
               <S/>
               <w msd="Gp-sdm-n" lemma="biti">ste</w>
               <S/>
               <w msd="Ppnmmi" lemma="moški">moški</w>
               <c>,</c>
               <S/>
               <w msd="Vp" lemma="saj">saj</w>
               <S/>
               <w msd="Sozei" lemma="blagodejnost">blagodejnost</w>
               <S/>
               <w msd="Somer" lemma="vitamin">vitamina</w>
               <S/>
               <w msd="Somei" lemma="E">E</w>
               <S/>
               <w msd="Dm" lemma="pri">pri</w>
               <S/>
               <w msd="Sozmm" lemma="ženska">ženskah</w>
               <S/>
               <w msd="L" lemma="še">še</w>
               <S/>
               <w msd="Gp-ste-d" lemma="biti">ni</w>
               <S/>
               <w msd="Rsn" lemma="jasno">jasno</w>
               <S/>
               <w msd="Pdnzei" lemma="dokazan">dokazana</w>
               <c>,</c>
               <S/>
               <w msd="Vp" lemma="kajti">kajti</w>
               <S/>
               <w msd="Somei" lemma="hormon">hormon</w>
               <S/>
               <w msd="Somei" lemma="estrogen">estrogen</w>
               <S/>
               <w msd="Rsn" lemma="lahko">lahko</w>
               <S/>
               <w msd="Ggdste" lemma="zmanjšati">zmanjša</w>
               <S/>
               <w msd="Sozet" lemma="moč">moč</w>
               <S/>
               <w msd="Soser" lemma="delovanje">delovanja</w>
               <S/>
               <w msd="Zk-mer" lemma="ta">tega</w>
               <S/>
               <w msd="Somer" lemma="antioksidant">antioksidanta</w>
               <c>.</c>
            </s>
         </p>
         <p xml:id="F0000562.000723">
            <s>
               <w msd="Ppnzer" lemma="nov">Nove</w>
               <S/>
               <w msd="Sozer" lemma="formula">formule</w>
               <S/>
               <w msd="Sosmr" lemma="ličilo">ličil</w>
               <S/>
               <w msd="L" lemma="ne">ne</w>
               <S/>
               <w msd="Ggnstm" lemma="zagotavljati">zagotavljajo</w>
               <S/>
               <w msd="L" lemma="le">le</w>
               <S/>
               <w msd="Ppnser" lemma="izjemen">izjemnega</w>
               <S/>
               <w msd="Ppnser" lemma="barven">barvnega</w>
               <S/>
               <w msd="Soser" lemma="eksperimentiranje">eksperimentiranja</w>
               <S/>
               <w msd="Vp" lemma="in">in</w>
               <S/>
               <w msd="Soser" lemma="poudarjanje">poudarjanja</w>
               <S/>
               <w msd="Ppnzer" lemma="naraven">naravne</w>
               <S/>
               <w msd="Sozer" lemma="lepota">lepote</w>
               <c>,</c>
               <S/>
               <w msd="L" lemma="pač">pač</w>
               <S/>
               <w msd="Vp" lemma="pa">pa</w>
               <S/>
               <w msd="Rsn" lemma="hkrati">hkrati</w>
               <S/>
               <w msd="Zk-sei" lemma="ta">to</w>
               <S/>
               <w msd="Vp" lemma="pa">pa</w>
               <S/>
               <w msd="Gp-ste-n" lemma="biti">je</w>
               <S/>
               <w msd="Rsn" lemma="pozimi">pozimi</w>
               <S/>
               <w msd="L" lemma="še">še</w>
               <S/>
               <w msd="Rsn" lemma="kako">kako</w>
               <S/>
               <w msd="Ppnzet" lemma="dobrodošel">dobrodošlo</w>
               <S/>
               <w msd="Sozet" lemma="koža">kožo</w>
               <S/>
               <w msd="L" lemma="tudi">tudi</w>
               <S/>
               <w msd="Ggnstm" lemma="negovati">negujejo</w>
               <S/>
               <w msd="Vp" lemma="in">in</w>
               <S/>
               <w msd="Ggnstm" lemma="varovati">varujejo</w>
               <c>.</c>
               <S/>
            </s>
            <s>
               <w msd="Do" lemma="med">Med</w>
               <S/>
               <w msd="Ppnmmo" lemma="letošnji">letošnjimi</w>
               <S/>
               <w msd="Ppnsmo" lemma="zimski">zimskimi</w>
               <S/>
               <w msd="Sosmo" lemma="ličilo">ličili</w>
               <S/>
               <w msd="Vp" lemma="pa">pa</w>
               <S/>
               <w msd="Gp-ste-n" lemma="biti">je</w>
               <S/>
               <w msd="Ppnzei" lemma="pravi">prava</w>
               <S/>
               <w msd="Sozei" lemma="uspešnica">uspešnica</w>
               <S/>
               <w msd="Somei" lemma="puder">puder</w>
               <c>,</c>
               <S/>
               <w msd="Vd" lemma="ki">ki</w>
               <S/>
               <w msd="Dm" lemma="na">na</w>
               <S/>
               <w msd="Sozem" lemma="koža">koži</w>
               <S/>
               <w msd="Ggdste" lemma="ustvariti">ustvari</w>
               <S/>
               <w msd="Rsn" lemma="pomembno">pomembno</w>
               <S/>
               <w msd="Ppnset" lemma="zaščiten">zaščitno</w>
               <S/>
               <w msd="Soset" lemma="varovalo">varovalo</w>
               <S/>
               <w msd="Do" lemma="pred">pred</w>
               <S/>
               <w msd="Ppnmmo" lemma="zunanji">zunanjimi</w>
               <S/>
               <w msd="Sommo" lemma="dejavnik">dejavniki</w>
               <c>.</c>
               <S/>
            </s>
            <s>
               <w msd="Somei" lemma="puder">Puder</w>
               <S/>
               <w msd="Gp-ste-n" lemma="biti">je</w>
               <S/>
               <w msd="Dm" lemma="v">v</w>
               <S/>
               <w msd="Ppnmem" lemma="zimski">zimskem</w>
               <S/>
               <w msd="Somem" lemma="čas">času</w>
               <S/>
               <w msd="Rsn" lemma="izjemno">izjemno</w>
               <S/>
               <w msd="Ppnmein" lemma="pomemben">pomemben</w>
               <S/>
               <w msd="Vp" lemma="in">in</w>
               <S/>
               <w msd="Ppnmein" lemma="nepogrešljiv">nepogrešljiv</w>
               <S/>
               <w msd="Somei" lemma="del">del</w>
               <S/>
               <w msd="Soser" lemma="ličenje">ličenja</w>
               <c>,</c>
               <S/>
               <w msd="Dt" lemma="za">za</w>
               <S/>
               <w msd="Sozet" lemma="koža">kožo</w>
               <S/>
               <w msd="Vp" lemma="pa">pa</w>
               <S/>
               <w msd="Gp-ste-n" lemma="biti">je</w>
               <S/>
               <w msd="Ppnmer" lemma="življenjski">življenjskega</w>
               <S/>
               <w msd="Somer" lemma="pomen">pomena</w>
               <S/>
               <w msd="L" lemma="prav">prav</w>
               <S/>
               <w msd="Dr" lemma="zaradi">zaradi</w>
               <S/>
               <w msd="Sozer" lemma="zaščita">zaščite</w>
               <c>.</c>
               <S/>
            </s>
            <s>
               <w msd="Zk-mmi" lemma="tisti">Tisti</w>
               <c>,</c>
               <S/>
               <w msd="Vd" lemma="ki">ki</w>
               <S/>
               <w msd="L" lemma="ne">ne</w>
               <S/>
               <w msd="Ggdstm" lemma="prenesti">prenesejo</w>
               <S/>
               <w msd="Sommr" lemma="puder">pudrov</w>
               <c>,</c>
               <S/>
               <w msd="Vd" lemma="ker">ker</w>
               <S/>
               <w msd="Zp------k" lemma="se">se</w>
               <S/>
               <w msd="Zotmmd--k" lemma="on">jim</w>
               <S/>
               <w msd="Ggnstm" lemma="zdeti">zdijo</w>
               <S/>
               <w msd="Vd" lemma="kot">kot</w>
               <S/>
               <w msd="Zn-zei" lemma="nekakšen">nekakšna</w>
               <S/>
               <w msd="Sozei" lemma="maska">maska</w>
               <S/>
               <w msd="Dm" lemma="na">na</w>
               <S/>
               <w msd="Somem" lemma="obraz">obrazu</w>
               <c>,</c>
               <S/>
               <w msd="Vp" lemma="pa">pa</w>
               <S/>
               <w msd="L" lemma="naj">naj</w>
               <S/>
               <w msd="L" lemma="nikar">nikar</w>
               <S/>
               <w msd="L" lemma="ne">ne</w>
               <S/>
               <w msd="Ggdstm" lemma="pozabiti">pozabijo</w>
               <c>,</c>
               <S/>
               <w msd="Vd" lemma="da">da</w>
               <S/>
               <w msd="Dm" lemma="ob">ob</w>
               <S/>
               <w msd="Ppszmm" lemma="nov">najnovejših</w>
               <S/>
               <w msd="Sozmm" lemma="formula">formulah</w>
               <c>,</c>
               <S/>
               <w msd="Do" lemma="med">med</w>
               <S/>
               <w msd="Zv-mmo" lemma="kateri">katerimi</w>
               <S/>
               <w msd="Rsn" lemma="lahko">lahko</w>
               <S/>
               <w msd="Ggdspm" lemma="izbrati">izberemo</w>
               <S/>
               <w msd="L" lemma="tudi">tudi</w>
               <S/>
               <w msd="Sommt" lemma="puder">pudre</w>
               <c>,</c>
               <S/>
               <w msd="Vd" lemma="ki">ki</w>
               <S/>
               <w msd="Ggnstm" lemma="vlažiti">vlažijo</w>
               <S/>
               <w msd="Vp" lemma="ali">ali</w>
               <S/>
               <w msd="Vp" lemma="pa">pa</w>
               <S/>
               <w msd="Ggnstm" lemma="varovati">varujejo</w>
               <S/>
               <w msd="Do" lemma="pred">pred</w>
               <S/>
               <w msd="Soseo" lemma="staranje">staranjem</w>
               <c>,</c>
               <S/>
               <w msd="Zk-mei" lemma="ta">ta</w>
               <S/>
               <w msd="Ppnmeid" lemma="nepogrešljiv">nepogrešljivi</w>
               <S/>
               <w msd="Ppnmeid" lemma="kozmetičen">kozmetični</w>
               <S/>
               <w msd="Somei" lemma="pripomoček">pripomoček</w>
               <S/>
               <w msd="L" lemma="še">še</w>
               <S/>
               <w msd="Rsn" lemma="zdaleč">zdaleč</w>
               <S/>
               <w msd="Gp-ste-d" lemma="biti">ni</w>
               <S/>
               <w msd="L" lemma="le">le</w>
               <S/>
               <w msd="Somei" lemma="del">del</w>
               <S/>
               <w msd="Ppnzer" lemma="težek">težke</w>
               <S/>
               <w msd="Ppnzer" lemma="zimski">zimske</w>
               <S/>
               <c>'</c>
               <w msd="Sozer" lemma="garderoba">garderobe</w>
               <c>'</c>
               <c>.</c>
               <S/>
            </s>
            <s>
               <w msd="Ggnspm" lemma="priporočati">Priporočamo</w>
               <c>:</c>
               <S/>
               <w msd="Dt" lemma="za">za</w>
               <S/>
               <w msd="Ppnzet" lemma="suh">suho</w>
               <S/>
               <w msd="Sozet" lemma="koža">kožo</w>
               <S/>
               <w msd="Sommr" lemma="lancom">Lancomov</w>
               <S/>
               <w msd="Somei" lemma="photogenic">Photogenic</w>
               <S/>
               <w msd="Ppnzei" lemma="ultra">Ultra</w>
               <S/>
               <w msd="Slmei" lemma="Confort">Confort</w>
               <S/>
               <w msd="Do" lemma="z">z</w>
               <S/>
               <w msd="Ppnmeo" lemma="zaščiten">zaščitnim</w>
               <S/>
               <w msd="Someo" lemma="faktor">faktorjem</w>
               <S/>
               <w msd="Kag" lemma="12">12</w>
               <c>;</c>
               <S/>
               <w msd="Dt" lemma="za">za</w>
               <S/>
               <w msd="Ppnzet" lemma="zrel">zrelo</w>
               <S/>
               <w msd="Vp" lemma="in">in</w>
               <S/>
               <w msd="Ppnzet" lemma="občutljiv">občutljivo</w>
               <S/>
               <w msd="Sozet" lemma="koža">kožo</w>
               <S/>
               <w msd="Psnmein" lemma="Givenchyjev">Givenchyjev</w>
               <S/>
               <w msd="Somei" lemma="teint">Teint</w>
               <S/>
               <w msd="Slmei" lemma="Miroir">Miroir</w>
               <S/>
               <w msd="Somei" lemma="lift">Lift</w>
               <S/>
               <w msd="Somei" lemma="confort">Confort</w>
               <S/>
               <w msd="Do" lemma="z">z</w>
               <S/>
               <w msd="Slmei" lemma="zf">zf</w>
               <S/>
               <w msd="Kag" lemma="10">10</w>
               <c>;</c>
               <S/>
               <w msd="Dt" lemma="za">za</w>
               <S/>
               <w msd="Pdnzet" lemma="mešan">mešano</w>
               <S/>
               <w msd="Sozet" lemma="koža">kožo</w>
               <S/>
               <w msd="Slmei" lemma="Flawless">Flawless</w>
               <S/>
               <w msd="Slmei" lemma="Finish">Finish</w>
               <S/>
               <w msd="Slmei" lemma="Skin">Skin</w>
               <S/>
               <w msd="Slmei" lemma="Balancing">Balancing</w>
               <S/>
               <w msd="Slmei" lemma="Makeup">Makeup</w>
               <S/>
               <w msd="Slzei" lemma="Elizabeth">Elizabeth</w>
               <S/>
               <w msd="Slzei" lemma="Arden">Arden</w>
               <S/>
               <w msd="Vp" lemma="in">in</w>
               <S/>
               <w msd="Dt" lemma="za">za</w>
               <S/>
               <w msd="Ppnzet" lemma="masten">mastno</w>
               <S/>
               <w msd="Sozet" lemma="koža">kožo</w>
               <S/>
               <w msd="Ggnste" lemma="sisleyjevti">Sisleyjev</w>
               <S/>
               <w msd="Rsn" lemma="phyto">Phyto</w>
               <c>-</c>
               <w msd="Somei" lemma="teint">Teint</w>
               <S/>
               <w msd="Somei" lemma="eclat">Eclat</w>
               <c>.</c>
            </s>
         </p>
         <p xml:id="F0000562.000732">
            <s>
               <w msd="Ppnzei" lemma="nov">NOVA</w>
               <S/>
               <w msd="Sozei" lemma="parfumerija">PARFUMERIJA</w>
               <S/>
               <w msd="Dm" lemma="v">V</w>
               <S/>
               <w msd="Sosem" lemma="središče">SREDIŠČU</w>
               <S/>
               <w msd="Slzer" lemma="LJUBLJANA">LJUBLJANE</w>
            </s>
         </p>
      </body>
   </text>
</TEI>