<?xml version="1.0" encoding="UTF-8"?>
<TEI xmlns="http://www.tei-c.org/ns/1.0" xml:id="F0000719" xml:lang="sl">
   <teiHeader>
      <fileDesc>
         <titleStmt>
            <title>ccKRES: Državni zbor Republike Slovenije. ZBH. (1991)</title>
            <funder>Operacijo delno financira Evropska unija iz Evropskega socialnega sklada ter Ministrstvo za šolstvo in šport. Operacija se izvaja v okviru Operativnega programa razvoja človeških virov za obdobje 2007-2013, razvojne prioritete: razvoj človeških virov in vseživljenjskega učenja; prednostne usmeritve: izboljšanje kakovosti in učinkovitosti sistemov izobraževanja in usposabljanja 2007-2013.</funder>
         </titleStmt>
         <editionStmt>
            <edition>1.0</edition>
         </editionStmt>
         <extent>494 besed</extent>
         <publicationStmt>
            <idno>A0050449</idno>
            <availability status="free">
               <p xml:lang="sl">Avtorske pravice za to izdajo ureja licenca <ref target="http://creativecommons.org/licenses/by-nc/2.5/si/">Creative Commons Priznanje avtorstva-Nekomercialno 2.5 Slovenija</ref>.</p>
               <p xml:lang="en">This work is licenced under the <ref target="http://creativecommons.org/licenses/by-nc/2.5/si/deed.en">Creative Commons Attribution-Noncommercial 2.5 Slovenia</ref>.</p>
            </availability>
            <date>2012-05-06</date>
         </publicationStmt>
         <sourceDesc>
            <bibl>
               <pubPlace>Ljubljana</pubPlace>
               <title>ZBH</title>
               <author>Državni zbor Republike Slovenije</author>
               <date>1991</date>
               <publisher n="Državni zbor Republike Slovenije">Državni zbor Republike Slovenije</publisher>
               <note type="sourceLang"/>
            </bibl>
         </sourceDesc>
      </fileDesc>
      <encodingDesc>
         <projectDesc>
            <p xml:lang="sl">Glej <ref target="http://www.korpus-kres.net/">www.korpus-kres.net</ref> oz. <ref target="http://nl.ijs.si/ssj/">nl.ijs.si/ssj</ref>.</p>
            <p xml:lang="en">See <ref target="http://www.korpus-kres.net/">www.korpus-kres.net</ref> or <ref target="http://nl.ijs.si/ssj/">nl.ijs.si/ssj</ref>.</p>
         </projectDesc>
         <samplingDecl>
            <p xml:lang="sl">
            Besedila in odstavki v korpusu KRES so bili vzorčeni iz
            Gigafide tako, da smo dobili 100-milijonski referenčni
            korpus, v katerem so besedila uravnotežena po vnaprej
            določenih taksonomskih deležih in po podatkih o branosti
            vira (časopisi, revije, novičarski portali).  Korpus
            ccKRES nato, z namenom, da je lahko dostopen po licenci CC,
            vsebuje 10 % naključno vzorčenih odstavkov besedil iz
            korpusa KRES, torej 10 milijonov besed.
	    Več o sestavi korpusa lahko preberete na 
            <ref target="http://www.korpus-kres.net/">www.korpus-kres.net</ref> oz.
            <ref target="http://nl.ijs.si/ssj/">nl.ijs.si/ssj</ref>.
	  </p>
            <p xml:lang="en">
            Texts and paragraphs in the KRES corpus have been sampled from the 
	    Gigafida corpus. The result of the sampling is a 100-million-word 
	    reference corpus. The texts in KRES are balanced according to the 
	    predetermined categories, with particular consideration being paid to 
	    the data on the popularity of the source (newspapers, magazines, 
	    Internet news sites). 
	    To enable free (CC) distribution of the corpus, the ccKRES corpus contains 
	    10% of randomly sampled paragraphs from KRES, i.e. contains 10 million words.
	    For more information about the contents of the corpus, 
	    see <ref target="http://www.korpus-kres.net/">www.korpus-kres.net</ref>
	    and <ref target="http://nl.ijs.si/ssj/">nl.ijs.si/ssj</ref>.
	  </p>
         </samplingDecl>
         <tagsDecl>
            <namespace name="http://www.tei-c.org/ns/1.0">
               <tagUsage gi="c" occurs="53"/>
               <tagUsage gi="p" occurs="29"/>
               <tagUsage gi="s" occurs="33"/>
               <tagUsage gi="S" occurs="468"/>
               <tagUsage gi="w" occurs="494"/>
            </namespace>
         </tagsDecl>
         <classDecl>
            <taxonomy xml:id="SSJ">
               <category xml:id="SSJ.T">
                  <catDesc>tisk</catDesc>
                  <category xml:id="SSJ.T.K">
                     <catDesc>knjižno</catDesc>
                     <category xml:id="SSJ.T.K.L">
                        <catDesc>leposlovno</catDesc>
                     </category>
                     <category xml:id="SSJ.T.K.S">
                        <catDesc>strokovno</catDesc>
                     </category>
                  </category>
                  <category xml:id="SSJ.T.P">
                     <catDesc>periodično</catDesc>
                     <category xml:id="SSJ.T.P.C">
                        <catDesc>časopis</catDesc>
                     </category>
                     <category xml:id="SSJ.T.P.R">
                        <catDesc>revija</catDesc>
                     </category>
                  </category>
                  <category xml:id="SSJ.T.D">
                     <catDesc>drugo</catDesc>
                  </category>
               </category>
               <category xml:id="SSJ.I">
                  <catDesc>internet</catDesc>
               </category>
            </taxonomy>
         </classDecl>
      </encodingDesc>
      <profileDesc>
         <textClass>
            <catRef target="#SSJ.T.D"/>
         </textClass>
      </profileDesc>
   </teiHeader>
   <text xml:id="F0000719." xml:lang="sl">
      <body>
         <p xml:id="F0000719.000004">
            <s>
               <w msd="Sozei" lemma="banka">Banka</w>
               <S/>
               <w msd="Gp-ste-n" lemma="biti">je</w>
               <S/>
               <w msd="Ppnzei" lemma="praven">pravna</w>
               <S/>
               <w msd="Sozei" lemma="oseba">oseba</w>
               <c>,</c>
               <S/>
               <w msd="Zv-zer" lemma="kateri">katere</w>
               <S/>
               <w msd="Somei" lemma="predmet">predmet</w>
               <S/>
               <w msd="Soser" lemma="poslovanje">poslovanja</w>
               <S/>
               <w msd="Gp-ste-n" lemma="biti">je</w>
               <S/>
               <w msd="Sosei" lemma="opravljanje">opravljanje</w>
               <S/>
               <w msd="Ppnmmr" lemma="bančen">bančnih</w>
               <S/>
               <w msd="Sommr" lemma="posel">poslov</w>
               <S/>
               <w msd="Dm" lemma="po">po</w>
               <S/>
               <w msd="Sozmm" lemma="določba">določbah</w>
               <S/>
               <w msd="Zk-mer" lemma="ta">tega</w>
               <S/>
               <w msd="Somer" lemma="zakon">zakona</w>
               <c>.</c>
            </s>
         </p>
         <p xml:id="F0000719.000016">
            <s>
               <w msd="Sozei" lemma="banka">Banka</w>
               <S/>
               <w msd="Gp-ste-n" lemma="biti">je</w>
               <S/>
               <w msd="Sozei" lemma="nosilka">nosilka</w>
               <S/>
               <w msd="Sozmr" lemma="pravica">pravic</w>
               <c>,</c>
               <S/>
               <w msd="Sozer" lemma="obveznost">obveznosti</w>
               <S/>
               <w msd="Vp" lemma="in">in</w>
               <S/>
               <w msd="Sozer" lemma="odgovornost">odgovornosti</w>
               <S/>
               <w msd="Dm" lemma="v">v</w>
               <S/>
               <w msd="Ppnmem" lemma="praven">pravnem</w>
               <S/>
               <w msd="Somem" lemma="promet">prometu</w>
               <S/>
               <w msd="Dr" lemma="glede">glede</w>
               <S/>
               <w msd="Sosmr" lemma="sredstvo">sredstev</w>
               <S/>
               <w msd="Vp" lemma="in">in</w>
               <S/>
               <w msd="Soser" lemma="premoženje">premoženja</w>
               <c>,</c>
               <S/>
               <w msd="Do" lemma="z">s</w>
               <S/>
               <w msd="Zv-smo" lemma="kateri">katerimi</w>
               <S/>
               <w msd="Ggnste" lemma="razpolagati">razpolaga</w>
               <c>.</c>
            </s>
         </p>
         <p xml:id="F0000719.000053">
            <s>
               <w msd="Sozei" lemma="banka">Banka</w>
               <S/>
               <w msd="Zp------k" lemma="se">se</w>
               <S/>
               <w msd="Rsn" lemma="lahko">lahko</w>
               <S/>
               <w msd="Ggdste" lemma="združiti">združi</w>
               <S/>
               <w msd="Do" lemma="z">z</w>
               <S/>
               <w msd="Kbzzet" lemma="drug">drugo</w>
               <S/>
               <w msd="Sozet" lemma="banka">banko</w>
               <c>,</c>
               <S/>
               <w msd="Ggdste" lemma="pripojiti">pripoji</w>
               <S/>
               <w msd="Dd" lemma="k">k</w>
               <S/>
               <w msd="Kbzzed" lemma="drug">drugi</w>
               <S/>
               <w msd="Sozed" lemma="banka">banki</w>
               <S/>
               <w msd="Vp" lemma="ali">ali</w>
               <S/>
               <w msd="Ggdste" lemma="razdružiti">razdruži</w>
               <S/>
               <w msd="Dt" lemma="na">na</w>
               <S/>
               <w msd="Rsr" lemma="več">več</w>
               <S/>
               <w msd="Ppnzmr" lemma="samostojen">samostojnih</w>
               <S/>
               <w msd="Sozmr" lemma="banka">bank</w>
               <S/>
               <w msd="L" lemma="le">le</w>
               <S/>
               <w msd="Dm" lemma="na">na</w>
               <S/>
               <w msd="Sozem" lemma="podlaga">podlagi</w>
               <S/>
               <w msd="Soser" lemma="dovoljenje">dovoljenja</w>
               <S/>
               <w msd="Sozer" lemma="banka">Banke</w>
               <S/>
               <w msd="Slzer" lemma="Slovenija">Slovenije</w>
               <c>.</c>
            </s>
         </p>
         <p xml:id="F0000719.000072">
            <s>
               <w msd="Sozer" lemma="banka">Banke</w>
               <S/>
               <w msd="Ggnstm" lemma="sestavljati">sestavljajo</w>
               <S/>
               <w msd="Ppnzet" lemma="bančen">bančno</w>
               <S/>
               <w msd="Sozet" lemma="skupina">skupino</w>
               <c>,</c>
               <S/>
               <w msd="Vd" lemma="kadar">kadar</w>
               <S/>
               <w msd="Gp-ste-n" lemma="biti">je</w>
               <S/>
               <w msd="Kbzzei" lemma="en">ena</w>
               <S/>
               <w msd="Sozei" lemma="banka">banka</w>
               <S/>
               <w msd="Rsn" lemma="neposredno">neposredno</w>
               <S/>
               <w msd="Vp" lemma="ali">ali</w>
               <S/>
               <w msd="Rsn" lemma="posredno">posredno</w>
               <S/>
               <w msd="Pdnsmi" lemma="udeležen">udeležena</w>
               <S/>
               <w msd="Dm" lemma="v">v</w>
               <S/>
               <w msd="Ppnmem" lemma="ustanovitven">ustanovitvenem</w>
               <S/>
               <w msd="Somem" lemma="kapital">kapitalu</w>
               <S/>
               <w msd="Kbzzmt" lemma="drug">druge</w>
               <S/>
               <w msd="Sozmi" lemma="banka">banke</w>
               <S/>
               <w msd="Do" lemma="z">z</w>
               <S/>
               <w msd="Rss" lemma="najmanj">najmanj</w>
               <S/>
               <w msd="Kag" lemma="40">40</w>
               <S/>
               <c>%</c>
               <S/>
               <w msd="Someo" lemma="delež">deležem</w>
               <S/>
               <w msd="Vp" lemma="oziroma">oziroma</w>
               <S/>
               <w msd="Vd" lemma="če">če</w>
               <S/>
               <w msd="Rsn" lemma="neposredno">neposredno</w>
               <S/>
               <w msd="Vp" lemma="ali">ali</w>
               <S/>
               <w msd="Rsn" lemma="posredno">posredno</w>
               <S/>
               <w msd="Ggnste" lemma="upravljati">upravlja</w>
               <S/>
               <w msd="Do" lemma="z">z</w>
               <S/>
               <w msd="Kbzzeo" lemma="drug">drugo</w>
               <S/>
               <w msd="Sozeo" lemma="banka">banko</w>
               <c>.</c>
            </s>
         </p>
         <p xml:id="F0000719.000082">
            <s>
               <c>-</c>
               <S/>
               <w msd="Kbzzmi" lemma="drug">druge</w>
               <S/>
               <w msd="Sozmt" lemma="oblika">oblike</w>
               <S/>
               <w msd="Ppnmer" lemma="ustanovitven">ustanovitvenega</w>
               <S/>
               <w msd="Somer" lemma="kapital">kapitala</w>
               <S/>
               <w msd="Vp" lemma="ter">ter</w>
               <S/>
               <w msd="Kbzmmt" lemma="drug">druge</w>
               <S/>
               <w msd="Sommt" lemma="vir">vire</w>
               <c>,</c>
               <S/>
               <w msd="Do" lemma="z">s</w>
               <S/>
               <w msd="Zv-mmo" lemma="kateri">katerimi</w>
               <S/>
               <w msd="Sozei" lemma="banka">banka</w>
               <S/>
               <w msd="Rsn" lemma="neomejeno">neomejeno</w>
               <S/>
               <w msd="Ggnste" lemma="kriti">krije</w>
               <S/>
               <w msd="Ppnmmt" lemma="posloven">poslovne</w>
               <S/>
               <w msd="Sommt" lemma="rizik">rizike</w>
               <S/>
               <w msd="Vp" lemma="in">in</w>
               <S/>
               <w msd="Sozet" lemma="izguba">izgubo</w>
               <S/>
               <w msd="Sozer" lemma="banka">banke</w>
               <c>.</c>
            </s>
         </p>
         <p xml:id="F0000719.000083">
            <s>
               <w msd="Pppzet" lemma="podroben">Podrobnejšo</w>
               <S/>
               <w msd="Sozet" lemma="opredelitev">opredelitev</w>
               <S/>
               <w msd="Ppnzmr" lemma="posamezen">posameznih</w>
               <S/>
               <w msd="Sozmr" lemma="oblika">oblik</w>
               <S/>
               <w msd="Ppnmer" lemma="jamstven">jamstvenega</w>
               <S/>
               <w msd="Somer" lemma="kapital">kapitala</w>
               <S/>
               <w msd="Vp" lemma="ter">ter</w>
               <S/>
               <w msd="Sosmt" lemma="merilo">merila</w>
               <S/>
               <w msd="Dt" lemma="za">za</w>
               <S/>
               <w msd="Soset" lemma="upoštevanje">upoštevanje</w>
               <S/>
               <w msd="Sommr" lemma="delež">deležev</w>
               <S/>
               <w msd="Zk-zmr" lemma="ta">teh</w>
               <S/>
               <w msd="Sozmr" lemma="oblika">oblik</w>
               <S/>
               <w msd="Dm" lemma="pri">pri</w>
               <S/>
               <w msd="Sosem" lemma="ugotavljanje">ugotavljanju</w>
               <S/>
               <w msd="Somer" lemma="obseg">obsega</w>
               <S/>
               <w msd="Ppnmer" lemma="jamstven">jamstvenega</w>
               <S/>
               <w msd="Somer" lemma="kapital">kapitala</w>
               <S/>
               <w msd="Ggdste" lemma="predpisati">predpiše</w>
               <S/>
               <w msd="Sozei" lemma="banka">Banka</w>
               <S/>
               <w msd="Slzer" lemma="Slovenija">Slovenije</w>
               <c>.</c>
            </s>
         </p>
         <p xml:id="F0000719.000084">
            <s>
               <w msd="Sozei" lemma="banka">Banka</w>
               <c>,</c>
               <S/>
               <w msd="Vd" lemma="ki">ki</w>
               <S/>
               <w msd="Gp-ste-n" lemma="biti">je</w>
               <S/>
               <w msd="Somei" lemma="lastnik">lastnik</w>
               <S/>
               <w msd="Soser" lemma="delo">dela</w>
               <S/>
               <w msd="Somer" lemma="kapital">kapitala</w>
               <S/>
               <w msd="Kbzzmt" lemma="drug">druge</w>
               <S/>
               <w msd="Sozer" lemma="banka">banke</w>
               <c>,</c>
               <S/>
               <w msd="Ggnste" lemma="morati">mora</w>
               <S/>
               <w msd="Ggvn" lemma="konsolidirati">konsolidirati</w>
               <S/>
               <w msd="Somei" lemma="kapital">kapital</w>
               <S/>
               <w msd="Dt" lemma="na">na</w>
               <S/>
               <w msd="Sometn" lemma="način">način</w>
               <S/>
               <w msd="Vp" lemma="in">in</w>
               <S/>
               <w msd="Dm" lemma="v">v</w>
               <S/>
               <w msd="Sommm" lemma="rok">rokih</w>
               <c>,</c>
               <S/>
               <w msd="Vd" lemma="ki">ki</w>
               <S/>
               <w msd="Zotmmt--k" lemma="on">jih</w>
               <S/>
               <w msd="Ggdste" lemma="predpisati">predpiše</w>
               <S/>
               <w msd="Sozei" lemma="banka">Banka</w>
               <S/>
               <w msd="Slzer" lemma="Slovenija">Slovenije</w>
               <c>.</c>
            </s>
         </p>
         <p xml:id="F0000719.000092">
            <s>
               <w msd="Sozei" lemma="banka">Banka</w>
               <S/>
               <w msd="Ggnste" lemma="morati">mora</w>
               <S/>
               <w msd="Somei" lemma="obseg">obseg</w>
               <S/>
               <w msd="Zp-ser" lemma="svoj">svojega</w>
               <S/>
               <w msd="Soser" lemma="poslovanje">poslovanja</w>
               <S/>
               <w msd="Ggnn" lemma="usklajevati">usklajevati</w>
               <S/>
               <w msd="Rsn" lemma="tako">tako</w>
               <c>,</c>
               <S/>
               <w msd="Vd" lemma="da">da</w>
               <S/>
               <w msd="Somei" lemma="znesek">znesek</w>
               <S/>
               <w msd="Ppnzer" lemma="celoten">celotne</w>
               <S/>
               <w msd="Sozer" lemma="aktiva">aktive</w>
               <S/>
               <w msd="Vp" lemma="in">in</w>
               <S/>
               <w msd="Ppnzmr" lemma="aktiven">aktivnih</w>
               <S/>
               <w msd="Ppnzmr" lemma="izvenbilančen">izvenbilančnih</w>
               <S/>
               <w msd="Sozmr" lemma="postavka">postavk</w>
               <c>,</c>
               <S/>
               <w msd="Pdnzmr" lemma="razporejen">razporejenih</w>
               <S/>
               <w msd="Vp" lemma="in">in</w>
               <S/>
               <w msd="Pdnzmr" lemma="ponderiran">ponderiranih</w>
               <S/>
               <w msd="Dm" lemma="po">po</w>
               <S/>
               <w msd="Sozmm" lemma="stopnja">stopnjah</w>
               <S/>
               <w msd="Sozer" lemma="rizičnost">rizičnosti</w>
               <c>,</c>
               <S/>
               <w msd="L" lemma="ne">ne</w>
               <S/>
               <w msd="Ggnste" lemma="presegati">presega</w>
               <S/>
               <w msd="Somer" lemma="šestnajstkratnik">šestnajstkratnika</w>
               <S/>
               <w msd="Ppnmer" lemma="jamstven">jamstvenega</w>
               <S/>
               <w msd="Somer" lemma="kapital">kapitala</w>
               <S/>
               <w msd="Sozer" lemma="banka">banke</w>
               <c>.</c>
            </s>
         </p>
         <p xml:id="F0000719.000105">
            <s>
               <w msd="Dt" lemma="za">Za</w>
               <S/>
               <w msd="Soset" lemma="zagotavljanje">zagotavljanje</w>
               <S/>
               <w msd="Sozer" lemma="varnost">varnosti</w>
               <S/>
               <w msd="Soser" lemma="poslovanje">poslovanja</w>
               <S/>
               <w msd="Ggnste" lemma="morati">mora</w>
               <S/>
               <w msd="Sozei" lemma="banka">banka</w>
               <S/>
               <w msd="Ggnn" lemma="oblikovati">oblikovati</w>
               <S/>
               <w msd="Sozmt" lemma="rezervacija">rezervacije</w>
               <S/>
               <w msd="Dt" lemma="za">za</w>
               <S/>
               <w msd="Soset" lemma="zavarovanje">zavarovanje</w>
               <S/>
               <w msd="Do" lemma="pred">pred</w>
               <S/>
               <w msd="Ppnzmo" lemma="potencialen">potencialnimi</w>
               <S/>
               <w msd="Sozmo" lemma="izguba">izgubami</w>
               <c>,</c>
               <S/>
               <w msd="Vd" lemma="ki">ki</w>
               <S/>
               <w msd="Ggnstm" lemma="izvirati">izvirajo</w>
               <S/>
               <w msd="Dr" lemma="iz">iz</w>
               <S/>
               <w msd="Ppnzmr" lemma="rizičen">rizičnih</w>
               <S/>
               <w msd="Sozmr" lemma="naložba">naložb</w>
               <S/>
               <w msd="Vp" lemma="in">in</w>
               <S/>
               <w msd="Ppnzmr" lemma="ustrezen">ustreznih</w>
               <S/>
               <w msd="Ppnzmr" lemma="izvenbilančen">izvenbilančnih</w>
               <S/>
               <w msd="Sozmr" lemma="postavka">postavk</w>
               <S/>
               <w msd="Vp" lemma="ter">ter</w>
               <S/>
               <w msd="Dr" lemma="iz">iz</w>
               <S/>
               <w msd="Pdnzer" lemma="odprt">odprte</w>
               <S/>
               <w msd="Ppnzer" lemma="devizen">devizne</w>
               <S/>
               <w msd="Sozer" lemma="pozicija">pozicije</w>
               <S/>
               <w msd="Sozer" lemma="banka">banke</w>
               <c>.</c>
               <S/>
            </s>
            <s>
               <w msd="Sozet" lemma="višina">Višino</w>
               <S/>
               <w msd="Vp" lemma="in">in</w>
               <S/>
               <w msd="Sometn" lemma="način">način</w>
               <S/>
               <w msd="Soser" lemma="oblikovanje">oblikovanja</w>
               <S/>
               <w msd="Sozmr" lemma="rezervacija">rezervacij</w>
               <S/>
               <w msd="Dr" lemma="iz">iz</w>
               <S/>
               <w msd="Ppnmer" lemma="prejšnji">prejšnjega</w>
               <S/>
               <w msd="Somer" lemma="odstavek">odstavka</w>
               <S/>
               <w msd="Ggdste" lemma="predpisati">predpiše</w>
               <S/>
               <w msd="Sozei" lemma="banka">Banka</w>
               <S/>
               <w msd="Slzer" lemma="Slovenija">Slovenije</w>
               <S/>
               <w msd="Dm" lemma="v">v</w>
               <S/>
               <w msd="Sozem" lemma="odvisnost">odvisnosti</w>
               <S/>
               <w msd="Dr" lemma="od">od</w>
               <S/>
               <w msd="Sozer" lemma="stopnja">stopnje</w>
               <S/>
               <w msd="Sozer" lemma="rizičnost">rizičnosti</w>
               <S/>
               <w msd="Sozmr" lemma="naložba">naložb</w>
               <S/>
               <w msd="Vp" lemma="in">in</w>
               <S/>
               <w msd="Ppnzmr" lemma="izvenbilančen">izvenbilančnih</w>
               <S/>
               <w msd="Sozmr" lemma="postavka">postavk</w>
               <S/>
               <w msd="Vp" lemma="ter">ter</w>
               <S/>
               <w msd="Pdnzmt" lemma="odprt">odprte</w>
               <S/>
               <w msd="Ppnzer" lemma="devizen">devizne</w>
               <S/>
               <w msd="Sozer" lemma="pozicija">pozicije</w>
               <S/>
               <w msd="Sozer" lemma="banka">banke</w>
               <c>.</c>
            </s>
         </p>
         <p xml:id="F0000719.000109">
            <s>
               <w msd="Dm" lemma="v">V</w>
               <S/>
               <w msd="Somem" lemma="sklep">sklepu</w>
               <S/>
               <w msd="Dm" lemma="o">o</w>
               <S/>
               <w msd="Sozem" lemma="odobritev">odobritvi</w>
               <S/>
               <w msd="Somer" lemma="kredit">kredita</w>
               <S/>
               <w msd="Dr" lemma="iz">iz</w>
               <S/>
               <w msd="Kbvmer" lemma="prvi">prvega</w>
               <S/>
               <w msd="Vp" lemma="in">in</w>
               <S/>
               <w msd="Kbzmer" lemma="drug">drugega</w>
               <S/>
               <w msd="Somer" lemma="odstavek">odstavka</w>
               <S/>
               <w msd="Zk-mer" lemma="ta">tega</w>
               <S/>
               <w msd="Somer" lemma="člen">člena</w>
               <S/>
               <w msd="Ggnste" lemma="morati">mora</w>
               <S/>
               <w msd="Gp-n" lemma="biti">biti</w>
               <S/>
               <w msd="Pdnsei" lemma="določen">določeno</w>
               <S/>
               <w msd="Soset" lemma="obrestovanje">obrestovanje</w>
               <S/>
               <w msd="Vp" lemma="in">in</w>
               <S/>
               <w msd="Sometn" lemma="način">način</w>
               <S/>
               <w msd="Soser" lemma="odplačevanje">odplačevanja</w>
               <c>.</c>
            </s>
         </p>
         <p xml:id="F0000719.000122">
            <s>
               <w msd="Sozei" lemma="banka">Banka</w>
               <S/>
               <w msd="Slzer" lemma="Slovenija">Slovenije</w>
               <S/>
               <w msd="Ggdste" lemma="predpisati">predpiše</w>
               <S/>
               <w msd="Somei" lemma="postopek">postopek</w>
               <S/>
               <w msd="Soser" lemma="izračunavanje">izračunavanja</w>
               <S/>
               <w msd="Pdnzmi" lemma="odprt">odprte</w>
               <S/>
               <w msd="Ppnzer" lemma="devizen">devizne</w>
               <S/>
               <w msd="Sozer" lemma="pozicija">pozicije</w>
               <S/>
               <w msd="Vp" lemma="ter">ter</w>
               <S/>
               <w msd="Soser" lemma="razmerje">razmerja</w>
               <S/>
               <w msd="Do" lemma="med">med</w>
               <S/>
               <w msd="Pdnzeo" lemma="odprt">odprto</w>
               <S/>
               <w msd="Ppnzeo" lemma="devizen">devizno</w>
               <S/>
               <w msd="Sozeo" lemma="pozicija">pozicijo</w>
               <S/>
               <w msd="Vp" lemma="in">in</w>
               <S/>
               <w msd="Ppnmeo" lemma="jamstven">jamstvenim</w>
               <S/>
               <w msd="Someo" lemma="kapital">kapitalom</w>
               <c>.</c>
            </s>
         </p>
         <p xml:id="F0000719.000127">
            <s>
               <w msd="Ppnzmi" lemma="praven">Pravne</w>
               <S/>
               <w msd="Sozer" lemma="oseba">osebe</w>
               <c>,</c>
               <S/>
               <w msd="Dr" lemma="razen">razen</w>
               <S/>
               <w msd="Sosmr" lemma="društvo">društev</w>
               <S/>
               <w msd="Vp" lemma="in">in</w>
               <S/>
               <w msd="Ppnzmr" lemma="dobrodelen">dobrodelnih</w>
               <S/>
               <w msd="Sozmr" lemma="organizacija">organizacij</w>
               <c>,</c>
               <S/>
               <w msd="L" lemma="ne">ne</w>
               <S/>
               <w msd="Ggnstm" lemma="smeti">smejo</w>
               <S/>
               <w msd="Ggdn" lemma="odpreti">odpreti</w>
               <S/>
               <w msd="Ppnzmt" lemma="hranilen">hranilne</w>
               <S/>
               <w msd="Sozmt" lemma="knjižica">knjižice</w>
               <c>.</c>
            </s>
         </p>
         <p xml:id="F0000719.000142">
            <s>
               <w msd="Kav" lemma="40.">40.</w>
               <S/>
               <w msd="Somei" lemma="člen">člen</w>
            </s>
         </p>
         <p xml:id="F0000719.000144">
            <s>
               <w msd="Kav" lemma="41.">41.</w>
               <S/>
               <w msd="Somei" lemma="člen">člen</w>
            </s>
         </p>
         <p xml:id="F0000719.000165">
            <s>
               <w msd="Kav" lemma="48.">48.</w>
               <S/>
               <w msd="Somei" lemma="člen">člen</w>
            </s>
         </p>
         <p xml:id="F0000719.000182">
            <s>
               <w msd="Sozei" lemma="banka">Banka</w>
               <S/>
               <w msd="Ggnste" lemma="morati">mora</w>
               <S/>
               <w msd="Ggvn" lemma="organizirati">organizirati</w>
               <S/>
               <w msd="Sozet" lemma="služba">službo</w>
               <S/>
               <w msd="Dt" lemma="za">za</w>
               <S/>
               <w msd="Ppnzet" lemma="notranji">notranjo</w>
               <S/>
               <w msd="Sozet" lemma="kontrola">kontrolo</w>
               <S/>
               <w msd="Vp" lemma="in">in</w>
               <S/>
               <w msd="Sozet" lemma="revizija">revizijo</w>
               <c>.</c>
               <S/>
            </s>
            <s>
               <w msd="Sozei" lemma="služba">Služba</w>
               <S/>
               <w msd="Dt" lemma="za">za</w>
               <S/>
               <w msd="Ppnzet" lemma="notranji">notranjo</w>
               <S/>
               <w msd="Sozet" lemma="kontrola">kontrolo</w>
               <S/>
               <w msd="Vp" lemma="in">in</w>
               <S/>
               <w msd="Sozet" lemma="revizija">revizijo</w>
               <S/>
               <w msd="Sozer" lemma="banka">banke</w>
               <S/>
               <w msd="Gp-ste-n" lemma="biti">je</w>
               <S/>
               <w msd="Rsn" lemma="neposredno">neposredno</w>
               <S/>
               <w msd="Ppnzei" lemma="odgovoren">odgovorna</w>
               <S/>
               <w msd="Sosed" lemma="vodstvo">vodstvu</w>
               <S/>
               <w msd="Sozer" lemma="banka">banke</w>
               <c>.</c>
            </s>
         </p>
         <p xml:id="F0000719.000183">
            <s>
               <w msd="Sozei" lemma="služba">Služba</w>
               <S/>
               <w msd="Dt" lemma="za">za</w>
               <S/>
               <w msd="Ppnzet" lemma="notranji">notranjo</w>
               <S/>
               <w msd="Sozet" lemma="kontrola">kontrolo</w>
               <S/>
               <w msd="Vp" lemma="in">in</w>
               <S/>
               <w msd="Sozet" lemma="revizija">revizijo</w>
               <S/>
               <w msd="Ggnste" lemma="izvajati">izvaja</w>
               <S/>
               <w msd="Ppnmein" lemma="stalen">stalen</w>
               <S/>
               <w msd="Vp" lemma="in">in</w>
               <S/>
               <w msd="Ppnmetn" lemma="celovit">celovit</w>
               <S/>
               <w msd="Sometn" lemma="nadzor">nadzor</w>
               <S/>
               <w msd="Do" lemma="nad">nad</w>
               <S/>
               <w msd="Sozeo" lemma="zakonitost">zakonitostjo</w>
               <c>,</c>
               <S/>
               <w msd="Sozeo" lemma="pravilnost">pravilnostjo</w>
               <S/>
               <w msd="Vp" lemma="in">in</w>
               <S/>
               <w msd="Sozeo" lemma="ažurnost">ažurnostjo</w>
               <S/>
               <w msd="Ppnser" lemma="bančen">bančnega</w>
               <S/>
               <w msd="Soser" lemma="poslovanje">poslovanja</w>
               <c>.</c>
            </s>
         </p>
         <p xml:id="F0000719.000187">
            <s>
               <w msd="Kav" lemma="56.">56.</w>
               <S/>
               <w msd="Somei" lemma="člen">člen</w>
            </s>
         </p>
         <p xml:id="F0000719.000190">
            <s>
               <w msd="Vd" lemma="če">Če</w>
               <S/>
               <w msd="Zp------k" lemma="se">se</w>
               <S/>
               <w msd="Dm" lemma="pri">pri</w>
               <S/>
               <w msd="Sosem" lemma="opravljanje">opravljanju</w>
               <S/>
               <w msd="Somer" lemma="nadzor">nadzora</w>
               <S/>
               <w msd="Dr" lemma="iz">iz</w>
               <S/>
               <w msd="Ppnmer" lemma="prejšnji">prejšnjega</w>
               <S/>
               <w msd="Somer" lemma="člen">člena</w>
               <S/>
               <w msd="Ggdste" lemma="ugotoviti">ugotovi</w>
               <c>,</c>
               <S/>
               <w msd="Vd" lemma="da">da</w>
               <S/>
               <w msd="Sozei" lemma="banka">banka</w>
               <S/>
               <w msd="Ggvste" lemma="kršiti">krši</w>
               <S/>
               <w msd="Sommt" lemma="predpis">predpise</w>
               <c>,</c>
               <S/>
               <w msd="Rsn" lemma="lahko">lahko</w>
               <S/>
               <w msd="Ppnmeid" lemma="republiški">Republiški</w>
               <S/>
               <w msd="Somei" lemma="sekretariat">sekretariat</w>
               <S/>
               <w msd="Dt" lemma="za">za</w>
               <S/>
               <w msd="Sozmt" lemma="finance">finance</w>
               <S/>
               <w msd="Vp" lemma="oziroma">oziroma</w>
               <S/>
               <w msd="Sozei" lemma="agencija">Agencija</w>
               <S/>
               <w msd="Sozer" lemma="republika">Republike</w>
               <S/>
               <w msd="Slzer" lemma="Slovenija">Slovenije</w>
               <S/>
               <w msd="Dt" lemma="za">za</w>
               <S/>
               <w msd="Soset" lemma="zavarovanje">zavarovanje</w>
               <S/>
               <w msd="Sozmr" lemma="vloga">vlog</w>
               <S/>
               <w msd="Dm" lemma="v">v</w>
               <S/>
               <w msd="Sozmm" lemma="banka">bankah</w>
               <S/>
               <w msd="Vp" lemma="in">in</w>
               <S/>
               <w msd="Sozmm" lemma="hranilnica">hranilnicah</w>
               <S/>
               <w msd="Dm" lemma="v">v</w>
               <S/>
               <w msd="Sosem" lemma="soglasje">soglasju</w>
               <S/>
               <w msd="Do" lemma="z">z</w>
               <S/>
               <w msd="Slzeo" lemma="Ban">Ban</w>
               <S/>
               <w msd="Vd" lemma="ko">ko</w>
               <S/>
               <w msd="Ggdste" lemma="slovenijesprejeti">Slovenijesprejme</w>
               <S/>
               <w msd="Ppnmmt" lemma="naslednji">naslednje</w>
               <S/>
               <w msd="Sommt" lemma="ukrep">ukrepe</w>
               <c>:</c>
               <S/>
               <w msd="Kav" lemma="1.">1.</w>
               <S/>
               <w msd="Rsn" lemma="popolnoma">popolnoma</w>
               <S/>
               <w msd="Vp" lemma="ali">ali</w>
               <S/>
               <w msd="Rsn" lemma="delno">delno</w>
               <S/>
               <w msd="Ggdste" lemma="prepovedati">prepove</w>
               <S/>
               <w msd="Sommd" lemma="delavec">delavcem</w>
               <S/>
               <w msd="Do" lemma="z">s</w>
               <S/>
               <w msd="Ppnsmo" lemma="poseben">posebnimi</w>
               <S/>
               <w msd="Sosmo" lemma="pooblastilo">pooblastili</w>
               <S/>
               <w msd="Soset" lemma="opravljanje">opravljanje</w>
               <S/>
               <w msd="Sommr" lemma="posel">poslov</w>
               <c>;</c>
               <S/>
               <w msd="Kav" lemma="2.">2.</w>
               <S/>
               <w msd="Ggvste" lemma="imenovati">imenuje</w>
               <S/>
               <w msd="Ppnzet" lemma="nadzoren">nadzorno</w>
               <S/>
               <w msd="Sozet" lemma="oseba">osebo</w>
               <c>,</c>
               <S/>
               <w msd="Vd" lemma="ki">ki</w>
               <S/>
               <w msd="Rsn" lemma="lahko">lahko</w>
               <S/>
               <w msd="Ggdste" lemma="odrediti">odredi</w>
               <S/>
               <w msd="Sommt" lemma="ukrep">ukrepe</w>
               <S/>
               <w msd="Dr" lemma="iz">iz</w>
               <S/>
               <w msd="Kav" lemma="56.">56.</w>
               <S/>
               <w msd="Somer" lemma="člen">člena</w>
               <S/>
               <w msd="Zk-mer" lemma="ta">tega</w>
               <S/>
               <w msd="Somer" lemma="zakon">zakona</w>
               <c>;</c>
               <S/>
               <w msd="Kav" lemma="3.">3.</w>
               <S/>
               <w msd="Ggdste" lemma="zadržati">zadrži</w>
               <S/>
               <w msd="Sozet" lemma="delitev">delitev</w>
               <S/>
               <w msd="Vp" lemma="ali">ali</w>
               <S/>
               <w msd="Soset" lemma="izplačilo">izplačilo</w>
               <S/>
               <w msd="Somer" lemma="dobiček">dobička</w>
               <S/>
               <w msd="Vp" lemma="ter">ter</w>
               <S/>
               <w msd="Sosei" lemma="zmanjšanje">zmanjšanje</w>
               <S/>
               <w msd="Ppnmer" lemma="ustanovitven">ustanovitvenega</w>
               <S/>
               <w msd="Somer" lemma="kapital">kapitala</w>
               <S/>
               <w msd="Sozer" lemma="banka">banke</w>
               <c>.</c>
            </s>
         </p>
         <p xml:id="F0000719.000195">
            <s>
               <w msd="Kav" lemma="12.">12.</w>
               <S/>
            </s>
            <s>
               <w msd="Ppnzei" lemma="posloven">Poslovna</w>
               <S/>
               <w msd="Sozei" lemma="skrivnost">skrivnost</w>
            </s>
         </p>
         <p xml:id="F0000719.000196">
            <s>
               <w msd="Kav" lemma="60.">60.</w>
               <S/>
               <w msd="Somei" lemma="člen">člen</w>
            </s>
         </p>
         <p xml:id="F0000719.000197">
            <s>
               <w msd="Sommi" lemma="delavec">Delavci</w>
               <S/>
               <w msd="Do" lemma="z">s</w>
               <S/>
               <w msd="Ppnsmo" lemma="poseben">posebnimi</w>
               <S/>
               <w msd="Sosmo" lemma="pooblastilo">pooblastili</w>
               <S/>
               <w msd="Vp" lemma="in">in</w>
               <S/>
               <w msd="Kbzmmi" lemma="drug">drugi</w>
               <S/>
               <w msd="Pdnmmi" lemma="zaposlen">zaposleni</w>
               <S/>
               <w msd="Dm" lemma="v">v</w>
               <S/>
               <w msd="Sozem" lemma="banka">banki</w>
               <S/>
               <w msd="Vp" lemma="ter">ter</w>
               <S/>
               <w msd="Kbzzmt" lemma="drug">druge</w>
               <S/>
               <w msd="Sozmt" lemma="oseba">osebe</w>
               <c>,</c>
               <S/>
               <w msd="Vd" lemma="ki">ki</w>
               <S/>
               <w msd="Zotmmd--k" lemma="on">jim</w>
               <S/>
               <w msd="Gp-ste-n" lemma="biti">je</w>
               <S/>
               <w msd="Pdnmein" lemma="omogočen">omogočen</w>
               <S/>
               <w msd="Sometn" lemma="dostop">dostop</w>
               <S/>
               <w msd="Vp" lemma="in">in</w>
               <S/>
               <w msd="Sometn" lemma="vpogled">vpogled</w>
               <S/>
               <w msd="Dt" lemma="v">v</w>
               <S/>
               <w msd="Ppnset" lemma="bančen">bančno</w>
               <S/>
               <w msd="Soset" lemma="poslovanje">poslovanje</w>
               <c>,</c>
               <S/>
               <w msd="L" lemma="ne">ne</w>
               <S/>
               <w msd="Ggnstm" lemma="smeti">smejo</w>
               <S/>
               <w msd="Ggdn" lemma="razkriti">razkriti</w>
               <S/>
               <w msd="Sommr" lemma="podatek">podatkov</w>
               <S/>
               <w msd="Vp" lemma="in">in</w>
               <S/>
               <w msd="Sozmr" lemma="informacija">informacij</w>
               <c>,</c>
               <S/>
               <w msd="Vd" lemma="ki">ki</w>
               <S/>
               <w msd="Gp-stm-n" lemma="biti">so</w>
               <S/>
               <w msd="Do" lemma="z">z</w>
               <S/>
               <w msd="Someo" lemma="zakon">zakonom</w>
               <S/>
               <w msd="Vp" lemma="in">in</w>
               <S/>
               <w msd="Someo" lemma="statut">statutom</w>
               <S/>
               <w msd="Sozer" lemma="banka">banke</w>
               <S/>
               <w msd="Pdnmeid" lemma="določen">določeni</w>
               <S/>
               <w msd="Vd" lemma="kot">kot</w>
               <S/>
               <w msd="Ppnzei" lemma="posloven">poslovna</w>
               <S/>
               <w msd="Sozei" lemma="skrivnost">skrivnost</w>
               <S/>
               <w msd="Sozer" lemma="banka">banke</w>
               <c>.</c>
            </s>
         </p>
         <p xml:id="F0000719.000202">
            <s>
               <w msd="Krv" lemma="III.">III.</w>
               <S/>
            </s>
            <s>
               <w msd="Sozer" lemma="hranilnica">HRANILNICE</w>
            </s>
         </p>
         <p xml:id="F0000719.000205">
            <s>
               <w msd="Pdnsmt" lemma="zbran">Zbrana</w>
               <S/>
               <w msd="Sosmt" lemma="sredstvo">sredstva</w>
               <S/>
               <w msd="Ggnste" lemma="uporabljati">uporablja</w>
               <S/>
               <w msd="Sozei" lemma="hranilnica">hranilnica</w>
               <S/>
               <w msd="Dt" lemma="za">za</w>
               <S/>
               <w msd="Soset" lemma="kreditiranje">kreditiranje</w>
               <S/>
               <w msd="Zp-mmr" lemma="svoj">svojih</w>
               <S/>
               <w msd="Sommr" lemma="komitent">komitentov</w>
               <S/>
               <w msd="Vp" lemma="in">in</w>
               <S/>
               <w msd="Soset" lemma="spodbujanje">spodbujanje</w>
               <S/>
               <w msd="Sozer" lemma="dejavnost">dejavnosti</w>
               <S/>
               <w msd="Soser" lemma="kmetijstvo">kmetijstva</w>
               <c>,</c>
               <S/>
               <w msd="Sozer" lemma="obrt">obrti</w>
               <S/>
               <w msd="Vp" lemma="in">in</w>
               <S/>
               <w msd="Kbzzmi" lemma="drug">druge</w>
               <S/>
               <w msd="Ppnzmt" lemma="zaseben">zasebne</w>
               <S/>
               <w msd="Sozmt" lemma="dejavnost">dejavnosti</w>
               <S/>
               <w msd="Vp" lemma="ter">ter</w>
               <S/>
               <w msd="Ppnzmr" lemma="majhen">majhnih</w>
               <S/>
               <w msd="Ppnzmr" lemma="praven">pravnih</w>
               <S/>
               <w msd="Sozmr" lemma="oseba">oseb</w>
               <S/>
               <w msd="Dm" lemma="v">v</w>
               <S/>
               <w msd="Somem" lemma="sklad">skladu</w>
               <S/>
               <w msd="Do" lemma="z">s</w>
               <S/>
               <w msd="Sommo" lemma="predpis">predpisi</w>
               <S/>
               <w msd="Dm" lemma="o">o</w>
               <S/>
               <w msd="Sosem" lemma="računovodstvo">računovodstvu</w>
               <c>.</c>
            </s>
         </p>
         <p xml:id="F0000719.000222">
            <s>
               <w msd="Sozei" lemma="banka">Banka</w>
               <S/>
               <w msd="L" lemma="ne">ne</w>
               <S/>
               <w msd="Ggnste" lemma="smeti">sme</w>
               <S/>
               <w msd="Ggdn" lemma="ustanoviti">ustanoviti</w>
               <S/>
               <w msd="Sozer" lemma="hranilnica">hranilnice</w>
               <c>.</c>
            </s>
         </p>
         <p xml:id="F0000719.000232">
            <s>
               <c>-</c>
               <S/>
               <w msd="Dm" lemma="v">v</w>
               <S/>
               <w msd="Ppnmem" lemma="stečajen">stečajnem</w>
               <S/>
               <w msd="Somem" lemma="postopek">postopku</w>
               <c>,</c>
            </s>
         </p>
         <p xml:id="F0000719.000236">
            <s>
               <w msd="Kav" lemma="74.">74.</w>
               <S/>
               <w msd="Somei" lemma="člen">člen</w>
            </s>
         </p>
         <p xml:id="F0000719.000252">
            <s>
               <w msd="Sozei" lemma="hranilnica">Hranilnica</w>
               <c>,</c>
               <S/>
               <w msd="Vd" lemma="ki">ki</w>
               <S/>
               <w msd="L" lemma="ne">ne</w>
               <S/>
               <w msd="Ggdste" lemma="zavarovati">zavaruje</w>
               <S/>
               <w msd="Ppnzmr" lemma="hranilen">hranilnih</w>
               <S/>
               <w msd="Sozmr" lemma="vloga">vlog</w>
               <S/>
               <w msd="Dm" lemma="po">po</w>
               <S/>
               <w msd="Ppnmem" lemma="prejšnji">prejšnjem</w>
               <S/>
               <w msd="Somem" lemma="odstavek">odstavku</w>
               <c>,</c>
               <S/>
               <w msd="L" lemma="ne">ne</w>
               <S/>
               <w msd="Ggnste" lemma="smeti">sme</w>
               <S/>
               <w msd="L" lemma="več">več</w>
               <S/>
               <w msd="Ggnn" lemma="opravljati">opravljati</w>
               <S/>
               <w msd="Sommr" lemma="posel">poslov</w>
               <S/>
               <w msd="Do" lemma="z">s</w>
               <S/>
               <w msd="Ppnzmo" lemma="hranilen">hranilnimi</w>
               <S/>
               <w msd="Sozmo" lemma="vloga">vlogami</w>
               <c>.</c>
            </s>
         </p>
         <p xml:id="F0000719.000281">
            <s>
               <w msd="Kav" lemma="88.">88.</w>
               <S/>
               <w msd="Somei" lemma="člen">člen</w>
            </s>
         </p>
      </body>
   </text>
</TEI>