<?xml version="1.0" encoding="UTF-8"?>
<TEI xmlns="http://www.tei-c.org/ns/1.0" xml:id="F0000780" xml:lang="sl">
   <teiHeader>
      <fileDesc>
         <titleStmt>
            <title>ccKRES: Revija o konjih (2005-04)</title>
            <funder>Operacijo delno financira Evropska unija iz Evropskega socialnega sklada ter Ministrstvo za šolstvo in šport. Operacija se izvaja v okviru Operativnega programa razvoja človeških virov za obdobje 2007-2013, razvojne prioritete: razvoj človeških virov in vseživljenjskega učenja; prednostne usmeritve: izboljšanje kakovosti in učinkovitosti sistemov izobraževanja in usposabljanja 2007-2013.</funder>
         </titleStmt>
         <editionStmt>
            <edition>1.0</edition>
         </editionStmt>
         <extent>696 besed</extent>
         <publicationStmt>
            <idno>rok4_05</idno>
            <availability status="free">
               <p xml:lang="sl">Avtorske pravice za to izdajo ureja licenca <ref target="http://creativecommons.org/licenses/by-nc/2.5/si/">Creative Commons Priznanje avtorstva-Nekomercialno 2.5 Slovenija</ref>.</p>
               <p xml:lang="en">This work is licenced under the <ref target="http://creativecommons.org/licenses/by-nc/2.5/si/deed.en">Creative Commons Attribution-Noncommercial 2.5 Slovenia</ref>.</p>
            </availability>
            <date>2012-05-06</date>
         </publicationStmt>
         <sourceDesc>
            <bibl>
               <title>Revija o konjih</title>
               <author n="???">neznani novinar</author>
               <date>2005-04</date>
               <publisher n="drugo">ČZD Kmečki glas</publisher>
               <note type="sourceLang">sl</note>
            </bibl>
         </sourceDesc>
      </fileDesc>
      <encodingDesc>
         <projectDesc>
            <p xml:lang="sl">Glej <ref target="http://www.korpus-kres.net/">www.korpus-kres.net</ref> oz. <ref target="http://nl.ijs.si/ssj/">nl.ijs.si/ssj</ref>.</p>
            <p xml:lang="en">See <ref target="http://www.korpus-kres.net/">www.korpus-kres.net</ref> or <ref target="http://nl.ijs.si/ssj/">nl.ijs.si/ssj</ref>.</p>
         </projectDesc>
         <samplingDecl>
            <p xml:lang="sl">
            Besedila in odstavki v korpusu KRES so bili vzorčeni iz
            Gigafide tako, da smo dobili 100-milijonski referenčni
            korpus, v katerem so besedila uravnotežena po vnaprej
            določenih taksonomskih deležih in po podatkih o branosti
            vira (časopisi, revije, novičarski portali).  Korpus
            ccKRES nato, z namenom, da je lahko dostopen po licenci CC,
            vsebuje 10 % naključno vzorčenih odstavkov besedil iz
            korpusa KRES, torej 10 milijonov besed.
	    Več o sestavi korpusa lahko preberete na 
            <ref target="http://www.korpus-kres.net/">www.korpus-kres.net</ref> oz.
            <ref target="http://nl.ijs.si/ssj/">nl.ijs.si/ssj</ref>.
	  </p>
            <p xml:lang="en">
            Texts and paragraphs in the KRES corpus have been sampled from the 
	    Gigafida corpus. The result of the sampling is a 100-million-word 
	    reference corpus. The texts in KRES are balanced according to the 
	    predetermined categories, with particular consideration being paid to 
	    the data on the popularity of the source (newspapers, magazines, 
	    Internet news sites). 
	    To enable free (CC) distribution of the corpus, the ccKRES corpus contains 
	    10% of randomly sampled paragraphs from KRES, i.e. contains 10 million words.
	    For more information about the contents of the corpus, 
	    see <ref target="http://www.korpus-kres.net/">www.korpus-kres.net</ref>
	    and <ref target="http://nl.ijs.si/ssj/">nl.ijs.si/ssj</ref>.
	  </p>
         </samplingDecl>
         <tagsDecl>
            <namespace name="http://www.tei-c.org/ns/1.0">
               <tagUsage gi="p" occurs="26"/>
               <tagUsage gi="s" occurs="50"/>
               <tagUsage gi="S" occurs="677"/>
               <tagUsage gi="w" occurs="696"/>
               <tagUsage gi="c" occurs="148"/>
            </namespace>
         </tagsDecl>
         <classDecl>
            <taxonomy xml:id="SSJ">
               <category xml:id="SSJ.T">
                  <catDesc>tisk</catDesc>
                  <category xml:id="SSJ.T.K">
                     <catDesc>knjižno</catDesc>
                     <category xml:id="SSJ.T.K.L">
                        <catDesc>leposlovno</catDesc>
                     </category>
                     <category xml:id="SSJ.T.K.S">
                        <catDesc>strokovno</catDesc>
                     </category>
                  </category>
                  <category xml:id="SSJ.T.P">
                     <catDesc>periodično</catDesc>
                     <category xml:id="SSJ.T.P.C">
                        <catDesc>časopis</catDesc>
                     </category>
                     <category xml:id="SSJ.T.P.R">
                        <catDesc>revija</catDesc>
                     </category>
                  </category>
                  <category xml:id="SSJ.T.D">
                     <catDesc>drugo</catDesc>
                  </category>
               </category>
               <category xml:id="SSJ.I">
                  <catDesc>internet</catDesc>
               </category>
            </taxonomy>
         </classDecl>
      </encodingDesc>
      <profileDesc>
         <textClass>
            <catRef target="#SSJ.T.P.R"/>
         </textClass>
      </profileDesc>
   </teiHeader>
   <text xml:id="F0000780." xml:lang="sl">
      <body>
         <p xml:id="F0000780.000063">
            <s>
               <w msd="Kag" lemma="10.18">10.18</w>
               <c>.</c>
            </s>
         </p>
         <p xml:id="F0000780.000073">
            <s>
               <w msd="Somei" lemma="CD">CD</w>
               <S/>
               <w msd="Somei" lemma="KK">KK</w>
               <S/>
               <w msd="Slzei" lemma="Lipica">Lipica</w>
               <S/>
               <w msd="Vp" lemma="in">in</w>
               <S/>
               <w msd="Sozei" lemma="kobilarna">Kobilarna</w>
               <S/>
               <w msd="Sozei" lemma="lipica">Lipica</w>
               <c>:</c>
               <S/>
               <w msd="Ggnste" lemma="feiti">FEI</w>
               <S/>
               <w msd="Ppnmmt" lemma="wd">WD</w>
               <S/>
               <w msd="Slmei" lemma="Challenge">Challenge</w>
               <c>,</c>
               <S/>
               <w msd="Sozei" lemma="dresura">dresura</w>
            </s>
         </p>
         <p xml:id="F0000780.000078">
            <s>
               <w msd="Slmei" lemma="CDN">CDN</w>
               <S/>
               <c>-</c>
               <S/>
               <w msd="Somei" lemma="A">A</w>
               <S/>
               <w msd="Somei" lemma="KK">KK</w>
               <S/>
               <w msd="Slzei" lemma="Lipica">Lipica</w>
               <S/>
               <w msd="Vp" lemma="in">in</w>
               <S/>
               <w msd="Sozei" lemma="kobilarna">Kobilarna</w>
               <S/>
               <w msd="Sozei" lemma="lipica">Lipica</w>
               <c>:</c>
               <S/>
               <w msd="Somei" lemma="DP">DP</w>
               <S/>
               <w msd="Dm" lemma="v">v</w>
               <S/>
               <w msd="Sozem" lemma="dresura">dresuri</w>
               <c>,</c>
               <S/>
               <w msd="Sommi" lemma="član">člani</w>
            </s>
         </p>
         <p xml:id="F0000780.000094">
            <s>
               <w msd="Rsn" lemma="vodoravno">Vodoravno</w>
               <c>:</c>
               <S/>
               <w msd="Psnmetn" lemma="androgin">ANDROGIN</w>
               <c>,</c>
               <S/>
               <w msd="Sozei" lemma="korenina">KORENINA</w>
               <c>,</c>
               <S/>
               <w msd="Somei" lemma="tros">TROS</w>
               <c>,</c>
               <S/>
               <w msd="Somei" lemma="bat">BAT</w>
               <c>,</c>
               <S/>
               <w msd="Sosei" lemma="ime">IME</w>
               <c>,</c>
               <S/>
               <w msd="Ggvste" lemma="licencirati">LICENCIRA</w>
               <c>,</c>
               <S/>
               <w msd="Slmei" lemma="ESAD">ESAD</w>
               <c>,</c>
               <S/>
               <w msd="Slmei" lemma="ALAN">ALAN</w>
               <c>,</c>
               <S/>
               <w msd="Slmei" lemma="MALTEŽAN">MALTEŽAN</w>
               <c>,</c>
               <S/>
               <w msd="Somei" lemma="afelij">AFELIJ</w>
               <c>,</c>
               <S/>
               <w msd="Sozei" lemma="svečarna">SVEČARNA</w>
               <c>,</c>
               <S/>
               <w msd="Slmei" lemma="RON">RON</w>
               <c>,</c>
               <S/>
               <w msd="Slmei" lemma="FE">FE</w>
               <c>,</c>
               <S/>
               <w msd="Somei" lemma="tip">TIP</w>
               <c>,</c>
               <S/>
               <w msd="Rsn" lemma="ke">KE</w>
               <c>,</c>
               <S/>
               <w msd="Somei" lemma="icek">ICEK</w>
               <c>,</c>
               <S/>
               <w msd="Sometd" lemma="ber">BRA</w>
               <c>,</c>
               <S/>
               <w msd="Sosei" lemma="selo">SELO</w>
               <c>,</c>
               <S/>
               <w msd="Slmei" lemma="CAM">CAM</w>
               <c>,</c>
               <S/>
               <w msd="Slmei" lemma="LN">LN</w>
               <c>,</c>
               <S/>
               <w msd="Slmei" lemma="PSETO">PSETO</w>
               <c>,</c>
               <S/>
               <w msd="Somei" lemma="antikvar">ANTIKVAR</w>
               <c>,</c>
               <S/>
               <w msd="Sozei" lemma="varta">VARTA</w>
               <c>,</c>
               <S/>
               <w msd="N" lemma="re">RE</w>
               <c>.</c>
            </s>
         </p>
         <p xml:id="F0000780.000137">
            <s>
               <w msd="O" lemma="L.">L.</w>
            </s>
         </p>
         <p xml:id="F0000780.000139">
            <s>
               <w msd="Sozei" lemma="izbira">Izbira</w>
               <S/>
               <w msd="Sozer" lemma="brzda">brzde</w>
            </s>
         </p>
         <p xml:id="F0000780.000174">
            <s>
               <w msd="Sommi" lemma="rančer">Rančerji</w>
               <S/>
               <w msd="Ggnstm" lemma="zganjati">zganjajo</w>
               <S/>
               <w msd="Dt" lemma="na">na</w>
               <S/>
               <w msd="Sometn" lemma="kup">kup</w>
               <S/>
               <w msd="Sozet" lemma="živina">živino</w>
               <S/>
               <w msd="Dt" lemma="za">za</w>
               <S/>
               <w msd="Soset" lemma="žigosanje">žigosanje</w>
               <c>,</c>
               <S/>
               <w msd="Sosei" lemma="cepljenje">cepljenje</w>
               <c>,</c>
               <S/>
               <w msd="Sosei" lemma="kastriranje">kastriranje</w>
               <S/>
               <w msd="Vp" lemma="ali">ali</w>
               <S/>
               <w msd="Vp" lemma="pa">pa</w>
               <S/>
               <w msd="Soset" lemma="sortiranje">sortiranje</w>
               <S/>
               <w msd="Do" lemma="pred">pred</w>
               <S/>
               <w msd="Sozeo" lemma="prodaja">prodajo</w>
               <c>.</c>
               <S/>
            </s>
            <s>
               <w msd="Vd" lemma="ko">Ko</w>
               <S/>
               <w msd="Gp-ste-n" lemma="biti">je</w>
               <S/>
               <w msd="Sozei" lemma="čreda">čreda</w>
               <S/>
               <w msd="Rsn" lemma="enkrat">enkrat</w>
               <S/>
               <w msd="Pdnzei" lemma="zbran">zbrana</w>
               <S/>
               <c>(</c>
               <w msd="Rsn" lemma="kar">kar</w>
               <S/>
               <w msd="Dm" lemma="v">v</w>
               <S/>
               <w msd="Ppnmem" lemma="neraven">neravnem</w>
               <S/>
               <w msd="Vp" lemma="in">in</w>
               <S/>
               <w msd="Ppnmem" lemma="goščavnat">goščavnatem</w>
               <S/>
               <w msd="Somem" lemma="teren">terenu</w>
               <S/>
               <w msd="Ppnmer" lemma="ameriški">ameriškega</w>
               <S/>
               <w msd="Somer" lemma="zahod">zahoda</w>
               <S/>
               <w msd="L" lemma="sploh">sploh</w>
               <S/>
               <w msd="Gp-ste-d" lemma="biti">ni</w>
               <S/>
               <w msd="Rsn" lemma="enostavno">enostavno</w>
               <c>)</c>
               <c>,</c>
               <S/>
               <w msd="Kbzmmi" lemma="en">eni</w>
               <S/>
               <w msd="Sommi" lemma="kavboj">kavboji</w>
               <S/>
               <w msd="Dm" lemma="na">na</w>
               <S/>
               <w msd="Sommm" lemma="konj">konjih</w>
               <S/>
               <w msd="Ggnstm" lemma="obkroževati">obkrožujejo</w>
               <S/>
               <w msd="Sozet" lemma="čreda">čredo</w>
               <c>,</c>
               <S/>
               <w msd="Rsn" lemma="medtem">medtem</w>
               <S/>
               <w msd="Vd" lemma="ko">ko</w>
               <S/>
               <w msd="Kbzmmi" lemma="drug">drugi</w>
               <S/>
               <w msd="Ggnstm" lemma="izbirati">izbirajo</w>
               <S/>
               <w msd="Ppnsmt" lemma="posamezen">posamezna</w>
               <S/>
               <w msd="Sosmt" lemma="tele">teleta</w>
               <S/>
               <w msd="Vp" lemma="in">in</w>
               <S/>
               <w msd="Zotmmt--k" lemma="on">jih</w>
               <S/>
               <w msd="Ggnstm" lemma="odvajati">odvajajo</w>
               <S/>
               <w msd="Dt" lemma="v">v</w>
               <S/>
               <w msd="Ppnzmt" lemma="poseben">posebne</w>
               <S/>
               <w msd="Sozmt" lemma="ograda">ograde</w>
               <S/>
               <c>(</c>
               <w msd="Slmei" lemma="cuts">cuts</w>
               <c>)</c>
               <c>.</c>
               <S/>
            </s>
            <s>
               <w msd="Somei" lemma="preddelavec">Preddelavec</w>
               <S/>
               <w msd="Vp" lemma="ali">ali</w>
               <S/>
               <w msd="Somei" lemma="šef">šef</w>
               <S/>
               <w msd="Ggnste" lemma="jezditi">jezdi</w>
               <S/>
               <w msd="Somer" lemma="konj">konja</w>
               <S/>
               <w msd="Dt" lemma="za">za</w>
               <S/>
               <w msd="Sometn" lemma="cutting">cutting</w>
               <S/>
               <w msd="Somer" lemma="konj">konja</w>
               <c>,</c>
               <S/>
               <w msd="Dm" lemma="na">na</w>
               <S/>
               <w msd="Zv-sem" lemma="kateri">katerem</w>
               <S/>
               <w msd="Gp-g" lemma="biti">bi</w>
               <S/>
               <w msd="Ggnd-mm" lemma="želeti">želeli</w>
               <S/>
               <w msd="Ggnn" lemma="jezditi">jezditi</w>
               <S/>
               <w msd="L" lemma="tudi">tudi</w>
               <S/>
               <w msd="Zc-mmi" lemma="ves">vsi</w>
               <S/>
               <w msd="Kbzmmi" lemma="drug">drugi</w>
               <c>.</c>
               <S/>
            </s>
            <s>
               <w msd="Rsn" lemma="premišljeno">Premišljeno</w>
               <S/>
               <w msd="Vp" lemma="in">in</w>
               <S/>
               <w msd="Rsn" lemma="tiho">tiho</w>
               <S/>
               <w msd="Zp------k" lemma="se">se</w>
               <S/>
               <w msd="Ggdste" lemma="pomešati">pomeša</w>
               <S/>
               <w msd="Do" lemma="med">med</w>
               <S/>
               <w msd="Sozeo" lemma="čreda">čredo</w>
               <c>,</c>
               <S/>
               <w msd="Vd" lemma="da">da</w>
               <S/>
               <w msd="L" lemma="ne">ne</w>
               <S/>
               <w msd="Ggdste" lemma="vznemiriti">vznemiri</w>
               <S/>
               <w msd="Soser" lemma="govedo">goveda</w>
               <c>.</c>
               <S/>
            </s>
            <s>
               <w msd="Vp" lemma="saj">Saj</w>
               <S/>
               <w msd="Ggnsdm" lemma="vedeti">veste</w>
               <c>,</c>
               <S/>
               <w msd="Vd" lemma="če">če</w>
               <S/>
               <w msd="Ggdste" lemma="poskočiti">poskoči</w>
               <S/>
               <w msd="Kbzmei" lemma="en">en</w>
               <S/>
               <w msd="Somei" lemma="teliček">teliček</w>
               <c>,</c>
               <S/>
               <w msd="Zotmed--k" lemma="on">mu</w>
               <S/>
               <w msd="Gp-ptm-n" lemma="biti">bodo</w>
               <S/>
               <w msd="Ggnd-mm" lemma="slediti">sledili</w>
               <S/>
               <w msd="Zc-mmi" lemma="ves">vsi</w>
               <c>.</c>
               <S/>
            </s>
            <s>
               <w msd="Pdnzet" lemma="izbran">Izbrano</w>
               <S/>
               <w msd="Sozet" lemma="žival">žival</w>
               <S/>
               <w msd="Rsn" lemma="počasi">počasi</w>
               <S/>
               <w msd="Ggdstm" lemma="izvesti">izvedejo</w>
               <S/>
               <w msd="Dr" lemma="iz">iz</w>
               <S/>
               <w msd="Sozer" lemma="množica">množice</w>
               <c>.</c>
               <S/>
            </s>
            <s>
               <w msd="Vd" lemma="če">Če</w>
               <S/>
               <w msd="Zp------k" lemma="se">se</w>
               <S/>
               <w msd="Ggnste" lemma="poskušati">poskuša</w>
               <S/>
               <w msd="Ggdn" lemma="izmuzniti">izmuzniti</w>
               <S/>
               <w msd="Vp" lemma="in">in</w>
               <S/>
               <w msd="Ggdn" lemma="vrniti">vrniti</w>
               <S/>
               <w msd="Dt" lemma="v">v</w>
               <S/>
               <w msd="Sozet" lemma="čreda">čredo</w>
               <c>,</c>
               <S/>
               <w msd="Zotzet--k" lemma="on">jo</w>
               <S/>
               <w msd="Somei" lemma="konj">konj</w>
               <S/>
               <w msd="Ggdste" lemma="prestreči">prestreže</w>
               <S/>
               <w msd="Vp" lemma="in">in</w>
               <S/>
               <w msd="Ggdste" lemma="obrniti">obrne</w>
               <c>.</c>
               <S/>
            </s>
            <s>
               <w msd="Vp" lemma="in">In</w>
               <S/>
               <w msd="Rsn" lemma="tako">tako</w>
               <S/>
               <w msd="Rsn" lemma="naprej">naprej</w>
               <c>,</c>
               <S/>
               <w msd="Rsn" lemma="vse">vse</w>
               <S/>
               <w msd="Vd" lemma="dokler">dokler</w>
               <S/>
               <w msd="Sosei" lemma="delo">delo</w>
               <S/>
               <w msd="Gp-ste-d" lemma="biti">ni</w>
               <S/>
               <w msd="Pdnsei" lemma="končan">končano</w>
               <c>.</c>
               <S/>
            </s>
         </p>
         <p xml:id="F0000780.000175">
            <s>
               <w msd="Dm" lemma="na">Na</w>
               <S/>
               <w msd="Sozem" lemma="podlaga">podlagi</w>
               <S/>
               <w msd="Zk-mmr" lemma="takšen">takšnih</w>
               <S/>
               <w msd="Sosmr" lemma="opravilo">opravil</w>
               <S/>
               <w msd="Zp------k" lemma="se">se</w>
               <S/>
               <w msd="Gp-ste-n" lemma="biti">je</w>
               <S/>
               <w msd="Rsn" lemma="sčasoma">sčasoma</w>
               <S/>
               <w msd="Ggdd-ez" lemma="izoblikovati">izoblikovala</w>
               <S/>
               <w msd="L" lemma="tudi">tudi</w>
               <S/>
               <w msd="Sozei" lemma="disciplina">disciplina</w>
               <S/>
               <w msd="Somei" lemma="cutting">cutting</w>
               <c>.</c>
               <S/>
            </s>
            <s>
               <w msd="Zk-sei" lemma="ta">To</w>
               <S/>
               <w msd="Vp" lemma="pa">pa</w>
               <S/>
               <w msd="L" lemma="ne">ne</w>
               <S/>
               <w msd="Ggvste" lemma="pomeniti">pomeni</w>
               <c>,</c>
               <S/>
               <w msd="Vd" lemma="da">da</w>
               <S/>
               <w msd="Zv-set" lemma="kaj">kaj</w>
               <S/>
               <w msd="Zk-ser" lemma="takšen">takšnega</w>
               <S/>
               <w msd="Rsn" lemma="danes">danes</w>
               <S/>
               <w msd="Rsn" lemma="lahko">lahko</w>
               <S/>
               <w msd="Ggvsdm" lemma="videti">vidite</w>
               <S/>
               <w msd="L" lemma="samo">samo</w>
               <S/>
               <w msd="L" lemma="še">še</w>
               <S/>
               <w msd="Dm" lemma="na">na</w>
               <S/>
               <w msd="Sosmm" lemma="tekmovanje">tekmovanjih</w>
               <c>.</c>
               <S/>
            </s>
            <s>
               <w msd="L" lemma="še">Še</w>
               <S/>
               <w msd="Rsn" lemma="vedno">vedno</w>
               <S/>
               <w msd="Vp" lemma="namreč">namreč</w>
               <S/>
               <w msd="Ggnstm" lemma="obstajati">obstajajo</w>
               <S/>
               <w msd="Sommi" lemma="ranč">ranči</w>
               <c>,</c>
               <S/>
               <w msd="Vd" lemma="kjer">kjer</w>
               <S/>
               <w msd="Gp-stm-n" lemma="biti">so</w>
               <S/>
               <w msd="Ppnzei" lemma="glaven">glavna</w>
               <S/>
               <w msd="Ppnzei" lemma="deloven">delovna</w>
               <S/>
               <w msd="Sozei" lemma="sila">sila</w>
               <S/>
               <w msd="Sommi" lemma="kavboj">kavboji</w>
               <S/>
               <w msd="Vp" lemma="in">in</w>
               <S/>
               <w msd="Sommi" lemma="konj">konji</w>
               <c>.</c>
               <S/>
            </s>
            <s>
               <w msd="Dm" lemma="v">V</w>
               <S/>
               <w msd="Slzmm" lemma="ZDA">ZDA</w>
               <c>,</c>
               <S/>
               <w msd="Slzem" lemma="Kanada">Kanadi</w>
               <c>,</c>
               <S/>
               <w msd="Slzem" lemma="Mehika">Mehiki</w>
               <S/>
               <w msd="Vp" lemma="in">in</w>
               <S/>
               <w msd="L" lemma="še">še</w>
               <S/>
               <w msd="Rsn" lemma="kje">kje</w>
               <S/>
               <w msd="Ppnzmt" lemma="velik">velike</w>
               <S/>
               <w msd="Sozmi" lemma="kmetija">kmetije</w>
               <S/>
               <w msd="Ggnstm" lemma="uporabljati">uporabljajo</w>
               <S/>
               <w msd="Ppnzet" lemma="naraven">naravno</w>
               <S/>
               <w msd="Ppnzet" lemma="konjski">konjsko</w>
               <S/>
               <w msd="Sozet" lemma="sila">silo</w>
               <S/>
               <w msd="Dt" lemma="za">za</w>
               <S/>
               <w msd="Soset" lemma="delo">delo</w>
               <S/>
               <w msd="Do" lemma="z">z</w>
               <S/>
               <w msd="Sozet" lemma="živina">živino</w>
               <S/>
               <w msd="L" lemma="prav">prav</w>
               <S/>
               <w msd="Dr" lemma="zaradi">zaradi</w>
               <S/>
               <w msd="Sozer" lemma="okretnost">okretnosti</w>
               <c>,</c>
               <S/>
               <w msd="Sozer" lemma="prilagodljivost">prilagodljivosti</w>
               <S/>
               <w msd="Vp" lemma="in">in</w>
               <S/>
               <w msd="Sozer" lemma="srčnost">srčnosti</w>
               <S/>
               <w msd="Somei" lemma="konj">konj</w>
               <c>.</c>
               <S/>
            </s>
            <s>
               <w msd="Zk-zei" lemma="ta">Ta</w>
               <S/>
               <w msd="Sozei" lemma="žival">žival</w>
               <S/>
               <w msd="Ggdste" lemma="priti">pride</w>
               <S/>
               <w msd="L" lemma="skoraj">skoraj</w>
               <S/>
               <w msd="Rsn" lemma="povsod">povsod</w>
               <c>,</c>
               <S/>
               <w msd="L" lemma="vsekakor">vsekakor</w>
               <S/>
               <w msd="Vp" lemma="pa">pa</w>
               <S/>
               <w msd="L" lemma="tudi">tudi</w>
               <S/>
               <w msd="Dt" lemma="na">na</w>
               <S/>
               <w msd="Sommt" lemma="kraj">kraje</w>
               <c>,</c>
               <S/>
               <w msd="Vd" lemma="kamor">kamor</w>
               <S/>
               <w msd="Pdnzei" lemma="motoriziran">motorizirana</w>
               <S/>
               <w msd="Ppnsmi" lemma="terenski">terenska</w>
               <S/>
               <w msd="Sosmi" lemma="vozilo">vozila</w>
               <S/>
               <w msd="L" lemma="ne">ne</w>
               <S/>
               <w msd="Ggnstm" lemma="moči">morejo</w>
               <c>.</c>
               <S/>
            </s>
            <s>
               <w msd="Rsn" lemma="glede">Glede</w>
               <S/>
               <w msd="Dt" lemma="na">na</w>
               <S/>
               <w msd="Zk-set" lemma="ta">to</w>
               <c>,</c>
               <S/>
               <w msd="Vd" lemma="da">da</w>
               <S/>
               <w msd="Zp------k" lemma="se">se</w>
               <S/>
               <w msd="Sosei" lemma="govedo">govedo</w>
               <S/>
               <w msd="Rsn" lemma="večinoma">večinoma</w>
               <S/>
               <w msd="Ggnste" lemma="preživljati">preživlja</w>
               <S/>
               <w msd="Do" lemma="z">s</w>
               <S/>
               <w msd="Sozeo" lemma="paša">pašo</w>
               <S/>
               <w msd="Dm" lemma="po">po</w>
               <S/>
               <w msd="Ppnzmm" lemma="neskončen">neskončnih</w>
               <S/>
               <w msd="Ppnzmm" lemma="travnat">travnatih</w>
               <S/>
               <w msd="Sozmm" lemma="površina">površinah</w>
               <c>,</c>
               <S/>
               <w msd="Vp" lemma="pa">pa</w>
               <S/>
               <w msd="Ppnsei" lemma="konjski">konjsko</w>
               <S/>
               <w msd="Sosei" lemma="kopito">kopito</w>
               <S/>
               <w msd="Ggdste" lemma="narediti">naredi</w>
               <S/>
               <w msd="L" lemma="tudi">tudi</w>
               <S/>
               <w msd="Rsn" lemma="občutno">občutno</w>
               <S/>
               <w msd="Rsr" lemma="manj">manj</w>
               <S/>
               <w msd="Sozer" lemma="škoda">škode</w>
               <S/>
               <w msd="Dm" lemma="v">v</w>
               <S/>
               <w msd="Ppnsem" lemma="krhek">krhkem</w>
               <S/>
               <w msd="Sosem" lemma="ravnovesje">ravnovesju</w>
               <S/>
               <w msd="Sozer" lemma="narava">narave</w>
               <c>.</c>
               <S/>
            </s>
         </p>
         <p xml:id="F0000780.000215">
            <s>
               <w msd="Dt" lemma="za">Za</w>
               <S/>
               <w msd="Zc-met" lemma="vsakdo">vsakogar</w>
               <c>,</c>
               <S/>
               <w msd="Vd" lemma="ki">ki</w>
               <S/>
               <w msd="Zp------k" lemma="se">se</w>
               <S/>
               <w msd="Rsn" lemma="kakorkoli">kakorkoli</w>
               <S/>
               <w msd="Ggnste" lemma="ukvarjati">ukvarja</w>
               <S/>
               <w msd="Do" lemma="z">s</w>
               <S/>
               <w msd="Sommo" lemma="konj">konji</w>
               <c>,</c>
               <S/>
               <w msd="Gp-ste-n" lemma="biti">je</w>
               <S/>
               <w msd="Pdnzei" lemma="equitan">Equitana</w>
               <S/>
               <w msd="Sozei" lemma="nujnost">nujnost</w>
               <c>,</c>
               <S/>
               <w msd="Ppnmeid" lemma="pravi">pravi</w>
               <S/>
               <w msd="Ppnmeid" lemma="generalen">generalni</w>
               <S/>
               <w msd="Somei" lemma="sekretar">sekretar</w>
               <S/>
               <w msd="Ppnzer" lemma="konjeniški">Konjeniške</w>
               <S/>
               <w msd="Sozer" lemma="zveza">zveze</w>
               <S/>
               <w msd="Slzer" lemma="Nemčija">Nemčije</w>
               <S/>
               <w msd="O" lemma="dr.">dr.</w>
               <S/>
               <w msd="Slmei" lemma="Hanfried">Hanfried</w>
               <S/>
               <w msd="Slmei" lemma="Haring">Haring</w>
               <c>.</c>
               <S/>
            </s>
            <s>
               <w msd="Dm" lemma="ob">Ob</w>
               <S/>
               <w msd="Sosem" lemma="praznovanje">praznovanju</w>
               <S/>
               <w msd="Zp-mer" lemma="svoj">svojega</w>
               <S/>
               <w msd="Ppnmer" lemma="častitljiv">častitljivega</w>
               <S/>
               <w msd="Somer" lemma="jubilej">jubileja</w>
               <S/>
               <w msd="Gp-ste-n" lemma="biti">je</w>
               <S/>
               <w msd="Ppnzei" lemma="nemški">nemška</w>
               <S/>
               <w msd="Sozei" lemma="zveza">zveza</w>
               <S/>
               <w msd="Ggdd-ez" lemma="nastopiti">nastopila</w>
               <S/>
               <w msd="Do" lemma="z">s</w>
               <S/>
               <w msd="Ppnmeo" lemma="pravcat">pravcatim</w>
               <S/>
               <w msd="Someo" lemma="izbruh">izbruhom</w>
               <S/>
               <w msd="Sozmr" lemma="predstavitev">predstavitev</w>
               <S/>
               <w msd="Zp-zmt" lemma="svoj">svoje</w>
               <S/>
               <w msd="Sozer" lemma="dejavnost">dejavnosti</w>
               <S/>
               <w msd="Vp" lemma="in">in</w>
               <S/>
               <w msd="Ppnmer" lemma="bogat">bogatega</w>
               <S/>
               <w msd="Ppnmer" lemma="zgodovinski">zgodovinskega</w>
               <S/>
               <w msd="Somer" lemma="razvoj">razvoja</w>
               <c>.</c>
               <S/>
            </s>
            <s>
               <w msd="Ppnset" lemma="jubilejen">Jubilejno</w>
               <S/>
               <w msd="Soset" lemma="leto">leto</w>
               <S/>
               <w msd="Ggnstm" lemma="obeleževati">obeležujejo</w>
               <S/>
               <w msd="Do" lemma="z">z</w>
               <S/>
               <w msd="Ppnmeo" lemma="nov">novim</w>
               <S/>
               <w msd="Someo" lemma="projekt">projektom</w>
               <c>,</c>
               <S/>
               <w msd="Do" lemma="z">s</w>
               <S/>
               <w msd="Zv-meo" lemma="kateri">katerim</w>
               <S/>
               <w msd="L" lemma="naj">naj</w>
               <S/>
               <w msd="Gp-g" lemma="biti">bi</w>
               <S/>
               <w msd="Zp------k" lemma="se">se</w>
               <S/>
               <w msd="Ppnzei" lemma="vodilen">vodilna</w>
               <S/>
               <w msd="Sozei" lemma="vloga">vloga</w>
               <S/>
               <w msd="Slmmr" lemma="Nemec">Nemcev</w>
               <S/>
               <w msd="Dm" lemma="na">na</w>
               <S/>
               <w msd="Sosem" lemma="področje">področju</w>
               <S/>
               <w msd="Soser" lemma="konjeništvo">konjeništva</w>
               <S/>
               <w msd="Dm" lemma="v">v</w>
               <S/>
               <w msd="Somem" lemma="svet">svetu</w>
               <S/>
               <w msd="L" lemma="še">še</w>
               <S/>
               <w msd="Rsr" lemma="bolj">bolj</w>
               <S/>
               <w msd="Ggdd-ez" lemma="utrditi">utrdila</w>
               <c>.</c>
               <S/>
            </s>
            <s>
               <w msd="Rsn" lemma="kako">Kako</w>
               <S/>
               <w msd="L" lemma="še">še</w>
               <S/>
               <w msd="Rsr" lemma="dobro">bolje</w>
               <S/>
               <w msd="Ggnn" lemma="jahati">jahati</w>
               <S/>
               <w msd="Gp-ste-n" lemma="biti">je</w>
               <S/>
               <w msd="Gp-d-ez" lemma="biti">bila</w>
               <S/>
               <w msd="Ppnzei" lemma="vodilen">vodilna</w>
               <S/>
               <w msd="Sozei" lemma="tema">tema</w>
               <S/>
               <w msd="Ppnzmr" lemma="številen">številnih</w>
               <S/>
               <w msd="Sozmr" lemma="predstavitev">predstavitev</w>
               <S/>
               <w msd="Pdnmmr" lemma="priznan">priznanih</w>
               <S/>
               <w msd="Sommr" lemma="strokovnjak">strokovnjakov</w>
               <S/>
               <w msd="Ppnzer" lemma="nemški">nemške</w>
               <S/>
               <w msd="Sozer" lemma="zveza">zveze</w>
               <c>.</c>
               <S/>
            </s>
            <s>
               <w msd="Dt" lemma="v">V</w>
               <S/>
               <w msd="Zk-met" lemma="ta">ta</w>
               <S/>
               <w msd="Sometn" lemma="namen">namen</w>
               <S/>
               <w msd="Gp-ste-n" lemma="biti">je</w>
               <S/>
               <w msd="Sozei" lemma="zveza">zveza</w>
               <S/>
               <w msd="Ggdd-ez" lemma="pritegniti">pritegnila</w>
               <S/>
               <w msd="Dd" lemma="k">k</w>
               <S/>
               <w msd="Sosed" lemma="sodelovanje">sodelovanju</w>
               <S/>
               <w msd="Kbzzet" lemma="en">eno</w>
               <S/>
               <w msd="Rss" lemma="najbolj">najbolj</w>
               <S/>
               <w msd="Pdnmmr" lemma="znan">znanih</w>
               <S/>
               <w msd="Sozmr" lemma="zvezda">zvezd</w>
               <S/>
               <w msd="Ppnmer" lemma="dresuren">dresurnega</w>
               <S/>
               <w msd="Somer" lemma="šport">športa</w>
               <S/>
               <w msd="Slzmr" lemma="Isabella">Isabell</w>
               <S/>
               <w msd="Slmei" lemma="Werth">Werth</w>
               <c>,</c>
               <S/>
               <w msd="Vd" lemma="ki">ki</w>
               <S/>
               <w msd="Gp-ste-n" lemma="biti">je</w>
               <S/>
               <w msd="Dt" lemma="na">na</w>
               <S/>
               <w msd="Zp-mmt" lemma="svoj">svoje</w>
               <S/>
               <w msd="Sommt" lemma="nastop">nastope</w>
               <S/>
               <w msd="Ggdd-ez" lemma="privabiti">privabila</w>
               <S/>
               <w msd="Rsr" lemma="več">več</w>
               <S/>
               <w msd="Vd" lemma="kot">kot</w>
               <S/>
               <w msd="Kag" lemma="5.500">5.500</w>
               <S/>
               <w msd="Sommr" lemma="ljubitelj">ljubiteljev</w>
               <S/>
               <w msd="Zk-mer" lemma="ta">tega</w>
               <S/>
               <w msd="Somer" lemma="šport">športa</w>
               <c>.</c>
               <S/>
            </s>
            <s>
               <w msd="Dm" lemma="na">Na</w>
               <S/>
               <w msd="Ppnmmm" lemma="razstaven">razstavnih</w>
               <S/>
               <w msd="Sommm" lemma="prostor">prostorih</w>
               <S/>
               <w msd="Soser" lemma="sejmišče">sejmišča</w>
               <S/>
               <w msd="Gp-spm-n" lemma="biti">smo</w>
               <S/>
               <w msd="Rsn" lemma="lahko">lahko</w>
               <S/>
               <w msd="Dt" lemma="v">v</w>
               <S/>
               <w msd="Rsn" lemma="živo">živo</w>
               <S/>
               <w msd="Ggvd-mm" lemma="videti">videli</w>
               <S/>
               <w msd="Vp" lemma="in">in</w>
               <S/>
               <w msd="Ggdd-mm" lemma="srečati">srečali</w>
               <S/>
               <w msd="Pdnmmt" lemma="znan">znane</w>
               <S/>
               <w msd="Sommt" lemma="obraz">obraze</w>
               <S/>
               <w msd="Ppnmer" lemma="konjeniški">konjeniškega</w>
               <S/>
               <w msd="Somer" lemma="šport">športa</w>
               <c>,</c>
               <S/>
               <w msd="Vd" lemma="kot">kot</w>
               <S/>
               <w msd="Gp-stm-n" lemma="biti">so</w>
               <c>:</c>
               <S/>
               <w msd="Slmei" lemma="Ulla">Ulla</w>
               <S/>
               <w msd="Slmei" lemma="Salzgeber">Salzgeber</w>
               <c>,</c>
               <S/>
               <w msd="Slmei" lemma="Holger">Holger</w>
               <S/>
               <w msd="Slmei" lemma="Schmezer">Schmezer</w>
               <c>,</c>
               <S/>
               <w msd="Slmei" lemma="Kurt">Kurt</w>
               <S/>
               <w msd="Slmei" lemma="Gravenmeier">Gravenmeier</w>
               <c>,</c>
               <S/>
               <w msd="Slmei" lemma="Marcus">Marcus</w>
               <S/>
               <w msd="Slmei" lemma="Ehning">Ehning</w>
               <c>,</c>
               <S/>
               <w msd="Slmei" lemma="Michael">Michael</w>
               <S/>
               <w msd="Slmei" lemma="Freund">Freund</w>
               <c>,</c>
               <S/>
               <w msd="Slzei" lemma="Jessica">Jessica</w>
               <S/>
               <w msd="Slmei" lemma="Kürten">Kürten</w>
               <c>,</c>
               <S/>
               <w msd="Slmei" lemma="Beat">Beat</w>
               <S/>
               <w msd="Slmei" lemma="Mändli">Mändli</w>
               <c>,</c>
               <S/>
               <w msd="Slzei" lemma="Ingrid">Ingrid</w>
               <S/>
               <w msd="Slmei" lemma="Klimke">Klimke</w>
               <c>,</c>
               <S/>
               <w msd="Slmei" lemma="Toni">Toni</w>
               <S/>
               <w msd="Slmei" lemma="Hasmann">Hasmann</w>
               <c>,</c>
               <S/>
               <w msd="Slmei" lemma="Markus">Markus</w>
               <S/>
               <w msd="Slmei" lemma="Merschformann">Merschformann</w>
               <c>,</c>
               <S/>
               <w msd="Slmei" lemma="Eckard">Eckard</w>
               <S/>
               <w msd="Slmei" lemma="Meyer">Meyer</w>
               <c>,</c>
               <S/>
               <w msd="Slzei" lemma="Linda">Linda</w>
               <S/>
               <w msd="Slmei" lemma="Tellington">Tellington</w>
               <S/>
               <c>-</c>
               <S/>
               <w msd="Slmei" lemma="Jones">Jones</w>
               <c>,</c>
               <S/>
               <w msd="Slzei" lemma="Nathalie">Nathalie</w>
               <S/>
               <w msd="Slmei" lemma="Penquitt">Penquitt</w>
               <c>.</c>
            </s>
         </p>
         <p xml:id="F0000780.000254">
            <s>
               <w msd="Ppnmmi" lemma="gradben">Gradbeni</w>
               <S/>
               <w msd="Sommi" lemma="načrt">načrti</w>
               <S/>
               <w msd="Dt" lemma="za">za</w>
               <S/>
               <w msd="Sozmt" lemma="jahalnica">jahalnice</w>
               <S/>
               <w msd="Vp" lemma="in">in</w>
               <S/>
               <w msd="Ppnmmt" lemma="spremljevalen">spremljevalne</w>
               <S/>
               <w msd="Sommt" lemma="objekt">objekte</w>
               <S/>
            </s>
         </p>
         <p xml:id="F0000780.000299">
            <s>
               <c>»</c>
               <w msd="Dm" lemma="na">Na</w>
               <S/>
               <w msd="Sozem" lemma="podlaga">podlagi</w>
               <S/>
               <w msd="Sommr" lemma="podatek">podatkov</w>
               <c>,</c>
               <S/>
               <w msd="Vd" lemma="ki">ki</w>
               <S/>
               <w msd="Gp-stm-n" lemma="biti">so</w>
               <S/>
               <w msd="Zop-md" lemma="jaz">nam</w>
               <S/>
               <w msd="Dt" lemma="na">na</w>
               <S/>
               <w msd="Sozet" lemma="volja">voljo</w>
               <c>,</c>
               <S/>
               <w msd="Ggnspe" lemma="meniti">menim</w>
               <c>,</c>
               <S/>
               <w msd="Vd" lemma="da">da</w>
               <S/>
               <w msd="Gp-ste-n" lemma="biti">je</w>
               <S/>
               <w msd="Ppnsei" lemma="zdravstven">zdravstveno</w>
               <S/>
               <w msd="Sosei" lemma="stanje">stanje</w>
               <S/>
               <w msd="Somei" lemma="konj">konj</w>
               <S/>
               <w msd="Rsn" lemma="dobro">dobro</w>
               <c>.</c>
               <S/>
            </s>
            <s>
               <w msd="Dm" lemma="na">Na</w>
               <S/>
               <w msd="Slmem" lemma="Vurs">Vursu</w>
               <S/>
               <w msd="Rsn" lemma="mesečno">mesečno</w>
               <S/>
               <w msd="Ggnspm" lemma="spremljati">spremljamo</w>
               <S/>
               <w msd="Sozmt" lemma="pojava">pojave</w>
               <S/>
               <w msd="Ppnzmr" lemma="kužen">kužnih</w>
               <S/>
               <w msd="Sozmr" lemma="bolezen">bolezni</w>
               <S/>
               <w msd="Vp" lemma="in">in</w>
               <S/>
               <w msd="Sommt" lemma="podatek">podatke</w>
               <S/>
               <w msd="Dm" lemma="o">o</w>
               <S/>
               <w msd="Sosem" lemma="zdravljenje">zdravljenju</w>
               <S/>
               <w msd="Sommr" lemma="konj">konj</w>
               <c>.</c>
               <S/>
            </s>
            <s>
               <w msd="Sozei" lemma="izjema">Izjema</w>
               <S/>
               <w msd="Gp-stm-n" lemma="biti">so</w>
               <S/>
               <w msd="Rsn" lemma="posebno">posebno</w>
               <S/>
               <w msd="Ppnzmi" lemma="nevaren">nevarne</w>
               <S/>
               <w msd="Ppnzmt" lemma="kužen">kužne</w>
               <S/>
               <w msd="Sozmt" lemma="bolezen">bolezni</w>
               <c>,</c>
               <S/>
               <w msd="Dm" lemma="pri">pri</w>
               <S/>
               <w msd="Zv-zmm" lemma="kateri">katerih</w>
               <S/>
               <w msd="Gp-ste-n" lemma="biti">je</w>
               <S/>
               <w msd="Rsn" lemma="treba">treba</w>
               <S/>
               <w msd="Somei" lemma="sum">sum</w>
               <S/>
               <w msd="Vp" lemma="oziroma">oziroma</w>
               <S/>
               <w msd="Sometn" lemma="pojav">pojav</w>
               <S/>
               <w msd="Sozer" lemma="bolezen">bolezni</w>
               <S/>
               <w msd="Ggdn" lemma="prijaviti">prijaviti</w>
               <S/>
               <w msd="Rsn" lemma="takoj">takoj</w>
               <c>.</c>
               <S/>
            </s>
            <s>
               <w msd="Dm" lemma="v">V</w>
               <S/>
               <w msd="Somem" lemma="primer">primeru</w>
               <S/>
               <w msd="Sozer" lemma="potrditev">potrditve</w>
               <S/>
               <w msd="Sozer" lemma="okužba">okužbe</w>
               <S/>
               <w msd="Ggnspm" lemma="izvajati">izvajamo</w>
               <S/>
               <w msd="Sommt" lemma="ukrep">ukrepe</w>
               <S/>
               <w msd="Dm" lemma="na">na</w>
               <S/>
               <w msd="Sozem" lemma="podlaga">podlagi</w>
               <S/>
               <w msd="Sosmr" lemma="navodilo">navodil</w>
               <S/>
               <w msd="Dm" lemma="o">o</w>
               <S/>
               <w msd="Sommm" lemma="ukrep">ukrepih</w>
               <S/>
               <w msd="Dt" lemma="za">za</w>
               <S/>
               <w msd="Soset" lemma="ugotavljanje">ugotavljanje</w>
               <c>,</c>
               <S/>
               <w msd="Soset" lemma="preprečevanje">preprečevanje</w>
               <S/>
               <w msd="Vp" lemma="in">in</w>
               <S/>
               <w msd="Soset" lemma="zatiranje">zatiranje</w>
               <S/>
               <w msd="Ppnzmr" lemma="živalski">živalskih</w>
               <S/>
               <w msd="Ppnzmr" lemma="kužen">kužnih</w>
               <S/>
               <w msd="Sozmr" lemma="bolezen">bolezni</w>
               <c>.</c>
               <c>«</c>
               <S/>
            </s>
         </p>
         <p xml:id="F0000780.000344">
            <s>
               <w msd="Somei" lemma="KD">KD</w>
               <S/>
               <w msd="Sommi" lemma="jezdec">Jezdeci</w>
               <S/>
               <w msd="Ppnzer" lemma="smaragden">smaragdne</w>
               <S/>
               <w msd="Sozer" lemma="reka">reke</w>
            </s>
         </p>
         <p xml:id="F0000780.000361">
            <s>
               <c>-</c>
               <S/>
               <w msd="Kag" lemma="111">111</w>
               <c>_</c>
               <w msd="Kag" lemma="1153">1153</w>
               <c>-</c>
               <w msd="Somei" lemma="O">O</w>
               <c>:</c>
               <S/>
               <w msd="Slmei" lemma="Ciril">Ciril</w>
               <S/>
               <w msd="Slmei" lemma="Smrkolj">Smrkolj</w>
               <c>,</c>
               <S/>
               <w msd="Slzei" lemma="Nina">Nina</w>
               <S/>
               <w msd="Slmei" lemma="Lovrenčič">Lovrenčič</w>
               <S/>
               <w msd="Vp" lemma="in">in</w>
               <S/>
               <w msd="Slmei" lemma="Andraž">Andraž</w>
               <S/>
               <w msd="Slmei" lemma="Rumpret">Rumpret</w>
               <S/>
               <c>(</c>
               <w msd="Dr" lemma="od">od</w>
               <S/>
               <w msd="Ppnzer" lemma="lev">leve</w>
               <S/>
               <w msd="Dd" lemma="k">k</w>
               <S/>
               <w msd="Ppnzed" lemma="desen">desni</w>
               <c>)</c>
            </s>
         </p>
         <p xml:id="F0000780.000398">
            <s>
               <w msd="Slmei" lemma="ROK">ROK</w>
               <S/>
               <w msd="Kag" lemma="4">4</w>
               <c>/</c>
               <w msd="Kag" lemma="2005">2005</w>
               <c>,</c>
               <S/>
               <w msd="Somei" lemma="file">File</w>
               <c>:</c>
               <S/>
               <w msd="Somei" lemma="KK">KK</w>
               <S/>
               <w msd="Slzei" lemma="OPLOTNICA">OPLOTNICA</w>
            </s>
         </p>
         <p xml:id="F0000780.000449">
            <s>
               <w msd="Kav" lemma="3.">3.</w>
               <S/>
            </s>
            <s>
               <w msd="Slmei" lemma="Franc">Franc</w>
               <S/>
               <w msd="Slmei" lemma="Slavič">Slavič</w>
               <c>,</c>
               <S/>
               <w msd="Somei" lemma="lider">Lider</w>
               <c>,</c>
               <S/>
               <w msd="Somei" lemma="KK">KK</w>
               <S/>
               <w msd="Somer" lemma="jež">Ježa</w>
               <S/>
               <w msd="Dm" lemma="pri">pri</w>
               <S/>
               <w msd="Slmem" lemma="Jež">Ježu</w>
               <c>.</c>
            </s>
         </p>
         <p xml:id="F0000780.000548">
            <s>
               <w msd="Slmei" lemma="Marko">Marko</w>
               <S/>
               <w msd="Slmei" lemma="Kodarin">Kodarin</w>
               <c>:</c>
               <S/>
               <w msd="Kag" lemma="041">041</w>
               <S/>
               <w msd="Kag" lemma="784">784</w>
               <S/>
               <w msd="Kag" lemma="898">898</w>
               <c>,</c>
               <S/>
               <w msd="Slzei" lemma="Katjuša">Katjuša</w>
               <S/>
               <w msd="Slzei" lemma="Božič">Božič</w>
               <c>:</c>
               <S/>
               <w msd="Kag" lemma="040">040</w>
               <S/>
               <w msd="Kag" lemma="269">269</w>
               <S/>
               <w msd="Kag" lemma="916">916</w>
               <c>,</c>
               <S/>
               <w msd="Slmei" lemma="Gregor">Gregor</w>
               <S/>
               <w msd="Slmei" lemma="Kosmina">Kosmina</w>
               <c>:</c>
               <S/>
               <w msd="Kag" lemma="040">040</w>
               <S/>
               <w msd="Kag" lemma="208">208</w>
               <S/>
               <w msd="Kag" lemma="097">097</w>
               <c>,</c>
               <S/>
               <w msd="Sozei" lemma="kmetija">kmetija</w>
               <S/>
               <w msd="Slmei" lemma="Medljan">Medljan</w>
               <S/>
               <c>-</c>
               <S/>
               <w msd="Slzmi" lemma="Cetore">Cetore</w>
               <c>:</c>
               <S/>
               <w msd="Kag" lemma="05">05</w>
               <S/>
               <w msd="Kag" lemma="642">642</w>
               <S/>
               <w msd="Kag" lemma="00">00</w>
               <S/>
               <w msd="Kag" lemma="81">81</w>
               <c>.</c>
               <S/>
            </s>
         </p>
         <p xml:id="F0000780.000582">
            <s>
               <w msd="Ggdspe" lemma="prodati">PRODAM</w>
               <S/>
               <w msd="Sommt" lemma="konj">KONJE</w>
               <S/>
               <w msd="Ppnzer" lemma="islandski">ISLANDSKE</w>
               <S/>
               <w msd="Sozer" lemma="pasma">PASME</w>
            </s>
         </p>
         <p xml:id="F0000780.000603">
            <s>
               <w msd="Slmei" lemma="Ivan">Ivan</w>
               <S/>
               <w msd="Slmei" lemma="Ledinek">Ledinek</w>
               <c>,</c>
               <S/>
               <w msd="O" lemma="dr.">dr.</w>
               <S/>
               <w msd="O" lemma="vet.">vet.</w>
               <S/>
               <w msd="O" lemma="med.">med.</w>
               <c>,</c>
            </s>
         </p>
         <p xml:id="F0000780.000640">
            <s>
               <w msd="Dm" lemma="v">V</w>
               <S/>
               <w msd="Kbvmmm" lemma="prvi">prvih</w>
               <S/>
               <w msd="Kbg-mm" lemma="osem">osmih</w>
               <S/>
               <w msd="Sommm" lemma="mesec">mesecih</w>
               <S/>
               <w msd="Sozer" lemma="brejost">brejosti</w>
               <S/>
               <w msd="Zp------k" lemma="se">se</w>
               <S/>
               <w msd="Somei" lemma="plod">plod</w>
               <S/>
               <w msd="Ggnste" lemma="oblikovati">oblikuje</w>
               <S/>
               <w msd="Vp" lemma="in">in</w>
               <S/>
               <w msd="Ggnste" lemma="razvijati">razvija</w>
               <c>,</c>
               <S/>
               <w msd="Zstzeiem" lemma="njegov">njegova</w>
               <S/>
               <w msd="Ppnzei" lemma="intenziven">intenzivna</w>
               <S/>
               <w msd="Sozei" lemma="rast">rast</w>
               <S/>
               <w msd="Vp" lemma="in">in</w>
               <S/>
               <w msd="Soset" lemma="pridobivanje">pridobivanje</w>
               <S/>
               <w msd="Dm" lemma="na">na</w>
               <S/>
               <w msd="Sozem" lemma="teža">teži</w>
               <S/>
               <w msd="Vp" lemma="pa">pa</w>
               <S/>
               <w msd="Ggnstd" lemma="potekati">potekata</w>
               <S/>
               <w msd="Dm" lemma="v">v</w>
               <S/>
               <w msd="Ppnzem" lemma="zadnji">zadnji</w>
               <S/>
               <w msd="Sozem" lemma="tretjina">tretjini</w>
               <S/>
               <w msd="Sozer" lemma="brejost">brejosti</w>
               <c>.</c>
               <S/>
            </s>
         </p>
         <p xml:id="F0000780.000653">
            <s>
               <w msd="Sozei" lemma="preglednica">Preglednica</w>
               <S/>
               <w msd="Kag" lemma="1">1</w>
               <c>:</c>
               <S/>
               <w msd="Ppnzei" lemma="povprečen">Povprečna</w>
               <S/>
               <w msd="Sozei" lemma="vsebnost">vsebnost</w>
               <S/>
               <w msd="Zn-zmr" lemma="nekateri">nekaterih</w>
               <S/>
               <w msd="Sozmr" lemma="sestavina">sestavin</w>
               <S/>
               <w msd="Soser" lemma="mleko">mleka</w>
               <S/>
               <w msd="Dm" lemma="pri">pri</w>
               <S/>
               <w msd="Sozmm" lemma="kobila">kobilah</w>
               <S/>
               <w msd="Vp" lemma="in">in</w>
               <S/>
               <w msd="Sosem" lemma="govedo">govedu</w>
            </s>
         </p>
         <p xml:id="F0000780.000706">
            <s>
               <w msd="Sommi" lemma="rejec">Rejci</w>
               <S/>
               <w msd="Dm" lemma="po">po</w>
               <S/>
               <w msd="Sozmm" lemma="uvrstitev">uvrstitvah</w>
               <c>:</c>
            </s>
         </p>
         <p xml:id="F0000780.000774">
            <s>
               <w msd="Sosei" lemma="geslo">Geslo</w>
               <S/>
               <w msd="Sozer" lemma="križanka">križanke</w>
               <S/>
               <w msd="Somer" lemma="mesec">meseca</w>
               <S/>
               <w msd="Somer" lemma="februar">februarja</w>
               <c>:</c>
               <S/>
               <w msd="Sosei" lemma="licenciranje">LICENCIRANJE</w>
               <S/>
               <w msd="Sommr" lemma="žrebec">ŽREBCEV</w>
               <c>.</c>
            </s>
         </p>
         <p xml:id="F0000780.000925">
            <s>
               <w msd="Slzei" lemma="Tanja">Tanja</w>
               <S/>
               <w msd="Slmei" lemma="Gobec">Gobec</w>
               <S/>
            </s>
         </p>
         <p xml:id="F0000780.000931">
            <s>
               <w msd="Slmei" lemma="ROK">ROK</w>
               <S/>
               <w msd="Kag" lemma="4">4</w>
               <c>/</c>
               <w msd="Kag" lemma="2005">2005</w>
               <c>,</c>
               <S/>
               <w msd="Somei" lemma="file">File</w>
               <c>:</c>
               <S/>
               <w msd="Sommi" lemma="zajedavec">ZAJEDAVCI</w>
            </s>
         </p>
         <p xml:id="F0000780.000944">
            <s>
               <w msd="Somei" lemma="načrt">Načrt</w>
               <S/>
               <w msd="Somer" lemma="program">programa</w>
               <S/>
               <w msd="Soser" lemma="zatiranje">zatiranja</w>
               <S/>
               <w msd="Ppnmmr" lemma="notranji">notranjih</w>
               <S/>
               <w msd="Sommr" lemma="zajedavec">zajedavcev</w>
               <S/>
               <w msd="L" lemma="naj">naj</w>
               <S/>
               <w msd="Ggnste" lemma="temeljiti">temelji</w>
               <S/>
               <w msd="Dm" lemma="na">na</w>
               <S/>
               <w msd="Rss" lemma="najbolj">najbolj</w>
               <S/>
               <w msd="Ppnsem" lemma="primeren">primernem</w>
               <S/>
               <w msd="Sosem" lemma="razmerje">razmerju</w>
               <S/>
               <w msd="Do" lemma="med">med</w>
               <S/>
               <w msd="Someo" lemma="način">načinom</w>
               <S/>
               <w msd="Soser" lemma="obvladovanje">obvladovanja</w>
               <S/>
               <w msd="Sommr" lemma="zajedavec">zajedavcev</w>
               <S/>
               <w msd="Vp" lemma="in">in</w>
               <S/>
               <w msd="Someo" lemma="pojav">pojavom</w>
               <S/>
               <w msd="Zstzerm" lemma="njihov">njihove</w>
               <S/>
               <w msd="Sozer" lemma="odpornost">odpornosti</w>
               <c>.</c>
               <S/>
            </s>
            <s>
               <w msd="Somei" lemma="program">Program</w>
               <S/>
               <w msd="L" lemma="naj">naj</w>
               <S/>
               <w msd="Ggnste" lemma="obsegati">obsega</w>
               <S/>
               <w msd="Sometn" lemma="načrt">načrt</w>
               <S/>
               <w msd="Soser" lemma="zdravljenje">zdravljenja</w>
               <S/>
               <w msd="Dm" lemma="v">v</w>
               <S/>
               <w msd="Ppnmmm" lemma="časoven">časovnih</w>
               <S/>
               <w msd="Sommm" lemma="presledek">presledkih</w>
               <S/>
               <w msd="Vp" lemma="in">in</w>
               <S/>
               <w msd="Sozet" lemma="izmenjava">izmenjavo</w>
               <S/>
               <w msd="Ppnsmr" lemma="različen">različnih</w>
               <S/>
               <w msd="Sosmr" lemma="zdravilo">zdravil</w>
               <S/>
               <w msd="Dm" lemma="v">v</w>
               <S/>
               <w msd="Ppnmem" lemma="časoven">časovnem</w>
               <S/>
               <w msd="Somem" lemma="okvir">okviru</w>
               <S/>
               <w msd="Kbzmer" lemma="en">enega</w>
               <S/>
               <w msd="Soser" lemma="leto">leta</w>
               <S/>
               <w msd="Vp" lemma="ter">ter</w>
               <S/>
               <w msd="Soset" lemma="ravnanje">ravnanje</w>
               <S/>
               <w msd="Do" lemma="z">s</w>
               <S/>
               <w msd="Someo" lemma="pašnik">pašnikom</w>
               <c>.</c>
               <S/>
            </s>
            <s>
               <w msd="Rsn" lemma="nujno">Nujno</w>
               <S/>
               <w msd="Gp-ste-n" lemma="biti">je</w>
               <S/>
               <w msd="Ppnsei" lemma="potreben">potrebno</w>
               <S/>
               <w msd="Sosei" lemma="posvetovanje">posvetovanje</w>
               <S/>
               <w msd="Do" lemma="z">z</w>
               <S/>
               <w msd="Someo" lemma="živinozdravnik">živinozdravnikom</w>
               <S/>
               <w msd="Dr" lemma="glede">glede</w>
               <S/>
               <w msd="Somer" lemma="načrt">načrta</w>
               <S/>
               <w msd="Somer" lemma="program">programa</w>
               <S/>
               <w msd="Soser" lemma="zdravljenje">zdravljenja</w>
               <c>.</c>
            </s>
         </p>
         <p xml:id="F0000780.000986">
            <s>
               <w msd="Slmei" lemma="Valvasor">Valvasor</w>
               <S/>
               <w msd="Ggdste" lemma="pospremiti">pospremi</w>
               <S/>
               <w msd="Zp-mmt" lemma="svoj">svoje</w>
               <S/>
               <w msd="Sommt" lemma="zapis">zapise</w>
               <S/>
               <w msd="Dm" lemma="o">o</w>
               <S/>
               <w msd="Sommm" lemma="konj">konjih</w>
               <S/>
               <w msd="Do" lemma="z">z</w>
               <S/>
               <w msd="Ppnzeo" lemma="zanimiv">zanimivo</w>
               <S/>
               <w msd="Sozeo" lemma="ilustracija">ilustracijo</w>
               <c>,</c>
               <S/>
               <w msd="Vd" lemma="ki">ki</w>
               <S/>
               <w msd="Ggnste" lemma="kazati">kaže</w>
               <c>,</c>
               <S/>
               <w msd="Vd" lemma="da">da</w>
               <S/>
               <w msd="Gp-stm-n" lemma="biti">so</w>
               <S/>
               <w msd="Zp------k" lemma="se">se</w>
               <S/>
               <w msd="Sommi" lemma="tovornik">tovorniki</w>
               <S/>
               <w msd="Rsn" lemma="rad">radi</w>
               <S/>
               <w msd="Ggnd-mm" lemma="družiti">družili</w>
               <S/>
               <w msd="Dt" lemma="v">v</w>
               <S/>
               <w msd="Pppzmt" lemma="majhen">manjše</w>
               <S/>
               <w msd="Sozmt" lemma="skupina">skupine</w>
               <c>,</c>
               <S/>
               <w msd="Vp" lemma="saj">saj</w>
               <S/>
               <w msd="Gp-stm-n" lemma="biti">so</w>
               <S/>
               <w msd="Rsn" lemma="tako">tako</w>
               <S/>
               <w msd="Rsr" lemma="lahko">laže</w>
               <S/>
               <w msd="Ggnd-mm" lemma="obvladovati">obvladovali</w>
               <S/>
               <w msd="Ppnzmt" lemma="različen">različne</w>
               <S/>
               <w msd="Sozmt" lemma="tegoba">tegobe</w>
               <S/>
               <w msd="Vp" lemma="in">in</w>
               <S/>
               <w msd="Sozmt" lemma="nevarnost">nevarnosti</w>
               <c>.</c>
               <S/>
            </s>
            <s>
               <w msd="Vp" lemma="ali">Ali</w>
               <S/>
               <w msd="Gp-stm-n" lemma="biti">so</w>
               <S/>
               <w msd="Dm" lemma="pri">pri</w>
               <S/>
               <w msd="Zk-sem" lemma="ta">tem</w>
               <S/>
               <w msd="Ppnmmi" lemma="sam">sami</w>
               <S/>
               <w msd="Ggnd-mm" lemma="jezditi">jezdili</w>
               <S/>
               <w msd="Vp" lemma="ali">ali</w>
               <S/>
               <w msd="Ggnd-mm" lemma="hoditi">hodili</w>
               <S/>
               <w msd="Rsn" lemma="peš">peš</w>
               <c>,</c>
               <S/>
               <w msd="Gp-ste-n" lemma="biti">je</w>
               <S/>
               <w msd="Gp-d-es" lemma="biti">bilo</w>
               <S/>
               <w msd="Ppnsei" lemma="odvisen">odvisno</w>
               <S/>
               <w msd="Dr" lemma="od">od</w>
               <S/>
               <w msd="Sozer" lemma="količina">količine</w>
               <S/>
               <w msd="Somer" lemma="tovor">tovora</w>
               <c>,</c>
               <S/>
               <w msd="Zstzerm" lemma="njihov">njihove</w>
               <S/>
               <w msd="Sozer" lemma="utrujenost">utrujenosti</w>
               <S/>
               <w msd="Vp" lemma="in">in</w>
               <S/>
               <w msd="Sozmr" lemma="razmera">razmer</w>
               <S/>
               <w msd="Dm" lemma="na">na</w>
               <S/>
               <w msd="Sozem" lemma="pot">poti</w>
               <c>.</c>
            </s>
         </p>
      </body>
   </text>
</TEI>