<?xml version="1.0" encoding="UTF-8"?>
<TEI xmlns="http://www.tei-c.org/ns/1.0" xml:id="F0002191" xml:lang="sl">
   <teiHeader>
      <fileDesc>
         <titleStmt>
            <title>ccKRES: Dolenjski list (1998-02)</title>
            <funder>Operacijo delno financira Evropska unija iz Evropskega socialnega sklada ter Ministrstvo za šolstvo in šport. Operacija se izvaja v okviru Operativnega programa razvoja človeških virov za obdobje 2007-2013, razvojne prioritete: razvoj človeških virov in vseživljenjskega učenja; prednostne usmeritve: izboljšanje kakovosti in učinkovitosti sistemov izobraževanja in usposabljanja 2007-2013.</funder>
         </titleStmt>
         <editionStmt>
            <edition>1.0</edition>
         </editionStmt>
         <extent>558 besed</extent>
         <publicationStmt>
            <idno>dol2_98</idno>
            <availability status="free">
               <p xml:lang="sl">Avtorske pravice za to izdajo ureja licenca <ref target="http://creativecommons.org/licenses/by-nc/2.5/si/">Creative Commons Priznanje avtorstva-Nekomercialno 2.5 Slovenija</ref>.</p>
               <p xml:lang="en">This work is licenced under the <ref target="http://creativecommons.org/licenses/by-nc/2.5/si/deed.en">Creative Commons Attribution-Noncommercial 2.5 Slovenia</ref>.</p>
            </availability>
            <date>2012-05-06</date>
         </publicationStmt>
         <sourceDesc>
            <bibl>
               <title>Dolenjski list</title>
               <author n="???">neznani novinar</author>
               <date>1998-02</date>
               <publisher n="Dolenjski list">Dolenjski list</publisher>
               <note type="sourceLang">sl</note>
            </bibl>
         </sourceDesc>
      </fileDesc>
      <encodingDesc>
         <projectDesc>
            <p xml:lang="sl">Glej <ref target="http://www.korpus-kres.net/">www.korpus-kres.net</ref> oz. <ref target="http://nl.ijs.si/ssj/">nl.ijs.si/ssj</ref>.</p>
            <p xml:lang="en">See <ref target="http://www.korpus-kres.net/">www.korpus-kres.net</ref> or <ref target="http://nl.ijs.si/ssj/">nl.ijs.si/ssj</ref>.</p>
         </projectDesc>
         <samplingDecl>
            <p xml:lang="sl">
            Besedila in odstavki v korpusu KRES so bili vzorčeni iz
            Gigafide tako, da smo dobili 100-milijonski referenčni
            korpus, v katerem so besedila uravnotežena po vnaprej
            določenih taksonomskih deležih in po podatkih o branosti
            vira (časopisi, revije, novičarski portali).  Korpus
            ccKRES nato, z namenom, da je lahko dostopen po licenci CC,
            vsebuje 10 % naključno vzorčenih odstavkov besedil iz
            korpusa KRES, torej 10 milijonov besed.
	    Več o sestavi korpusa lahko preberete na 
            <ref target="http://www.korpus-kres.net/">www.korpus-kres.net</ref> oz.
            <ref target="http://nl.ijs.si/ssj/">nl.ijs.si/ssj</ref>.
	  </p>
            <p xml:lang="en">
            Texts and paragraphs in the KRES corpus have been sampled from the 
	    Gigafida corpus. The result of the sampling is a 100-million-word 
	    reference corpus. The texts in KRES are balanced according to the 
	    predetermined categories, with particular consideration being paid to 
	    the data on the popularity of the source (newspapers, magazines, 
	    Internet news sites). 
	    To enable free (CC) distribution of the corpus, the ccKRES corpus contains 
	    10% of randomly sampled paragraphs from KRES, i.e. contains 10 million words.
	    For more information about the contents of the corpus, 
	    see <ref target="http://www.korpus-kres.net/">www.korpus-kres.net</ref>
	    and <ref target="http://nl.ijs.si/ssj/">nl.ijs.si/ssj</ref>.
	  </p>
         </samplingDecl>
         <tagsDecl>
            <namespace name="http://www.tei-c.org/ns/1.0">
               <tagUsage gi="p" occurs="6"/>
               <tagUsage gi="s" occurs="25"/>
               <tagUsage gi="S" occurs="558"/>
               <tagUsage gi="w" occurs="558"/>
               <tagUsage gi="c" occurs="92"/>
            </namespace>
         </tagsDecl>
         <classDecl>
            <taxonomy xml:id="SSJ">
               <category xml:id="SSJ.T">
                  <catDesc>tisk</catDesc>
                  <category xml:id="SSJ.T.K">
                     <catDesc>knjižno</catDesc>
                     <category xml:id="SSJ.T.K.L">
                        <catDesc>leposlovno</catDesc>
                     </category>
                     <category xml:id="SSJ.T.K.S">
                        <catDesc>strokovno</catDesc>
                     </category>
                  </category>
                  <category xml:id="SSJ.T.P">
                     <catDesc>periodično</catDesc>
                     <category xml:id="SSJ.T.P.C">
                        <catDesc>časopis</catDesc>
                     </category>
                     <category xml:id="SSJ.T.P.R">
                        <catDesc>revija</catDesc>
                     </category>
                  </category>
                  <category xml:id="SSJ.T.D">
                     <catDesc>drugo</catDesc>
                  </category>
               </category>
               <category xml:id="SSJ.I">
                  <catDesc>internet</catDesc>
               </category>
            </taxonomy>
         </classDecl>
      </encodingDesc>
      <profileDesc>
         <textClass>
            <catRef target="#SSJ.T.P.C"/>
         </textClass>
      </profileDesc>
   </teiHeader>
   <text xml:id="F0002191." xml:lang="sl">
      <body>
         <p xml:id="F0002191.000322">
            <s>
               <w msd="Ppnmeid" lemma="ključen">Ključni</w>
               <S/>
               <w msd="Somei" lemma="čas">čas</w>
               <S/>
               <w msd="Ppnmer" lemma="bodoč">bodočega</w>
               <S/>
               <w msd="Somer" lemma="razvoj">razvoja</w>
               <S/>
               <w msd="Sozer" lemma="tovarna">tovarne</w>
               <S/>
               <w msd="Vp" lemma="in">in</w>
               <S/>
               <w msd="Do" lemma="z">s</w>
               <S/>
               <w msd="Zk-seo" lemma="ta">tem</w>
               <S/>
               <w msd="L" lemma="tudi">tudi</w>
               <S/>
               <w msd="Ppnmer" lemma="mesten">mestnega</w>
               <S/>
               <w msd="Somer" lemma="prostor">prostora</w>
               <S/>
               <w msd="Gp-ste-n" lemma="biti">je</w>
               <S/>
               <w msd="Gp-d-em" lemma="biti">bil</w>
               <S/>
               <w msd="L" lemma="že">že</w>
               <S/>
               <w msd="Rsn" lemma="kar">kar</w>
               <S/>
               <w msd="Somei" lemma="čas">čas</w>
               <S/>
               <w msd="Somer" lemma="konec">konca</w>
               <S/>
               <w msd="Kbvsmr" lemma="petdeseti">petdesetih</w>
               <S/>
               <w msd="Sosmr" lemma="leto">let</w>
               <c>,</c>
               <S/>
               <w msd="Vd" lemma="ko">ko</w>
               <S/>
               <w msd="Gp-stm-n" lemma="biti">so</w>
               <S/>
               <w msd="Ppnmmi" lemma="IMV-jev">IMV-jevi</w>
               <S/>
               <w msd="Sommi" lemma="inženir">inženirji</w>
               <S/>
               <w msd="Do" lemma="pod">pod</w>
               <S/>
               <w msd="Soseo" lemma="vodstvo">vodstvom</w>
               <S/>
               <w msd="O" lemma="inž.">inž.</w>
               <S/>
               <w msd="Slmer" lemma="Martin">Martina</w>
               <S/>
               <w msd="Slmer" lemma="Sever">Severja</w>
               <S/>
               <w msd="Ggdd-mm" lemma="začeti">začeli</w>
               <S/>
               <w msd="Ggnn" lemma="snovati">snovati</w>
               <S/>
               <w msd="Sometn" lemma="avto">avto</w>
               <c>,</c>
               <S/>
               <w msd="Vd" lemma="ki">ki</w>
               <S/>
               <w msd="Gp-ste-n" lemma="biti">je</w>
               <S/>
               <w msd="Dr" lemma="iz">iz</w>
               <S/>
               <w msd="Ppnzmr" lemma="majhen">majhnih</w>
               <S/>
               <w msd="Sozmr" lemma="delavnica">delavnic</w>
               <S/>
               <w msd="Rsn" lemma="ščasoma">ščasoma</w>
               <S/>
               <w msd="Ggdd-em" lemma="ustvariti">ustvaril</w>
               <S/>
               <w msd="Ppnmmt" lemma="orjaški">orjaške</w>
               <S/>
               <w msd="Ppnzer" lemma="industrijski">industrijske</w>
               <S/>
               <w msd="Sozer" lemma="stavba">stavbe</w>
               <c>.</c>
               <S/>
            </s>
            <s>
               <w msd="Ggnd-mm" lemma="snovati">Snovali</w>
               <S/>
               <w msd="Gp-stm-n" lemma="biti">so</w>
               <S/>
               <w msd="Ppnmmi" lemma="slaven">slavni</w>
               <S/>
               <w msd="Ppnsei" lemma="siv">sivo</w>
               <c>-</c>
               <w msd="Ppnmeid" lemma="moder">modri</w>
               <S/>
               <w msd="Somei" lemma="kombi">kombi</w>
               <c>,</c>
               <S/>
               <w msd="Ppnmmi" lemma="oblikovalski">oblikovalski</w>
               <S/>
               <w msd="Vp" lemma="in">in</w>
               <S/>
               <w msd="Ppnmeid" lemma="konstrukterski">konstrukterski</w>
               <S/>
               <w msd="Somei" lemma="dosežek">dosežek</w>
               <S/>
               <w msd="Somer" lemma="čas">časa</w>
               <c>,</c>
               <S/>
               <w msd="Kbvmei" lemma="prvi">prvi</w>
               <S/>
               <w msd="Ppnmeid" lemma="pravi">pravi</w>
               <S/>
               <c>"</c>
               <w msd="Somei" lemma="jugo">jugo</w>
               <c>"</c>
               <S/>
               <w msd="Sometn" lemma="avto">avto</w>
               <S/>
               <w msd="Vp" lemma="in">in</w>
               <S/>
               <w msd="Rsn" lemma="nedvomno">nedvomno</w>
               <S/>
               <w msd="Ppnmeid" lemma="edin">edini</w>
               <S/>
               <w msd="Ppnmeid" lemma="resničen">resnični</w>
               <S/>
               <w msd="Ppnmeid" lemma="avtomobilski">avtomobilski</w>
               <S/>
               <w msd="Somei" lemma="posel">posel</w>
               <S/>
               <w msd="Soser" lemma="stoletje">stoletja</w>
               <S/>
               <w msd="Ppnzer" lemma="nekdanji">nekdanje</w>
               <S/>
               <w msd="Slzer" lemma="Jugoslavija">Jugoslavije</w>
               <c>.</c>
               <S/>
            </s>
            <s>
               <w msd="Somei" lemma="kombi">Kombi</w>
               <c>,</c>
               <S/>
               <w msd="Kbvmei" lemma="prvi">prvi</w>
               <S/>
               <w msd="Ppnmeid" lemma="jugoslovanski">jugoslovanski</w>
               <S/>
               <w msd="Ppnmeid" lemma="avtomobilski">avtomobilski</w>
               <S/>
               <w msd="Ppnmeid" lemma="izvozen">izvozni</w>
               <S/>
               <w msd="Somei" lemma="artikel">artikel</w>
               <S/>
               <w msd="Dt" lemma="na">na</w>
               <S/>
               <w msd="Sometn" lemma="zahod">zahod</w>
               <S/>
               <w msd="Slzer" lemma="Evropa">Evrope</w>
               <c>,</c>
               <S/>
               <w msd="Vp" lemma="pa">pa</w>
               <S/>
               <w msd="Gp-ste-n" lemma="biti">je</w>
               <S/>
               <c>"</c>
               <w msd="Rsn" lemma="žal">žal</w>
               <c>"</c>
               <S/>
               <w msd="L" lemma="že">že</w>
               <S/>
               <w msd="Rsn" lemma="spočetka">spočetka</w>
               <S/>
               <w msd="Ggdd-em" lemma="postati">postal</w>
               <S/>
               <w msd="Rsn" lemma="izredno">izredno</w>
               <S/>
               <w msd="Ppnmein" lemma="popularen">popularen</w>
               <S/>
               <w msd="Vp" lemma="in">in</w>
               <S/>
               <w msd="Pdnmein" lemma="željen">željen</w>
               <S/>
               <w msd="Dm" lemma="v">v</w>
               <S/>
               <w msd="Slzem" lemma="Jugoslavija">Jugoslaviji</w>
               <S/>
               <w msd="Vp" lemma="in">in</w>
               <S/>
               <w msd="Sozem" lemma="tujina">tujini</w>
               <c>,</c>
               <S/>
               <w msd="Vp" lemma="tako">tako</w>
               <S/>
               <w msd="Vd" lemma="da">da</w>
               <S/>
               <w msd="Gp-ste-d" lemma="biti">ni</w>
               <S/>
               <w msd="Ggdd-es" lemma="preostati">preostalo</w>
               <S/>
               <w msd="Kbzser" lemma="drug">drugega</w>
               <S/>
               <w msd="Vd" lemma="kot">kot</w>
               <S/>
               <w msd="Rsn" lemma="etapno">etapno</w>
               <c>,</c>
               <S/>
               <w msd="Dm" lemma="v">v</w>
               <S/>
               <w msd="Somem" lemma="sklad">skladu</w>
               <S/>
               <w msd="Do" lemma="z">z</w>
               <S/>
               <w msd="Ppnzmo" lemma="razpoložljiv">razpoložljivimi</w>
               <S/>
               <w msd="Sozmo" lemma="možnost">možnostmi</w>
               <c>,</c>
               <S/>
               <w msd="L" lemma="še">še</w>
               <S/>
               <w msd="Rsn" lemma="nadalje">nadalje</w>
               <S/>
               <w msd="Ggnn" lemma="povečevati">povečevati</w>
               <S/>
               <w msd="Sozet" lemma="proizvodnja">proizvodnjo</w>
               <c>.</c>
               <S/>
            </s>
            <s>
               <w msd="Rsn" lemma="tedaj">Tedaj</w>
               <S/>
               <w msd="Gp-ste-n" lemma="biti">je</w>
               <S/>
               <w msd="Zk-sei" lemma="ta">to</w>
               <S/>
               <w msd="Ggvd-es" lemma="pomeniti">pomenilo</w>
               <S/>
               <w msd="L" lemma="predvsem">predvsem</w>
               <S/>
               <w msd="Ggnn" lemma="graditi">graditi</w>
               <c>,</c>
               <S/>
               <w msd="Ggnn" lemma="širiti">širiti</w>
               <S/>
               <w msd="Sommt" lemma="prostor">prostore</w>
               <c>.</c>
            </s>
         </p>
         <p xml:id="F0002191.003459">
            <s>
               <w msd="Ppnmmi" lemma="star">STARI</w>
               <S/>
               <w msd="Vp" lemma="in">IN</w>
               <S/>
               <w msd="Ppnmein" lemma="nov">NOV</w>
               <S/>
               <w msd="Somei" lemma="kot">KOT</w>
               <S/>
               <c>-</c>
               <S/>
               <w msd="Zc-zdi" lemma="oba">Obe</w>
               <S/>
               <w msd="Sozdi" lemma="vas">vasi</w>
               <S/>
               <w msd="Gp-std-n" lemma="biti">sta</w>
               <S/>
               <w msd="Rsn" lemma="dokaj">dokaj</w>
               <S/>
               <w msd="Ppnmmi" lemma="oddaljen">oddaljeni</w>
               <S/>
               <w msd="Dr" lemma="od">od</w>
               <S/>
               <w msd="Ppnser" lemma="krajeven">krajevnega</w>
               <S/>
               <w msd="Soser" lemma="središče">središča</w>
               <S/>
               <w msd="Ppnzer" lemma="drag">Drage</w>
               <S/>
               <w msd="Vp" lemma="in">in</w>
               <S/>
               <w msd="Gp-ste-n" lemma="biti">je</w>
               <S/>
               <w msd="Sozei" lemma="ideja">ideja</w>
               <S/>
               <w msd="Dm" lemma="o">o</w>
               <S/>
               <w msd="Sozem" lemma="gradnja">gradnji</w>
               <S/>
               <w msd="Ppnmer" lemma="večnamenski">večnamenskega</w>
               <S/>
               <w msd="Somer" lemma="prostor">prostora</w>
               <S/>
               <w msd="L" lemma="že">že</w>
               <S/>
               <w msd="Rsn" lemma="kar">kar</w>
               <S/>
               <w msd="Rsn" lemma="nekaj">nekaj</w>
               <S/>
               <w msd="Sosmr" lemma="leto">let</w>
               <c>.</c>
               <S/>
            </s>
            <s>
               <w msd="Rsn" lemma="sedaj">Sedaj</w>
               <S/>
               <w msd="Gp-stm-n" lemma="biti">so</w>
               <S/>
               <w msd="Sommi" lemma="sestanek">sestanki</w>
               <S/>
               <w msd="Rsn" lemma="kar">kar</w>
               <S/>
               <w msd="Dm" lemma="v">v</w>
               <S/>
               <w msd="Ppnzmm" lemma="zaseben">zasebnih</w>
               <S/>
               <w msd="Sozmm" lemma="hiša">hišah</w>
               <c>,</c>
               <S/>
               <w msd="Vp" lemma="zato">zato</w>
               <S/>
               <w msd="Rsn" lemma="resnično">resnično</w>
               <S/>
               <w msd="Ggnstm" lemma="potrebovati">potrebujejo</w>
               <S/>
               <w msd="Ppnmein" lemma="skupen">skupen</w>
               <S/>
               <w msd="Somei" lemma="prostor">prostor</w>
               <S/>
               <w msd="Dt" lemma="za">za</w>
               <S/>
               <w msd="Zk-zmt" lemma="ta">te</w>
               <S/>
               <w msd="Sozmt" lemma="aktivnost">aktivnosti</w>
               <c>,</c>
               <S/>
               <w msd="Ggnd-em" lemma="rabiti">rabil</w>
               <S/>
               <w msd="Vp" lemma="pa">pa</w>
               <S/>
               <w msd="Gp-g" lemma="biti">bi</w>
               <S/>
               <w msd="Ppnzed" lemma="civilen">civilni</w>
               <S/>
               <w msd="Sozed" lemma="zaščita">zaščiti</w>
               <S/>
               <w msd="Vp" lemma="in">in</w>
               <S/>
               <w msd="Sozem" lemma="orodjarna">orodjarni</w>
               <S/>
               <w msd="Dt" lemma="za">za</w>
               <S/>
               <w msd="Sozmt" lemma="potreba">potrebe</w>
               <S/>
               <w msd="Soser" lemma="gasilstvo">gasilstva</w>
               <c>;</c>
               <S/>
               <w msd="Ggnstm" lemma="upati">upajo</w>
               <S/>
               <w msd="L" lemma="celo">celo</w>
               <c>,</c>
               <S/>
               <w msd="Vd" lemma="da">da</w>
               <S/>
               <w msd="Gp-ptm-n" lemma="biti">bodo</w>
               <S/>
               <w msd="Ggdd-mm" lemma="dobiti">dobili</w>
               <S/>
               <w msd="Ppnzet" lemma="motoren">motorno</w>
               <S/>
               <w msd="Sozet" lemma="brizgalna">brizgalno</w>
               <c>,</c>
               <S/>
               <w msd="Dd" lemma="kljub">kljub</w>
               <S/>
               <w msd="Zk-sed" lemma="ta">temu</w>
               <S/>
               <w msd="Vd" lemma="da">da</w>
               <S/>
               <w msd="Sozer" lemma="vas">vasi</w>
               <S/>
               <w msd="Ggnstd" lemma="spadati">spadata</w>
               <S/>
               <w msd="Dt" lemma="v">v</w>
               <S/>
               <w msd="Ppnmetd" lemma="gasilski">gasilski</w>
               <S/>
               <w msd="Sometn" lemma="okoliš">okoliš</w>
               <S/>
               <w msd="Slzei" lemma="Podpreska">Podpreska</w>
               <c>.</c>
               <S/>
            </s>
            <s>
               <w msd="Rsn" lemma="tako">Tako</w>
               <S/>
               <w msd="Gp-stm-n" lemma="biti">so</w>
               <S/>
               <w msd="L" lemma="že">že</w>
               <S/>
               <w msd="Pdnzet" lemma="pretekel">preteklo</w>
               <S/>
               <w msd="Soset" lemma="leto">leto</w>
               <S/>
               <w msd="Ggdd-mm" lemma="skopati">skopali</w>
               <S/>
               <w msd="Ppnzet" lemma="gradben">gradbeno</w>
               <S/>
               <w msd="Sozet" lemma="jama">jamo</w>
               <S/>
               <w msd="Dm" lemma="na">na</w>
               <S/>
               <w msd="Somem" lemma="prostor">prostoru</w>
               <S/>
               <w msd="Ppnzer" lemma="nekdanji">nekdanje</w>
               <S/>
               <w msd="Sozer" lemma="šola">šole</w>
               <S/>
               <w msd="Dm" lemma="v">v</w>
               <S/>
               <w msd="Ppnmem" lemma="nov">Novem</w>
               <S/>
               <w msd="Somem" lemma="kot">Kotu</w>
               <c>.</c>
               <S/>
            </s>
            <s>
               <w msd="Sosei" lemma="zemljišče">Zemljišče</w>
               <S/>
               <w msd="Gp-ste-n" lemma="biti">je</w>
               <S/>
               <w msd="Gp-d-es" lemma="biti">bilo</w>
               <S/>
               <w msd="L" lemma="že">že</w>
               <S/>
               <w msd="Soser" lemma="leto">leta</w>
               <S/>
               <w msd="Kag" lemma="1900">1900</w>
               <S/>
               <w msd="Pdnsei" lemma="vknjižen">vknjiženo</w>
               <S/>
               <w msd="Dt" lemma="na">na</w>
               <S/>
               <w msd="Sozet" lemma="vas">vas</w>
               <S/>
               <w msd="Vp" lemma="in">in</w>
               <S/>
               <w msd="Zp------k" lemma="se">se</w>
               <S/>
               <w msd="Sosei" lemma="lastništvo">lastništvo</w>
               <S/>
               <w msd="Gp-ste-d" lemma="biti">ni</w>
               <S/>
               <w msd="Rsn" lemma="nikoli">nikoli</w>
               <S/>
               <w msd="Ggnd-es" lemma="spreminjati">spreminjalo</w>
               <c>,</c>
               <S/>
               <w msd="Vp" lemma="torej">torej</w>
               <S/>
               <w msd="Gp-ste-n" lemma="biti">je</w>
               <S/>
               <w msd="Sozei" lemma="last">last</w>
               <S/>
               <w msd="Sozer" lemma="občina">občine</w>
               <S/>
               <w msd="Ppnmeid" lemma="loški">Loški</w>
               <S/>
               <w msd="Somei" lemma="potok">Potok</w>
               <c>,</c>
               <S/>
               <w msd="Vp" lemma="zato">zato</w>
               <S/>
               <w msd="Ggnstm" lemma="upati">upajo</w>
               <c>,</c>
               <S/>
               <w msd="Vd" lemma="da">da</w>
               <S/>
               <w msd="Dm" lemma="po">po</w>
               <S/>
               <w msd="Zk-zem" lemma="ta">tej</w>
               <S/>
               <w msd="Sozem" lemma="plat">plati</w>
               <S/>
               <w msd="L" lemma="ne">ne</w>
               <S/>
               <w msd="Gp-pte-n" lemma="biti">bo</w>
               <S/>
               <w msd="Sozmr" lemma="težava">težav</w>
               <c>.</c>
               <S/>
            </s>
            <s>
               <w msd="Ppnzet" lemma="gradben">Gradbeno</w>
               <S/>
               <w msd="Sozet" lemma="dokumentacija">dokumentacijo</w>
               <S/>
               <w msd="Vp" lemma="pa">pa</w>
               <S/>
               <w msd="Zotmmd--k" lemma="on">jim</w>
               <S/>
               <w msd="Ggnste" lemma="urejati">ureja</w>
               <S/>
               <w msd="Somei" lemma="stan">Stan</w>
               <S/>
               <w msd="Somei" lemma="biro">biro</w>
               <S/>
               <w msd="Dr" lemma="iz">iz</w>
               <S/>
               <w msd="Slzer" lemma="Ribnica">Ribnice</w>
               <c>.</c>
               <S/>
            </s>
            <s>
               <w msd="Rsn" lemma="kako">Kako</w>
               <S/>
               <w msd="Gp-ptm-n" lemma="biti">bodo</w>
               <S/>
               <w msd="Ggdd-mm" lemma="izpeljati">izpeljali</w>
               <S/>
               <w msd="Zk-sei" lemma="ta">to</w>
               <S/>
               <w msd="Dt" lemma="za">za</w>
               <S/>
               <w msd="Kbgzdt" lemma="dva">dve</w>
               <S/>
               <w msd="Ppnzem" lemma="mali">mali</w>
               <S/>
               <w msd="Sozem" lemma="vas">vasi</w>
               <S/>
               <w msd="Rsn" lemma="kar">kar</w>
               <S/>
               <w msd="Rsn" lemma="veliko">veliko</w>
               <S/>
               <w msd="Sozet" lemma="investicija">investicijo</w>
               <c>,</c>
               <S/>
               <w msd="Ppnmeid" lemma="pravi">pravi</w>
               <S/>
               <w msd="Somei" lemma="predsednik">predsednik</w>
               <S/>
               <w msd="Sozer" lemma="KS">KS</w>
               <S/>
               <w msd="Slmer" lemma="Drag">Draga</w>
               <S/>
               <w msd="Vp" lemma="in">in</w>
               <S/>
               <w msd="Somei" lemma="sovaščan">sovaščan</w>
               <S/>
               <w msd="Slmei" lemma="Toni">Toni</w>
               <S/>
               <w msd="Slmei" lemma="Cimprič">Cimprič</w>
               <S/>
               <w msd="Rsn" lemma="takole">takole</w>
               <c>:</c>
               <S/>
               <c>"</c>
               <w msd="Zc-sei" lemma="ves">Vse</w>
               <S/>
               <w msd="Ppnmmt" lemma="dosedanji">dosedanje</w>
               <S/>
               <w msd="Sommt" lemma="strošek">stroške</w>
               <S/>
               <w msd="Gp-spm-n" lemma="biti">smo</w>
               <S/>
               <w msd="Ggnd-mm" lemma="kriti">krili</w>
               <S/>
               <w msd="Sommi" lemma="vaščan">vaščani</w>
               <S/>
               <w msd="Ppnmmi" lemma="sam">sami</w>
               <c>.</c>
               <S/>
            </s>
            <s>
               <w msd="Ggnspm" lemma="računati">Računamo</w>
               <S/>
               <w msd="L" lemma="še">še</w>
               <S/>
               <w msd="Dt" lemma="na">na</w>
               <S/>
               <w msd="Ppnset" lemma="prostovoljen">prostovoljno</w>
               <S/>
               <w msd="Soset" lemma="delo">delo</w>
               <c>,</c>
               <S/>
               <w msd="Vp" lemma="tako">tako</w>
               <S/>
               <w msd="Vd" lemma="da">da</w>
               <S/>
               <w msd="Gp-ptm-n" lemma="biti">bodo</w>
               <S/>
               <w msd="Sozet" lemma="investicija">investicijo</w>
               <S/>
               <c>-</c>
               <S/>
               <w msd="Ggnspm" lemma="računati">računamo</w>
               <c>,</c>
               <S/>
               <w msd="Vd" lemma="da">da</w>
               <S/>
               <w msd="Gp-pte-n" lemma="biti">bo</w>
               <S/>
               <w msd="Ggnd-ez" lemma="stati">stala</w>
               <S/>
               <w msd="Kag" lemma="4">4</w>
               <S/>
               <w msd="Dr" lemma="do">do</w>
               <S/>
               <w msd="Kag" lemma="5">5</w>
               <S/>
               <w msd="Sommr" lemma="milijon">milijonov</w>
               <S/>
               <c>-</c>
               <S/>
               <w msd="L" lemma="vsaj">vsaj</w>
               <S/>
               <w msd="Sozet" lemma="polovica">polovico</w>
               <S/>
               <w msd="Ggnd-mm" lemma="kriti">krili</w>
               <S/>
               <w msd="Sommi" lemma="vaščan">vaščani</w>
               <c>.</c>
               <S/>
            </s>
            <s>
               <w msd="Sozei" lemma="prošnja">Prošnja</w>
               <c>,</c>
               <S/>
               <w msd="Vd" lemma="ki">ki</w>
               <S/>
               <w msd="Gp-spm-n" lemma="biti">smo</w>
               <S/>
               <w msd="Zotzet--k" lemma="on">jo</w>
               <S/>
               <w msd="Ggdd-mm" lemma="poslati">poslali</w>
               <S/>
               <w msd="Ppnmed" lemma="republiški">republiškemu</w>
               <S/>
               <w msd="Somed" lemma="štab">štabu</w>
               <S/>
               <w msd="Dt" lemma="za">za</w>
               <S/>
               <w msd="Slzer" lemma="CZ">CZ</w>
               <c>,</c>
               <S/>
               <w msd="Gp-ste-d" lemma="biti">ni</w>
               <S/>
               <w msd="Gp-d-ez" lemma="biti">bila</w>
               <S/>
               <w msd="Rsn" lemma="ugodno">ugodno</w>
               <S/>
               <w msd="Pdnzei" lemma="rešen">rešena</w>
               <c>.</c>
               <S/>
            </s>
            <s>
               <w msd="Sozei" lemma="občina">Občina</w>
               <S/>
               <w msd="Ppnmeid" lemma="loški">Loški</w>
               <S/>
               <w msd="Somei" lemma="potok">Potok</w>
               <S/>
               <w msd="Vp" lemma="pa">pa</w>
               <S/>
               <w msd="Gp-ste-n" lemma="biti">je</w>
               <S/>
               <w msd="Dt" lemma="za">za</w>
               <S/>
               <w msd="Sozet" lemma="gradnja">gradnjo</w>
               <S/>
               <w msd="L" lemma="že">že</w>
               <S/>
               <w msd="Ggdd-ez" lemma="dati">dala</w>
               <S/>
               <w msd="Ppnzet" lemma="zelen">zeleno</w>
               <S/>
               <w msd="Sozet" lemma="luč">luč</w>
               <c>.</c>
               <S/>
            </s>
            <s>
               <w msd="Ggnspm" lemma="računati">Računamo</w>
               <c>,</c>
               <S/>
               <w msd="Vd" lemma="da">da</w>
               <S/>
               <w msd="Gp-pte-n" lemma="biti">bo</w>
               <S/>
               <w msd="Sozei" lemma="stavba">stavba</w>
               <S/>
               <w msd="Dr" lemma="do">do</w>
               <S/>
               <w msd="Kav" lemma="1.">1.</w>
               <S/>
               <w msd="Somer" lemma="maj">maja</w>
               <S/>
               <w msd="Pdnzei" lemma="zgrajen">zgrajena</w>
               <S/>
               <w msd="L" lemma="vsaj">vsaj</w>
               <S/>
               <w msd="Dr" lemma="do">do</w>
               <S/>
               <w msd="Kbvzer" lemma="prvi">prve</w>
               <S/>
               <w msd="Sozer" lemma="plošča">plošče</w>
               <c>.</c>
               <c>"</c>
            </s>
         </p>
         <p xml:id="F0002191.004342">
            <s>
               <w msd="Sozei" lemma="družina">Družina</w>
               <S/>
               <w msd="Ggnste" lemma="živeti">živi</w>
               <S/>
               <w msd="Dm" lemma="v">v</w>
               <S/>
               <w msd="Ppnzem" lemma="skromen">skromni</w>
               <S/>
               <w msd="Vp" lemma="in">in</w>
               <S/>
               <w msd="Dt" lemma="na">na</w>
               <S/>
               <w msd="Rsn" lemma="pol">pol</w>
               <S/>
               <w msd="Pdnzem" lemma="podirajoč">podirajoči</w>
               <S/>
               <w msd="Zp------k" lemma="se">se</w>
               <S/>
               <w msd="Ppnzem" lemma="star">stari</w>
               <S/>
               <w msd="Sozem" lemma="hiša">hiši</w>
               <c>,</c>
               <S/>
               <w msd="Vd" lemma="ki">ki</w>
               <S/>
               <w msd="Zotzet--k" lemma="on">jo</w>
               <S/>
               <w msd="Gp-ste-n" lemma="biti">je</w>
               <S/>
               <w msd="Somei" lemma="oče">oče</w>
               <S/>
               <w msd="Slmei" lemma="Tomaž">Tomaž</w>
               <S/>
               <w msd="Ggdd-em" lemma="podedovati">podedoval</w>
               <S/>
               <w msd="Dm" lemma="po">po</w>
               <S/>
               <w msd="Sozem" lemma="teta">teti</w>
               <c>.</c>
               <S/>
            </s>
            <s>
               <w msd="Dt" lemma="v">V</w>
               <S/>
               <w msd="Sozet" lemma="služba">službo</w>
               <S/>
               <w msd="Ggnste" lemma="hoditi">hodi</w>
               <S/>
               <w msd="L" lemma="le">le</w>
               <S/>
               <w msd="Zstzeiez" lemma="njen">njena</w>
               <S/>
               <w msd="Sozei" lemma="mamica">mamica</w>
               <S/>
               <w msd="Slzei" lemma="Irma">Irma</w>
               <c>,</c>
               <S/>
               <w msd="Pdnzei" lemma="zaposlen">zaposlena</w>
               <S/>
               <w msd="Gp-ste-n" lemma="biti">je</w>
               <S/>
               <w msd="Dm" lemma="v">v</w>
               <S/>
               <w msd="Slmei" lemma="Intel">Intel</w>
               <S/>
               <w msd="Somem" lemma="servis">servisu</w>
               <S/>
               <w msd="Dm" lemma="v">v</w>
               <S/>
               <w msd="Ppnsem" lemma="nov">Novem</w>
               <S/>
               <w msd="Sosem" lemma="mesto">mestu</w>
               <c>,</c>
               <S/>
               <w msd="Slmei" lemma="Tomaž">Tomaž</w>
               <S/>
               <w msd="Vp" lemma="pa">pa</w>
               <S/>
               <w msd="Gp-ste-n" lemma="biti">je</w>
               <S/>
               <w msd="L" lemma="že">že</w>
               <S/>
               <w msd="Kbgsdt" lemma="dva">dve</w>
               <S/>
               <w msd="Sosdt" lemma="leto">leti</w>
               <S/>
               <w msd="Dr" lemma="brez">brez</w>
               <S/>
               <w msd="Sozer" lemma="služba">službe</w>
               <c>,</c>
               <S/>
               <w msd="Do" lemma="pred">pred</w>
               <S/>
               <w msd="Ppnmeo" lemma="kratek">kratkim</w>
               <S/>
               <w msd="Vp" lemma="pa">pa</w>
               <S/>
               <w msd="Zp------k" lemma="se">se</w>
               <S/>
               <w msd="Gp-ste-n" lemma="biti">je</w>
               <S/>
               <w msd="L" lemma="še">še</w>
               <S/>
               <w msd="Rsn" lemma="hudo">hudo</w>
               <S/>
               <w msd="Ggdd-em" lemma="poškodovati">poškodoval</w>
               <S/>
               <w msd="Dm" lemma="v">v</w>
               <S/>
               <w msd="Ppnzem" lemma="prometen">prometni</w>
               <S/>
               <w msd="Sozem" lemma="nesreča">nesreči</w>
               <c>.</c>
               <S/>
            </s>
            <s>
               <w msd="Vd" lemma="ko">Ko</w>
               <S/>
               <w msd="Gp-spm-n" lemma="biti">smo</w>
               <S/>
               <w msd="Sozet" lemma="družina">družino</w>
               <S/>
               <w msd="Ggdd-mm" lemma="obiskati">obiskali</w>
               <c>,</c>
               <S/>
               <w msd="Gp-ste-n" lemma="biti">je</w>
               <S/>
               <w msd="Gp-d-em" lemma="biti">bil</w>
               <S/>
               <w msd="L" lemma="še">še</w>
               <S/>
               <w msd="Dm" lemma="v">v</w>
               <S/>
               <w msd="Sozem" lemma="bolnišnica">bolnišnici</w>
               <c>.</c>
               <S/>
            </s>
            <s>
               <w msd="Slzei" lemma="Barbara">Barbara</w>
               <S/>
               <w msd="Ggnste-n" lemma="imeti">ima</w>
               <S/>
               <w msd="L" lemma="še">še</w>
               <S/>
               <w msd="Pppmer" lemma="mlad">mlajšega</w>
               <S/>
               <w msd="Sometd" lemma="bratec">bratca</w>
               <S/>
               <w msd="Slmetd" lemma="Aljaž">Aljaža</w>
               <c>,</c>
               <S/>
               <w msd="Vd" lemma="ki">ki</w>
               <S/>
               <w msd="Gp-ste-n" lemma="biti">je</w>
               <S/>
               <w msd="Dt" lemma="v">v</w>
               <S/>
               <w msd="Sozet" lemma="sobota">soboto</w>
               <c>,</c>
               <S/>
               <w msd="Dt" lemma="na">na</w>
               <S/>
               <w msd="Soset" lemma="valentinovo">valentinovo</w>
               <c>,</c>
               <S/>
               <w msd="Ggnd-em" lemma="praznovati">praznoval</w>
               <S/>
               <w msd="Kbzzem" lemma="drug">drugi</w>
               <S/>
               <w msd="Ppnmetd" lemma="rojsten">rojstni</w>
               <S/>
               <w msd="Sometn" lemma="dan">dan</w>
               <c>.</c>
               <S/>
            </s>
            <s>
               <c>"</c>
               <w msd="Rsn" lemma="tako">Tako</w>
               <S/>
               <w msd="Rsn" lemma="skromno">skromno</w>
               <S/>
               <w msd="Ggnspm" lemma="živeti">živimo</w>
               <c>,</c>
               <S/>
               <w msd="Vd" lemma="da">da</w>
               <S/>
               <w msd="Zotmed--k" lemma="on">mu</w>
               <S/>
               <w msd="Gp-spe-d" lemma="biti">nisem</w>
               <S/>
               <w msd="Ggnd-ez" lemma="moči">mogla</w>
               <S/>
               <w msd="Zl-ser" lemma="nič">ničesar</w>
               <S/>
               <w msd="Ggdn" lemma="pripraviti">pripraviti</w>
               <S/>
               <w msd="Dt" lemma="za">za</w>
               <S/>
               <w msd="Zstmetem" lemma="njegov">njegov</w>
               <S/>
               <w msd="Sometn" lemma="praznik">praznik</w>
               <c>,</c>
               <S/>
               <w msd="Gp-ppe-n" lemma="biti">bom</w>
               <S/>
               <w msd="Vp" lemma="pa">pa</w>
               <S/>
               <w msd="Kbzmmi" lemma="drug">drugi</w>
               <S/>
               <w msd="Sometn" lemma="teden">teden</w>
               <c>,</c>
               <S/>
               <w msd="Vd" lemma="ko">ko</w>
               <S/>
               <w msd="Gp-ppe-n" lemma="biti">bom</w>
               <S/>
               <w msd="Ggdd-ez" lemma="dobiti">dobila</w>
               <S/>
               <w msd="Sozet" lemma="plača">plačo</w>
               <c>,</c>
               <c>"</c>
               <S/>
               <w msd="Gp-ste-n" lemma="biti">je</w>
               <S/>
               <w msd="Rsn" lemma="žalostno">žalostno</w>
               <S/>
               <w msd="Ggdd-ez" lemma="povedati">povedala</w>
               <S/>
               <w msd="Slzei" lemma="Irma">Irma</w>
               <c>.</c>
               <S/>
            </s>
            <s>
               <w msd="Dm" lemma="v">V</w>
               <S/>
               <w msd="Sozem" lemma="hiša">hiši</w>
               <c>,</c>
               <S/>
               <w msd="Dt" lemma="v">v</w>
               <S/>
               <w msd="Zv-zet" lemma="kateri">katero</w>
               <S/>
               <w msd="Ggnste" lemma="siliti">sili</w>
               <S/>
               <w msd="Sometn" lemma="mraz">mraz</w>
               <S/>
               <w msd="Dr" lemma="z">z</w>
               <S/>
               <w msd="Zc-mmr" lemma="ves">vseh</w>
               <S/>
               <w msd="Sommr" lemma="konec">koncev</w>
               <c>,</c>
               <S/>
               <w msd="Zp------k" lemma="se">se</w>
               <S/>
               <w msd="Ggnstm" lemma="ogrevati">ogrevajo</w>
               <S/>
               <w msd="Do" lemma="z">s</w>
               <S/>
               <w msd="Soseo" lemma="kurjenje">kurjenjem</w>
               <S/>
               <w msd="Dm" lemma="v">v</w>
               <S/>
               <w msd="Somem" lemma="štedilnik">štedilniku</w>
               <S/>
               <w msd="Vp" lemma="in">in</w>
               <S/>
               <w msd="Dm" lemma="v">v</w>
               <S/>
               <w msd="Sozem" lemma="soba">sobi</w>
               <S/>
               <w msd="Do" lemma="z">z</w>
               <S/>
               <w msd="Ppnzeo" lemma="električen">električno</w>
               <S/>
               <w msd="Sozeo" lemma="peč">pečjo</w>
               <c>,</c>
               <S/>
               <w msd="Vd" lemma="ki">ki</w>
               <S/>
               <w msd="Vp" lemma="pa">pa</w>
               <S/>
               <w msd="Dt" lemma="na">na</w>
               <S/>
               <w msd="Sozet" lemma="žalost">žalost</w>
               <S/>
               <w msd="Ggdste" lemma="porabiti">porabi</w>
               <S/>
               <w msd="Rsn" lemma="zelo">zelo</w>
               <S/>
               <w msd="Rsn" lemma="veliko">veliko</w>
               <S/>
               <w msd="Sozer" lemma="elektrika">elektrike</w>
               <c>.</c>
               <S/>
            </s>
            <s>
               <c>"</c>
               <w msd="Pdnmein" lemma="dotrajan">Dotrajan</w>
               <S/>
               <w msd="Ggnspm-n" lemma="imeti">imamo</w>
               <S/>
               <w msd="L" lemma="tudi">tudi</w>
               <S/>
               <w msd="Ppnmetd" lemma="pralen">pralni</w>
               <S/>
               <w msd="Sometn" lemma="stroj">stroj</w>
               <c>,</c>
               <S/>
               <w msd="Pdnmer" lemma="rabljen">rabljenega</w>
               <S/>
               <w msd="Gp-spe-n" lemma="biti">sem</w>
               <S/>
               <w msd="Ggdd-ez" lemma="kupiti">kupila</w>
               <S/>
               <w msd="Dt" lemma="za">za</w>
               <S/>
               <w msd="Kbg-mt" lemma="pet">pet</w>
               <S/>
               <w msd="Sommr" lemma="tisočak">tisočakov</w>
               <c>,</c>
               <S/>
               <w msd="Rsn" lemma="žal">žal</w>
               <S/>
               <w msd="Gp-ste-n" lemma="biti">je</w>
               <S/>
               <w msd="L" lemma="že">že</w>
               <S/>
               <w msd="Dm" lemma="po">po</w>
               <S/>
               <w msd="Kbgsmm" lemma="trije">treh</w>
               <S/>
               <w msd="Sosmm" lemma="pranje">pranjih</w>
               <S/>
               <w msd="Ggdd-em" lemma="odpovedati">odpovedal</w>
               <c>,</c>
               <c>"</c>
               <S/>
               <w msd="Gp-ste-n" lemma="biti">je</w>
               <S/>
               <w msd="Ggdd-ez" lemma="povedati">povedala</w>
               <c>.</c>
               <S/>
            </s>
            <s>
               <w msd="Ggnd-mm" lemma="potrebovati">Potrebovali</w>
               <S/>
               <w msd="Gp-g" lemma="biti">bi</w>
               <S/>
               <w msd="L" lemma="tudi">tudi</w>
               <S/>
               <w msd="Ppnmetn" lemma="nov">nov</w>
               <S/>
               <w msd="Sometn" lemma="hladilnik">hladilnik</w>
               <c>,</c>
               <S/>
               <w msd="Somei" lemma="štedilnik">štedilnik</w>
               <S/>
               <w msd="Vp" lemma="in">in</w>
               <S/>
               <w msd="Sozet" lemma="peč">peč</w>
               <S/>
               <w msd="Vp" lemma="pa">pa</w>
               <S/>
               <w msd="Zv-zet" lemma="kakšen">kakšno</w>
               <S/>
               <w msd="Sozet" lemma="omara">omaro</w>
               <c>,</c>
               <S/>
               <w msd="Vd" lemma="kamor">kamor</w>
               <S/>
               <w msd="Gp-g" lemma="biti">bi</w>
               <S/>
               <w msd="Rsn" lemma="lahko">lahko</w>
               <S/>
               <w msd="Ggdd-mm" lemma="shraniti">shranili</w>
               <S/>
               <w msd="Sozmt" lemma="obleka">obleke</w>
               <c>,</c>
               <S/>
               <w msd="Vp" lemma="vendar">vendar</w>
               <S/>
               <w msd="Slzei" lemma="Irma">Irma</w>
               <S/>
               <w msd="Dt" lemma="na">na</w>
               <S/>
               <w msd="Zk-set" lemma="ta">to</w>
               <S/>
               <w msd="Rsn" lemma="hitro">hitro</w>
               <S/>
               <w msd="Ggdste" lemma="dodati">doda</w>
               <c>,</c>
               <S/>
               <w msd="Vd" lemma="da">da</w>
               <S/>
               <w msd="Gp-pte-n" lemma="biti">bo</w>
               <S/>
               <w msd="Zk-zmt" lemma="ta">te</w>
               <S/>
               <w msd="Sozmt" lemma="stvar">stvari</w>
               <S/>
               <w msd="L" lemma="že">že</w>
               <S/>
               <w msd="Rsn" lemma="nekako">nekako</w>
               <S/>
               <w msd="Ggdd-ez" lemma="nabaviti">nabavila</w>
               <S/>
               <w msd="Dt" lemma="na">na</w>
               <S/>
               <w msd="Rsr" lemma="več">več</w>
               <S/>
               <w msd="Sommr" lemma="ček">čekov</w>
               <c>,</c>
               <S/>
               <w msd="Vd" lemma="ko">ko</w>
               <S/>
               <w msd="Zp------k" lemma="se">se</w>
               <S/>
               <w msd="Gp-pte-n" lemma="biti">bo</w>
               <S/>
               <w msd="Ggdd-ez" lemma="rešiti">rešila</w>
               <S/>
               <w msd="Ppnmmr" lemma="sedanji">sedanjih</w>
               <S/>
               <w msd="Sommr" lemma="dolg">dolgov</w>
               <c>.</c>
            </s>
         </p>
         <p xml:id="F0002191.004571">
            <s>
               <w msd="Rsn" lemma="težko">Težko</w>
               <S/>
               <w msd="Zp------k" lemma="se">se</w>
               <S/>
               <w msd="Ggnstm" lemma="sporazumevati">sporazumevajo</w>
               <S/>
               <w msd="Do" lemma="z">s</w>
               <S/>
               <w msd="Pdnmmo" lemma="slišeč">slišečimi</w>
               <S/>
               <w msd="Sommo" lemma="človek">ljudmi</w>
               <c>,</c>
               <S/>
               <w msd="Vd" lemma="ker">ker</w>
               <S/>
               <w msd="Zk-mmi" lemma="ta">ti</w>
               <S/>
               <w msd="L" lemma="ne">ne</w>
               <S/>
               <w msd="Ggnstm" lemma="poznati">poznajo</w>
               <S/>
               <w msd="Ppnmer" lemma="znakoven">znakovnega</w>
               <S/>
               <w msd="Somer" lemma="jezik">jezika</w>
               <S/>
               <c>-</c>
               <S/>
               <w msd="Sosem" lemma="društvo">Društvu</w>
               <S/>
               <w msd="Gp-ste-n" lemma="biti">je</w>
               <S/>
               <w msd="Slzei" lemma="SLS">SLS</w>
               <S/>
               <w msd="Ggdd-ez" lemma="podariti">podarila</w>
               <S/>
               <w msd="Sometn" lemma="televizor">televizor</w>
               <c>,</c>
               <S/>
               <w msd="Ppnmeid" lemma="nov">Novi</w>
               <S/>
               <w msd="Somei" lemma="medij">medij</w>
               <S/>
               <w msd="Vp" lemma="pa">pa</w>
               <S/>
               <w msd="Somei" lemma="denar">denar</w>
               <S/>
               <w msd="Dt" lemma="za">za</w>
               <S/>
               <w msd="Sozet" lemma="napeljava">napeljavo</w>
               <S/>
               <w msd="Ppnzer" lemma="indukcijski">indukcijske</w>
               <S/>
               <w msd="Sozer" lemma="zanka">zanke</w>
            </s>
         </p>
         <p xml:id="F0002191.004698">
            <s>
               <w msd="Slzei" lemma="SOBOTA">SOBOTA</w>
               <c>,</c>
               <S/>
               <w msd="Kav" lemma="21.">21.</w>
               <S/>
               <w msd="Krv" lemma="II.">II.</w>
            </s>
         </p>
         <p xml:id="F0002191.005247">
            <s>
               <w msd="Slmei" lemma="ICEC">ICEC</w>
               <S/>
               <w msd="Slmei" lemma="Videm">Videm</w>
               <S/>
               <w msd="Pdnmein" lemma="prisiljen">prisiljen</w>
               <S/>
               <w msd="Ggnn" lemma="vlagati">vlagati</w>
               <S/>
               <w msd="Dt" lemma="v">v</w>
               <S/>
               <w msd="Ppnzet" lemma="ekološki">ekološko</w>
               <S/>
               <w msd="Sozet" lemma="sanacija">sanacijo</w>
               <S/>
               <w msd="Ppnzer" lemma="star">stare</w>
               <S/>
               <w msd="Vp" lemma="in">in</w>
               <S/>
               <w msd="Ppnzmi" lemma="nevaren">nevarne</w>
               <S/>
               <w msd="Sozer" lemma="tovarna">tovarne</w>
               <S/>
               <c>-</c>
               <S/>
               <w msd="Dr" lemma="do">Do</w>
               <S/>
               <w msd="Somer" lemma="konec">konca</w>
               <S/>
               <w msd="Soser" lemma="leto">leta</w>
               <S/>
               <w msd="Kag" lemma="2001">2001</w>
               <S/>
               <w msd="Rsn" lemma="občutno">občutno</w>
               <S/>
               <w msd="Rsr" lemma="manj">manj</w>
               <S/>
               <w msd="Sozer" lemma="nevarnost">nevarnosti</w>
               <S/>
               <w msd="Dr" lemma="iz">iz</w>
               <S/>
               <w msd="Slser" lemma="Krško">Krškega</w>
               <S/>
               <c>-</c>
               <S/>
               <w msd="L" lemma="tudi">Tudi</w>
               <S/>
               <w msd="Dr" lemma="brez">brez</w>
               <S/>
               <w msd="Somer" lemma="klor">klora</w>
               <S/>
               <c>-</c>
               <S/>
               <w msd="Gp-ptm-n" lemma="biti">Bodo</w>
               <S/>
               <w msd="Sometn" lemma="program">program</w>
               <S/>
               <w msd="Ggdd-mm" lemma="uresničiti">uresničili</w>
               <c>?</c>
            </s>
         </p>
      </body>
   </text>
</TEI>