<?xml version="1.0" encoding="UTF-8"?>
<TEI xmlns="http://www.tei-c.org/ns/1.0" xml:id="F0000405" xml:lang="sl">
   <teiHeader>
      <fileDesc>
         <titleStmt>
            <title>ccKRES: Seja Državnega zbora Republike Slovenije (1997)</title>
            <funder>Operacijo delno financira Evropska unija iz Evropskega socialnega sklada ter Ministrstvo za šolstvo in šport. Operacija se izvaja v okviru Operativnega programa razvoja človeških virov za obdobje 2007-2013, razvojne prioritete: razvoj človeških virov in vseživljenjskega učenja; prednostne usmeritve: izboljšanje kakovosti in učinkovitosti sistemov izobraževanja in usposabljanja 2007-2013.</funder>
         </titleStmt>
         <editionStmt>
            <edition>1.0</edition>
         </editionStmt>
         <extent>333 besed</extent>
         <publicationStmt>
            <idno>A0051557</idno>
            <availability status="free">
               <p xml:lang="sl">Avtorske pravice za to izdajo ureja licenca <ref target="http://creativecommons.org/licenses/by-nc/2.5/si/">Creative Commons Priznanje avtorstva-Nekomercialno 2.5 Slovenija</ref>.</p>
               <p xml:lang="en">This work is licenced under the <ref target="http://creativecommons.org/licenses/by-nc/2.5/si/deed.en">Creative Commons Attribution-Noncommercial 2.5 Slovenia</ref>.</p>
            </availability>
            <date>2012-05-06</date>
         </publicationStmt>
         <sourceDesc>
            <bibl>
               <title>Seja Državnega zbora Republike Slovenije</title>
               <author n="???">neznani avtor</author>
               <date>1997</date>
               <publisher n="Državni zbor Republike Slovenije">Državni zbor Republike Slovenije</publisher>
               <note type="sourceLang"/>
            </bibl>
         </sourceDesc>
      </fileDesc>
      <encodingDesc>
         <projectDesc>
            <p xml:lang="sl">Glej <ref target="http://www.korpus-kres.net/">www.korpus-kres.net</ref> oz. <ref target="http://nl.ijs.si/ssj/">nl.ijs.si/ssj</ref>.</p>
            <p xml:lang="en">See <ref target="http://www.korpus-kres.net/">www.korpus-kres.net</ref> or <ref target="http://nl.ijs.si/ssj/">nl.ijs.si/ssj</ref>.</p>
         </projectDesc>
         <samplingDecl>
            <p xml:lang="sl">
            Besedila in odstavki v korpusu KRES so bili vzorčeni iz
            Gigafide tako, da smo dobili 100-milijonski referenčni
            korpus, v katerem so besedila uravnotežena po vnaprej
            določenih taksonomskih deležih in po podatkih o branosti
            vira (časopisi, revije, novičarski portali).  Korpus
            ccKRES nato, z namenom, da je lahko dostopen po licenci CC,
            vsebuje 10 % naključno vzorčenih odstavkov besedil iz
            korpusa KRES, torej 10 milijonov besed.
	    Več o sestavi korpusa lahko preberete na 
            <ref target="http://www.korpus-kres.net/">www.korpus-kres.net</ref> oz.
            <ref target="http://nl.ijs.si/ssj/">nl.ijs.si/ssj</ref>.
	  </p>
            <p xml:lang="en">
            Texts and paragraphs in the KRES corpus have been sampled from the 
	    Gigafida corpus. The result of the sampling is a 100-million-word 
	    reference corpus. The texts in KRES are balanced according to the 
	    predetermined categories, with particular consideration being paid to 
	    the data on the popularity of the source (newspapers, magazines, 
	    Internet news sites). 
	    To enable free (CC) distribution of the corpus, the ccKRES corpus contains 
	    10% of randomly sampled paragraphs from KRES, i.e. contains 10 million words.
	    For more information about the contents of the corpus, 
	    see <ref target="http://www.korpus-kres.net/">www.korpus-kres.net</ref>
	    and <ref target="http://nl.ijs.si/ssj/">nl.ijs.si/ssj</ref>.
	  </p>
         </samplingDecl>
         <tagsDecl>
            <namespace name="http://www.tei-c.org/ns/1.0">
               <tagUsage gi="p" occurs="1"/>
               <tagUsage gi="s" occurs="16"/>
               <tagUsage gi="S" occurs="332"/>
               <tagUsage gi="w" occurs="333"/>
               <tagUsage gi="c" occurs="57"/>
            </namespace>
         </tagsDecl>
         <classDecl>
            <taxonomy xml:id="SSJ">
               <category xml:id="SSJ.T">
                  <catDesc>tisk</catDesc>
                  <category xml:id="SSJ.T.K">
                     <catDesc>knjižno</catDesc>
                     <category xml:id="SSJ.T.K.L">
                        <catDesc>leposlovno</catDesc>
                     </category>
                     <category xml:id="SSJ.T.K.S">
                        <catDesc>strokovno</catDesc>
                     </category>
                  </category>
                  <category xml:id="SSJ.T.P">
                     <catDesc>periodično</catDesc>
                     <category xml:id="SSJ.T.P.C">
                        <catDesc>časopis</catDesc>
                     </category>
                     <category xml:id="SSJ.T.P.R">
                        <catDesc>revija</catDesc>
                     </category>
                  </category>
                  <category xml:id="SSJ.T.D">
                     <catDesc>drugo</catDesc>
                  </category>
               </category>
               <category xml:id="SSJ.I">
                  <catDesc>internet</catDesc>
               </category>
            </taxonomy>
         </classDecl>
      </encodingDesc>
      <profileDesc>
         <textClass>
            <catRef target="#SSJ.T.D"/>
         </textClass>
      </profileDesc>
   </teiHeader>
   <text xml:id="F0000405." xml:lang="sl">
      <body>
         <p xml:id="F0000405.000003">
            <s>
               <w msd="Sozei" lemma="hvala">Hvala</w>
               <S/>
               <w msd="Ppnzei" lemma="lep">lepa</w>
               <c>.</c>
               <S/>
            </s>
            <s>
               <w msd="Vd" lemma="če">Če</w>
               <S/>
               <w msd="Ggnspm-n" lemma="imeti">imamo</w>
               <S/>
               <w msd="Sometn" lemma="čas">čas</w>
               <S/>
               <w msd="Rsn" lemma="sproti">sproti</w>
               <S/>
               <w msd="Ggnn" lemma="gledati">gledati</w>
               <S/>
               <w msd="Sosmt" lemma="poročilo">poročila</w>
               <c>,</c>
               <S/>
               <w msd="Gp-g" lemma="biti">bi</w>
               <S/>
               <w msd="Sometn" lemma="jaz">jaz</w>
               <S/>
               <w msd="Dm" lemma="v">v</w>
               <S/>
               <w msd="Sozem" lemma="zveza">zvezi</w>
               <S/>
               <w msd="Do" lemma="z">s</w>
               <S/>
               <w msd="Zk-meo" lemma="ta">tem</w>
               <S/>
               <w msd="Someo" lemma="zakon">zakonom</w>
               <S/>
               <w msd="L" lemma="le">le</w>
               <S/>
               <w msd="Ppnsei" lemma="naslednji">naslednje</w>
               <S/>
               <w msd="Ggdd-em" lemma="vprašati">vprašal</w>
               <c>.</c>
               <S/>
            </s>
            <s>
               <w msd="Vd" lemma="ko">Ko</w>
               <S/>
               <w msd="Gp-spe-n" lemma="biti">sem</w>
               <S/>
               <w msd="Ggnd-em" lemma="listati">listal</w>
               <S/>
               <w msd="Dm" lemma="po">po</w>
               <S/>
               <w msd="Sosem" lemma="mnenje">mnenju</w>
               <S/>
               <w msd="Somer" lemma="sekretariat">Sekretariata</w>
               <S/>
               <w msd="Dt" lemma="za">za</w>
               <S/>
               <w msd="Sozet" lemma="zakonodaja">zakonodajo</w>
               <S/>
               <w msd="Vp" lemma="in">in</w>
               <S/>
               <w msd="Ppnzmt" lemma="praven">pravne</w>
               <S/>
               <w msd="Sozmt" lemma="zadeva">zadeve</w>
               <c>,</c>
               <S/>
               <w msd="Zp------k" lemma="se">se</w>
               <S/>
               <w msd="Zop-ed--k" lemma="jaz">mi</w>
               <S/>
               <w msd="Gp-ste-n" lemma="biti">je</w>
               <S/>
               <w msd="Ggnd-es" lemma="zdeti">zdelo</w>
               <S/>
               <w msd="Sosei" lemma="opozorilo">opozorilo</w>
               <S/>
               <w msd="Somer" lemma="sekretariat">sekretariata</w>
               <S/>
               <w msd="Dm" lemma="v">v</w>
               <S/>
               <w msd="Sozem" lemma="zveza">zvezi</w>
               <S/>
               <w msd="Do" lemma="z">z</w>
               <S/>
               <w msd="Ppnzeo" lemma="neprecizen">neprecizno</w>
               <S/>
               <w msd="Sozeo" lemma="določba">določbo</w>
               <S/>
               <w msd="Kav" lemma="1.">1.</w>
               <S/>
               <w msd="Somer" lemma="člen">člena</w>
               <S/>
               <w msd="Rsn" lemma="utemeljeno">utemeljeno</w>
               <c>.</c>
               <S/>
            </s>
            <s>
               <w msd="Vp" lemma="namreč">Namreč</w>
               <c>,</c>
               <S/>
               <w msd="Dm" lemma="po">po</w>
               <S/>
               <w msd="Kav" lemma="1.">1.</w>
               <S/>
               <w msd="Somem" lemma="člen">členu</w>
               <c>,</c>
               <S/>
               <w msd="Dm" lemma="po">po</w>
               <S/>
               <w msd="Sosem" lemma="mnenje">mnenju</w>
               <S/>
               <w msd="Somer" lemma="sekretariat">sekretariata</w>
               <c>,</c>
               <S/>
               <w msd="Gp-ste-d" lemma="biti">ni</w>
               <S/>
               <w msd="Dm" lemma="v">v</w>
               <S/>
               <w msd="Sozem" lemma="celota">celoti</w>
               <S/>
               <w msd="Rsn" lemma="jasno">jasno</w>
               <S/>
               <w msd="Dm" lemma="v">v</w>
               <S/>
               <w msd="Sozem" lemma="zveza">zvezi</w>
               <S/>
               <w msd="Do" lemma="z">z</w>
               <S/>
               <w msd="Ppnmeo" lemma="zadnji">zadnjim</w>
               <S/>
               <w msd="Someo" lemma="člen">členom</w>
               <c>,</c>
               <S/>
               <w msd="Vd" lemma="ki">ki</w>
               <S/>
               <w msd="Ggvste" lemma="praviti">pravi</w>
               <c>,</c>
               <S/>
               <w msd="Vd" lemma="da">da</w>
               <S/>
               <w msd="Somei" lemma="zakon">zakon</w>
               <S/>
               <w msd="Ggdste" lemma="začeti">začne</w>
               <S/>
               <w msd="Ggnn" lemma="veljati">veljati</w>
               <S/>
               <w msd="Ppnmetd" lemma="naslednji">naslednji</w>
               <S/>
               <w msd="Sometn" lemma="dan">dan</w>
               <S/>
               <w msd="Dm" lemma="po">po</w>
               <S/>
               <w msd="Sozem" lemma="objava">objavi</w>
               <c>.</c>
               <S/>
            </s>
            <s>
               <w msd="Rsn" lemma="kdaj">Kdaj</w>
               <S/>
               <w msd="L" lemma="pravzaprav">pravzaprav</w>
               <S/>
               <w msd="Ggdste" lemma="prenehati">preneha</w>
               <S/>
               <w msd="Pdnzei" lemma="beneficiran">beneficirana</w>
               <S/>
               <w msd="Ppnzei" lemma="deloven">delovna</w>
               <S/>
               <w msd="Sozei" lemma="doba">doba</w>
               <S/>
               <w msd="Pdnzem" lemma="določen">določeni</w>
               <S/>
               <w msd="Sozem" lemma="skupina">skupini</w>
               <S/>
               <w msd="Pdnmmr" lemma="zaposlen">zaposlenih</w>
               <S/>
               <w msd="Dm" lemma="v">v</w>
               <S/>
               <w msd="Sosem" lemma="ministrstvo">Ministrstvu</w>
               <S/>
               <w msd="Dt" lemma="za">za</w>
               <S/>
               <w msd="Ppnzmt" lemma="notranji">notranje</w>
               <S/>
               <w msd="Sozmt" lemma="zadeva">zadeve</w>
               <c>?</c>
               <S/>
            </s>
            <s>
               <w msd="Somei" lemma="gospod">Gospod</w>
               <S/>
               <w msd="Somei" lemma="minister">minister</w>
               <S/>
               <w msd="Slmei" lemma="Bandelj">Bandelj</w>
               <S/>
               <w msd="Gp-ste-n" lemma="biti">je</w>
               <S/>
               <w msd="Ggdd-em" lemma="sporočiti">sporočil</w>
               <c>,</c>
               <S/>
               <w msd="Vd" lemma="da">da</w>
               <S/>
               <w msd="Zotmmt--k" lemma="on">jih</w>
               <S/>
               <w msd="Gp-pte-n" lemma="biti">bo</w>
               <S/>
               <w msd="Rsn" lemma="verjetno">verjetno</w>
               <S/>
               <w msd="Do" lemma="med">med</w>
               <S/>
               <w msd="Kag" lemma="1.600">1.600</w>
               <S/>
               <w msd="Vp" lemma="in">in</w>
               <S/>
               <w msd="Kag" lemma="2.000">2.000</w>
               <c>,</c>
               <S/>
               <w msd="Zz-sei" lemma="kar">kar</w>
               <S/>
               <w msd="Gp-ste-n" lemma="biti">je</w>
               <S/>
               <w msd="Rsn" lemma="razvidno">razvidno</w>
               <S/>
               <w msd="Dt" lemma="za">za</w>
               <S/>
               <w msd="Sosmt" lemma="sporočilo">sporočila</w>
               <c>.</c>
               <S/>
            </s>
            <s>
               <w msd="Ggnspe" lemma="misliti">Mislim</w>
               <c>,</c>
               <S/>
               <w msd="Vd" lemma="da">da</w>
               <S/>
               <w msd="Gp-g" lemma="biti">bi</w>
               <S/>
               <w msd="Gp-d-es" lemma="biti">bilo</w>
               <S/>
               <w msd="Rsn" lemma="prav">prav</w>
               <c>,</c>
               <S/>
               <w msd="Vd" lemma="ker">ker</w>
               <S/>
               <w msd="Gp-ste-n" lemma="biti">je</w>
               <S/>
               <w msd="Zn-sei" lemma="isti">isto</w>
               <S/>
               <w msd="Pdnsei" lemma="povzet">povzeto</w>
               <S/>
               <w msd="L" lemma="tudi">tudi</w>
               <S/>
               <w msd="Dm" lemma="v">v</w>
               <S/>
               <w msd="Sosem" lemma="mnenje">mnenju</w>
               <S/>
               <w msd="Somer" lemma="odbor">odbora</w>
               <c>,</c>
               <S/>
               <w msd="Rsr" lemma="kasno">kasneje</w>
               <S/>
               <w msd="Vp" lemma="pa">pa</w>
               <S/>
               <w msd="Gp-ste-d" lemma="biti">ni</w>
               <S/>
               <w msd="Pdnsei" lemma="rečen">rečeno</w>
               <S/>
               <w msd="Rsn" lemma="nič">nič</w>
               <c>,</c>
               <S/>
               <w msd="L" lemma="niti">niti</w>
               <c>,</c>
               <S/>
               <w msd="Vd" lemma="da">da</w>
               <S/>
               <w msd="Gp-ste-n" lemma="biti">je</w>
               <S/>
               <w msd="Zk-sei" lemma="ta">to</w>
               <S/>
               <w msd="Dm" lemma="v">v</w>
               <S/>
               <w msd="Somem" lemma="red">redu</w>
               <c>,</c>
               <S/>
               <w msd="Vp" lemma="niti">niti</w>
               <S/>
               <w msd="Vd" lemma="da">da</w>
               <S/>
               <w msd="Gp-ste-n" lemma="biti">je</w>
               <S/>
               <w msd="Rsn" lemma="narobe">narobe</w>
               <S/>
               <w msd="Vp" lemma="in">in</w>
               <S/>
               <w msd="Gp-ste-d" lemma="biti">ni</w>
               <S/>
               <w msd="Pdnmein" lemma="vložen">vložen</w>
               <S/>
               <w msd="Zl-mei" lemma="noben">noben</w>
               <S/>
               <w msd="Sometn" lemma="amandma">amandma</w>
               <c>.</c>
               <S/>
            </s>
            <s>
               <w msd="Zop-ei" lemma="jaz">Jaz</w>
               <S/>
               <w msd="Gp-g" lemma="biti">bi</w>
               <S/>
               <w msd="Somer" lemma="minister">ministra</w>
               <S/>
               <w msd="Vp" lemma="in">in</w>
               <S/>
               <w msd="Sozet" lemma="predstavnica">predstavnico</w>
               <S/>
               <w msd="Vp" lemma="oziroma">oziroma</w>
               <S/>
               <w msd="Somer" lemma="predstavnik">predstavnika</w>
               <S/>
               <w msd="Somer" lemma="odbor">odbora</w>
               <c>,</c>
               <S/>
               <w msd="Vd" lemma="ki">ki</w>
               <S/>
               <w msd="Gp-ste-n" lemma="biti">je</w>
               <S/>
               <w msd="Ggnd-em" lemma="voditi">vodil</w>
               <S/>
               <w msd="Zk-set" lemma="ta">to</w>
               <c>,</c>
               <S/>
               <w msd="Vd" lemma="če">če</w>
               <S/>
               <w msd="Sozer" lemma="predsednica">predsednice</w>
               <S/>
               <w msd="Gp-ste-d" lemma="biti">ni</w>
               <S/>
               <w msd="Gp-d-es" lemma="biti">bilo</w>
               <c>,</c>
               <S/>
               <w msd="L" lemma="le">le</w>
               <S/>
               <w msd="Ggnd-em" lemma="prositi">prosil</w>
               <S/>
               <w msd="Dt" lemma="za">za</w>
               <S/>
               <w msd="Soset" lemma="pojasnilo">pojasnilo</w>
               <c>,</c>
               <S/>
               <w msd="Zv-set" lemma="kaj">kaj</w>
               <S/>
               <w msd="Gp-ste-n" lemma="biti">je</w>
               <S/>
               <w msd="Somei" lemma="razlog">razlog</w>
               <c>.</c>
               <S/>
            </s>
            <s>
               <w msd="Vp" lemma="ali">Ali</w>
               <S/>
               <w msd="Gp-ste-n" lemma="biti">je</w>
               <S/>
               <w msd="Rsn" lemma="zdaj">zdaj</w>
               <S/>
               <w msd="Ppnsei" lemma="ugotovoljen">ugotovoljeno</w>
               <c>,</c>
               <S/>
               <w msd="Vd" lemma="da">da</w>
               <S/>
               <w msd="Gp-ste-d" lemma="biti">ni</w>
               <S/>
               <w msd="Zl-mer" lemma="noben">nobenega</w>
               <S/>
               <w msd="Somer" lemma="problem">problema</w>
               <S/>
               <w msd="Vp" lemma="in">in</w>
               <S/>
               <w msd="Vd" lemma="da">da</w>
               <S/>
               <w msd="Gp-ste-n" lemma="biti">je</w>
               <S/>
               <w msd="Somei" lemma="zakon">zakon</w>
               <S/>
               <w msd="Ppnmein" lemma="jasen">jasen</w>
               <c>,</c>
               <S/>
               <w msd="Vp" lemma="ali">ali</w>
               <S/>
               <w msd="Vp" lemma="pa">pa</w>
               <S/>
               <w msd="Gp-stm-n" lemma="biti">so</w>
               <S/>
               <w msd="Zv-zei" lemma="kakšen">kakšna</w>
               <S/>
               <w msd="Sosmi" lemma="vprašanje">vprašanja</w>
               <S/>
               <w msd="Vp" lemma="in">in</w>
               <S/>
               <w msd="Gp-g" lemma="biti">bi</w>
               <S/>
               <w msd="L" lemma="najbrž">najbrž</w>
               <S/>
               <w msd="Do" lemma="z">z</w>
               <S/>
               <w msd="Sozeo" lemma="dopolnitev">dopolnitvijo</w>
               <S/>
               <w msd="Ggnd-es" lemma="kazati">kazalo</w>
               <S/>
               <w msd="Zk-zet" lemma="ta">to</w>
               <S/>
               <w msd="Sozet" lemma="stvar">stvar</w>
               <S/>
               <w msd="Ggdn" lemma="razrešiti">razrešiti</w>
               <c>.</c>
               <S/>
            </s>
            <s>
               <w msd="Zop-ei" lemma="jaz">Jaz</w>
               <S/>
               <w msd="Gp-spe-n" lemma="biti">sem</w>
               <S/>
               <w msd="Vp" lemma="pa">pa</w>
               <S/>
               <w msd="Pdnmein" lemma="prepričan">prepričan</w>
               <c>,</c>
               <S/>
               <w msd="Vd" lemma="da">da</w>
               <S/>
               <w msd="Gp-g" lemma="biti">bi</w>
               <S/>
               <w msd="Gp-d-es" lemma="biti">bilo</w>
               <S/>
               <w msd="Ppnsei" lemma="smotrn">smotrno</w>
               <S/>
               <w msd="Vp" lemma="oziroma">oziroma</w>
               <c>,</c>
               <S/>
               <w msd="Vd" lemma="da">da</w>
               <S/>
               <w msd="Gp-g" lemma="biti">bi</w>
               <S/>
               <w msd="Gp-d-es" lemma="biti">bilo</w>
               <S/>
               <w msd="Ppnsei" lemma="edin">edino</w>
               <S/>
               <w msd="Ppnsei" lemma="mogoč">mogoče</w>
               <S/>
               <w msd="Ggdn" lemma="razrešiti">razrešiti</w>
               <S/>
               <w msd="Zk-sei" lemma="ta">to</w>
               <S/>
               <w msd="Dt" lemma="na">na</w>
               <S/>
               <w msd="Zk-met" lemma="ta">ta</w>
               <S/>
               <w msd="Sometn" lemma="način">način</w>
               <c>,</c>
               <S/>
               <w msd="Vd" lemma="da">da</w>
               <S/>
               <w msd="Zp------k" lemma="se">se</w>
               <S/>
               <w msd="Ggdste" lemma="izgubiti">izgubi</w>
               <S/>
               <w msd="Sozei" lemma="pravica">pravica</w>
               <S/>
               <w msd="Dr" lemma="do">do</w>
               <S/>
               <w msd="Ppnzer" lemma="benificiran">benificirane</w>
               <S/>
               <w msd="Sozer" lemma="doba">dobe</w>
               <S/>
               <w msd="L" lemma="najbrž">najbrž</w>
               <S/>
               <w msd="Kbvmet" lemma="prvi">prvega</w>
               <S/>
               <w msd="Ppnser" lemma="naslednji">naslednjega</w>
               <S/>
               <w msd="Dm" lemma="v">v</w>
               <S/>
               <w msd="Somem" lemma="mesec">mesecu</w>
               <c>,</c>
               <S/>
               <w msd="Vd" lemma="ker">ker</w>
               <S/>
               <w msd="L" lemma="ne">ne</w>
               <S/>
               <w msd="Ggvspe" lemma="verjeti">verjamem</w>
               <c>,</c>
               <S/>
               <w msd="Vd" lemma="da">da</w>
               <S/>
               <w msd="Zp------k" lemma="se">se</w>
               <S/>
               <w msd="Dt" lemma="za">za</w>
               <S/>
               <w msd="Zc-met" lemma="vsak">vsak</w>
               <S/>
               <w msd="Sometn" lemma="dan">dan</w>
               <S/>
               <w msd="Rsn" lemma="posebej">posebej</w>
               <S/>
               <w msd="Ggnste" lemma="računati">računa</w>
               <c>,</c>
               <S/>
               <w msd="Dr" lemma="od">od</w>
               <S/>
               <w msd="Rsn" lemma="takrat">takrat</w>
               <c>,</c>
               <S/>
               <w msd="Vd" lemma="ko">ko</w>
               <S/>
               <w msd="Gp-ste-n" lemma="biti">je</w>
               <S/>
               <w msd="Dm" lemma="na">na</w>
               <S/>
               <w msd="Sozem" lemma="podlaga">podlagi</w>
               <S/>
               <w msd="Zk-ser" lemma="ta">tega</w>
               <S/>
               <w msd="Somer" lemma="pravilnik">pravilnika</w>
               <S/>
               <w msd="Vp" lemma="oziroma">oziroma</w>
               <S/>
               <w msd="Sosmr" lemma="pravilo">pravil</w>
               <c>,</c>
               <S/>
               <w msd="Vd" lemma="ki">ki</w>
               <S/>
               <w msd="Zotmmt--k" lemma="on">jih</w>
               <S/>
               <w msd="Gp-ste-n" lemma="biti">je</w>
               <S/>
               <w msd="Ggdd-em" lemma="določiti">določil</w>
               <S/>
               <w msd="Somei" lemma="minister">minister</w>
               <c>,</c>
               <S/>
               <w msd="Gp-d-ez" lemma="biti">bila</w>
               <S/>
               <w msd="Ppnzei" lemma="konkreten">konkretna</w>
               <S/>
               <w msd="Sozei" lemma="odločitev">odločitev</w>
               <S/>
               <w msd="Pdnzei" lemma="sprejet">sprejeta</w>
               <c>.</c>
               <S/>
            </s>
            <s>
               <w msd="Kav" lemma="2.">2.</w>
               <S/>
               <w msd="Somei" lemma="člen">člen</w>
               <S/>
               <w msd="Ggvste" lemma="praviti">pravi</w>
               <c>:</c>
               <S/>
               <c>"</c>
               <w msd="Sozei" lemma="vlada">Vlada</w>
               <S/>
               <w msd="Sozer" lemma="republika">Republike</w>
               <S/>
               <w msd="Slzer" lemma="Slovenija">Slovenije</w>
               <S/>
               <w msd="Ggdste" lemma="določiti">določi</w>
               <S/>
               <w msd="Rss" lemma="kasno">najkasneje</w>
               <S/>
               <w msd="Dm" lemma="v">v</w>
               <S/>
               <w msd="Kbg-mm" lemma="trideset">tridesetih</w>
               <S/>
               <w msd="Sommm" lemma="dan">dneh</w>
               <S/>
               <w msd="Dr" lemma="od">od</w>
               <S/>
               <w msd="Sozer" lemma="uveljavitev">uveljavitve</w>
               <S/>
               <w msd="Zk-mer" lemma="ta">tega</w>
               <S/>
               <w msd="Somer" lemma="zakon">zakona</w>
               <S/>
               <w msd="Ppnsmt" lemma="deloven">delovna</w>
               <S/>
               <w msd="Soser" lemma="mesto">mesta</w>
               <c>.</c>
               <c>"</c>
               <S/>
            </s>
            <s>
               <w msd="Rsn" lemma="potem">Potem</w>
               <S/>
               <w msd="Vp" lemma="pa">pa</w>
               <S/>
               <w msd="Ggvste" lemma="praviti">pravi</w>
               <c>:</c>
               <S/>
               <c>"</c>
               <w msd="Somei" lemma="akt">Akt</w>
               <S/>
               <w msd="Dm" lemma="o">o</w>
               <S/>
               <w msd="Sozem" lemma="organizacija">organizaciji</w>
               <S/>
               <w msd="Vp" lemma="in">in</w>
               <S/>
               <w msd="Sozem" lemma="sistemizacija">sistemizaciji</w>
               <S/>
               <w msd="Ppnsmr" lemma="deloven">delovnih</w>
               <S/>
               <w msd="Sosmr" lemma="mesto">mest</w>
               <S/>
               <w msd="Gp-ste-n" lemma="biti">je</w>
               <S/>
               <w msd="Ppnsei" lemma="potreben">potrebno</w>
               <S/>
               <w msd="Ggdn" lemma="zgraditi">zgraditi</w>
               <S/>
               <w msd="Do" lemma="z">z</w>
               <S/>
               <w msd="Sozmo" lemma="določba">določbami</w>
               <S/>
               <w msd="Zk-mer" lemma="ta">tega</w>
               <S/>
               <w msd="Somer" lemma="zakon">zakona</w>
               <S/>
               <w msd="Vp" lemma="in">in</w>
               <S/>
               <w msd="Do" lemma="z">z</w>
               <S/>
               <w msd="Someo" lemma="akt">aktom</w>
               <S/>
               <w msd="Sozer" lemma="vlada">vlade</w>
               <c>,</c>
               <S/>
               <w msd="Rss" lemma="kasno">najkasneje</w>
               <S/>
               <w msd="Dm" lemma="v">v</w>
               <S/>
               <w msd="Somem" lemma="rok">roku</w>
               <S/>
               <w msd="Kbg-mt" lemma="trideset">trideset</w>
               <S/>
               <w msd="Sommr" lemma="dan">dni</w>
               <S/>
               <w msd="Dr" lemma="od">od</w>
               <S/>
               <w msd="Sozer" lemma="uveljavitev">uveljavitve</w>
               <S/>
               <w msd="Somer" lemma="akt">akta</w>
               <S/>
               <w msd="Dr" lemma="iz">iz</w>
               <S/>
               <w msd="Ppnmer" lemma="prejšnji">prejšnjega</w>
               <S/>
               <w msd="Somer" lemma="člen">člena</w>
               <c>.</c>
               <c>"</c>
               <S/>
            </s>
            <s>
               <w msd="Rsn" lemma="tako">Tako</w>
               <S/>
               <w msd="Ggnspm-n" lemma="imeti">imamo</w>
               <S/>
               <w msd="Rsn" lemma="dvakrat">dvakrat</w>
               <S/>
               <w msd="Dt" lemma="po">po</w>
               <S/>
               <w msd="Kbg-mt" lemma="trideset">trideset</w>
               <S/>
               <w msd="Sommr" lemma="dan">dni</w>
               <S/>
               <w msd="Sozmr" lemma="roka">rok</w>
               <c>.</c>
               <S/>
            </s>
            <s>
               <w msd="Vp" lemma="in">In</w>
               <S/>
               <w msd="Dm" lemma="po">po</w>
               <S/>
               <w msd="Zspseme" lemma="moj">mojem</w>
               <c>,</c>
               <S/>
               <w msd="Dm" lemma="po">po</w>
               <S/>
               <w msd="Zk-sem" lemma="ta">tem</w>
               <c>,</c>
               <S/>
               <w msd="Vd" lemma="ko">ko</w>
               <S/>
               <w msd="Gp-ste-n" lemma="biti">je</w>
               <S/>
               <w msd="Zk-zei" lemma="ta">ta</w>
               <S/>
               <w msd="Sozei" lemma="sistemizacija">sistemizacija</w>
               <S/>
               <w msd="Pdnzei" lemma="usklajen">usklajena</w>
               <S/>
               <w msd="Do" lemma="z">z</w>
               <S/>
               <w msd="Someo" lemma="akt">aktom</w>
               <S/>
               <w msd="Sozer" lemma="vlada">vlade</w>
               <S/>
               <w msd="Kbvmer" lemma="prvi">prvega</w>
               <S/>
               <w msd="Ppnmer" lemma="naslednji">naslednjega</w>
               <S/>
               <w msd="Somer" lemma="mesec">meseca</w>
               <S/>
               <w msd="L" lemma="najbrž">najbrž</w>
               <S/>
               <w msd="L" lemma="pač">pač</w>
               <S/>
               <w msd="Ggdste" lemma="prenehati">preneha</w>
               <S/>
               <w msd="Pdnzei" lemma="beneficiran">beneficirana</w>
               <S/>
               <w msd="Ppnzei" lemma="deloven">delovna</w>
               <S/>
               <w msd="Sozei" lemma="doba">doba</w>
               <c>.</c>
               <S/>
            </s>
            <s>
               <w msd="L" lemma="vsaj">Vsaj</w>
               <S/>
               <w msd="Zk-set" lemma="ta">to</w>
               <c>,</c>
               <S/>
               <w msd="Zop-ei" lemma="jaz">jaz</w>
               <S/>
               <w msd="Ggvspe" lemma="predlagati">predlagam</w>
               <c>,</c>
               <S/>
               <w msd="Vd" lemma="da">da</w>
               <S/>
               <w msd="L" lemma="le">le</w>
               <S/>
               <w msd="Dm" lemma="v">v</w>
               <S/>
               <w msd="Somem" lemma="zakon">zakonu</w>
               <S/>
               <w msd="Ggvspm" lemma="precizirati">preciziramo</w>
               <c>.</c>
               <S/>
            </s>
            <s>
               <w msd="Sozei" lemma="hvala">Hvala</w>
               <S/>
               <w msd="Ppnzei" lemma="lep">lepa</w>
               <c>.</c>
            </s>
         </p>
      </body>
   </text>
</TEI>