<?xml version="1.0" encoding="UTF-8"?>
<TEI xmlns="http://www.tei-c.org/ns/1.0" xml:id="F0002356" xml:lang="sl">
   <teiHeader>
      <fileDesc>
         <titleStmt>
            <title>ccKRES: [DZS] (2000)</title>
            <funder>Operacijo delno financira Evropska unija iz Evropskega socialnega sklada ter Ministrstvo za šolstvo in šport. Operacija se izvaja v okviru Operativnega programa razvoja človeških virov za obdobje 2007-2013, razvojne prioritete: razvoj človeških virov in vseživljenjskega učenja; prednostne usmeritve: izboljšanje kakovosti in učinkovitosti sistemov izobraževanja in usposabljanja 2007-2013.</funder>
         </titleStmt>
         <editionStmt>
            <edition>1.0</edition>
         </editionStmt>
         <extent>1080 besed</extent>
         <publicationStmt>
            <idno>MITOLOGI</idno>
            <availability status="free">
               <p xml:lang="sl">Avtorske pravice za to izdajo ureja licenca <ref target="http://creativecommons.org/licenses/by-nc/2.5/si/">Creative Commons Priznanje avtorstva-Nekomercialno 2.5 Slovenija</ref>.</p>
               <p xml:lang="en">This work is licenced under the <ref target="http://creativecommons.org/licenses/by-nc/2.5/si/deed.en">Creative Commons Attribution-Noncommercial 2.5 Slovenia</ref>.</p>
            </availability>
            <date>2012-05-06</date>
         </publicationStmt>
         <sourceDesc>
            <bibl>
               <note>
Dzs\POGACNIK\
</note>
               <title n="???">neznani naslov</title>
               <author n="???">neznani avtor</author>
               <date>2000</date>
               <publisher n="DZS">DZS</publisher>
               <note type="sourceLang"/>
            </bibl>
         </sourceDesc>
      </fileDesc>
      <encodingDesc>
         <projectDesc>
            <p xml:lang="sl">Glej <ref target="http://www.korpus-kres.net/">www.korpus-kres.net</ref> oz. <ref target="http://nl.ijs.si/ssj/">nl.ijs.si/ssj</ref>.</p>
            <p xml:lang="en">See <ref target="http://www.korpus-kres.net/">www.korpus-kres.net</ref> or <ref target="http://nl.ijs.si/ssj/">nl.ijs.si/ssj</ref>.</p>
         </projectDesc>
         <samplingDecl>
            <p xml:lang="sl">
            Besedila in odstavki v korpusu KRES so bili vzorčeni iz
            Gigafide tako, da smo dobili 100-milijonski referenčni
            korpus, v katerem so besedila uravnotežena po vnaprej
            določenih taksonomskih deležih in po podatkih o branosti
            vira (časopisi, revije, novičarski portali).  Korpus
            ccKRES nato, z namenom, da je lahko dostopen po licenci CC,
            vsebuje 10 % naključno vzorčenih odstavkov besedil iz
            korpusa KRES, torej 10 milijonov besed.
	    Več o sestavi korpusa lahko preberete na 
            <ref target="http://www.korpus-kres.net/">www.korpus-kres.net</ref> oz.
            <ref target="http://nl.ijs.si/ssj/">nl.ijs.si/ssj</ref>.
	  </p>
            <p xml:lang="en">
            Texts and paragraphs in the KRES corpus have been sampled from the 
	    Gigafida corpus. The result of the sampling is a 100-million-word 
	    reference corpus. The texts in KRES are balanced according to the 
	    predetermined categories, with particular consideration being paid to 
	    the data on the popularity of the source (newspapers, magazines, 
	    Internet news sites). 
	    To enable free (CC) distribution of the corpus, the ccKRES corpus contains 
	    10% of randomly sampled paragraphs from KRES, i.e. contains 10 million words.
	    For more information about the contents of the corpus, 
	    see <ref target="http://www.korpus-kres.net/">www.korpus-kres.net</ref>
	    and <ref target="http://nl.ijs.si/ssj/">nl.ijs.si/ssj</ref>.
	  </p>
         </samplingDecl>
         <tagsDecl>
            <namespace name="http://www.tei-c.org/ns/1.0">
               <tagUsage gi="p" occurs="27"/>
               <tagUsage gi="s" occurs="66"/>
               <tagUsage gi="S" occurs="1030"/>
               <tagUsage gi="w" occurs="1080"/>
               <tagUsage gi="c" occurs="297"/>
            </namespace>
         </tagsDecl>
         <classDecl>
            <taxonomy xml:id="SSJ">
               <category xml:id="SSJ.T">
                  <catDesc>tisk</catDesc>
                  <category xml:id="SSJ.T.K">
                     <catDesc>knjižno</catDesc>
                     <category xml:id="SSJ.T.K.L">
                        <catDesc>leposlovno</catDesc>
                     </category>
                     <category xml:id="SSJ.T.K.S">
                        <catDesc>strokovno</catDesc>
                     </category>
                  </category>
                  <category xml:id="SSJ.T.P">
                     <catDesc>periodično</catDesc>
                     <category xml:id="SSJ.T.P.C">
                        <catDesc>časopis</catDesc>
                     </category>
                     <category xml:id="SSJ.T.P.R">
                        <catDesc>revija</catDesc>
                     </category>
                  </category>
                  <category xml:id="SSJ.T.D">
                     <catDesc>drugo</catDesc>
                  </category>
               </category>
               <category xml:id="SSJ.I">
                  <catDesc>internet</catDesc>
               </category>
            </taxonomy>
         </classDecl>
      </encodingDesc>
      <profileDesc>
         <textClass>
            <catRef target="#SSJ.T.K.S"/>
         </textClass>
      </profileDesc>
   </teiHeader>
   <text xml:id="F0002356." xml:lang="sl">
      <body>
         <p xml:id="F0002356.000045">
            <s>
               <w msd="Somei" lemma="ameša">Ameša</w>
               <S/>
               <w msd="Sozer" lemma="spenta">spente</w>
               <c>,</c>
               <S/>
               <c>*</c>
               <w msd="Somei" lemma="ahriman">Ahriman</w>
               <c>.</c>
            </s>
         </p>
         <p xml:id="F0002356.000070">
            <s>
               <w msd="Somei" lemma="nadangel">nadangel</w>
               <c>,</c>
               <S/>
               <w msd="Somei" lemma="angel">angel</w>
               <S/>
               <w msd="Ppsmer" lemma="visok">najvišjega</w>
               <S/>
               <w msd="Somer" lemma="rang">ranga</w>
               <c>.</c>
               <S/>
            </s>
            <s>
               <w msd="Dm" lemma="v">V</w>
               <S/>
               <w msd="Somem" lemma="judaizem">judaizmu</w>
               <S/>
               <w msd="Vp" lemma="in">in</w>
               <S/>
               <w msd="Sosem" lemma="krščanstvo">krščanstvu</w>
               <S/>
               <w msd="Gp-stm-n" lemma="biti">so</w>
               <S/>
               <w msd="Slmei" lemma="Gabriel">Gabriel</w>
               <c>,</c>
               <S/>
               <w msd="Slmei" lemma="Mihael">Mihael</w>
               <c>,</c>
               <S/>
               <w msd="Slmei" lemma="Rafael">Rafael</w>
               <S/>
               <w msd="Vp" lemma="in">in</w>
               <S/>
               <w msd="Slmei" lemma="Uriel">Uriel</w>
               <S/>
               <w msd="Kbgmmi" lemma="štirje">štirje</w>
               <S/>
               <w msd="Sommi" lemma="nadangel">nadangeli</w>
               <c>,</c>
               <S/>
               <w msd="Vd" lemma="ki">ki</w>
               <S/>
               <w msd="Ggnstm" lemma="obdajati">obdajajo</w>
               <S/>
               <w msd="Ppnmetd" lemma="božji">božji</w>
               <S/>
               <w msd="Sometn" lemma="prestol">prestol</w>
               <c>.</c>
               <S/>
            </s>
            <s>
               <w msd="Dm" lemma="v">V</w>
               <S/>
               <w msd="Somem" lemma="islam">islamu</w>
               <S/>
               <w msd="Slmei" lemma="Džibril">Džibril</w>
               <c>,</c>
               <S/>
               <w msd="Slmei" lemma="Mihail">Mihail</w>
               <S/>
               <w msd="Vp" lemma="in">in</w>
               <S/>
               <w msd="Slmei" lemma="Israfil">Israfil</w>
               <S/>
               <w msd="Ggnstm" lemma="odgovarjati">odgovarjajo</w>
               <S/>
               <w msd="Kbvmeo" lemma="prvi">prvim</w>
               <S/>
               <w msd="Kbgmmd" lemma="trije">trem</w>
               <c>,</c>
               <S/>
               <w msd="Kbvmei" lemma="četrti">četrti</w>
               <S/>
               <w msd="Vp" lemma="pa">pa</w>
               <S/>
               <w msd="Gp-ste-n" lemma="biti">je</w>
               <S/>
               <w msd="Slmei" lemma="Azrael">Azrael</w>
               <S/>
               <c>(</c>
               <w msd="Slmei" lemma="Izrail">Izrail</w>
               <c>)</c>
               <c>,</c>
               <S/>
               <w msd="Ppnmeid" lemma="judovski">judovski</w>
               <S/>
               <w msd="Vp" lemma="in">in</w>
               <S/>
               <w msd="Ppnmeid" lemma="muslimanski">muslimanski</w>
               <S/>
               <w msd="Somei" lemma="angel">angel</w>
               <S/>
               <w msd="Sozer" lemma="smrt">smrti</w>
               <c>.</c>
            </s>
         </p>
         <p xml:id="F0002356.000088">
            <s>
               <w msd="Slzei" lemma="Atena">Atena</w>
               <c>,</c>
               <S/>
               <w msd="Ppnzei" lemma="starogrški">starogrška</w>
               <S/>
               <w msd="Sozei" lemma="boginja">boginja</w>
               <S/>
               <w msd="Sozer" lemma="modrost">modrosti</w>
               <c>,</c>
               <S/>
               <w msd="Sozer" lemma="umetnost">umetnosti</w>
               <S/>
               <w msd="Vp" lemma="in">in</w>
               <S/>
               <w msd="Sozer" lemma="obrt">obrti</w>
               <c>.</c>
               <S/>
            </s>
            <s>
               <w msd="Ggnstm" lemma="predstavljati">Predstavljajo</w>
               <S/>
               <w msd="Zotzet--k" lemma="on">jo</w>
               <S/>
               <w msd="Vd" lemma="kot">kot</w>
               <S/>
               <w msd="Rsn" lemma="žensko">žensko</w>
               <S/>
               <w msd="Ppnzmi" lemma="resnoben">resnobne</w>
               <S/>
               <w msd="Sozer" lemma="lepota">lepote</w>
               <c>,</c>
               <S/>
               <w msd="Dm" lemma="v">v</w>
               <S/>
               <w msd="Somem" lemma="oklep">oklepu</w>
               <c>.</c>
               <S/>
            </s>
            <s>
               <w msd="Ggvd-ez" lemma="roditi">Rodila</w>
               <S/>
               <w msd="Zp------k" lemma="se">se</w>
               <S/>
               <w msd="Gp-ste-n" lemma="biti">je</w>
               <S/>
               <w msd="Rsn" lemma="tako">tako</w>
               <c>,</c>
               <S/>
               <w msd="Vd" lemma="da">da</w>
               <S/>
               <w msd="Ggdd-ez" lemma="skočiti">skočila</w>
               <S/>
               <w msd="Zp-med" lemma="svoj">svojemu</w>
               <S/>
               <w msd="Somed" lemma="oče">očetu</w>
               <S/>
               <w msd="Slmed" lemma="Zevs">Zevsu</w>
               <S/>
               <w msd="Dr" lemma="iz">iz</w>
               <S/>
               <w msd="Soser" lemma="čelo">čela</w>
               <c>,</c>
               <S/>
               <w msd="Vd" lemma="ki">ki</w>
               <S/>
               <w msd="Zotmet--k" lemma="on">ga</w>
               <S/>
               <w msd="Gp-ste-n" lemma="biti">je</w>
               <S/>
               <w msd="Somei" lemma="hefajst">Hefajst</w>
               <S/>
               <c>(</c>
               <w msd="Vp" lemma="ali">ali</w>
               <S/>
               <w msd="Slmei" lemma="Prometej">Prometej</w>
               <c>)</c>
               <S/>
               <w msd="Ggdd-em" lemma="razklati">razklal</w>
               <S/>
               <w msd="Do" lemma="z">s</w>
               <S/>
               <w msd="Sozeo" lemma="sekira">sekiro</w>
               <c>.</c>
               <S/>
            </s>
            <s>
               <w msd="Rsn" lemma="tako">Tako</w>
               <S/>
               <w msd="Vd" lemma="kot">kot</w>
               <S/>
               <w msd="Somei" lemma="apolon">Apolon</w>
               <S/>
               <w msd="Gp-ste-n" lemma="biti">je</w>
               <S/>
               <w msd="L" lemma="tudi">tudi</w>
               <S/>
               <w msd="Zotzei" lemma="on">ona</w>
               <S/>
               <w msd="Rsn" lemma="dobrohotno">dobrohotno</w>
               <c>,</c>
               <S/>
               <w msd="Rsn" lemma="blagodejno">blagodejno</w>
               <S/>
               <w msd="Ggnd-ez" lemma="vplivati">vplivala</w>
               <S/>
               <w msd="Dt" lemma="na">na</w>
               <S/>
               <w msd="Ppnzet" lemma="človeški">človeško</w>
               <S/>
               <w msd="Sozet" lemma="družba">družbo</w>
               <S/>
               <c>(</c>
               <w msd="Gp-d-ez" lemma="biti">bila</w>
               <S/>
               <w msd="Gp-ste-n" lemma="biti">je</w>
               <S/>
               <w msd="L" lemma="sicer">sicer</w>
               <S/>
               <w msd="Sozei" lemma="zavetnica">zavetnica</w>
               <S/>
               <w msd="Soser" lemma="vojskovanje">vojskovanja</w>
               <c>,</c>
               <S/>
               <w msd="Vp" lemma="vendar">vendar</w>
               <S/>
               <w msd="Rsr" lemma="bolj">bolj</w>
               <S/>
               <w msd="Dm" lemma="v">v</w>
               <S/>
               <w msd="Zstmemem" lemma="njegov">njegovem</w>
               <S/>
               <w msd="Ppnmem" lemma="pravičniški">pravičniškem</w>
               <S/>
               <w msd="Somem" lemma="ozir">oziru</w>
               <c>,</c>
               <S/>
               <w msd="L" lemma="ne">ne</w>
               <S/>
               <w msd="Vp" lemma="pa">pa</w>
               <S/>
               <w msd="Dm" lemma="v">v</w>
               <S/>
               <w msd="Somem" lemma="smisel">smislu</w>
               <S/>
               <w msd="Soser" lemma="podpiranje">podpiranja</w>
               <S/>
               <w msd="Ppnzmr" lemma="vojen">vojnih</w>
               <S/>
               <w msd="Sozmr" lemma="grozota">grozot</w>
               <c>)</c>
               <c>.</c>
               <S/>
            </s>
            <s>
               <w msd="Zstsetez" lemma="njen">Njeno</w>
               <S/>
               <w msd="Ppssei" lemma="slaven">najslavnejše</w>
               <S/>
               <w msd="Sosei" lemma="svetišče">svetišče</w>
               <S/>
               <w msd="Gp-ste-n" lemma="biti">je</w>
               <S/>
               <w msd="Somei" lemma="partenon">Partenon</w>
               <c>,</c>
               <S/>
               <w msd="Vd" lemma="ki">ki</w>
               <S/>
               <w msd="Zotzed--k" lemma="on">ji</w>
               <S/>
               <w msd="Zotmet--k" lemma="on">ga</w>
               <S/>
               <w msd="Gp-ste-n" lemma="biti">je</w>
               <S/>
               <w msd="Vd" lemma="kot">kot</w>
               <S/>
               <w msd="Ppnzem" lemma="mesten">mestni</w>
               <S/>
               <w msd="Sozem" lemma="zaščitnica">zaščitnici</w>
               <S/>
               <w msd="Dm" lemma="na">na</w>
               <S/>
               <w msd="Sozem" lemma="akropola">Akropoli</w>
               <S/>
               <w msd="Dm" lemma="pri">pri</w>
               <S/>
               <w msd="Slzmm" lemma="Atene">Atenah</w>
               <S/>
               <c>(</c>
               <w msd="Kag" lemma="447">447</w>
               <c>-</c>
               <c>-</c>
               <w msd="Kag" lemma="432">432</w>
               <c>_</c>
               <w msd="O" lemma="pr.">pr.</w>
               <c>_</c>
               <w msd="O" lemma="n.">n.</w>
               <c>_</c>
               <w msd="O" lemma="š.">š.</w>
               <c>)</c>
               <S/>
               <w msd="Ggdd-em" lemma="postaviti">postavil</w>
               <S/>
               <w msd="Slmei" lemma="Perikles">Perikles</w>
               <c>.</c>
            </s>
         </p>
         <p xml:id="F0002356.000153">
            <s>
               <w msd="Sozei" lemma="pepelka">Pepelka</w>
               <c>,</c>
               <S/>
               <w msd="Sozei" lemma="pravljica">pravljica</w>
               <c>,</c>
               <S/>
               <w msd="Vd" lemma="ki">ki</w>
               <S/>
               <w msd="Zotzet--k" lemma="on">jo</w>
               <S/>
               <w msd="Dm" lemma="v">v</w>
               <S/>
               <w msd="Ppnzmm" lemma="različen">različnih</w>
               <S/>
               <w msd="Sozmm" lemma="oblika">oblikah</w>
               <S/>
               <w msd="Ggdspm" lemma="najti">najdemo</w>
               <S/>
               <w msd="Rsn" lemma="povsod">povsod</w>
               <S/>
               <w msd="Dm" lemma="po">po</w>
               <S/>
               <w msd="Somem" lemma="svet">svetu</w>
               <c>,</c>
               <S/>
               <w msd="Dm" lemma="v">v</w>
               <S/>
               <w msd="Slzem" lemma="Evropa">Evropi</w>
               <S/>
               <w msd="Vp" lemma="pa">pa</w>
               <S/>
               <w msd="Gp-ste-n" lemma="biti">je</w>
               <S/>
               <w msd="Rss" lemma="najbolj">najbolj</w>
               <S/>
               <w msd="Pdnzei" lemma="znan">znana</w>
               <S/>
               <w msd="Sozei" lemma="inačica">inačica</w>
               <S/>
               <w msd="Slmer" lemma="Charles">Charlesa</w>
               <S/>
               <w msd="Slmer" lemma="Perrault">Perraulta</w>
               <S/>
               <w msd="Slmei" lemma="Cendrillon">Cendrillon</w>
               <S/>
               <c>(</c>
               <w msd="Kag" lemma="1697">1697</w>
               <c>)</c>
               <c>.</c>
               <S/>
            </s>
            <s>
               <w msd="Dm" lemma="v">V</w>
               <S/>
               <w msd="Zotzem" lemma="on">njej</w>
               <S/>
               <w msd="Zp------k" lemma="se">se</w>
               <S/>
               <w msd="Do" lemma="nad">nad</w>
               <S/>
               <w msd="Sozeo" lemma="pepelka">Pepelko</w>
               <S/>
               <w msd="Ggnstm" lemma="znašati">znašajo</w>
               <S/>
               <w msd="Zstzeiez" lemma="njen">njena</w>
               <S/>
               <w msd="Sozei" lemma="mačeha">mačeha</w>
               <S/>
               <w msd="Vp" lemma="in">in</w>
               <S/>
               <w msd="Ppnzem" lemma="krušen">krušni</w>
               <S/>
               <w msd="Sozed" lemma="sestra">sestri</w>
               <c>.</c>
               <S/>
            </s>
            <s>
               <w msd="Do" lemma="z">S</w>
               <S/>
               <w msd="Sozeo" lemma="pomoč">pomočjo</w>
               <S/>
               <w msd="Sozer" lemma="botrica">botrice</w>
               <S/>
               <w msd="Dr" lemma="iz">iz</w>
               <S/>
               <w msd="Soser" lemma="onostranstvo">onostranstva</w>
               <S/>
               <w msd="Vp" lemma="pa">pa</w>
               <S/>
               <w msd="Zotzed--k" lemma="on">ji</w>
               <S/>
               <w msd="Ggdste" lemma="uspeti">uspe</w>
               <S/>
               <w msd="Ggdn" lemma="priti">priti</w>
               <S/>
               <w msd="Dt" lemma="na">na</w>
               <S/>
               <w msd="Sometn" lemma="ples">ples</w>
               <c>,</c>
               <S/>
               <w msd="Vd" lemma="kjer">kjer</w>
               <S/>
               <w msd="Ggnste" lemma="plesati">pleše</w>
               <S/>
               <w msd="Do" lemma="z">s</w>
               <S/>
               <w msd="Someo" lemma="princ">princem</w>
               <c>,</c>
               <S/>
               <w msd="Vd" lemma="ki">ki</w>
               <S/>
               <w msd="Zp------k" lemma="se">se</w>
               <S/>
               <w msd="Ggdste" lemma="zaljubiti">zaljubi</w>
               <S/>
               <w msd="Zotzet--z" lemma="vame">vanjo</w>
               <c>.</c>
               <S/>
            </s>
            <s>
               <w msd="Sozei" lemma="pepelka">Pepelka</w>
               <S/>
               <w msd="Rsn" lemma="tam">tam</w>
               <S/>
               <w msd="Ggdste" lemma="izgubiti">izgubi</w>
               <S/>
               <w msd="Ppnmetn" lemma="steklen">steklen</w>
               <S/>
               <w msd="Sometn" lemma="čeveljček">čeveljček</w>
               <c>,</c>
               <S/>
               <w msd="Vd" lemma="ko">ko</w>
               <S/>
               <w msd="Ggnste" lemma="morati">mora</w>
               <S/>
               <w msd="Dt" lemma="na">na</w>
               <S/>
               <w msd="Rsn" lemma="hitro">hitro</w>
               <S/>
               <w msd="Ggdn" lemma="oditi">oditi</w>
               <c>.</c>
               <S/>
            </s>
            <s>
               <w msd="Rsn" lemma="potem">Potem</w>
               <S/>
               <w msd="Vd" lemma="ko">ko</w>
               <S/>
               <w msd="Ggdste" lemma="preiskati">preišče</w>
               <S/>
               <w msd="Sosei" lemma="kraljestvo">kraljestvo</w>
               <c>,</c>
               <S/>
               <w msd="Vd" lemma="da">da</w>
               <S/>
               <w msd="Gp-g" lemma="biti">bi</w>
               <S/>
               <w msd="Ggdd-em" lemma="najti">našel</w>
               <S/>
               <w msd="Soset" lemma="stopalo">stopalo</w>
               <c>,</c>
               <S/>
               <w msd="Vd" lemma="ki">ki</w>
               <S/>
               <w msd="Gp-g" lemma="biti">bi</w>
               <S/>
               <w msd="Zp------k" lemma="se">se</w>
               <S/>
               <w msd="Ggnd-es" lemma="prilegati">prilegalo</w>
               <S/>
               <w msd="Somed" lemma="čeveljc">čeveljcu</w>
               <c>,</c>
               <S/>
               <w msd="Somei" lemma="princ">princ</w>
               <S/>
               <w msd="L" lemma="le">le</w>
               <S/>
               <w msd="Ggdste" lemma="najti">najde</w>
               <S/>
               <w msd="Sozet" lemma="pepelka">Pepelko</w>
               <S/>
               <w msd="Vp" lemma="in">in</w>
               <S/>
               <w msd="Zp------k" lemma="se">se</w>
               <S/>
               <w msd="Ggdste" lemma="poročiti">poroči</w>
               <S/>
               <w msd="Do" lemma="z">z</w>
               <S/>
               <w msd="Zotzeo" lemma="on">njo</w>
               <c>.</c>
            </s>
         </p>
         <p xml:id="F0002356.000161">
            <s>
               <w msd="Slmei" lemma="Conchobar">Conchobar</w>
               <S/>
               <w msd="Slmei" lemma="mac">mac</w>
               <S/>
               <w msd="Slmei" lemma="Nesse">Nesse</w>
               <S/>
               <c>(</c>
               <w msd="Slmei" lemma="kralj">kralj</w>
               <S/>
               <w msd="Slmei" lemma="Conor">Conor</w>
               <c>)</c>
               <c>,</c>
               <S/>
               <w msd="Ppnmeid" lemma="legendaren">legendarni</w>
               <S/>
               <w msd="Ppnmeid" lemma="irski">irski</w>
               <S/>
               <w msd="Ppnmeid" lemma="galski">galski</w>
               <S/>
               <w msd="Somei" lemma="kralj">kralj</w>
               <c>,</c>
               <S/>
               <w msd="Vd" lemma="ki">ki</w>
               <S/>
               <w msd="Gp-ste-n" lemma="biti">je</w>
               <S/>
               <w msd="Ggnd-em" lemma="imeti">imel</w>
               <S/>
               <w msd="Do" lemma="z">s</w>
               <S/>
               <w msd="Zp-mmo" lemma="svoj">svojimi</w>
               <S/>
               <w msd="Sommo" lemma="vitez">vitezi</w>
               <S/>
               <w msd="Ppnzer" lemma="rdeč">Rdeče</w>
               <S/>
               <w msd="Sozmt" lemma="veja">veje</w>
               <S/>
               <w msd="Somei" lemma="dvor">dvor</w>
               <S/>
               <w msd="Dt" lemma="v">v</w>
               <S/>
               <w msd="Slzem" lemma="Emain">Emain</w>
               <S/>
               <w msd="Slmei" lemma="Machi">Machi</w>
               <S/>
               <c>(</c>
               <w msd="Dm" lemma="pri">pri</w>
               <S/>
               <w msd="Ppnmem" lemma="današnji">današnjem</w>
               <S/>
               <w msd="Slmei" lemma="Armaghu">Armaghu</w>
               <c>)</c>
               <c>.</c>
               <S/>
            </s>
            <s>
               <w msd="Somei" lemma="skupek">Skupek</w>
               <S/>
               <w msd="Sozmr" lemma="legenda">legend</w>
               <S/>
               <w msd="Vp" lemma="in">in</w>
               <S/>
               <w msd="Sozmr" lemma="pripovedka">pripovedk</w>
               <c>,</c>
               <S/>
               <w msd="Ppnmeid" lemma="ulaidski">ulaidski</w>
               <S/>
               <w msd="Somei" lemma="cikel">cikel</w>
               <c>,</c>
               <S/>
               <w msd="Pdnmein" lemma="zapisan">zapisan</w>
               <S/>
               <w msd="Dm" lemma="na">na</w>
               <S/>
               <w msd="Sozem" lemma="podlaga">podlagi</w>
               <S/>
               <w msd="Ppnser" lemma="usten">ustnega</w>
               <S/>
               <w msd="Soser" lemma="izročilo">izročila</w>
               <S/>
               <w msd="Do" lemma="med">med</w>
               <S/>
               <w msd="Kav" lemma="8.">8.</w>
               <S/>
               <w msd="Vp" lemma="in">in</w>
               <S/>
               <w msd="Kag" lemma="11">11</w>
               <c>.</c>
               <c>_</c>
               <w msd="Soseo" lemma="stoletje">stoletjem</w>
               <c>,</c>
               <S/>
               <w msd="Zp------k" lemma="se">se</w>
               <S/>
               <w msd="Ggnste" lemma="osredotočati">osredotoča</w>
               <S/>
               <w msd="Zotmet--z" lemma="name">nanj</w>
               <S/>
               <w msd="Vp" lemma="in">in</w>
               <S/>
               <w msd="Dt" lemma="na">na</w>
               <S/>
               <w msd="Ppnmmt" lemma="junaški">junaške</w>
               <S/>
               <w msd="Sommt" lemma="podvig">podvige</w>
               <S/>
               <w msd="Zstserem" lemma="njegov">njegovega</w>
               <S/>
               <w msd="Soser" lemma="ljudstvo">ljudstva</w>
               <c>,</c>
               <S/>
               <w msd="Slmei" lemma="Ulaidov">Ulaidov</w>
               <c>.</c>
            </s>
         </p>
         <p xml:id="F0002356.000192">
            <s>
               <w msd="Sozmr" lemma="diva">Div</w>
               <c>,</c>
               <S/>
               <w msd="Dm" lemma="v">v</w>
               <S/>
               <w msd="Ppnzem" lemma="perzijski">perzijski</w>
               <S/>
               <w msd="Sozem" lemma="mitologija">mitologiji</w>
               <S/>
               <w msd="Ppnmetd" lemma="hudoben">hudobni</w>
               <S/>
               <w msd="Somei" lemma="duh">duh</w>
               <S/>
               <w msd="Vp" lemma="ali">ali</w>
               <S/>
               <w msd="Somei" lemma="džin">džin</w>
               <c>.</c>
               <S/>
            </s>
            <s>
               <w msd="Sozem" lemma="diva">Divi</w>
               <S/>
               <w msd="Gp-stm-n" lemma="biti">so</w>
               <S/>
               <w msd="Sozmi" lemma="daeva">daeve</w>
               <S/>
               <c>(</c>
               <w msd="Sozmi" lemma="deva">deve</w>
               <c>)</c>
               <S/>
               <w msd="Slmei" lemma="Zend">Zend</w>
               <c>-</c>
               <w msd="Slmei" lemma="Aveste">Aveste</w>
               <c>,</c>
               <S/>
               <w msd="Ppnmmi" lemma="zloben">zlobni</w>
               <S/>
               <w msd="Sommi" lemma="duh">duhovi</w>
               <c>,</c>
               <S/>
               <w msd="Vd" lemma="ki">ki</w>
               <S/>
               <w msd="Zotmmt--k" lemma="on">jih</w>
               <S/>
               <w msd="Gp-ste-n" lemma="biti">je</w>
               <S/>
               <w msd="Rsn" lemma="ahriman">Ahriman</w>
               <S/>
               <w msd="Ggdd-em" lemma="ustvariti">ustvaril</w>
               <S/>
               <w msd="Vd" lemma="kot">kot</w>
               <S/>
               <w msd="Sommt" lemma="nasprotnik">nasprotnike</w>
               <S/>
               <w msd="Ppnmmr" lemma="dober">dobrih</w>
               <S/>
               <w msd="Sommr" lemma="duh">duhov</w>
               <c>,</c>
               <S/>
               <w msd="Ppnmmr" lemma="ameša">ameša</w>
               <S/>
               <w msd="Sommr" lemma="spent">spentov</w>
               <c>.</c>
               <S/>
            </s>
            <s>
               <w msd="Rsn" lemma="nasprotno">Nasprotno</w>
               <S/>
               <w msd="Vp" lemma="pa">pa</w>
               <S/>
               <w msd="Gp-stm-n" lemma="biti">so</w>
               <S/>
               <w msd="Dm" lemma="v">v</w>
               <S/>
               <w msd="Somem" lemma="hinduizem">hinduizmu</w>
               <S/>
               <w msd="Sozer" lemma="deva">deve</w>
               <S/>
               <w msd="Ppnmmi" lemma="božanski">božanski</w>
               <c>,</c>
               <S/>
               <w msd="Ppnmmi" lemma="dober">dobri</w>
               <S/>
               <w msd="Sommi" lemma="duh">duhovi</w>
               <S/>
               <w msd="Vp" lemma="oziroma">oziroma</w>
               <S/>
               <w msd="Sosmi" lemma="božanstvo">božanstva</w>
               <c>,</c>
               <S/>
               <w msd="Vd" lemma="ki">ki</w>
               <S/>
               <w msd="Ggnstm" lemma="nasprotovati">nasprotujejo</w>
               <S/>
               <w msd="Sommd" lemma="demon">demonom</w>
               <c>.</c>
            </s>
         </p>
         <p xml:id="F0002356.000265">
            <s>
               <w msd="Slmei" lemma="Gabriel">Gabriel</w>
               <c>,</c>
               <S/>
               <w msd="Somei" lemma="nadangel">nadangel</w>
               <S/>
               <w msd="Vp" lemma="in">in</w>
               <S/>
               <w msd="Dm" lemma="po">po</w>
               <S/>
               <w msd="Ppnsem" lemma="svetopisemski">svetopisemskem</w>
               <S/>
               <w msd="Sosem" lemma="izročilo">izročilu</w>
               <S/>
               <w msd="Ppnmeid" lemma="božji">božji</w>
               <S/>
               <w msd="Somei" lemma="sel">sel</w>
               <S/>
               <c>(</c>
               <w msd="Zstsetem" lemma="njegov">njegovo</w>
               <S/>
               <w msd="Sosei" lemma="ime">ime</w>
               <S/>
               <w msd="Dm" lemma="v">v</w>
               <S/>
               <w msd="Sozem" lemma="hebrejščina">hebrejščini</w>
               <S/>
               <w msd="Ggvste" lemma="pomeniti">pomeni</w>
               <c>:</c>
               <S/>
               <c>'</c>
               <w msd="Somei" lemma="bog">Bog</w>
               <S/>
               <w msd="Gp-ste-n" lemma="biti">je</w>
               <S/>
               <w msd="Zspzeie" lemma="moj">moja</w>
               <S/>
               <w msd="Sozei" lemma="moč">moč</w>
               <c>'</c>
               <c>)</c>
               <c>.</c>
               <S/>
            </s>
            <s>
               <w msd="Slmed" lemma="Daniel">Danielu</w>
               <S/>
               <w msd="Zp------k" lemma="se">se</w>
               <S/>
               <w msd="Gp-ste-n" lemma="biti">je</w>
               <S/>
               <w msd="Ggdd-em" lemma="prikazati">prikazal</w>
               <c>,</c>
               <S/>
               <w msd="Vd" lemma="da">da</w>
               <S/>
               <w msd="Gp-g" lemma="biti">bi</w>
               <S/>
               <w msd="Zotmed--k" lemma="on">mu</w>
               <S/>
               <w msd="Ggdd-em" lemma="razložiti">razložil</w>
               <S/>
               <w msd="Zstzeiem" lemma="njegov">njegova</w>
               <S/>
               <w msd="Soser" lemma="videnje">videnja</w>
               <c>,</c>
               <S/>
               <w msd="Rsn" lemma="zahariji">Zahariji</w>
               <S/>
               <w msd="Gp-ste-n" lemma="biti">je</w>
               <S/>
               <w msd="Ggdd-em" lemma="priti">prišel</w>
               <S/>
               <w msd="Ggdm" lemma="napovedati">napovedat</w>
               <S/>
               <w msd="Sosei" lemma="rojstvo">rojstvo</w>
               <S/>
               <w msd="Slmer" lemma="Janez">Janeza</w>
               <S/>
               <w msd="Slmer" lemma="Krstnik">Krstnika</w>
               <c>,</c>
               <S/>
               <w msd="Slzed" lemma="Marija">Mariji</w>
               <S/>
               <w msd="Vp" lemma="pa">pa</w>
               <S/>
               <w msd="Ggdm" lemma="oznaniti">oznanit</w>
               <c>,</c>
               <S/>
               <w msd="Vd" lemma="da">da</w>
               <S/>
               <w msd="Gp-pte-n" lemma="biti">bo</w>
               <S/>
               <w msd="Ggnd-ez" lemma="imeti">imela</w>
               <S/>
               <w msd="Somer" lemma="sin">sina</w>
               <c>,</c>
               <S/>
               <w msd="Slmetd" lemma="Jezus">Jezusa</w>
               <c>.</c>
               <S/>
            </s>
            <s>
               <w msd="Dm" lemma="v">V</w>
               <S/>
               <w msd="Ppnsem" lemma="islamski">islamskem</w>
               <S/>
               <w msd="Sosem" lemma="izročilo">izročilu</w>
               <S/>
               <w msd="Ggnste" lemma="veljati">velja</w>
               <c>,</c>
               <S/>
               <w msd="Vd" lemma="da">da</w>
               <S/>
               <w msd="Gp-ste-n" lemma="biti">je</w>
               <S/>
               <w msd="Zc-mei" lemma="ves">ves</w>
               <S/>
               <w msd="Slmei" lemma="Koran">Koran</w>
               <S/>
               <w msd="Slmed" lemma="Mohamed">Mohamedu</w>
               <S/>
               <w msd="Ggdd-em" lemma="razodeti">razodel</w>
               <S/>
               <w msd="Somei" lemma="nadangel">nadangel</w>
               <S/>
               <w msd="Slmei" lemma="Džibril">Džibril</w>
               <S/>
               <c>(</c>
               <w msd="Slmei" lemma="Gabriel">Gabriel</w>
               <c>)</c>
               <c>,</c>
               <S/>
               <w msd="Vd" lemma="ki">ki</w>
               <S/>
               <w msd="Zotmet--k" lemma="on">ga</w>
               <S/>
               <w msd="Rsn" lemma="včasih">včasih</w>
               <S/>
               <w msd="Ggvstm" lemma="imenovati">imenujejo</w>
               <S/>
               <w msd="Ppnmeid" lemma="zvest">Zvesti</w>
               <S/>
               <w msd="Sometn" lemma="duh">duh</w>
               <c>.</c>
               <S/>
            </s>
            <s>
               <w msd="Dm" lemma="po">Po</w>
               <S/>
               <w msd="Kbzzmm" lemma="drug">drugih</w>
               <S/>
               <w msd="Sozmm" lemma="legenda">legendah</w>
               <S/>
               <w msd="L" lemma="naj">naj</w>
               <S/>
               <w msd="Gp-g" lemma="biti">bi</w>
               <S/>
               <w msd="Slmed" lemma="Adam">Adamu</w>
               <S/>
               <w msd="Ggdd-em" lemma="pokazati">pokazal</w>
               <c>,</c>
               <S/>
               <w msd="Rsn" lemma="kje">kje</w>
               <S/>
               <w msd="Zp------k" lemma="se">se</w>
               <S/>
               <w msd="Ggnste" lemma="nahajati">nahaja</w>
               <S/>
               <w msd="Sozei" lemma="meka">Meka</w>
               <c>,</c>
               <S/>
               <w msd="Ggvd-em" lemma="pomagati">pomagal</w>
               <S/>
               <w msd="L" lemma="naj">naj</w>
               <S/>
               <w msd="Gp-g" lemma="biti">bi</w>
               <S/>
               <w msd="Sommd" lemma="prerok">prerokom</w>
               <S/>
               <w msd="Vp" lemma="in">in</w>
               <S/>
               <w msd="Sozed" lemma="zaharija">Zahariji</w>
               <S/>
               <w msd="Ggdd-em" lemma="napovedati">napovedal</w>
               <S/>
               <w msd="Soset" lemma="rojstvo">rojstvo</w>
               <S/>
               <w msd="Slmei" lemma="Jahje">Jahje</w>
               <S/>
               <c>(</c>
               <w msd="Slmer" lemma="Janez">Janeza</w>
               <c>)</c>
               <c>.</c>
            </s>
         </p>
         <p xml:id="F0002356.000286">
            <s>
               <w msd="Somei" lemma="goblin">goblin</w>
               <c>,</c>
               <S/>
               <w msd="Ppnmein" lemma="objesten">objesten</w>
               <c>,</c>
               <S/>
               <w msd="Ppnmein" lemma="grd">grd</w>
               <S/>
               <w msd="Somei" lemma="demon">demon</w>
               <S/>
               <w msd="Dr" lemma="iz">iz</w>
               <S/>
               <w msd="Ppnser" lemma="evropski">evropskega</w>
               <S/>
               <w msd="Ppnser" lemma="ljudski">ljudskega</w>
               <S/>
               <w msd="Soser" lemma="izročilo">izročila</w>
               <c>.</c>
               <S/>
            </s>
            <s>
               <w msd="Sosei" lemma="ime">Ime</w>
               <S/>
               <w msd="Rsn" lemma="verjetno">verjetno</w>
               <S/>
               <w msd="Ggnste" lemma="izhajati">izhaja</w>
               <S/>
               <w msd="Dr" lemma="iz">iz</w>
               <S/>
               <w msd="Ppnmer" lemma="latinski">latinskega</w>
               <S/>
               <w msd="Somei" lemma="gobelinus">gobelinus</w>
               <S/>
               <c>(</c>
               <w msd="Somei" lemma="duh">duh</w>
               <c>)</c>
               <c>,</c>
               <S/>
               <w msd="Vd" lemma="ki">ki</w>
               <S/>
               <w msd="Gp-ste-n" lemma="biti">je</w>
               <S/>
               <w msd="Pdnsei" lemma="povezan">povezano</w>
               <S/>
               <w msd="L" lemma="tudi">tudi</w>
               <S/>
               <w msd="Do" lemma="z">s</w>
               <S/>
               <w msd="Someo" lemma="kobold">koboldom</w>
               <c>,</c>
               <S/>
               <w msd="Ppnmeo" lemma="nemški">nemškim</w>
               <S/>
               <w msd="Someo" lemma="demon">demonom</w>
               <S/>
               <w msd="Sommr" lemma="rudnik">rudnikov</w>
               <c>.</c>
            </s>
         </p>
         <p xml:id="F0002356.000315">
            <s>
               <w msd="Sosmi" lemma="hebo">Heba</w>
               <c>,</c>
               <S/>
               <w msd="Sozei" lemma="boginja">boginja</w>
               <S/>
               <w msd="Sozer" lemma="mladost">mladosti</w>
               <S/>
               <w msd="Dr" lemma="iz">iz</w>
               <S/>
               <w msd="Ppnzer" lemma="grški">grške</w>
               <S/>
               <w msd="Sozer" lemma="mitologija">mitologije</w>
               <c>,</c>
               <S/>
               <w msd="Sozei" lemma="hči">hči</w>
               <S/>
               <w msd="Slmer" lemma="Zevs">Zevsa</w>
               <S/>
               <w msd="Vp" lemma="in">in</w>
               <S/>
               <w msd="Slmei" lemma="Here">Here</w>
               <c>,</c>
               <S/>
               <w msd="Ppnzei" lemma="božji">božja</w>
               <S/>
               <w msd="Sozei" lemma="točajka">točajka</w>
               <c>.</c>
            </s>
         </p>
         <p xml:id="F0002356.000342">
            <s>
               <w msd="Slmei" lemma="Horos">Horos</w>
               <S/>
               <c>(</c>
               <w msd="Slmei" lemma="Horus">Horus</w>
               <c>)</c>
               <c>,</c>
               <S/>
               <c>*</c>
               <w msd="Slmei" lemma="Hor">Hor</w>
               <c>.</c>
            </s>
         </p>
         <p xml:id="F0002356.000354">
            <s>
               <w msd="Somei" lemma="himen">Himen</w>
               <c>,</c>
               <S/>
               <c>*</c>
               <w msd="Slmei" lemma="Himenaj">Himenaj</w>
               <c>.</c>
            </s>
         </p>
         <p xml:id="F0002356.000361">
            <s>
               <w msd="Slmei" lemma="Ilujankas">Ilujankas</w>
               <c>,</c>
               <S/>
               <w msd="Somei" lemma="zmaj">zmaj</w>
               <S/>
               <w msd="Dr" lemma="iz">iz</w>
               <S/>
               <w msd="Ppnzer" lemma="hetitski">hetitske</w>
               <S/>
               <w msd="Sozer" lemma="mitologija">mitologije</w>
               <c>,</c>
               <S/>
               <w msd="Sosei" lemma="poosebljenje">poosebljenje</w>
               <S/>
               <w msd="Sozmr" lemma="sila">sil</w>
               <S/>
               <w msd="Soser" lemma="zlo">zla</w>
               <c>,</c>
               <S/>
               <w msd="Vd" lemma="ki">ki</w>
               <S/>
               <w msd="Zotmet--k" lemma="on">ga</w>
               <S/>
               <w msd="Ggdste" lemma="pokončati">pokonča</w>
               <S/>
               <w msd="Ppnmeid" lemma="vremenski">vremenski</w>
               <S/>
               <w msd="Somei" lemma="bog">bog</w>
               <S/>
               <w msd="Somei" lemma="tarhun">Tarhun</w>
               <S/>
               <w msd="Vp" lemma="ali">ali</w>
               <S/>
               <w msd="Somei" lemma="teshub">Teshub</w>
               <c>.</c>
               <S/>
            </s>
            <s>
               <w msd="Slmei" lemma="Ilujankas">Ilujankas</w>
               <S/>
               <w msd="Rsn" lemma="sprva">sprva</w>
               <S/>
               <w msd="L" lemma="sicer">sicer</w>
               <S/>
               <w msd="Sozei" lemma="zmaga">zmaga</w>
               <c>,</c>
               <S/>
               <w msd="Dm" lemma="na">na</w>
               <S/>
               <w msd="Somem" lemma="konec">koncu</w>
               <S/>
               <w msd="Vp" lemma="pa">pa</w>
               <S/>
               <w msd="Ggdste" lemma="izgubiti">izgubi</w>
               <c>,</c>
               <S/>
               <w msd="Vd" lemma="ker">ker</w>
               <S/>
               <w msd="Zotmet--k" lemma="on">ga</w>
               <S/>
               <w msd="Sozei" lemma="prevara">prevara</w>
               <S/>
               <w msd="Sozei" lemma="boginja">boginja</w>
               <S/>
               <w msd="Slmei" lemma="Inares">Inares</w>
               <c>,</c>
               <S/>
               <w msd="Vd" lemma="ki">ki</w>
               <S/>
               <w msd="Zotzed--k" lemma="on">ji</w>
               <S/>
               <w msd="Ggvste" lemma="pomagati">pomaga</w>
               <S/>
               <w msd="Zstmeiez" lemma="njen">njen</w>
               <S/>
               <w msd="Somei" lemma="ljubimec">ljubimec</w>
               <S/>
               <w msd="Slmei" lemma="Hupasijas">Hupasijas</w>
               <c>.</c>
            </s>
         </p>
         <p xml:id="F0002356.000387">
            <s>
               <w msd="Sozei" lemma="džataka">Džataka</w>
               <c>,</c>
               <S/>
               <w msd="Sozei" lemma="zbirka">zbirka</w>
               <S/>
               <w msd="Sozmr" lemma="zgodba">zgodb</w>
               <c>,</c>
               <S/>
               <w msd="Vd" lemma="ki">ki</w>
               <S/>
               <w msd="Ggnstm" lemma="govoriti">govorijo</w>
               <S/>
               <w msd="Dm" lemma="o">o</w>
               <S/>
               <w msd="Ppnsmm" lemma="prejšnji">prejšnjih</w>
               <S/>
               <w msd="Sosmm" lemma="življenje">življenjih</w>
               <S/>
               <w msd="Slmer" lemma="Buda">Bude</w>
               <c>,</c>
               <S/>
               <w msd="Vd" lemma="kjer">kjer</w>
               <S/>
               <w msd="Zk-mei" lemma="ta">ta</w>
               <S/>
               <w msd="Ggnste" lemma="nastopati">nastopa</w>
               <S/>
               <w msd="Dm" lemma="v">v</w>
               <S/>
               <w msd="Ppnsmm" lemma="različen">različnih</w>
               <S/>
               <w msd="Sosmm" lemma="utelešenje">utelešenjih</w>
               <c>,</c>
               <S/>
               <w msd="Dt" lemma="na">na</w>
               <S/>
               <w msd="Sometn" lemma="primer">primer</w>
               <S/>
               <w msd="Slmei" lemma="kot">kot</w>
               <S/>
               <w msd="Somei" lemma="kralj">kralj</w>
               <c>,</c>
               <S/>
               <w msd="Somei" lemma="izobčenec">izobčenec</w>
               <c>,</c>
               <S/>
               <w msd="Somei" lemma="bog">bog</w>
               <S/>
               <w msd="Vp" lemma="ali">ali</w>
               <S/>
               <w msd="Somei" lemma="slon">slon</w>
               <c>,</c>
               <S/>
               <w msd="Vd" lemma="da">da</w>
               <S/>
               <w msd="Gp-g" lemma="biti">bi</w>
               <S/>
               <w msd="Dt" lemma="na">na</w>
               <S/>
               <w msd="Zk-met" lemma="ta">ta</w>
               <S/>
               <w msd="Sometn" lemma="način">način</w>
               <S/>
               <w msd="Ggdd-em" lemma="ponazoriti">ponazoril</w>
               <S/>
               <w msd="Zv-zet" lemma="kakšen">kakšno</w>
               <S/>
               <w msd="Dr" lemma="od">od</w>
               <S/>
               <w msd="Ppnzmr" lemma="pomemben">pomembnih</w>
               <S/>
               <w msd="Sozmr" lemma="krepost">kreposti</w>
               <c>.</c>
               <S/>
            </s>
            <s>
               <w msd="Vd" lemma="četudi">Četudi</w>
               <S/>
               <w msd="Zp------k" lemma="se">se</w>
               <S/>
               <w msd="Somei" lemma="del">del</w>
               <S/>
               <w msd="Somer" lemma="kanon">kanona</w>
               <S/>
               <w msd="Sozei" lemma="theravada">theravada</w>
               <S/>
               <w msd="Somer" lemma="budizem">budizma</w>
               <c>,</c>
               <S/>
               <w msd="Gp-stm-n" lemma="biti">so</w>
               <S/>
               <w msd="Sommi" lemma="motiv">motivi</w>
               <S/>
               <w msd="Dr" lemma="iz">iz</w>
               <S/>
               <w msd="Sozer" lemma="džataka">Džatake</w>
               <S/>
               <w msd="Pdnmmi" lemma="razširjen">razširjeni</w>
               <S/>
               <w msd="L" lemma="tudi">tudi</w>
               <S/>
               <w msd="Do" lemma="med">med</w>
               <S/>
               <w msd="Sommo" lemma="pripadnik">pripadniki</w>
               <S/>
               <w msd="Kbzmmr" lemma="drug">drugih</w>
               <S/>
               <w msd="Sozmr" lemma="veja">vej</w>
               <S/>
               <w msd="Somer" lemma="budizem">budizma</w>
               <S/>
               <w msd="Vp" lemma="in">in</w>
               <S/>
               <w msd="Ggnstm" lemma="služiti">služijo</w>
               <S/>
               <w msd="Vd" lemma="kot">kot</w>
               <S/>
               <w msd="Sozei" lemma="predloga">predloga</w>
               <S/>
               <w msd="Dt" lemma="za">za</w>
               <S/>
               <w msd="Zn-mmt" lemma="mnog">mnoge</w>
               <S/>
               <w msd="Ppnzer" lemma="budističen">budistične</w>
               <S/>
               <w msd="Sozmt" lemma="umetnina">umetnine</w>
               <c>.</c>
               <S/>
            </s>
            <s>
               <w msd="Dm" lemma="v">V</w>
               <S/>
               <w msd="Zn-zmm" lemma="mnog">mnogih</w>
               <S/>
               <w msd="Sozmm" lemma="dežela">deželah</w>
               <S/>
               <w msd="Gp-stm-n" lemma="biti">so</w>
               <S/>
               <w msd="Zp------k" lemma="se">se</w>
               <S/>
               <w msd="Zk-zmi" lemma="ta">te</w>
               <S/>
               <w msd="Sozmi" lemma="zgodba">zgodbe</w>
               <S/>
               <w msd="Ggdd-mz" lemma="zliti">zlile</w>
               <S/>
               <w msd="Do" lemma="z">z</w>
               <S/>
               <w msd="Ppnseo" lemma="ljudski">ljudskim</w>
               <S/>
               <w msd="Soseo" lemma="izročilo">izročilom</w>
               <c>.</c>
            </s>
         </p>
         <p xml:id="F0002356.000401">
            <s>
               <w msd="Slmei" lemma="Job">Job</w>
               <c>,</c>
               <S/>
               <w msd="Ppnmeid" lemma="hebrejski">hebrejski</w>
               <S/>
               <w msd="Somei" lemma="junak">junak</w>
               <S/>
               <w msd="Ppnzer" lemma="svetopisemski">svetopisemske</w>
               <S/>
               <w msd="Psnzer" lemma="Jobov">Jobove</w>
               <S/>
               <w msd="Sozer" lemma="knjiga">knjige</w>
               <c>,</c>
               <S/>
               <w msd="Vd" lemma="ki">ki</w>
               <S/>
               <w msd="Ggnste" lemma="obravnavati">obravnava</w>
               <S/>
               <w msd="Kbzsei" lemma="en">eno</w>
               <S/>
               <w msd="Dr" lemma="od">od</w>
               <S/>
               <w msd="Ppnsmr" lemma="osnoven">osnovnih</w>
               <S/>
               <w msd="Sosmr" lemma="vprašanje">vprašanj</w>
               <c>,</c>
               <S/>
               <w msd="Ppnsei" lemma="nezaslužen">nezasluženo</w>
               <S/>
               <w msd="Soset" lemma="trpljenje">trpljenje</w>
               <c>.</c>
               <S/>
            </s>
            <s>
               <w msd="Vd" lemma="četudi">Četudi</w>
               <S/>
               <w msd="Zotmed--k" lemma="on">mu</w>
               <S/>
               <w msd="Gp-ste-n" lemma="biti">je</w>
               <S/>
               <w msd="Somei" lemma="satan">Satan</w>
               <S/>
               <w msd="Ggdd-em" lemma="vzeti">vzel</w>
               <S/>
               <w msd="Sozet" lemma="družina">družino</w>
               <S/>
               <w msd="Vp" lemma="in">in</w>
               <S/>
               <w msd="Sozet" lemma="posest">posest</w>
               <c>,</c>
               <S/>
               <w msd="Gp-ste-n" lemma="biti">je</w>
               <S/>
               <w msd="Ppnmeid" lemma="pokončen">pokončni</w>
               <S/>
               <w msd="Slmei" lemma="Job">Job</w>
               <S/>
               <w msd="Zc-set" lemma="ves">vse</w>
               <S/>
               <w msd="Zk-set" lemma="ta">to</w>
               <S/>
               <w msd="Ggdd-em" lemma="sprejeti">sprejel</w>
               <S/>
               <w msd="Vd" lemma="kot">kot</w>
               <S/>
               <w msd="Ppnzet" lemma="božji">Božjo</w>
               <S/>
               <w msd="Sozet" lemma="volja">voljo</w>
               <c>.</c>
               <S/>
            </s>
            <s>
               <w msd="L" lemma="šele">Šele</w>
               <S/>
               <w msd="Vd" lemma="ko">ko</w>
               <S/>
               <w msd="Gp-stm-n" lemma="biti">so</w>
               <S/>
               <w msd="Zotmet--k" lemma="on">ga</w>
               <S/>
               <w msd="Sommi" lemma="prijatelj">prijatelji</w>
               <S/>
               <w msd="Ggnd-mm" lemma="prepričevati">prepričevali</w>
               <c>,</c>
               <S/>
               <w msd="Vd" lemma="da">da</w>
               <S/>
               <w msd="Gp-ste-n" lemma="biti">je</w>
               <S/>
               <w msd="Sosei" lemma="trpljenje">trpljenje</w>
               <S/>
               <w msd="Sozei" lemma="posledica">posledica</w>
               <S/>
               <w msd="Somer" lemma="greh">greha</w>
               <c>,</c>
               <S/>
               <w msd="Gp-ste-n" lemma="biti">je</w>
               <S/>
               <w msd="Slmei" lemma="Job">Job</w>
               <c>,</c>
               <S/>
               <w msd="Pdnmein" lemma="prepričan">prepričan</w>
               <S/>
               <w msd="Dm" lemma="o">o</w>
               <S/>
               <w msd="Zp-zem" lemma="svoj">svoji</w>
               <S/>
               <w msd="Sozem" lemma="zvestoba">zvestobi</w>
               <c>,</c>
               <S/>
               <w msd="Ggdd-em" lemma="izgubiti">izgubil</w>
               <S/>
               <w msd="Soset" lemma="potrpljenje">potrpljenje</w>
               <S/>
               <w msd="Vp" lemma="in">in</w>
               <S/>
               <w msd="Ggdd-em" lemma="postaviti">postavil</w>
               <S/>
               <w msd="Dt" lemma="pod">pod</w>
               <S/>
               <w msd="Sometn" lemma="vprašaj">vprašaj</w>
               <S/>
               <w msd="Psnzet" lemma="Bogov">Bogovo</w>
               <S/>
               <w msd="Sozet" lemma="vsemogočnost">vsemogočnost</w>
               <c>.</c>
               <S/>
            </s>
            <s>
               <w msd="Dm" lemma="v">V</w>
               <S/>
               <w msd="Somem" lemma="zaključek">zaključku</w>
               <c>,</c>
               <S/>
               <w msd="Vd" lemma="ki">ki</w>
               <S/>
               <w msd="Gp-ste-n" lemma="biti">je</w>
               <S/>
               <w msd="Rsn" lemma="verjetno">verjetno</w>
               <S/>
               <w msd="Pdnmein" lemma="dodan">dodan</w>
               <S/>
               <w msd="Rsr" lemma="kasno">kasneje</w>
               <c>,</c>
               <S/>
               <w msd="Zp------k" lemma="se">se</w>
               <S/>
               <w msd="Zstzeiem" lemma="njegov">njegova</w>
               <S/>
               <w msd="Ppnzei" lemma="prvoten">prvotna</w>
               <S/>
               <w msd="Sozei" lemma="sreča">sreča</w>
               <S/>
               <w msd="Rsn" lemma="spet">spet</w>
               <S/>
               <w msd="Ggdste" lemma="povrniti">povrne</w>
               <c>,</c>
               <S/>
               <w msd="Vd" lemma="ko">ko</w>
               <S/>
               <w msd="Zp------k" lemma="se">se</w>
               <S/>
               <w msd="Rsn" lemma="ponovno">ponovno</w>
               <S/>
               <w msd="Ggdste" lemma="podvreči">podvrže</w>
               <S/>
               <w msd="Ppnzed" lemma="božji">Božji</w>
               <S/>
               <w msd="Sozed" lemma="volja">volji</w>
               <c>,</c>
               <S/>
               <w msd="Vd" lemma="ki">ki</w>
               <S/>
               <w msd="Vp" lemma="pa">pa</w>
               <S/>
               <w msd="Ggnste" lemma="ostajati">ostaja</w>
               <S/>
               <w msd="Ppnzei" lemma="skrivnosten">skrivnostna</w>
               <S/>
               <w msd="Vp" lemma="in">in</w>
               <S/>
               <w msd="Ppnzei" lemma="nedoumen">nedoumna</w>
               <c>.</c>
               <S/>
            </s>
            <s>
               <w msd="Sozei" lemma="ajuba">Ajuba</w>
               <S/>
               <c>(</c>
               <w msd="Slmetd" lemma="Job">Joba</w>
               <c>)</c>
               <S/>
               <w msd="Vp" lemma="in">in</w>
               <S/>
               <w msd="Zstsetem" lemma="njegov">njegovo</w>
               <S/>
               <w msd="Soset" lemma="trpljenje">trpljenje</w>
               <S/>
               <w msd="Ggnste" lemma="omenjati">omenja</w>
               <S/>
               <w msd="L" lemma="tudi">tudi</w>
               <S/>
               <w msd="Slmei" lemma="Koran">Koran</w>
               <c>.</c>
            </s>
         </p>
         <p xml:id="F0002356.000457">
            <s>
               <w msd="Slmei" lemma="lokapale">lokapale</w>
               <c>,</c>
               <S/>
               <w msd="Dm" lemma="v">v</w>
               <S/>
               <w msd="Ppnmem" lemma="klasičen">klasičnem</w>
               <S/>
               <w msd="Somem" lemma="hinduizem">hinduizmu</w>
               <S/>
               <w msd="Ppnsmt" lemma="zaščitniški">zaščitniška</w>
               <S/>
               <w msd="Soser" lemma="božanstvo">božanstva</w>
               <c>,</c>
               <S/>
               <w msd="Sommi" lemma="varuh">varuhi</w>
               <S/>
               <w msd="Kbg-mr" lemma="osem">osmih</w>
               <S/>
               <w msd="Sozmr" lemma="stran">strani</w>
               <S/>
               <w msd="Soser" lemma="nebo">neba</w>
               <c>.</c>
               <S/>
            </s>
            <s>
               <w msd="Do" lemma="med">Med</w>
               <S/>
               <w msd="Zotzmo" lemma="on">njimi</w>
               <S/>
               <w msd="Gp-stm-n" lemma="biti">so</w>
               <S/>
               <w msd="Sommi" lemma="agen">Agni</w>
               <S/>
               <c>(</c>
               <w msd="Somei" lemma="jugovzhod">jugovzhod</w>
               <c>)</c>
               <c>,</c>
               <S/>
               <w msd="Sozei" lemma="indra">Indra</w>
               <S/>
               <c>(</c>
               <w msd="Somei" lemma="vzhod">vzhod</w>
               <c>)</c>
               <c>,</c>
               <S/>
               <w msd="Slzei" lemma="Surja">Surja</w>
               <S/>
               <c>(</c>
               <w msd="Somei" lemma="jugozahod">jugozahod</w>
               <c>)</c>
               <S/>
               <w msd="Vp" lemma="in">in</w>
               <S/>
               <w msd="Slmei" lemma="Jama">Jama</w>
               <S/>
               <c>(</c>
               <w msd="Slmei" lemma="jug">jug</w>
               <c>)</c>
               <c>.</c>
               <S/>
            </s>
            <s>
               <w msd="Sommi" lemma="lokapala">Lokapale</w>
               <S/>
               <w msd="Ggnstm-n" lemma="imeti">imajo</w>
               <S/>
               <w msd="Ppnzet" lemma="pomemben">pomembno</w>
               <S/>
               <w msd="Sozet" lemma="vloga">vlogo</w>
               <S/>
               <w msd="Dm" lemma="pri">pri</w>
               <S/>
               <w msd="Sosem" lemma="načrtovanje">načrtovanju</w>
               <S/>
               <w msd="Sosmr" lemma="svetišče">svetišč</w>
               <S/>
               <w msd="Vp" lemma="in">in</w>
               <S/>
               <w msd="Sosmr" lemma="mesto">mest</w>
               <c>:</c>
               <S/>
               <w msd="Ppnzei" lemma="indijski">indijska</w>
               <S/>
               <w msd="Sozei" lemma="arhitektura">arhitektura</w>
               <S/>
               <w msd="Dm" lemma="v">v</w>
               <S/>
               <w msd="Ppnsem" lemma="glaven">glavnem</w>
               <S/>
               <w msd="Ggnste" lemma="temeljiti">temelji</w>
               <S/>
               <w msd="Dm" lemma="na">na</w>
               <S/>
               <w msd="Somem" lemma="kvadrat">kvadratu</w>
               <S/>
               <w msd="Do" lemma="z">z</w>
               <S/>
               <w msd="Rsn" lemma="natančno">natančno</w>
               <S/>
               <w msd="Pdnmmo" lemma="usmerjen">usmerjenimi</w>
               <S/>
               <w msd="Sommo" lemma="kot">koti</w>
               <c>,</c>
               <S/>
               <w msd="Dr" lemma="od">od</w>
               <S/>
               <w msd="Zv-mmr" lemma="kateri">katerih</w>
               <S/>
               <w msd="Zc-ser" lemma="vsak">vsakega</w>
               <S/>
               <w msd="Ggnste" lemma="označevati">označuje</w>
               <S/>
               <w msd="Ppnsei" lemma="zaščiten">zaščitno</w>
               <S/>
               <w msd="Sosei" lemma="božanstvo">božanstvo</w>
               <c>.</c>
            </s>
         </p>
         <p xml:id="F0002356.000481">
            <s>
               <w msd="Slmei" lemma="Wenshu">Wenshu</w>
               <S/>
               <c>(</c>
               <w msd="N" lemma="mondžu">Mondžu</w>
               <c>)</c>
               <c>,</c>
               <S/>
               <c>*</c>
               <w msd="Sozed" lemma="mandžušra">Mandžušri</w>
               <c>.</c>
            </s>
         </p>
         <p xml:id="F0002356.000487">
            <s>
               <w msd="Slzei" lemma="Marta">Marta</w>
               <c>,</c>
               <S/>
               <w msd="Sozei" lemma="prijateljica">prijateljica</w>
               <S/>
               <w msd="Slmetd" lemma="Jezus">Jezusa</w>
               <S/>
               <w msd="Slmer" lemma="Kristus">Kristusa</w>
               <c>,</c>
               <S/>
               <w msd="Sozei" lemma="sestra">sestra</w>
               <S/>
               <w msd="Slzer" lemma="Marija">Marije</w>
               <S/>
               <w msd="Vp" lemma="in">in</w>
               <S/>
               <w msd="Sometd" lemma="lazar">Lazarja</w>
               <S/>
               <w msd="Dr" lemma="iz">iz</w>
               <S/>
               <w msd="Sozer" lemma="betanija">Betanije</w>
               <c>,</c>
               <S/>
               <w msd="Vd" lemma="ki">ki</w>
               <S/>
               <w msd="Zp------k" lemma="se">se</w>
               <S/>
               <w msd="Gp-ste-n" lemma="biti">je</w>
               <S/>
               <w msd="Ggdd-ez" lemma="odločiti">odločila</w>
               <S/>
               <w msd="Zp-zet" lemma="svoj">svojo</w>
               <S/>
               <w msd="Sozet" lemma="vdanost">vdanost</w>
               <S/>
               <w msd="Slmed" lemma="Jezus">Jezusu</w>
               <S/>
               <w msd="Ggdn" lemma="izkazati">izkazati</w>
               <S/>
               <w msd="Rsn" lemma="tako">tako</w>
               <c>,</c>
               <S/>
               <w msd="Vd" lemma="da">da</w>
               <S/>
               <w msd="Zotmed--k" lemma="on">mu</w>
               <S/>
               <w msd="Gp-ste-n" lemma="biti">je</w>
               <S/>
               <w msd="Ggdd-ez" lemma="pripraviti">pripravila</w>
               <S/>
               <w msd="Sozet" lemma="jedača">jedačo</w>
               <c>,</c>
               <S/>
               <w msd="Rsn" lemma="medtem">medtem</w>
               <S/>
               <w msd="Vd" lemma="ko">ko</w>
               <S/>
               <w msd="Gp-ste-n" lemma="biti">je</w>
               <S/>
               <w msd="Zstzeiez" lemma="njen">njena</w>
               <S/>
               <w msd="Sozei" lemma="sestra">sestra</w>
               <S/>
               <w msd="Slzei" lemma="Marija">Marija</w>
               <S/>
               <w msd="Ggnd-ez" lemma="sedeti">sedela</w>
               <S/>
               <w msd="Do" lemma="z">z</w>
               <S/>
               <w msd="Zotmeo" lemma="on">njim</w>
               <c>.</c>
               <S/>
            </s>
            <s>
               <w msd="Dm" lemma="v">V</w>
               <S/>
               <w msd="Ppnmem" lemma="krščanski">krščanskem</w>
               <S/>
               <w msd="Somem" lemma="simbolizem">simbolizmu</w>
               <S/>
               <w msd="Ggvste" lemma="simbolizirati">simbolizira</w>
               <S/>
               <w msd="Ppnzet" lemma="dejaven">dejavno</w>
               <S/>
               <w msd="Sozet" lemma="združitev">združitev</w>
               <S/>
               <w msd="Do" lemma="z">z</w>
               <S/>
               <w msd="Someo" lemma="bog">Bogom</w>
               <c>,</c>
               <S/>
               <w msd="Zstzeiez" lemma="njen">njena</w>
               <S/>
               <w msd="Sozei" lemma="sestra">sestra</w>
               <S/>
               <w msd="Vp" lemma="pa">pa</w>
               <S/>
               <w msd="Rsn" lemma="kontemplativno">kontemplativno</w>
               <c>.</c>
            </s>
         </p>
         <p xml:id="F0002356.000588">
            <s>
               <w msd="Slmmi" lemma="pere">peri</w>
               <S/>
               <c>(</c>
               <w msd="Sommi" lemma="par">pari</w>
               <c>)</c>
               <c>,</c>
               <S/>
               <w msd="Dm" lemma="v">v</w>
               <S/>
               <w msd="Ppnzem" lemma="perzijski">perzijski</w>
               <S/>
               <w msd="Sozem" lemma="mitologija">mitologiji</w>
               <S/>
               <w msd="Ppnmein" lemma="dobrohoten">dobrohoten</w>
               <S/>
               <w msd="Ppnmeid" lemma="ženski">ženski</w>
               <S/>
               <w msd="Somei" lemma="duh">duh</w>
               <c>,</c>
               <S/>
               <w msd="Pdnmein" lemma="obdarjen">obdarjen</w>
               <S/>
               <w msd="Do" lemma="z">z</w>
               <S/>
               <w msd="Sozeo" lemma="milina">milino</w>
               <S/>
               <w msd="Vp" lemma="in">in</w>
               <S/>
               <w msd="Sozeo" lemma="lepota">lepoto</w>
               <c>.</c>
               <S/>
            </s>
            <s>
               <w msd="Dt" lemma="za">Za</w>
               <S/>
               <w msd="Sozmt" lemma="perija">perije</w>
               <c>,</c>
               <S/>
               <w msd="Sozet" lemma="vrsta">vrsto</w>
               <S/>
               <w msd="Ppnsmr" lemma="nadnaraven">nadnaravnih</w>
               <S/>
               <w msd="Sosmr" lemma="bitje">bitij</w>
               <c>,</c>
               <S/>
               <w msd="Gp-stm-n" lemma="biti">so</w>
               <S/>
               <w msd="Dm" lemma="v">v</w>
               <S/>
               <w msd="Pppmmi" lemma="star">starejši</w>
               <S/>
               <w msd="Sozem" lemma="mitologija">mitologiji</w>
               <S/>
               <w msd="Ggnd-mm" lemma="meniti">menili</w>
               <c>,</c>
               <S/>
               <w msd="Vd" lemma="da">da</w>
               <S/>
               <w msd="Gp-stm-n" lemma="biti">so</w>
               <S/>
               <w msd="Ppnmmi" lemma="zloben">zlobni</w>
               <c>,</c>
               <S/>
               <w msd="Dt" lemma="na">na</w>
               <S/>
               <w msd="Sometn" lemma="pogled">pogled</w>
               <S/>
               <w msd="L" lemma="sicer">sicer</w>
               <S/>
               <w msd="Ppnmmi" lemma="privlačen">privlačni</w>
               <c>,</c>
               <S/>
               <w msd="Vp" lemma="vendar">vendar</w>
               <S/>
               <w msd="Vp" lemma="pa">pa</w>
               <S/>
               <w msd="Ppnmmi" lemma="demonski">demonski</w>
               <S/>
               <w msd="Dm" lemma="po">po</w>
               <S/>
               <w msd="Zp-zmm" lemma="svoj">svojih</w>
               <S/>
               <w msd="Sosmm" lemma="dejanje">dejanjih</w>
               <c>.</c>
            </s>
         </p>
         <p xml:id="F0002356.000641">
            <s>
               <w msd="Kag" lemma="5">5</w>
               <S/>
               <w msd="Dm" lemma="v">V</w>
               <S/>
               <w msd="Pdnmem" lemma="reformiran">reformiranem</w>
               <S/>
               <w msd="Ppnmem" lemma="rimski">rimskem</w>
               <S/>
               <w msd="Somem" lemma="koledar">koledarju</w>
               <c>,</c>
               <S/>
               <w msd="Vd" lemma="ki">ki</w>
               <S/>
               <w msd="Zotmet--k" lemma="on">ga</w>
               <S/>
               <w msd="Gp-ste-n" lemma="biti">je</w>
               <S/>
               <w msd="Somei" lemma="papež">papež</w>
               <S/>
               <w msd="Slmei" lemma="Janez">Janez</w>
               <S/>
               <w msd="Krg" lemma="XXIII">XXIII</w>
               <S/>
               <w msd="Ggdd-em" lemma="vzpostaviti">vzpostavil</w>
               <S/>
               <w msd="Soser" lemma="leto">leta</w>
               <S/>
               <w msd="Kag" lemma="1958">1958</w>
               <c>.</c>
            </s>
         </p>
         <p xml:id="F0002356.000649">
            <s>
               <w msd="Slmei" lemma="Anton">Anton</w>
               <S/>
               <c>(</c>
               <w msd="Ppnmeid" lemma="velik">Veliki</w>
               <c>)</c>
               <S/>
               <w msd="Somei" lemma="puščavnik">Puščavnik</w>
               <c>,</c>
               <S/>
               <w msd="Kag" lemma="17">17</w>
               <c>.</c>
               <c>_</c>
               <w msd="Sometn" lemma="januar">januar</w>
               <c>#</c>
               <w msd="Somei" lemma="opat">Opat</w>
               <c>;</c>
               <S/>
               <w msd="Ppnmeid" lemma="cerkven">cerkveni</w>
               <S/>
               <w msd="Somei" lemma="oče">oče</w>
               <S/>
               <w msd="Vp" lemma="in">in</w>
               <S/>
               <w msd="Somei" lemma="zavetnik">zavetnik</w>
               <S/>
               <w msd="Sommr" lemma="menih">menihov</w>
               <c>;</c>
               <S/>
               <w msd="Somei" lemma="zdravilec">zdravilec</w>
               <S/>
               <w msd="Sommr" lemma="človek">ljudi</w>
               <S/>
               <w msd="Vp" lemma="in">in</w>
               <S/>
               <w msd="Sozmt" lemma="žival">živali</w>
               <c>#</c>
               <w msd="Slmei" lemma="tau">tau</w>
               <S/>
               <c>(</c>
               <w msd="Somei" lemma="T">T</w>
               <c>)</c>
               <S/>
               <w msd="Somei" lemma="križ">križ</w>
               <c>/</c>
               <w msd="Sozei" lemma="palica">Palica</w>
               <S/>
               <w msd="Dm" lemma="v">v</w>
               <S/>
               <w msd="Sozem" lemma="oblika">obliki</w>
               <S/>
               <w msd="Sozer" lemma="črka">črke</w>
               <S/>
               <w msd="Somei" lemma="T">T</w>
               <c>;</c>
               <S/>
               <w msd="Sommi" lemma="prašič">prašiči</w>
               <c>,</c>
               <S/>
               <w msd="Sommi" lemma="zvonec">zvonci</w>
               <c>,</c>
               <S/>
               <w msd="Slmei" lemma="vran">vran</w>
               <c>#</c>
               <w msd="Slmei" lemma="Egipt">Egipt</w>
               <c>#</c>
               <w msd="Kag" lemma="356">356</w>
            </s>
         </p>
         <p xml:id="F0002356.000663">
            <s>
               <w msd="Slmei" lemma="Dominik">Dominik</w>
               <c>,</c>
               <S/>
               <w msd="Kag" lemma="8">8</w>
               <c>.</c>
               <c>_</c>
               <w msd="Somei" lemma="avgust">avgust</w>
               <c>,</c>
               <S/>
               <w msd="Kag" lemma="4">4</w>
               <c>.</c>
               <c>_</c>
               <w msd="Slmei" lemma="avgust">avgust</w>
               <S/>
               <c>(</c>
               <w msd="Slmei" lemma="DMK">DMK</w>
               <c>)</c>
               <w msd="Kag" lemma="7">7</w>
               <c>#</c>
               <w msd="Somei" lemma="ustanovitelj">Ustanovitelj</w>
               <S/>
               <w msd="Ppnmer" lemma="dominikanski">dominikanskega</w>
               <S/>
               <w msd="Somer" lemma="red">reda</w>
               <c>;</c>
               <S/>
               <w msd="Dt" lemma="v">v</w>
               <S/>
               <w msd="Slzet" lemma="Languedoc">Languedoc</w>
               <S/>
               <w msd="Gp-stm-n" lemma="biti">so</w>
               <S/>
               <w msd="Zotmet--k" lemma="on">ga</w>
               <S/>
               <w msd="Ggdd-mm" lemma="poslati">poslali</w>
               <S/>
               <w msd="Ggnm" lemma="pridigati">pridigat</w>
               <S/>
               <w msd="Dd" lemma="proti">proti</w>
               <S/>
               <w msd="Ppnzed" lemma="albižanski">albižanski</w>
               <S/>
               <w msd="Sozed" lemma="herezija">hereziji</w>
               <c>#</c>
               <w msd="Ppnzei" lemma="črnobel">črnobela</w>
               <S/>
               <w msd="Ppnzei" lemma="meniški">meniška</w>
               <S/>
               <w msd="Sozei" lemma="kuta">kuta</w>
               <c>;</c>
               <S/>
               <w msd="Ppnmeid" lemma="rožen">rožni</w>
               <S/>
               <w msd="Somei" lemma="venec">venec</w>
               <S/>
               <w msd="Dm" lemma="v">v</w>
               <S/>
               <w msd="Sozmm" lemma="roka">rokah</w>
               <c>;</c>
               <S/>
               <w msd="Somei" lemma="pes">pes</w>
               <S/>
               <w msd="Slzer" lemma="bela">bele</w>
               <S/>
               <w msd="Vp" lemma="in">in</w>
               <S/>
               <w msd="Ppnzer" lemma="črn">črne</w>
               <S/>
               <w msd="Sozer" lemma="barva">barve</w>
               <c>,</c>
               <S/>
               <w msd="Do" lemma="z">z</w>
               <S/>
               <w msd="Sozeo" lemma="bakla">baklo</w>
               <S/>
               <w msd="Dm" lemma="v">v</w>
               <S/>
               <w msd="Somem" lemma="gobec">gobcu</w>
               <c>;</c>
               <S/>
               <w msd="Sozei" lemma="lilija">lilija</w>
               <c>,</c>
               <S/>
               <w msd="Sozei" lemma="zvezda">zvezda</w>
               <c>#</c>
               <w msd="Slzei" lemma="Španija">Španija</w>
               <c>,</c>
               <S/>
               <w msd="Slzei" lemma="Francija">Francija</w>
               <c>,</c>
               <S/>
               <w msd="Slzei" lemma="Italija">Italija</w>
               <c>#</c>
               <w msd="Kag" lemma="1221">1221</w>
            </s>
         </p>
         <p xml:id="F0002356.000706">
            <s>
               <w msd="Slzei" lemma="Saloma">Saloma</w>
               <c>,</c>
               <S/>
               <w msd="Sozei" lemma="pastorka">pastorka</w>
               <S/>
               <w msd="Kbzmet" lemma="en">enega</w>
               <S/>
               <w msd="Dr" lemma="od">od</w>
               <S/>
               <w msd="Sommr" lemma="sin">sinov</w>
               <S/>
               <w msd="Somer" lemma="herod">Heroda</w>
               <S/>
               <w msd="Ppnmer" lemma="velik">Velikega</w>
               <S/>
               <w msd="Vp" lemma="in">in</w>
               <S/>
               <w msd="Sozei" lemma="hčerka">hčerka</w>
               <S/>
               <w msd="Sozer" lemma="herodiada">Herodiade</w>
               <c>.</c>
               <S/>
            </s>
            <s>
               <w msd="Vd" lemma="ker">Ker</w>
               <S/>
               <w msd="Zotmet--k" lemma="on">ga</w>
               <S/>
               <w msd="Gp-ste-n" lemma="biti">je</w>
               <S/>
               <w msd="Ggdd-ez" lemma="prevzeti">prevzela</w>
               <S/>
               <w msd="Sozei" lemma="milina">milina</w>
               <S/>
               <w msd="Zstmerez" lemma="njen">njenega</w>
               <S/>
               <w msd="Somer" lemma="ples">plesa</w>
               <c>,</c>
               <S/>
               <w msd="Zotzed--k" lemma="on">ji</w>
               <S/>
               <w msd="Gp-ste-n" lemma="biti">je</w>
               <S/>
               <w msd="Somei" lemma="herod">Herod</w>
               <S/>
               <w msd="Somer" lemma="antip">Antipa</w>
               <S/>
               <w msd="Ggdd-em" lemma="ponuditi">ponudil</w>
               <S/>
               <w msd="Zz-set" lemma="katerikoli">katerokoli</w>
               <S/>
               <w msd="Sozet" lemma="nagrada">nagrado</w>
               <c>,</c>
               <S/>
               <w msd="Vd" lemma="ki">ki</w>
               <S/>
               <w msd="Gp-g" lemma="biti">bi</w>
               <S/>
               <w msd="Zp---d--k" lemma="se">si</w>
               <S/>
               <w msd="Zotzet--k" lemma="on">jo</w>
               <S/>
               <w msd="Ggdd-ez" lemma="izbrati">izbrala</w>
               <c>.</c>
               <S/>
            </s>
            <s>
               <w msd="Zstzeiez" lemma="njen">Njena</w>
               <S/>
               <w msd="Sozei" lemma="mati">mati</w>
               <S/>
               <w msd="Zotzet--k" lemma="on">jo</w>
               <S/>
               <w msd="Gp-ste-n" lemma="biti">je</w>
               <S/>
               <w msd="Ggdd-ez" lemma="nagovoriti">nagovorila</w>
               <c>,</c>
               <S/>
               <w msd="Vd" lemma="da">da</w>
               <S/>
               <w msd="Gp-ste-n" lemma="biti">je</w>
               <S/>
               <w msd="Ggvd-ez" lemma="zahtevati">zahtevala</w>
               <S/>
               <w msd="Sozet" lemma="glava">glavo</w>
               <S/>
               <w msd="Slmer" lemma="Janez">Janeza</w>
               <S/>
               <w msd="Slmer" lemma="Krstnik">Krstnika</w>
               <S/>
               <w msd="Dm" lemma="na">na</w>
               <S/>
               <w msd="Somem" lemma="pladenj">pladnju</w>
               <c>.</c>
            </s>
         </p>
         <p xml:id="F0002356.000752">
            <s>
               <w msd="Ppnzei" lemma="sit">Sita</w>
               <S/>
               <c>(</c>
               <w msd="Rsn" lemma="sanskrtsko">sanskrtsko</w>
               <c>:</c>
               <S/>
               <c>'</c>
               <w msd="Sozei" lemma="brazda">brazda</w>
               <c>'</c>
               <c>)</c>
               <c>,</c>
               <S/>
               <w msd="Dm" lemma="v">v</w>
               <S/>
               <w msd="Ppnzem" lemma="hindujski">hindujski</w>
               <S/>
               <w msd="Sozem" lemma="vera">veri</w>
               <S/>
               <w msd="Soset" lemma="utelešenje">utelešenje</w>
               <S/>
               <w msd="Sozer" lemma="lakšem">Lakšmi</w>
               <S/>
               <w msd="Vd" lemma="kot">kot</w>
               <S/>
               <w msd="Sozer" lemma="pastorka">pastorke</w>
               <S/>
               <w msd="Slmei" lemma="Džanake">Džanake</w>
               <c>,</c>
               <S/>
               <w msd="Somer" lemma="kralj">kralja</w>
               <S/>
               <w msd="Sozer" lemma="videha">Videhe</w>
               <c>.</c>
               <S/>
            </s>
            <s>
               <w msd="Sozei" lemma="sita">Sita</w>
               <c>,</c>
               <S/>
               <w msd="Vd" lemma="ki">ki</w>
               <S/>
               <w msd="Zp---d--k" lemma="se">si</w>
               <S/>
               <w msd="Zotzet--k" lemma="on">jo</w>
               <S/>
               <w msd="Gp-ste-n" lemma="biti">je</w>
               <S/>
               <w msd="Dm" lemma="po">po</w>
               <S/>
               <w msd="Sosem" lemma="tekmovanje">tekmovanju</w>
               <S/>
               <w msd="Dm" lemma="v">v</w>
               <S/>
               <w msd="Sosem" lemma="lokostrelstvo">lokostrelstvu</w>
               <S/>
               <w msd="Ggdd-em" lemma="pridobiti">pridobil</w>
               <S/>
               <w msd="Sozei" lemma="rama">Rama</w>
               <c>,</c>
               <S/>
               <w msd="Gp-ste-n" lemma="biti">je</w>
               <S/>
               <w msd="Somei" lemma="vzor">vzor</w>
               <S/>
               <w msd="Ppnzer" lemma="popoln">popolne</w>
               <S/>
               <w msd="Ppnzer" lemma="hindujski">hindujske</w>
               <S/>
               <w msd="Sozer" lemma="soproga">soproge</w>
               <c>,</c>
               <S/>
               <w msd="Vd" lemma="ki">ki</w>
               <S/>
               <w msd="Gp-ste-n" lemma="biti">je</w>
               <S/>
               <w msd="Ggnd-ez" lemma="slediti">sledila</w>
               <S/>
               <w msd="Zp-med" lemma="svoj">svojemu</w>
               <S/>
               <w msd="Somed" lemma="mož">možu</w>
               <S/>
               <w msd="Dt" lemma="v">v</w>
               <S/>
               <w msd="Soset" lemma="izgnanstvo">izgnanstvo</w>
               <S/>
               <w msd="Dt" lemma="v">v</w>
               <S/>
               <w msd="Sometn" lemma="gozd">gozd</w>
               <c>.</c>
               <S/>
            </s>
            <s>
               <w msd="Rsn" lemma="tam">Tam</w>
               <S/>
               <w msd="Zotzet--k" lemma="on">jo</w>
               <S/>
               <w msd="Gp-ste-n" lemma="biti">je</w>
               <S/>
               <w msd="Ggdd-em" lemma="ugrabiti">ugrabil</w>
               <S/>
               <w msd="Somei" lemma="demon">demon</w>
               <S/>
               <w msd="Somer" lemma="ravan">Ravana</w>
               <c>,</c>
               <S/>
               <w msd="Zz-sei" lemma="kar">kar</w>
               <S/>
               <w msd="Gp-ste-n" lemma="biti">je</w>
               <S/>
               <w msd="Ggdd-es" lemma="pripeljati">pripeljalo</w>
               <S/>
               <w msd="Dr" lemma="do">do</w>
               <S/>
               <w msd="Sozer" lemma="vojna">vojne</w>
               <S/>
               <w msd="Do" lemma="med">med</w>
               <S/>
               <w msd="Slzeo" lemma="Indija">Indijo</w>
               <S/>
               <w msd="Vp" lemma="in">in</w>
               <S/>
               <w msd="Slzeo" lemma="Šri">Šri</w>
               <S/>
               <w msd="Sozet" lemma="lanka">Lanko</w>
               <S/>
               <w msd="Vp" lemma="ter">ter</w>
               <S/>
               <w msd="Dr" lemma="do">do</w>
               <S/>
               <w msd="Sozer" lemma="smrt">smrti</w>
               <S/>
               <w msd="Sozer" lemma="ravana">Ravane</w>
               <c>.</c>
               <S/>
            </s>
            <s>
               <w msd="Sozei" lemma="sita">Sita</w>
               <S/>
               <w msd="Gp-ste-n" lemma="biti">je</w>
               <S/>
               <w msd="Rsr" lemma="kasno">kasneje</w>
               <S/>
               <w msd="Ggdd-ez" lemma="dokazati">dokazala</w>
               <S/>
               <w msd="Zp-zet" lemma="svoj">svojo</w>
               <S/>
               <w msd="Sozet" lemma="neomadeževanost">neomadeževanost</w>
               <c>,</c>
               <S/>
               <w msd="Vp" lemma="tako">tako</w>
               <S/>
               <w msd="Vd" lemma="da">da</w>
               <S/>
               <w msd="Gp-ste-n" lemma="biti">je</w>
               <S/>
               <w msd="Ggdd-ez" lemma="prestati">prestala</w>
               <S/>
               <w msd="Sometn" lemma="preizkus">preizkus</w>
               <S/>
               <w msd="Do" lemma="z">z</w>
               <S/>
               <w msd="Someo" lemma="ogenj">ognjem</w>
               <c>.</c>
               <S/>
            </s>
            <s>
               <w msd="Vd" lemma="kot">Kot</w>
               <S/>
               <w msd="Ggnste" lemma="dajati">daje</w>
               <S/>
               <w msd="Ggnn" lemma="slutiti">slutiti</w>
               <S/>
               <w msd="Zstseiez" lemma="njen">njeno</w>
               <S/>
               <w msd="Soset" lemma="ime">ime</w>
               <c>,</c>
               <S/>
               <w msd="Gp-ste-n" lemma="biti">je</w>
               <S/>
               <w msd="Gp-d-ez" lemma="biti">bila</w>
               <S/>
               <w msd="Rsn" lemma="prvotno">prvotno</w>
               <S/>
               <w msd="L" lemma="morda">morda</w>
               <S/>
               <w msd="Sozei" lemma="boginja">boginja</w>
               <S/>
               <w msd="Soser" lemma="poljedelstvo">poljedelstva</w>
               <c>.</c>
            </s>
         </p>
         <p xml:id="F0002356.000771">
            <s>
               <w msd="Slmei" lemma="Tartar">Tartar</w>
               <c>,</c>
               <S/>
               <w msd="Dm" lemma="v">v</w>
               <S/>
               <w msd="Ppnzem" lemma="grški">grški</w>
               <S/>
               <w msd="Sozem" lemma="mitologija">mitologiji</w>
               <S/>
               <w msd="Sosei" lemma="področje">področje</w>
               <S/>
               <w msd="Do" lemma="pod">pod</w>
               <S/>
               <w msd="Someo" lemma="had">Hadom</w>
               <c>,</c>
               <S/>
               <w msd="Vd" lemma="kjer">kjer</w>
               <S/>
               <w msd="Gp-stm-n" lemma="biti">so</w>
               <S/>
               <w msd="Gp-d-mm" lemma="biti">bili</w>
               <S/>
               <w msd="Sommi" lemma="hudobnež">hudobneži</w>
               <S/>
               <w msd="Pdnmmi" lemma="kaznovan">kaznovani</w>
               <S/>
               <w msd="Gp-stm-n" lemma="biti">so</w>
               <S/>
               <w msd="Zp-mmt" lemma="svoj">svoje</w>
               <S/>
               <w msd="Sommt" lemma="zločin">zločine</w>
               <S/>
               <w msd="Dm" lemma="na">na</w>
               <S/>
               <w msd="Slzem" lemma="Zemlja">Zemlji</w>
               <c>.</c>
            </s>
         </p>
         <p xml:id="F0002356.000802">
            <s>
               <w msd="Somei" lemma="samorog">samorog</w>
               <c>,</c>
               <S/>
               <w msd="Ppnzei" lemma="mitski">mitska</w>
               <S/>
               <w msd="Sozei" lemma="žival">žival</w>
               <c>,</c>
               <S/>
               <w msd="Ppnzei" lemma="podoben">podobna</w>
               <S/>
               <w msd="Somem" lemma="konj">konju</w>
               <c>,</c>
               <S/>
               <w msd="Do" lemma="z">z</w>
               <S/>
               <w msd="Kbzmeo" lemma="en">enim</w>
               <S/>
               <w msd="Ppnmeo" lemma="sam">samim</w>
               <S/>
               <w msd="Someo" lemma="rog">rogom</w>
               <S/>
               <w msd="Dm" lemma="na">na</w>
               <S/>
               <w msd="Sosem" lemma="čelo">čelu</w>
               <c>.</c>
               <S/>
            </s>
            <s>
               <w msd="Ppnmein" lemma="skrivnosten">Skrivnosten</w>
               <S/>
               <w msd="Somei" lemma="simbol">simbol</w>
               <c>,</c>
               <S/>
               <w msd="Vd" lemma="ki">ki</w>
               <S/>
               <w msd="Zotmet--k" lemma="on">ga</w>
               <S/>
               <w msd="Rsn" lemma="prvič">prvič</w>
               <S/>
               <w msd="Ggnstm" lemma="omenjati">omenjajo</w>
               <S/>
               <w msd="Ppnzei" lemma="starodaven">starodavna</w>
               <S/>
               <w msd="Ppnsmt" lemma="sanskrtski">sanskrtska</w>
               <S/>
               <w msd="Sosmi" lemma="besedilo">besedila</w>
               <c>.</c>
               <S/>
            </s>
            <s>
               <w msd="Kbvzei" lemma="prvi">Prva</w>
               <S/>
               <w msd="Pdnzei" lemma="znan">znana</w>
               <S/>
               <w msd="Sozei" lemma="upodobitev">upodobitev</w>
               <S/>
               <w msd="Gp-ste-n" lemma="biti">je</w>
               <S/>
               <w msd="Dm" lemma="na">na</w>
               <S/>
               <w msd="Ppnmmm" lemma="asirski">asirskih</w>
               <S/>
               <w msd="Sommm" lemma="relief">reliefih</w>
               <c>.</c>
               <S/>
            </s>
            <s>
               <w msd="Slmmi" lemma="Kitajec">Kitajci</w>
               <c>,</c>
               <S/>
               <w msd="Vd" lemma="ki">ki</w>
               <S/>
               <w msd="Gp-stm-n" lemma="biti">so</w>
               <S/>
               <w msd="Zotmet--k" lemma="on">ga</w>
               <S/>
               <w msd="Dm" lemma="po">po</w>
               <S/>
               <w msd="Sosem" lemma="ime">imenu</w>
               <S/>
               <w msd="Slmei" lemma="chi">chi</w>
               <c>-</c>
               <w msd="Slmei" lemma="lin">lin</w>
               <S/>
               <w msd="Ggnd-mm" lemma="poznati">poznali</w>
               <S/>
               <w msd="L" lemma="že">že</w>
               <S/>
               <w msd="Dr" lemma="okoli">okoli</w>
               <S/>
               <w msd="Soser" lemma="leto">leta</w>
               <S/>
               <w msd="Kag" lemma="2700">2700</w>
               <c>_</c>
               <w msd="O" lemma="pr.">pr.</w>
               <c>_</c>
               <w msd="O" lemma="n.">n.</w>
               <c>_</c>
               <w msd="O" lemma="š.">š.</w>
               <c>,</c>
               <S/>
               <w msd="Gp-stm-n" lemma="biti">so</w>
               <S/>
               <w msd="Zotmet--k" lemma="on">ga</w>
               <S/>
               <w msd="Ggnd-mm" lemma="imeti">imeli</w>
               <S/>
               <w msd="Dt" lemma="za">za</w>
               <S/>
               <w msd="Sozet" lemma="žival">žival</w>
               <c>,</c>
               <S/>
               <w msd="Vd" lemma="ki">ki</w>
               <S/>
               <w msd="Ggvste" lemma="pomeniti">pomeni</w>
               <S/>
               <w msd="Ppnset" lemma="dober">dobro</w>
               <S/>
               <w msd="Soset" lemma="znamenje">znamenje</w>
               <c>.</c>
               <S/>
            </s>
            <s>
               <w msd="Dm" lemma="po">Po</w>
               <S/>
               <w msd="Ppnzem" lemma="islamski">islamski</w>
               <S/>
               <w msd="Vp" lemma="in">in</w>
               <S/>
               <w msd="Ppnzem" lemma="zahoden">zahodni</w>
               <S/>
               <w msd="Ppnzem" lemma="srednjeveški">srednjeveški</w>
               <S/>
               <w msd="Sozem" lemma="legenda">legendi</w>
               <S/>
               <w msd="Zotmet--k" lemma="on">ga</w>
               <S/>
               <w msd="Gp-ste-n" lemma="biti">je</w>
               <S/>
               <w msd="Gp-d-es" lemma="biti">bilo</w>
               <S/>
               <w msd="Rsn" lemma="težko">težko</w>
               <S/>
               <w msd="Ggdn" lemma="ujeti">ujeti</w>
               <c>,</c>
               <S/>
               <w msd="Ggdd-es" lemma="ukrotiti">ukrotilo</w>
               <S/>
               <w msd="Vp" lemma="pa">pa</w>
               <S/>
               <w msd="Zotmet--k" lemma="on">ga</w>
               <S/>
               <w msd="Gp-ste-n" lemma="biti">je</w>
               <S/>
               <w msd="Rsn" lemma="lahko">lahko</w>
               <S/>
               <w msd="L" lemma="le">le</w>
               <S/>
               <w msd="Sosei" lemma="dekle">dekle</w>
               <c>,</c>
               <S/>
               <w msd="Vd" lemma="ki">ki</w>
               <S/>
               <w msd="Gp-ste-n" lemma="biti">je</w>
               <S/>
               <w msd="Gp-d-es" lemma="biti">bilo</w>
               <S/>
               <w msd="L" lemma="še">še</w>
               <S/>
               <w msd="Sozei" lemma="devica">devica</w>
               <c>.</c>
               <S/>
            </s>
            <s>
               <w msd="Vd" lemma="kot">Kot</w>
               <S/>
               <w msd="Rsn" lemma="svetopisemsko">svetopisemsko</w>
               <S/>
               <w msd="Sozei" lemma="žival">žival</w>
               <S/>
               <w msd="Dr" lemma="iz">iz</w>
               <S/>
               <w msd="Ppnzer" lemma="star">Stare</w>
               <S/>
               <w msd="Sozer" lemma="zaveza">zaveze</w>
               <S/>
               <w msd="Gp-stm-n" lemma="biti">so</w>
               <S/>
               <w msd="Ggdd-mm" lemma="začeti">začeli</w>
               <S/>
               <w msd="Sometd" lemma="samorog">samoroga</w>
               <S/>
               <w msd="Ggnn" lemma="jemati">jemati</w>
               <S/>
               <w msd="Dt" lemma="za">za</w>
               <S/>
               <w msd="Sozet" lemma="alegorija">alegorijo</w>
               <S/>
               <w msd="Ppnzer" lemma="krščanski">krščanske</w>
               <S/>
               <w msd="Sozer" lemma="cerkev">Cerkve</w>
               <S/>
               <w msd="Vp" lemma="in">in</w>
               <S/>
               <w msd="Zotmet--k" lemma="on">ga</w>
               <S/>
               <w msd="Rsn" lemma="pogosto">pogosto</w>
               <S/>
               <w msd="Ggnd-mm" lemma="primerjati">primerjali</w>
               <S/>
               <w msd="Do" lemma="z">s</w>
               <S/>
               <w msd="Slmeo" lemma="Kristus">Kristusom</w>
               <c>.</c>
            </s>
         </p>
         <p xml:id="F0002356.000828">
            <s>
               <w msd="Somei" lemma="hesbet">hesbet</w>
               <c>,</c>
               <S/>
               <c>*</c>
               <w msd="Sosei" lemma="tehtanje">Tehtanje</w>
               <S/>
               <w msd="Soser" lemma="srce">srca</w>
               <c>,</c>
               <S/>
               <w msd="Somei" lemma="obred">obred</w>
               <c>.</c>
            </s>
         </p>
         <p xml:id="F0002356.000842">
            <s>
               <w msd="Somei" lemma="madžudž">Madžudž</w>
               <c>,</c>
               <S/>
               <c>*</c>
               <w msd="Somei" lemma="jedžudž">Jedžudž</w>
               <S/>
               <w msd="Vp" lemma="in">in</w>
               <S/>
               <w msd="Somei" lemma="madžudž">Madžudž</w>
               <c>.</c>
            </s>
         </p>
      </body>
   </text>
</TEI>