<?xml version="1.0" encoding="UTF-8"?>
<TEI xmlns="http://www.tei-c.org/ns/1.0" xml:id="F0000014" xml:lang="sl">
   <teiHeader>
      <fileDesc>
         <titleStmt>
            <title>ccKRES: Večer (2000-12-15)</title>
            <funder>Operacijo delno financira Evropska unija iz Evropskega socialnega sklada ter Ministrstvo za šolstvo in šport. Operacija se izvaja v okviru Operativnega programa razvoja človeških virov za obdobje 2007-2013, razvojne prioritete: razvoj človeških virov in vseživljenjskega učenja; prednostne usmeritve: izboljšanje kakovosti in učinkovitosti sistemov izobraževanja in usposabljanja 2007-2013.</funder>
         </titleStmt>
         <editionStmt>
            <edition>1.0</edition>
         </editionStmt>
         <extent>255 besed</extent>
         <publicationStmt>
            <idno>A0055505</idno>
            <availability status="restricted">
               <availability xmlns="" status="free">
                  <p xml:lang="sl">Avtorske pravice za to izdajo ureja licenca <ref target="http://creativecommons.org/licenses/by-nc/2.5/si/">Creative Commons Priznanje avtorstva-Nekomercialno 2.5 Slovenija</ref>.</p>
                  <p xml:lang="en">This work is licenced under the <ref target="http://creativecommons.org/licenses/by-nc/2.5/si/deed.en">Creative Commons Attribution-Noncommercial 2.5 Slovenia</ref>.</p>
               </availability>
            </availability>
            <date>2012-05-02</date>
         </publicationStmt>
         <sourceDesc>
            <bibl>
               <title>Večer</title>
               <author n="???">neznani novinar</author>
               <date>2000-12-15</date>
               <publisher n="Večer">Večer</publisher>
               <note type="sourceLang">sl</note>
            </bibl>
         </sourceDesc>
      </fileDesc>
      <encodingDesc>
         <projectDesc>
            <p xml:lang="sl">Glej <ref target="http://www.korpus-kres.net/">www.korpus-kres.net</ref> oz. <ref target="http://nl.ijs.si/ssj/">nl.ijs.si/ssj/</ref>.</p>
            <p xml:lang="en">See <ref target="http://www.korpus-kres.net/">www.korpus-kres.net</ref> or <ref target="http://nl.ijs.si/ssj/">nl.ijs.si/ssj/</ref>.</p>
         </projectDesc>
         <samplingDecl>
            <p xml:lang="sl">
            Besedila in odstavki v korpusu KRES so bili vzorčeni iz
            Gigafide tako, da smo dobili 100-milijonski referenčni
            korpus, v katerem so besedila uravnotežena po vnaprej
            določenih taksonomskih deležih in po podatkih o branosti
            vira (časopisi, revije, novičarski portali).  Korpus
            ccKRES nato, z namenom, da je lahko dostopen po licenci CC,
            vsebuje 10 % naključno vzorčenih odstavkov besedil iz
            korpusa KRES, torej 10 milijonov besed.
	    Več o sestavi korpusa lahko preberete na 
            <ref target="http://www.korpus-kres.net/">www.korpus-kres.net</ref> oz.
            <ref target="http://nl.ijs.si/ssj/">nl.ijs.si/ssj/</ref>.
	  </p>
            <p xml:lang="en">
            Texts and paragraphs in the KRES corpus have been sampled from the 
	    Gigafida corpus. The result of the sampling is a 100-million-word 
	    reference corpus. The texts in KRES are balanced according to the 
	    predetermined categories, with particular consideration being paid to 
	    the data on the popularity of the source (newspapers, magazines, 
	    Internet news sites). 
	    To enable free (CC) distribution of the corpus, the ccKRES corpus contains 
	    10% of randomly sampled paragraphs from KRES, i.e. contains 10 million words.
	    For more information about the contents of the corpus, 
	    see <ref target="http://www.korpus-kres.net/">www.korpus-kres.net</ref>
	    and <ref target="http://nl.ijs.si/ssj/">nl.ijs.si/ssj/</ref>.
	  </p>
         </samplingDecl>
         <tagsDecl>
            <namespace name="http://www.tei-c.org/ns/1.0">
               <tagUsage gi="c" occurs="43"/>
               <tagUsage gi="p" occurs="6"/>
               <tagUsage gi="s" occurs="12"/>
               <tagUsage gi="S" occurs="250"/>
               <tagUsage gi="w" occurs="255"/>
            </namespace>
         </tagsDecl>
         <classDecl>
            <taxonomy xml:id="SSJ">
               <category xml:id="SSJ.T">
                  <catDesc>tisk</catDesc>
                  <category xml:id="SSJ.T.K">
                     <catDesc>knjižno</catDesc>
                     <category xml:id="SSJ.T.K.L">
                        <catDesc>leposlovno</catDesc>
                     </category>
                     <category xml:id="SSJ.T.K.S">
                        <catDesc>strokovno</catDesc>
                     </category>
                  </category>
                  <category xml:id="SSJ.T.P">
                     <catDesc>periodično</catDesc>
                     <category xml:id="SSJ.T.P.C">
                        <catDesc>časopis</catDesc>
                     </category>
                     <category xml:id="SSJ.T.P.R">
                        <catDesc>revija</catDesc>
                     </category>
                  </category>
                  <category xml:id="SSJ.T.D">
                     <catDesc>drugo</catDesc>
                  </category>
               </category>
               <category xml:id="SSJ.I">
                  <catDesc>internet</catDesc>
               </category>
            </taxonomy>
         </classDecl>
      </encodingDesc>
      <profileDesc>
         <textClass>
            <catRef target="#SSJ.T.P.C"/>
         </textClass>
      </profileDesc>
   </teiHeader>
   <text xml:id="F0000014." xml:lang="sl">
      <body>
         <p xml:id="F0000014.000069">
            <s>
               <w msd="Somei" lemma="predsednik">Predsednik</w>
               <S/>
               <w msd="Somer" lemma="odbor">odbora</w>
               <S/>
               <w msd="Dt" lemma="za">za</w>
               <S/>
               <w msd="Ppnzet" lemma="zunanji">zunanjo</w>
               <S/>
               <w msd="Sozet" lemma="politika">politiko</w>
               <S/>
               <w msd="Gp-ste-n" lemma="biti">je</w>
               <S/>
               <w msd="Ggdd-em" lemma="potrditi">potrdil</w>
               <c>,</c>
               <S/>
               <w msd="Vd" lemma="da">da</w>
               <S/>
               <w msd="Gp-stm-n" lemma="biti">so</w>
               <S/>
               <w msd="Rsn" lemma="včeraj">včeraj</w>
               <S/>
               <w msd="Ggnd-mm" lemma="govoriti">govorili</w>
               <S/>
               <w msd="L" lemma="tudi">tudi</w>
               <S/>
               <w msd="Dm" lemma="o">o</w>
               <S/>
               <w msd="Rsn" lemma="tako">tako</w>
               <S/>
               <w msd="Pdnmem" lemma="imenovan">imenovanem</w>
               <S/>
               <w msd="Somem" lemma="primer">primeru</w>
               <S/>
               <w msd="Slmei" lemma="Joras">Joras</w>
               <c>,</c>
               <S/>
               <w msd="Vp" lemma="vendar">vendar</w>
               <S/>
               <w msd="Dt" lemma="na">na</w>
               <S/>
               <w msd="Sometn" lemma="način">način</w>
               <c>,</c>
               <S/>
               <w msd="Zz-mei" lemma="kakršen">kakršen</w>
               <S/>
               <w msd="Gp-ste-n" lemma="biti">je</w>
               <S/>
               <w msd="Ppnmein" lemma="primeren">primeren</w>
               <c>,</c>
               <S/>
               <w msd="Vd" lemma="ko">ko</w>
               <S/>
               <w msd="Ggvste" lemma="iti">gre</w>
               <S/>
               <w msd="Dt" lemma="za">za</w>
               <S/>
               <w msd="Ppnzet" lemma="oseben">osebno</w>
               <S/>
               <w msd="Sozet" lemma="stiska">stisko</w>
               <S/>
               <w msd="Somer" lemma="posameznik">posameznika</w>
               <c>.</c>
            </s>
         </p>
         <p xml:id="F0000014.000138">
            <s>
               <w msd="Ppnzmi" lemma="ameriški">Ameriške</w>
               <S/>
               <w msd="Ppnzer" lemma="televizijski">televizijske</w>
               <S/>
               <w msd="Sozer" lemma="postaja">postaje</w>
               <S/>
               <w msd="Ggnstm" lemma="poročati">poročajo</w>
               <c>,</c>
               <S/>
               <w msd="Vd" lemma="da">da</w>
               <S/>
               <w msd="Gp-stm-n" lemma="biti">so</w>
               <S/>
               <w msd="Sosmi" lemma="mnenje">mnenja</w>
               <S/>
               <w msd="Sommr" lemma="volivec">volivcev</w>
               <S/>
               <w msd="Dr" lemma="širom">širom</w>
               <S/>
               <w msd="Slzmi" lemma="ZDA">ZDA</w>
               <S/>
               <w msd="Ppnzei" lemma="različen">različna</w>
               <c>:</c>
               <S/>
               <w msd="Kbzmmi" lemma="en">eni</w>
               <S/>
               <w msd="Gp-stm-n" lemma="biti">so</w>
               <S/>
               <w msd="Pdnmmi" lemma="navdušen">navdušeni</w>
               <c>,</c>
               <S/>
               <w msd="Kbzmmi" lemma="drug">drugi</w>
               <S/>
               <w msd="Pdnmmi" lemma="razočaran">razočarani</w>
               <c>,</c>
               <S/>
               <w msd="Zc-mmd" lemma="ves">vsem</w>
               <S/>
               <w msd="Vp" lemma="pa">pa</w>
               <S/>
               <w msd="Gp-ste-n" lemma="biti">je</w>
               <S/>
               <w msd="Ppnzei" lemma="skupen">skupna</w>
               <S/>
               <w msd="Sozei" lemma="sodba">sodba</w>
               <c>,</c>
               <S/>
               <w msd="Vd" lemma="da">da</w>
               <S/>
               <w msd="Gp-ste-n" lemma="biti">je</w>
               <S/>
               <w msd="Gp-d-em" lemma="biti">bil</w>
               <S/>
               <w msd="L" lemma="že">že</w>
               <S/>
               <w msd="Somei" lemma="čas">čas</w>
               <c>,</c>
               <S/>
               <w msd="Vd" lemma="da">da</w>
               <S/>
               <w msd="Zp------k" lemma="se">se</w>
               <S/>
               <w msd="Sozei" lemma="igrica">igrica</w>
               <S/>
               <w msd="Do" lemma="z">s</w>
               <S/>
               <w msd="Ppnmeo" lemma="predsedniški">predsedniškim</w>
               <S/>
               <w msd="Someo" lemma="položaj">položajem</w>
               <S/>
               <w msd="Ggdste" lemma="končati">konča</w>
               <c>.</c>
               <S/>
            </s>
            <s>
               <w msd="Dr" lemma="iz">Iz</w>
               <S/>
               <w msd="Ppnzer" lemma="velik">Velike</w>
               <S/>
               <w msd="Slzer" lemma="Britanija">Britanije</w>
               <S/>
               <w msd="Zp------k" lemma="se">se</w>
               <S/>
               <w msd="Gp-ste-n" lemma="biti">je</w>
               <S/>
               <w msd="Ggdd-em" lemma="oglasiti">oglasil</w>
               <S/>
               <w msd="L" lemma="tudi">tudi</w>
               <S/>
               <w msd="Somei" lemma="predsednik">predsednik</w>
               <S/>
               <w msd="Slmei" lemma="Clinton">Clinton</w>
               <c>,</c>
               <S/>
               <w msd="Vd" lemma="ki">ki</w>
               <S/>
               <w msd="Gp-ste-n" lemma="biti">je</w>
               <S/>
               <w msd="Gp-d-em" lemma="biti">bil</w>
               <S/>
               <w msd="Zk-mmt" lemma="ta">te</w>
               <S/>
               <w msd="Sommt" lemma="dan">dni</w>
               <S/>
               <w msd="Rsn" lemma="precej">precej</w>
               <S/>
               <w msd="Ppnmein" lemma="nekomunikativen">nekomunikativen</w>
               <c>,</c>
               <S/>
               <w msd="Vd" lemma="ko">ko</w>
               <S/>
               <w msd="Zotmet--k" lemma="on">ga</w>
               <S/>
               <w msd="Gp-ste-n" lemma="biti">je</w>
               <S/>
               <w msd="Zv-mei" lemma="kdo">kdo</w>
               <S/>
               <w msd="Ggnd-em" lemma="spraševati">spraševal</w>
               <S/>
               <w msd="Dm" lemma="o">o</w>
               <S/>
               <w msd="Ppnzem" lemma="predsedniški">predsedniški</w>
               <S/>
               <w msd="Ppnzem" lemma="volilen">volilni</w>
               <S/>
               <w msd="Sozem" lemma="tekma">tekmi</w>
               <c>.</c>
               <S/>
            </s>
            <s>
               <w msd="Ggdd-em" lemma="pozvati">Pozval</w>
               <S/>
               <w msd="Gp-ste-n" lemma="biti">je</w>
               <S/>
               <w msd="Sommt" lemma="državljan">državljane</w>
               <c>,</c>
               <S/>
               <w msd="Vd" lemma="naj">naj</w>
               <S/>
               <w msd="Zp------k" lemma="se">se</w>
               <S/>
               <w msd="Ggdstm" lemma="odreči">odrečejo</w>
               <S/>
               <w msd="Zc-mmd" lemma="ves">vsem</w>
               <S/>
               <c>"</c>
               <w msd="Sozmd" lemma="zamera">zameram</w>
               <c>"</c>
               <c>,</c>
               <S/>
               <w msd="L" lemma="naj">naj</w>
               <S/>
               <w msd="Gp-ptm-n" lemma="biti">bodo</w>
               <S/>
               <w msd="Ppnmmi" lemma="enoten">enotni</w>
               <S/>
               <w msd="Vp" lemma="in">in</w>
               <S/>
               <w msd="L" lemma="naj">naj</w>
               <S/>
               <w msd="Ppnmed" lemma="novoizvoljen">novoizvoljenemu</w>
               <S/>
               <w msd="Somed" lemma="predsednik">predsedniku</w>
               <S/>
               <w msd="Sozer" lemma="država">države</w>
               <S/>
               <w msd="Slmed" lemma="Bush">Bushu</w>
               <S/>
               <w msd="Pppmed" lemma="mlad">mlajšemu</w>
               <S/>
               <w msd="Ggdstm" lemma="omogočiti">omogočijo</w>
               <S/>
               <w msd="Ppnmetn" lemma="dober">dober</w>
               <S/>
               <w msd="Sometn" lemma="začetek">začetek</w>
               <S/>
               <w msd="Soser" lemma="delo">dela</w>
               <c>.</c>
            </s>
         </p>
         <p xml:id="F0000014.000200">
            <s>
               <w msd="Sozmr" lemma="oblika">Oblik</w>
               <S/>
               <w msd="Pdnzer" lemma="organiziran">organizirane</w>
               <S/>
               <w msd="Sozmr" lemma="skrb">skrbi</w>
               <S/>
               <w msd="Dt" lemma="za">za</w>
               <S/>
               <w msd="Zk-zmt" lemma="ta">te</w>
               <S/>
               <w msd="Sozer" lemma="oseba">osebe</w>
               <S/>
               <w msd="Dm" lemma="na">na</w>
               <S/>
               <w msd="Ppnzem" lemma="lokalen">lokalni</w>
               <S/>
               <w msd="Sozem" lemma="raven">ravni</w>
               <S/>
               <w msd="Gp-ste-n" lemma="biti">je</w>
               <S/>
               <w msd="Rsr" lemma="več">več</w>
               <c>,</c>
               <S/>
               <w msd="Rss" lemma="najbolj">najbolj</w>
               <S/>
               <w msd="Rsn" lemma="pogosto">pogosto</w>
               <S/>
               <w msd="Vp" lemma="pa">pa</w>
               <S/>
               <w msd="Zp------k" lemma="se">se</w>
               <S/>
               <w msd="Ggnstm" lemma="omenjati">omenjajo</w>
               <S/>
               <w msd="Ppnsei" lemma="varstven">varstveno</w>
               <c>-</c>
               <w msd="Ppnmmi" lemma="deloven">delovni</w>
               <S/>
               <w msd="Sommi" lemma="center">centri</w>
               <c>,</c>
               <S/>
               <w msd="Ppnzer" lemma="bivalen">bivalne</w>
               <S/>
               <w msd="Sozer" lemma="skupnost">skupnosti</w>
               <S/>
               <w msd="Vp" lemma="in">in</w>
               <S/>
               <w msd="Sommi" lemma="center">centri</w>
               <S/>
               <w msd="Dt" lemma="za">za</w>
               <S/>
               <w msd="Sozet" lemma="pomoč">pomoč</w>
               <S/>
               <w msd="Dm" lemma="na">na</w>
               <S/>
               <w msd="Somem" lemma="dom">domu</w>
               <c>.</c>
               <S/>
            </s>
            <s>
               <w msd="Slmei" lemma="Andrej">Andrej</w>
               <S/>
               <w msd="Slmei" lemma="Grebenšek">Grebenšek</w>
               <S/>
               <w msd="Gp-ste-n" lemma="biti">je</w>
               <S/>
               <w msd="Pdnmein" lemma="prepričan">prepričan</w>
               <c>,</c>
               <S/>
               <w msd="Vd" lemma="da">da</w>
               <S/>
               <w msd="Gp-stm-n" lemma="biti">so</w>
               <S/>
               <w msd="Zk-sei" lemma="ta">to</w>
               <S/>
               <w msd="Ppszmi" lemma="poceni">najcenejše</w>
               <S/>
               <w msd="Vp" lemma="in">in</w>
               <S/>
               <w msd="Ppszer" lemma="human">najhumanejše</w>
               <S/>
               <w msd="Sozer" lemma="oblika">oblike</w>
               <S/>
               <w msd="Sozer" lemma="skrb">skrbi</w>
               <S/>
               <w msd="Dt" lemma="za">za</w>
               <S/>
               <w msd="Sozmt" lemma="oseba">osebe</w>
               <S/>
               <w msd="Do" lemma="z">z</w>
               <S/>
               <w msd="Sozmo" lemma="motnja">motnjami</w>
               <S/>
               <w msd="Dm" lemma="v">v</w>
               <S/>
               <w msd="Ppnmem" lemma="telesen">telesnem</w>
               <S/>
               <w msd="Vp" lemma="in">in</w>
               <S/>
               <w msd="Ppnmem" lemma="duševen">duševnem</w>
               <S/>
               <w msd="Somem" lemma="razvoj">razvoju</w>
               <c>.</c>
               <S/>
            </s>
            <s>
               <w msd="Ggnste" lemma="zavedati">Zaveda</w>
               <S/>
               <w msd="Zp------k" lemma="se">se</w>
               <S/>
               <w msd="L" lemma="tudi">tudi</w>
               <S/>
               <w msd="Zk-ser" lemma="ta">tega</w>
               <c>,</c>
               <S/>
               <w msd="Vd" lemma="da">da</w>
               <S/>
               <w msd="Ggnstm-n" lemma="imeti">imajo</w>
               <S/>
               <w msd="Sometn" lemma="zavod">zavod</w>
               <S/>
               <w msd="Vp" lemma="in">in</w>
               <S/>
               <w msd="Sommi" lemma="starš">starši</w>
               <S/>
               <w msd="Rsn" lemma="včasih">včasih</w>
               <S/>
               <w msd="Ppnmmt" lemma="različen">različne</w>
               <S/>
               <w msd="Sommt" lemma="pogled">poglede</w>
               <S/>
               <w msd="Dt" lemma="na">na</w>
               <S/>
               <w msd="Soset" lemma="reševanje">reševanje</w>
               <S/>
               <w msd="Zk-zer" lemma="ta">te</w>
               <S/>
               <w msd="Sozer" lemma="problematika">problematike</w>
               <c>,</c>
               <S/>
               <w msd="Vp" lemma="a">a</w>
               <S/>
               <w msd="Ggnste" lemma="poudarjati">poudarja</w>
               <c>,</c>
               <S/>
               <w msd="Vd" lemma="da">da</w>
               <S/>
               <w msd="Ppnzmt" lemma="tovrsten">tovrstne</w>
               <S/>
               <w msd="Sozmt" lemma="oblika">oblike</w>
               <S/>
               <w msd="Sozmt" lemma="skrb">skrbi</w>
               <S/>
               <w msd="Dt" lemma="za">za</w>
               <S/>
               <w msd="Zstmmtm" lemma="njihov">njihove</w>
               <S/>
               <w msd="Sommt" lemma="otrok">otroke</w>
               <S/>
               <w msd="Gp-stm-d" lemma="biti">niso</w>
               <S/>
               <w msd="Zl-zei" lemma="noben">nobena</w>
               <S/>
               <w msd="Sozei" lemma="konkurenca">konkurenca</w>
               <S/>
               <w msd="Someo" lemma="zavod">zavodom</w>
               <c>,</c>
               <S/>
               <w msd="Vp" lemma="saj">saj</w>
               <S/>
               <w msd="Kbzzem" lemma="en">eni</w>
               <S/>
               <w msd="Dr" lemma="brez">brez</w>
               <S/>
               <w msd="Kbzmmr" lemma="drug">drugih</w>
               <S/>
               <w msd="L" lemma="ne">ne</w>
               <S/>
               <w msd="Ggnstm" lemma="moči">morejo</w>
               <S/>
               <w msd="Vp" lemma="in">in</w>
               <S/>
               <w msd="L" lemma="morda">morda</w>
               <S/>
               <w msd="Gp-g" lemma="biti">bi</w>
               <S/>
               <w msd="Rsn" lemma="lahko">lahko</w>
               <S/>
               <w msd="L" lemma="ravno">ravno</w>
               <S/>
               <w msd="Sommi" lemma="zavod">zavodi</w>
               <S/>
               <w msd="Gp-d-mm" lemma="biti">bili</w>
               <S/>
               <w msd="Sommi" lemma="nosilec">nosilci</w>
               <S/>
               <w msd="Zk-mer" lemma="ta">tega</w>
               <S/>
               <w msd="Somer" lemma="razvoj">razvoja</w>
               <S/>
               <w msd="Dm" lemma="na">na</w>
               <S/>
               <w msd="Ppnzem" lemma="lokalen">lokalni</w>
               <S/>
               <w msd="Sozem" lemma="raven">ravni</w>
               <c>.</c>
            </s>
         </p>
         <p xml:id="F0000014.001169">
            <s>
               <w msd="Sozei" lemma="sociologija">Sociologija</w>
               <S/>
               <w msd="Ppnmmr" lemma="mednaroden">mednarodnih</w>
               <S/>
               <w msd="Sommr" lemma="odnos">odnosov</w>
               <S/>
               <w msd="Gp-ste-n" lemma="biti">je</w>
               <S/>
               <w msd="Sozei" lemma="knjiga">knjiga</w>
               <c>,</c>
               <S/>
               <w msd="Vd" lemma="ki">ki</w>
               <S/>
               <w msd="Zp------k" lemma="se">se</w>
               <S/>
               <w msd="Ggnste" lemma="ukvarjati">ukvarja</w>
               <S/>
               <w msd="Do" lemma="z">z</w>
               <S/>
               <w msd="Soseo" lemma="opisovanje">opisovanjem</w>
               <S/>
               <w msd="Vp" lemma="in">in</w>
               <S/>
               <w msd="Soseo" lemma="analiziranje">analiziranjem</w>
               <S/>
               <w msd="Sommr" lemma="odnos">odnosov</w>
               <S/>
               <w msd="Do" lemma="med">med</w>
               <S/>
               <w msd="Sozeo" lemma="država">državo</w>
               <S/>
               <w msd="Vp" lemma="in">in</w>
               <S/>
               <w msd="Sozeo" lemma="družba">družbo</w>
               <c>.</c>
               <S/>
            </s>
            <s>
               <w msd="Vp" lemma="in">In</w>
               <S/>
               <w msd="Ppnsmi" lemma="tovrsten">tovrstna</w>
               <S/>
               <w msd="Sosmi" lemma="delo">dela</w>
               <S/>
               <w msd="Gp-stm-n" lemma="biti">so</w>
               <c>,</c>
               <S/>
               <w msd="Vd" lemma="kot">kot</w>
               <S/>
               <w msd="Gp-ste-n" lemma="biti">je</w>
               <S/>
               <w msd="Ggdd-em" lemma="povedati">povedal</w>
               <S/>
               <w msd="Somei" lemma="avtor">avtor</w>
               <c>,</c>
               <S/>
               <w msd="Dm" lemma="v">v</w>
               <S/>
               <w msd="Somem" lemma="svet">svetu</w>
               <S/>
               <w msd="Ppnzei" lemma="redek">redka</w>
               <c>.</c>
            </s>
         </p>
         <p xml:id="F0000014.001254">
            <s>
               <c>-</c>
               <S/>
               <w msd="Dm" lemma="v">V</w>
               <S/>
               <w msd="Slmem" lemma="Maribor">Mariboru</w>
               <S/>
               <w msd="Rsn" lemma="rad">radi</w>
               <S/>
               <w msd="Ggdstm" lemma="omeniti">omenijo</w>
               <S/>
               <w msd="Sometn" lemma="rek">rek</w>
               <c>,</c>
               <S/>
               <w msd="Vd" lemma="da">da</w>
               <S/>
               <c>"</c>
               <w msd="Sozmi" lemma="vijolica">vijolice</w>
               <S/>
               <w msd="Ggnstm" lemma="cveteti">cvetijo</w>
               <S/>
               <w msd="Rsn" lemma="spomladi">spomladi</w>
               <c>"</c>
               <c>.</c>
               <S/>
            </s>
            <s>
               <w msd="Rsn" lemma="kaj">Kaj</w>
               <S/>
               <w msd="Ggvsdm" lemma="praviti">pravite</w>
               <S/>
               <c>-</c>
               <S/>
               <w msd="Gp-ptm-n" lemma="biti">bodo</w>
               <S/>
               <w msd="Rsn" lemma="res">res</w>
               <c>?</c>
            </s>
         </p>
         <p xml:id="F0000014.001487">
            <s>
               <w msd="Rsn" lemma="danes">Danes</w>
               <S/>
               <w msd="Somei" lemma="zaključek">zaključek</w>
               <S/>
               <w msd="Sozer" lemma="konferenca">konference</w>
               <S/>
               <w msd="Dm" lemma="o">o</w>
               <S/>
               <w msd="Ppnmem" lemma="mednaroden">mednarodnem</w>
               <S/>
               <w msd="Pdnmem" lemma="organiziran">organiziranem</w>
               <S/>
               <w msd="Somem" lemma="kriminal">kriminalu</w>
               <S/>
               <w msd="Dm" lemma="v">v</w>
               <S/>
               <w msd="Slmem" lemma="Palermo">Palermu</w>
            </s>
         </p>
      </body>
   </text>
</TEI>