<?xml version="1.0" encoding="UTF-8"?>
<TEI xmlns="http://www.tei-c.org/ns/1.0" xml:id="F0001769" xml:lang="sl">
   <teiHeader>
      <fileDesc>
         <titleStmt>
            <title>ccKRES: Dnevnik (2005-01-22)</title>
            <funder>Operacijo delno financira Evropska unija iz Evropskega socialnega sklada ter Ministrstvo za šolstvo in šport. Operacija se izvaja v okviru Operativnega programa razvoja človeških virov za obdobje 2007-2013, razvojne prioritete: razvoj človeških virov in vseživljenjskega učenja; prednostne usmeritve: izboljšanje kakovosti in učinkovitosti sistemov izobraževanja in usposabljanja 2007-2013.</funder>
         </titleStmt>
         <editionStmt>
            <edition>1.0</edition>
         </editionStmt>
         <extent>257 besed</extent>
         <publicationStmt>
            <idno>A0001470</idno>
            <availability status="free">
               <p xml:lang="sl">Avtorske pravice za to izdajo ureja licenca <ref target="http://creativecommons.org/licenses/by-nc/2.5/si/">Creative Commons Priznanje avtorstva-Nekomercialno 2.5 Slovenija</ref>.</p>
               <p xml:lang="en">This work is licenced under the <ref target="http://creativecommons.org/licenses/by-nc/2.5/si/deed.en">Creative Commons Attribution-Noncommercial 2.5 Slovenia</ref>.</p>
            </availability>
            <date>2012-05-06</date>
         </publicationStmt>
         <sourceDesc>
            <bibl>
               <title>Dnevnik</title>
               <author n="???">neznani novinar</author>
               <date>2005-01-22</date>
               <publisher n="Dnevnik">Dnevnik</publisher>
               <note type="sourceLang">sl</note>
            </bibl>
         </sourceDesc>
      </fileDesc>
      <encodingDesc>
         <projectDesc>
            <p xml:lang="sl">Glej <ref target="http://www.korpus-kres.net/">www.korpus-kres.net</ref> oz. <ref target="http://nl.ijs.si/ssj/">nl.ijs.si/ssj</ref>.</p>
            <p xml:lang="en">See <ref target="http://www.korpus-kres.net/">www.korpus-kres.net</ref> or <ref target="http://nl.ijs.si/ssj/">nl.ijs.si/ssj</ref>.</p>
         </projectDesc>
         <samplingDecl>
            <p xml:lang="sl">
            Besedila in odstavki v korpusu KRES so bili vzorčeni iz
            Gigafide tako, da smo dobili 100-milijonski referenčni
            korpus, v katerem so besedila uravnotežena po vnaprej
            določenih taksonomskih deležih in po podatkih o branosti
            vira (časopisi, revije, novičarski portali).  Korpus
            ccKRES nato, z namenom, da je lahko dostopen po licenci CC,
            vsebuje 10 % naključno vzorčenih odstavkov besedil iz
            korpusa KRES, torej 10 milijonov besed.
	    Več o sestavi korpusa lahko preberete na 
            <ref target="http://www.korpus-kres.net/">www.korpus-kres.net</ref> oz.
            <ref target="http://nl.ijs.si/ssj/">nl.ijs.si/ssj</ref>.
	  </p>
            <p xml:lang="en">
            Texts and paragraphs in the KRES corpus have been sampled from the 
	    Gigafida corpus. The result of the sampling is a 100-million-word 
	    reference corpus. The texts in KRES are balanced according to the 
	    predetermined categories, with particular consideration being paid to 
	    the data on the popularity of the source (newspapers, magazines, 
	    Internet news sites). 
	    To enable free (CC) distribution of the corpus, the ccKRES corpus contains 
	    10% of randomly sampled paragraphs from KRES, i.e. contains 10 million words.
	    For more information about the contents of the corpus, 
	    see <ref target="http://www.korpus-kres.net/">www.korpus-kres.net</ref>
	    and <ref target="http://nl.ijs.si/ssj/">nl.ijs.si/ssj</ref>.
	  </p>
         </samplingDecl>
         <tagsDecl>
            <namespace name="http://www.tei-c.org/ns/1.0">
               <tagUsage gi="p" occurs="5"/>
               <tagUsage gi="s" occurs="13"/>
               <tagUsage gi="S" occurs="252"/>
               <tagUsage gi="w" occurs="257"/>
               <tagUsage gi="c" occurs="32"/>
            </namespace>
         </tagsDecl>
         <classDecl>
            <taxonomy xml:id="SSJ">
               <category xml:id="SSJ.T">
                  <catDesc>tisk</catDesc>
                  <category xml:id="SSJ.T.K">
                     <catDesc>knjižno</catDesc>
                     <category xml:id="SSJ.T.K.L">
                        <catDesc>leposlovno</catDesc>
                     </category>
                     <category xml:id="SSJ.T.K.S">
                        <catDesc>strokovno</catDesc>
                     </category>
                  </category>
                  <category xml:id="SSJ.T.P">
                     <catDesc>periodično</catDesc>
                     <category xml:id="SSJ.T.P.C">
                        <catDesc>časopis</catDesc>
                     </category>
                     <category xml:id="SSJ.T.P.R">
                        <catDesc>revija</catDesc>
                     </category>
                  </category>
                  <category xml:id="SSJ.T.D">
                     <catDesc>drugo</catDesc>
                  </category>
               </category>
               <category xml:id="SSJ.I">
                  <catDesc>internet</catDesc>
               </category>
            </taxonomy>
         </classDecl>
      </encodingDesc>
      <profileDesc>
         <textClass>
            <catRef target="#SSJ.T.P.C"/>
         </textClass>
      </profileDesc>
   </teiHeader>
   <text xml:id="F0001769." xml:lang="sl">
      <body>
         <p xml:id="F0001769.000748">
            <s>
               <w msd="Kag" lemma="17.00">17.00</w>
               <S/>
               <w msd="Ggdd-ez" lemma="poročiti">Poročila</w>
               <c>,</c>
               <S/>
               <w msd="Somei" lemma="šport">šport</w>
               <c>,</c>
               <S/>
               <w msd="Sosei" lemma="vreme">vreme</w>
            </s>
         </p>
         <p xml:id="F0001769.001088">
            <s>
               <w msd="Kag" lemma="21.35">21.35</w>
               <S/>
               <w msd="Somei" lemma="kanal">KANAL</w>
               <S/>
               <w msd="Vp" lemma="a">A</w>
            </s>
         </p>
         <p xml:id="F0001769.001290">
            <s>
               <w msd="Kag" lemma="13.05">13.05</w>
               <S/>
               <w msd="Somei" lemma="tednik">Tednik</w>
            </s>
         </p>
         <p xml:id="F0001769.001506">
            <s>
               <w msd="Ppnsei" lemma="računski">Računsko</w>
               <S/>
               <w msd="Sosei" lemma="sodišče">sodišče</w>
               <S/>
               <w msd="Vp" lemma="pa">pa</w>
               <S/>
               <w msd="Dm" lemma="v">v</w>
               <S/>
               <w msd="Somem" lemma="zavod">zavodu</w>
               <S/>
               <w msd="L" lemma="že">že</w>
               <S/>
               <w msd="Sozet" lemma="vrsta">vrsto</w>
               <S/>
               <w msd="Sosmr" lemma="leto">let</w>
               <S/>
               <w msd="Ggnste" lemma="opravljati">opravlja</w>
               <S/>
               <w msd="Rsn" lemma="zelo">zelo</w>
               <S/>
               <w msd="Ppnmmt" lemma="podroben">podrobne</w>
               <S/>
               <w msd="Ppnmmt" lemma="revizijski">revizijske</w>
               <S/>
               <w msd="Sommt" lemma="pregled">preglede</w>
               <c>,</c>
               <S/>
               <w msd="Vd" lemma="ki">ki</w>
               <S/>
               <w msd="Ggnstm" lemma="trajati">trajajo</w>
               <S/>
               <w msd="L" lemma="celo">celo</w>
               <S/>
               <w msd="Rsr" lemma="več">več</w>
               <S/>
               <w msd="Sommr" lemma="mesec">mesecev</w>
               <c>.</c>
               <S/>
            </s>
            <s>
               <w msd="Dt" lemma="za">Za</w>
               <S/>
               <w msd="Soset" lemma="leto">leto</w>
               <S/>
               <w msd="Kag" lemma="2001">2001</w>
               <S/>
               <w msd="Gp-ste-n" lemma="biti">je</w>
               <S/>
               <w msd="Somei" lemma="zavod">zavod</w>
               <S/>
               <w msd="Ggdd-em" lemma="prejeti">prejel</w>
               <S/>
               <w msd="Ppnset" lemma="pozitiven">pozitivno</w>
               <S/>
               <w msd="Soset" lemma="mnenje">mnenje</w>
               <S/>
               <w msd="Ppnser" lemma="računski">računskega</w>
               <S/>
               <w msd="Soser" lemma="sodišče">sodišča</w>
               <S/>
               <w msd="Dm" lemma="o">o</w>
               <S/>
               <w msd="Ppnmmm" lemma="računovodski">računovodskih</w>
               <S/>
               <w msd="Sommm" lemma="izkaz">izkazih</w>
               <S/>
               <w msd="Vp" lemma="in">in</w>
               <S/>
               <w msd="Ppnser" lemma="negativen">negativnega</w>
               <S/>
               <w msd="Dt" lemma="za">za</w>
               <S/>
               <w msd="Soset" lemma="poslovanje">poslovanje</w>
               <S/>
               <w msd="L" lemma="prav">prav</w>
               <S/>
               <w msd="Dr" lemma="zaradi">zaradi</w>
               <S/>
               <w msd="Rsn" lemma="zgoraj">zgoraj</w>
               <S/>
               <w msd="Pdnzmr" lemma="omenjen">omenjenih</w>
               <S/>
               <w msd="Sozmr" lemma="napaka">napak</w>
               <c>.</c>
               <S/>
            </s>
            <s>
               <w msd="Rsn" lemma="takrat">Takrat</w>
               <S/>
               <w msd="Gp-spm-n" lemma="biti">smo</w>
               <S/>
               <w msd="Ggdd-mm" lemma="pripraviti">pripravili</w>
               <S/>
               <w msd="Rsn" lemma="obsežno">obsežno</w>
               <S/>
               <w msd="Ppnset" lemma="odziven">odzivno</w>
               <S/>
               <w msd="Soset" lemma="poročilo">poročilo</w>
               <S/>
               <w msd="Vp" lemma="in">in</w>
               <S/>
               <w msd="Ggdd-mm" lemma="sprejeti">sprejeli</w>
               <S/>
               <w msd="Ppnmmt" lemma="potreben">potrebne</w>
               <S/>
               <w msd="Sommt" lemma="ukrep">ukrepe</w>
               <c>,</c>
               <S/>
               <w msd="Do" lemma="z">s</w>
               <S/>
               <w msd="Zv-mmo" lemma="kateri">katerimi</w>
               <S/>
               <w msd="Gp-ste-n" lemma="biti">je</w>
               <S/>
               <w msd="Ppnsei" lemma="računski">računsko</w>
               <S/>
               <w msd="Sosei" lemma="sodišče">sodišče</w>
               <S/>
               <w msd="Ggnd-es" lemma="soglašati">soglašalo</w>
               <c>,</c>
               <S/>
               <w msd="Dt" lemma="za">za</w>
               <S/>
               <w msd="Soset" lemma="leto">leto</w>
               <S/>
               <w msd="Kag" lemma="2002">2002</w>
               <S/>
               <w msd="Vp" lemma="pa">pa</w>
               <S/>
               <w msd="Gp-ste-n" lemma="biti">je</w>
               <S/>
               <w msd="Ggnd-es" lemma="slediti">sledilo</w>
               <S/>
               <w msd="Zstseiem" lemma="njegov">njegovo</w>
               <S/>
               <w msd="Rsn" lemma="dvojno">dvojno</w>
               <S/>
               <w msd="Ppnset" lemma="pozitiven">pozitivno</w>
               <S/>
               <w msd="Soset" lemma="mnenje">mnenje</w>
               <c>.</c>
               <S/>
            </s>
            <s>
               <w msd="Dt" lemma="za">Za</w>
               <S/>
               <w msd="Soset" lemma="leto">leto</w>
               <S/>
               <w msd="Kag" lemma="2003">2003</w>
               <S/>
               <w msd="Gp-spm-n" lemma="biti">smo</w>
               <S/>
               <w msd="Ggdd-mm" lemma="prejeti">prejeli</w>
               <S/>
               <w msd="Ppnset" lemma="pozitiven">pozitivno</w>
               <S/>
               <w msd="Soset" lemma="mnenje">mnenje</w>
               <S/>
               <w msd="Dt" lemma="za">za</w>
               <S/>
               <w msd="Ppnset" lemma="finančen">finančno</w>
               <S/>
               <w msd="Soset" lemma="poslovanje">poslovanje</w>
               <S/>
               <w msd="Vp" lemma="in">in</w>
               <S/>
               <w msd="Soset" lemma="mnenje">mnenje</w>
               <S/>
               <w msd="Do" lemma="z">s</w>
               <S/>
               <w msd="Someo" lemma="pridržek">pridržkom</w>
               <S/>
               <w msd="Dt" lemma="za">za</w>
               <S/>
               <w msd="Sozet" lemma="pravilnost">pravilnost</w>
               <S/>
               <w msd="Soser" lemma="poslovanje">poslovanja</w>
               <c>,</c>
               <S/>
               <w msd="Dm" lemma="v">v</w>
               <S/>
               <w msd="Zv-mem" lemma="kateri">katerem</w>
               <S/>
               <w msd="Gp-ste-n" lemma="biti">je</w>
               <S/>
               <w msd="Ppnsei" lemma="računski">računsko</w>
               <S/>
               <w msd="Sosei" lemma="sodišče">sodišče</w>
               <S/>
               <w msd="Rsn" lemma="izrecno">izrecno</w>
               <S/>
               <w msd="Ggdd-es" lemma="navesti">navedlo</w>
               <c>,</c>
               <S/>
               <w msd="Vd" lemma="da">da</w>
               <S/>
               <w msd="Ggnste-n" lemma="imeti">ima</w>
               <S/>
               <w msd="Sometn" lemma="zavod">zavod</w>
               <S/>
               <w msd="Dm" lemma="v">v</w>
               <S/>
               <w msd="Somem" lemma="pravilnik">pravilniku</w>
               <S/>
               <w msd="Rsn" lemma="dobro">dobro</w>
               <S/>
               <w msd="Pdnmein" lemma="urejen">urejen</w>
               <S/>
               <w msd="Somei" lemma="način">način</w>
               <S/>
               <w msd="Sozer" lemma="oddaja">oddaje</w>
               <S/>
               <w msd="Ppnmmr" lemma="javen">javnih</w>
               <S/>
               <w msd="Ggdd-em" lemma="naročiti">naročil</w>
               <S/>
               <w msd="Ppnzmt" lemma="majhen">majhne</w>
               <S/>
               <w msd="Sozmt" lemma="vrednost">vrednosti</w>
               <S/>
               <c>(</c>
               <w msd="Ggnd-em" lemma="oblikovati">oblikoval</w>
               <S/>
               <w msd="Gp-ste-n" lemma="biti">je</w>
               <S/>
               <w msd="L" lemma="tudi">tudi</w>
               <S/>
               <w msd="Ppnmein" lemma="poseben">poseben</w>
               <S/>
               <w msd="Somei" lemma="odsek">odsek</w>
               <S/>
               <w msd="Dt" lemma="za">za</w>
               <S/>
               <w msd="Ppnsmt" lemma="javen">javna</w>
               <S/>
               <w msd="Sosmt" lemma="naročilo">naročila</w>
               <c>)</c>
               <c>,</c>
               <S/>
               <w msd="Vp" lemma="zato">zato</w>
               <S/>
               <w msd="Zotmed--k" lemma="on">mu</w>
               <S/>
               <w msd="Zotmet--k" lemma="on">ga</w>
               <S/>
               <w msd="Gp-ste-d" lemma="biti">ni</w>
               <S/>
               <w msd="Rsn" lemma="treba">treba</w>
               <S/>
               <w msd="Ggnn" lemma="spreminjati">spreminjati</w>
               <c>,</c>
               <S/>
               <w msd="L" lemma="le">le</w>
               <S/>
               <w msd="Ggnn" lemma="ravnati">ravnati</w>
               <S/>
               <w msd="Gp-ste-n" lemma="biti">je</w>
               <S/>
               <w msd="Ppnmein" lemma="dolžen">dolžan</w>
               <S/>
               <w msd="Dm" lemma="v">v</w>
               <S/>
               <w msd="Somem" lemma="sklad">skladu</w>
               <S/>
               <w msd="Do" lemma="z">z</w>
               <S/>
               <w msd="Zotmeo" lemma="on">njim</w>
               <c>.</c>
               <S/>
            </s>
            <s>
               <w msd="Ppnser" lemma="odziven">Odzivnega</w>
               <S/>
               <w msd="Soser" lemma="poročilo">poročila</w>
               <S/>
               <w msd="Gp-ste-d" lemma="biti">ni</w>
               <S/>
               <w msd="Ggvd-es" lemma="zahtevati">zahtevalo</w>
               <c>.</c>
               <S/>
            </s>
            <s>
               <w msd="Somei" lemma="pridržek">Pridržek</w>
               <S/>
               <w msd="Zp------k" lemma="se">se</w>
               <S/>
               <w msd="Gp-ste-n" lemma="biti">je</w>
               <S/>
               <w msd="Ggnd-em" lemma="nanašati">nanašal</w>
               <S/>
               <w msd="Dt" lemma="na">na</w>
               <S/>
               <w msd="Kbg-mt" lemma="šest">šest</w>
               <S/>
               <w msd="Pdnmmr" lemma="izveden">izvedenih</w>
               <S/>
               <w msd="Ppnsmr" lemma="javen">javnih</w>
               <S/>
               <w msd="Sosmr" lemma="naročilo">naročil</w>
               <c>.</c>
               <S/>
            </s>
            <s>
               <w msd="Dm" lemma="v">V</w>
               <S/>
               <w msd="Sosem" lemma="mnenje">mnenju</w>
               <S/>
               <w msd="Ppnser" lemma="računski">računskega</w>
               <S/>
               <w msd="Soser" lemma="sodišče">sodišča</w>
               <S/>
               <w msd="Gp-ste-n" lemma="biti">je</w>
               <S/>
               <w msd="Rsn" lemma="korektno">korektno</w>
               <S/>
               <w msd="Pdnsei" lemma="zapisan">zapisano</w>
               <c>,</c>
               <S/>
               <w msd="Rsn" lemma="zakaj">zakaj</w>
               <S/>
               <w msd="Gp-ste-n" lemma="biti">je</w>
               <S/>
               <w msd="Dr" lemma="do">do</w>
               <S/>
               <w msd="Zk-zmr" lemma="ta">teh</w>
               <S/>
               <w msd="Sozmr" lemma="napaka">napak</w>
               <S/>
               <w msd="Ggnd-es" lemma="prihajati">prihajalo</w>
               <c>,</c>
               <S/>
               <w msd="Vp" lemma="in">in</w>
               <S/>
               <w msd="L" lemma="sploh">sploh</w>
               <S/>
               <w msd="Gp-ste-d" lemma="biti">ni</w>
               <S/>
               <w msd="Gp-d-es" lemma="biti">bilo</w>
               <S/>
               <w msd="Rsn" lemma="tako">tako</w>
               <S/>
               <w msd="Ppnsei" lemma="črn">črno</w>
               <S/>
               <w msd="Vp" lemma="in">in</w>
               <S/>
               <w msd="Rsn" lemma="grozno">grozno</w>
               <c>,</c>
               <S/>
               <w msd="Vd" lemma="kot">kot</w>
               <S/>
               <w msd="Zotmed--k" lemma="on">mu</w>
               <S/>
               <w msd="Ggnste" lemma="pripisovati">pripisuje</w>
               <S/>
               <w msd="Sozei" lemma="vlada">vlada</w>
               <c>.</c>
               <S/>
            </s>
            <s>
               <w msd="L" lemma="sicer">Sicer</w>
               <S/>
               <w msd="Vp" lemma="pa">pa</w>
               <S/>
               <w msd="Ppnsei" lemma="računski">računsko</w>
               <S/>
               <w msd="Sosei" lemma="sodišče">sodišče</w>
               <S/>
               <w msd="Rsn" lemma="lahko">lahko</w>
               <S/>
               <w msd="Dm" lemma="v">v</w>
               <S/>
               <w msd="Ppnzem" lemma="sleheren">sleherni</w>
               <S/>
               <w msd="Ppnzem" lemma="javen">javni</w>
               <S/>
               <w msd="Sozem" lemma="ustanova">ustanovi</w>
               <S/>
               <w msd="Ggdste" lemma="najti">najde</w>
               <S/>
               <w msd="Zv-zet" lemma="kakšen">kakšno</w>
               <S/>
               <w msd="Sozet" lemma="napaka">napako</w>
               <S/>
               <w msd="Vp" lemma="in">in</w>
               <S/>
               <w msd="Dm" lemma="pri">pri</w>
               <S/>
               <w msd="Zk-sem" lemma="ta">tem</w>
               <S/>
               <w msd="Zspmetm" lemma="naš">naš</w>
               <S/>
               <w msd="Somei" lemma="kolektiv">kolektiv</w>
               <c>,</c>
               <S/>
               <w msd="Vd" lemma="ki">ki</w>
               <S/>
               <w msd="Ggnste" lemma="šteti">šteje</w>
               <S/>
               <w msd="Kag" lemma="840">840</w>
               <S/>
               <w msd="Sommr" lemma="človek">ljudi</w>
               <c>,</c>
               <S/>
               <w msd="Gp-ste-d" lemma="biti">ni</w>
               <S/>
               <w msd="Zl-zei" lemma="noben">nobena</w>
               <S/>
               <w msd="Sozei" lemma="izjema">izjema</w>
               <S/>
               <w msd="Rsn" lemma="vedno">vedno</w>
               <S/>
               <w msd="Zp------k" lemma="se">se</w>
               <S/>
               <w msd="Gp-pte-n" lemma="biti">bo</w>
               <S/>
               <w msd="Ggdd-em" lemma="najti">našel</w>
               <S/>
               <w msd="Zv-mei" lemma="kdo">kdo</w>
               <c>,</c>
               <S/>
               <w msd="Vd" lemma="ki">ki</w>
               <S/>
               <w msd="Gp-pte-n" lemma="biti">bo</w>
               <S/>
               <w msd="Ggdd-em" lemma="narediti">naredil</w>
               <S/>
               <w msd="Sozet" lemma="napaka">napako</w>
               <S/>
               <w msd="Vp" lemma="ali">ali</w>
               <S/>
               <w msd="Rsn" lemma="nekaj">nekaj</w>
               <S/>
               <w msd="Ggdd-em" lemma="spregledati">spregledal</w>
               <c>.</c>
            </s>
         </p>
         <p xml:id="F0001769.001655">
            <s>
               <w msd="Ppnzei" lemma="zanimiv">Zanimiva</w>
               <S/>
               <w msd="Gp-ste-n" lemma="biti">je</w>
               <S/>
               <w msd="L" lemma="še">še</w>
               <S/>
               <w msd="Kbzzei" lemma="en">ena</w>
               <S/>
               <w msd="Sozei" lemma="značilnost">značilnost</w>
               <c>:</c>
               <S/>
               <w msd="L" lemma="celo">celo</w>
               <S/>
               <w msd="Vd" lemma="kadar">kadar</w>
               <S/>
               <w msd="Zp------k" lemma="se">se</w>
               <S/>
               <w msd="Ppnmmi" lemma="marketinški">marketinški</w>
               <S/>
               <w msd="Sommi" lemma="strokovnjak">strokovnjaki</w>
               <S/>
               <w msd="Ggnstm" lemma="obračati">obračajo</w>
               <S/>
               <w msd="Rsn" lemma="naravnost">naravnost</w>
               <S/>
               <w msd="Dt" lemma="na">na</w>
               <S/>
               <w msd="Pppmmt" lemma="star">starejše</w>
               <S/>
               <w msd="Dr" lemma="od">od</w>
               <S/>
               <w msd="Kbg-mt" lemma="petdeset">petdeset</w>
               <S/>
               <w msd="Sosmr" lemma="leto">let</w>
               <c>,</c>
               <S/>
               <w msd="Rsn" lemma="začuda">začuda</w>
               <S/>
               <w msd="Gp-stm-d" lemma="biti">niso</w>
               <S/>
               <w msd="Rsn" lemma="dosti">dosti</w>
               <S/>
               <w msd="Rsr" lemma="bolj">bolj</w>
               <S/>
               <w msd="Ppnmmi" lemma="tankočuten">tankočutni</w>
               <c>.</c>
               <S/>
            </s>
            <s>
               <w msd="Rsn" lemma="posebno">Posebno</w>
               <S/>
               <w msd="Rsn" lemma="rad">radi</w>
               <S/>
               <w msd="Ggnstm" lemma="pozabljati">pozabljajo</w>
               <c>,</c>
               <S/>
               <w msd="Vd" lemma="da">da</w>
               <S/>
               <w msd="Zstzmim" lemma="njihov">njihove</w>
               <S/>
               <w msd="Ppnzmi" lemma="potencialen">potencialne</w>
               <S/>
               <w msd="Sozmi" lemma="stranka">stranke</w>
               <S/>
               <w msd="Rsn" lemma="verjetno">verjetno</w>
               <S/>
               <w msd="Ggnstm" lemma="nositi">nosijo</w>
               <S/>
               <w msd="Sosmt" lemma="očala">očala</w>
               <c>,</c>
               <S/>
               <w msd="Vp" lemma="in">in</w>
               <S/>
               <w msd="Ggnstm" lemma="pisati">pišejo</w>
               <S/>
               <w msd="Sommt" lemma="napis">napise</w>
               <S/>
               <w msd="Vp" lemma="in">in</w>
               <S/>
               <w msd="Sommt" lemma="slogan">slogane</w>
               <S/>
               <w msd="Do" lemma="z">s</w>
               <S/>
               <w msd="Ppnzmo" lemma="premajhen">premajhnimi</w>
               <S/>
               <w msd="Sozmo" lemma="črka">črkami</w>
               <S/>
               <w msd="Vp" lemma="ali">ali</w>
               <S/>
               <w msd="Ggnstm" lemma="uporabljati">uporabljajo</w>
               <S/>
               <w msd="Sozer" lemma="barva">barve</w>
               <c>,</c>
               <S/>
               <w msd="Vd" lemma="ki">ki</w>
               <S/>
               <w msd="Zp------k" lemma="se">se</w>
               <S/>
               <w msd="Rsn" lemma="slabo">slabo</w>
               <S/>
               <w msd="Ggnstm" lemma="ločevati">ločujejo</w>
               <S/>
               <w msd="Do" lemma="med">med</w>
               <S/>
               <w msd="Zp---o" lemma="se">sabo</w>
               <c>.</c>
            </s>
         </p>
      </body>
   </text>
</TEI>