<?xml version="1.0" encoding="UTF-8"?>
<TEI xmlns="http://www.tei-c.org/ns/1.0" xml:id="F0002430" xml:lang="sl">
   <teiHeader>
      <fileDesc>
         <titleStmt>
            <title>ccKRES: Karen Armstrong. Kratka zgodovina mita. (2005)</title>
            <funder>Operacijo delno financira Evropska unija iz Evropskega socialnega sklada ter Ministrstvo za šolstvo in šport. Operacija se izvaja v okviru Operativnega programa razvoja človeških virov za obdobje 2007-2013, razvojne prioritete: razvoj človeških virov in vseživljenjskega učenja; prednostne usmeritve: izboljšanje kakovosti in učinkovitosti sistemov izobraževanja in usposabljanja 2007-2013.</funder>
         </titleStmt>
         <editionStmt>
            <edition>1.0</edition>
         </editionStmt>
         <extent>953 besed</extent>
         <publicationStmt>
            <idno>KRATKAZG</idno>
            <availability status="free">
               <p xml:lang="sl">Avtorske pravice za to izdajo ureja licenca <ref target="http://creativecommons.org/licenses/by-nc/2.5/si/">Creative Commons Priznanje avtorstva-Nekomercialno 2.5 Slovenija</ref>.</p>
               <p xml:lang="en">This work is licenced under the <ref target="http://creativecommons.org/licenses/by-nc/2.5/si/deed.en">Creative Commons Attribution-Noncommercial 2.5 Slovenia</ref>.</p>
            </availability>
            <date>2012-05-06</date>
         </publicationStmt>
         <sourceDesc>
            <bibl>
               <title>Kratka zgodovina mita</title>
               <author>Karen Armstrong</author>
               <date>2005</date>
               <publisher n="Mladinska knjiga">Mladinska knjiga Založba</publisher>
               <note type="sourceLang">en</note>
            </bibl>
         </sourceDesc>
      </fileDesc>
      <encodingDesc>
         <projectDesc>
            <p xml:lang="sl">Glej <ref target="http://www.korpus-kres.net/">www.korpus-kres.net</ref> oz. <ref target="http://nl.ijs.si/ssj/">nl.ijs.si/ssj</ref>.</p>
            <p xml:lang="en">See <ref target="http://www.korpus-kres.net/">www.korpus-kres.net</ref> or <ref target="http://nl.ijs.si/ssj/">nl.ijs.si/ssj</ref>.</p>
         </projectDesc>
         <samplingDecl>
            <p xml:lang="sl">
            Besedila in odstavki v korpusu KRES so bili vzorčeni iz
            Gigafide tako, da smo dobili 100-milijonski referenčni
            korpus, v katerem so besedila uravnotežena po vnaprej
            določenih taksonomskih deležih in po podatkih o branosti
            vira (časopisi, revije, novičarski portali).  Korpus
            ccKRES nato, z namenom, da je lahko dostopen po licenci CC,
            vsebuje 10 % naključno vzorčenih odstavkov besedil iz
            korpusa KRES, torej 10 milijonov besed.
	    Več o sestavi korpusa lahko preberete na 
            <ref target="http://www.korpus-kres.net/">www.korpus-kres.net</ref> oz.
            <ref target="http://nl.ijs.si/ssj/">nl.ijs.si/ssj</ref>.
	  </p>
            <p xml:lang="en">
            Texts and paragraphs in the KRES corpus have been sampled from the 
	    Gigafida corpus. The result of the sampling is a 100-million-word 
	    reference corpus. The texts in KRES are balanced according to the 
	    predetermined categories, with particular consideration being paid to 
	    the data on the popularity of the source (newspapers, magazines, 
	    Internet news sites). 
	    To enable free (CC) distribution of the corpus, the ccKRES corpus contains 
	    10% of randomly sampled paragraphs from KRES, i.e. contains 10 million words.
	    For more information about the contents of the corpus, 
	    see <ref target="http://www.korpus-kres.net/">www.korpus-kres.net</ref>
	    and <ref target="http://nl.ijs.si/ssj/">nl.ijs.si/ssj</ref>.
	  </p>
         </samplingDecl>
         <tagsDecl>
            <namespace name="http://www.tei-c.org/ns/1.0">
               <tagUsage gi="p" occurs="6"/>
               <tagUsage gi="s" occurs="52"/>
               <tagUsage gi="S" occurs="947"/>
               <tagUsage gi="w" occurs="953"/>
               <tagUsage gi="c" occurs="148"/>
            </namespace>
         </tagsDecl>
         <classDecl>
            <taxonomy xml:id="SSJ">
               <category xml:id="SSJ.T">
                  <catDesc>tisk</catDesc>
                  <category xml:id="SSJ.T.K">
                     <catDesc>knjižno</catDesc>
                     <category xml:id="SSJ.T.K.L">
                        <catDesc>leposlovno</catDesc>
                     </category>
                     <category xml:id="SSJ.T.K.S">
                        <catDesc>strokovno</catDesc>
                     </category>
                  </category>
                  <category xml:id="SSJ.T.P">
                     <catDesc>periodično</catDesc>
                     <category xml:id="SSJ.T.P.C">
                        <catDesc>časopis</catDesc>
                     </category>
                     <category xml:id="SSJ.T.P.R">
                        <catDesc>revija</catDesc>
                     </category>
                  </category>
                  <category xml:id="SSJ.T.D">
                     <catDesc>drugo</catDesc>
                  </category>
               </category>
               <category xml:id="SSJ.I">
                  <catDesc>internet</catDesc>
               </category>
            </taxonomy>
         </classDecl>
      </encodingDesc>
      <profileDesc>
         <textClass>
            <catRef target="#SSJ.T.K.S"/>
         </textClass>
      </profileDesc>
   </teiHeader>
   <text xml:id="F0002430." xml:lang="sl">
      <body>
         <p xml:id="F0002430.000022">
            <s>
               <w msd="Dm" lemma="v">V</w>
               <S/>
               <w msd="Zspzemm" lemma="naš">naši</w>
               <S/>
               <w msd="Ppnzem" lemma="znanstven">znanstveni</w>
               <S/>
               <w msd="Sozem" lemma="kultura">kulturi</w>
               <S/>
               <w msd="Rsn" lemma="pogosto">pogosto</w>
               <S/>
               <w msd="Ggnspm" lemma="gojiti">gojimo</w>
               <S/>
               <w msd="Rsn" lemma="zelo">zelo</w>
               <S/>
               <w msd="Pdnzmt" lemma="poenostavljen">poenostavljene</w>
               <S/>
               <w msd="Sozmt" lemma="predstava">predstave</w>
               <S/>
               <w msd="Dm" lemma="o">o</w>
               <S/>
               <w msd="Ppnmem" lemma="božanski">božanskem</w>
               <c>.</c>
               <S/>
            </s>
            <s>
               <w msd="Dm" lemma="v">V</w>
               <S/>
               <w msd="Ppnmem" lemma="starodaven">starodavnem</w>
               <S/>
               <w msd="Somem" lemma="svet">svetu</w>
               <S/>
               <w msd="Gp-stm-n" lemma="biti">so</w>
               <S/>
               <c>'</c>
               <w msd="Sommi" lemma="bog">bogovi</w>
               <c>'</c>
               <S/>
               <w msd="Rsn" lemma="redko">redko</w>
               <S/>
               <w msd="Ggnd-mm" lemma="veljati">veljali</w>
               <S/>
               <w msd="Dt" lemma="za">za</w>
               <S/>
               <w msd="Ppnsmt" lemma="nadnaraven">nadnaravna</w>
               <S/>
               <w msd="Sosmt" lemma="bitje">bitja</w>
               <S/>
               <w msd="Do" lemma="z">s</w>
               <S/>
               <w msd="Zp-zeo" lemma="svoj">svojo</w>
               <S/>
               <w msd="Sozeo" lemma="osebnost">osebnostjo</w>
               <S/>
               <w msd="Vp" lemma="in">in</w>
               <S/>
               <w msd="Do" lemma="z">s</w>
               <S/>
               <w msd="Rsn" lemma="popolnoma">popolnoma</w>
               <S/>
               <w msd="Pdnmeo" lemma="ločen">ločenim</w>
               <S/>
               <w msd="Ppnseo" lemma="metafizičen">metafizičnim</w>
               <S/>
               <w msd="Soseo" lemma="življenje">življenjem</w>
               <c>.</c>
               <S/>
            </s>
            <s>
               <w msd="Sozei" lemma="mitologija">Mitologija</w>
               <S/>
               <w msd="Gp-ste-d" lemma="biti">ni</w>
               <S/>
               <w msd="Gp-d-ez" lemma="biti">bila</w>
               <S/>
               <w msd="Sozei" lemma="teologija">teologija</w>
               <S/>
               <w msd="Dm" lemma="v">v</w>
               <S/>
               <w msd="Ppnmem" lemma="moderen">modernem</w>
               <S/>
               <w msd="Somem" lemma="smisel">smislu</w>
               <c>,</c>
               <S/>
               <w msd="Vp" lemma="temveč">temveč</w>
               <S/>
               <w msd="Gp-ste-n" lemma="biti">je</w>
               <S/>
               <w msd="Ggnd-ez" lemma="govoriti">govorila</w>
               <S/>
               <w msd="Dm" lemma="o">o</w>
               <S/>
               <w msd="Ppnzmm" lemma="človeški">človeških</w>
               <S/>
               <w msd="Sozmm" lemma="izkušnja">izkušnjah</w>
               <c>.</c>
               <S/>
            </s>
            <s>
               <w msd="Sommi" lemma="človek">Ljudje</w>
               <S/>
               <w msd="Gp-stm-n" lemma="biti">so</w>
               <S/>
               <w msd="Ggvd-mm" lemma="verjeti">verjeli</w>
               <c>,</c>
               <S/>
               <w msd="Vd" lemma="da">da</w>
               <S/>
               <w msd="Gp-stm-n" lemma="biti">so</w>
               <S/>
               <w msd="Sommi" lemma="bog">bogovi</w>
               <c>,</c>
               <S/>
               <w msd="Ppnsmi" lemma="človeški">človeška</w>
               <S/>
               <w msd="Sosmi" lemma="bitje">bitja</w>
               <c>,</c>
               <S/>
               <w msd="Sozmi" lemma="žival">živali</w>
               <S/>
               <w msd="Vp" lemma="in">in</w>
               <S/>
               <w msd="Sozei" lemma="narava">narava</w>
               <S/>
               <w msd="Rsn" lemma="neločljivo">neločljivo</w>
               <S/>
               <w msd="Pdnmmi" lemma="povezan">povezani</w>
               <c>,</c>
               <S/>
               <w msd="Pdnmmi" lemma="podvržen">podvrženi</w>
               <S/>
               <w msd="Zn-seo" lemma="isti">istim</w>
               <S/>
               <w msd="Someo" lemma="zakon">zakonom</w>
               <S/>
               <w msd="Vp" lemma="in">in</w>
               <S/>
               <w msd="Pdnmmi" lemma="narejen">narejeni</w>
               <S/>
               <w msd="Dr" lemma="iz">iz</w>
               <S/>
               <w msd="Zn-zer" lemma="isti">iste</w>
               <S/>
               <w msd="Ppnzer" lemma="božanski">božanske</w>
               <S/>
               <w msd="Sozer" lemma="snov">snovi</w>
               <c>.</c>
               <S/>
            </s>
            <s>
               <w msd="Do" lemma="med">Med</w>
               <S/>
               <w msd="Someo" lemma="svet">svetom</w>
               <S/>
               <w msd="Sommr" lemma="bog">bogov</w>
               <S/>
               <w msd="Vp" lemma="in">in</w>
               <S/>
               <w msd="Someo" lemma="svet">svetom</w>
               <S/>
               <w msd="Sommr" lemma="človek">ljudi</w>
               <S/>
               <w msd="Rsn" lemma="sprva">sprva</w>
               <S/>
               <w msd="Gp-ste-d" lemma="biti">ni</w>
               <S/>
               <w msd="Gp-d-es" lemma="biti">bilo</w>
               <S/>
               <w msd="Zl-mer" lemma="noben">nobenega</w>
               <S/>
               <w msd="Ppnmer" lemma="ontološki">ontološkega</w>
               <S/>
               <w msd="Somer" lemma="prepad">prepada</w>
               <c>.</c>
               <S/>
            </s>
            <s>
               <w msd="Vd" lemma="ko">Ko</w>
               <S/>
               <w msd="Gp-stm-n" lemma="biti">so</w>
               <S/>
               <w msd="Ggnd-mm" lemma="govoriti">govorili</w>
               <S/>
               <w msd="Dm" lemma="o">o</w>
               <S/>
               <w msd="Ppnsem" lemma="božanski">božanskem</w>
               <c>,</c>
               <S/>
               <w msd="Gp-stm-n" lemma="biti">so</w>
               <S/>
               <w msd="Rsn" lemma="ponavadi">ponavadi</w>
               <S/>
               <w msd="Ggnd-mm" lemma="govoriti">govorili</w>
               <S/>
               <w msd="Dm" lemma="o">o</w>
               <S/>
               <w msd="Pdnmem" lemma="določen">določenem</w>
               <S/>
               <w msd="Somem" lemma="vidik">vidiku</w>
               <S/>
               <w msd="Ppnser" lemma="vsakdanji">vsakdanjega</w>
               <S/>
               <w msd="Soser" lemma="življenje">življenja</w>
               <c>.</c>
               <S/>
            </s>
            <s>
               <w msd="Ppnmein" lemma="sam">Sam</w>
               <S/>
               <w msd="Somei" lemma="obstoj">obstoj</w>
               <S/>
               <w msd="Sommr" lemma="bog">bogov</w>
               <S/>
               <w msd="Gp-ste-n" lemma="biti">je</w>
               <S/>
               <w msd="Gp-d-em" lemma="biti">bil</w>
               <S/>
               <w msd="Ppnmein" lemma="neločljiv">neločljiv</w>
               <S/>
               <w msd="Dr" lemma="od">od</w>
               <S/>
               <w msd="Somer" lemma="obstoj">obstoja</w>
               <S/>
               <w msd="Sozer" lemma="nevihta">nevihte</w>
               <c>,</c>
               <S/>
               <w msd="Soser" lemma="morje">morja</w>
               <c>,</c>
               <S/>
               <w msd="Sozer" lemma="reka">reke</w>
               <S/>
               <w msd="Vp" lemma="ali">ali</w>
               <S/>
               <w msd="Zk-zmr" lemma="tisti">tistih</w>
               <S/>
               <w msd="Ppnzmr" lemma="močen">močnih</w>
               <S/>
               <w msd="Ppnsmr" lemma="človeški">človeških</w>
               <S/>
               <w msd="Sosmr" lemma="čustvo">čustev</w>
               <S/>
               <w msd="Sozer" lemma="ljubezen">ljubezni</w>
               <c>,</c>
               <S/>
               <w msd="Somer" lemma="bes">besa</w>
               <S/>
               <w msd="Vp" lemma="ali">ali</w>
               <S/>
               <w msd="Ppnmmt" lemma="spolen">spolne</w>
               <S/>
               <w msd="Sommt" lemma="sel">sle</w>
               <S/>
               <w msd="Vd" lemma="ki">ki</w>
               <S/>
               <w msd="Gp-stm-n" lemma="biti">so</w>
               <S/>
               <w msd="Ppnzmi" lemma="moški">moške</w>
               <S/>
               <w msd="Vp" lemma="in">in</w>
               <S/>
               <w msd="Sozmi" lemma="ženska">ženske</w>
               <S/>
               <w msd="L" lemma="vsaj">vsaj</w>
               <S/>
               <w msd="Dt" lemma="za">za</w>
               <S/>
               <w msd="Sometn" lemma="trenutek">trenutek</w>
               <S/>
               <w msd="Ggdd-ez" lemma="povzdigniti">povzdignila</w>
               <S/>
               <w msd="Dt" lemma="na">na</w>
               <S/>
               <w msd="Sozet" lemma="druga">drugo</w>
               <S/>
               <w msd="Sozet" lemma="raven">raven</w>
               <S/>
               <w msd="Somer" lemma="obstoj">obstoja</w>
               <c>,</c>
               <S/>
               <w msd="Vd" lemma="da">da</w>
               <S/>
               <w msd="Gp-stm-n" lemma="biti">so</w>
               <S/>
               <w msd="Sometn" lemma="svet">svet</w>
               <S/>
               <w msd="Ggdd-mm" lemma="ugledati">ugledali</w>
               <S/>
               <w msd="Dr" lemma="z">z</w>
               <S/>
               <w msd="Ppnmer" lemma="nov">novega</w>
               <S/>
               <w msd="Ppnmer" lemma="zoren">zornega</w>
               <S/>
               <w msd="Somer" lemma="kot">kota</w>
               <c>.</c>
            </s>
         </p>
         <p xml:id="F0002430.000032">
            <s>
               <w msd="Pppzei" lemma="star">Starejša</w>
               <S/>
               <w msd="Ppnzei" lemma="kamen">kamena</w>
               <S/>
               <w msd="Sozei" lemma="doba">doba</w>
               <c>:</c>
               <S/>
               <w msd="Sozei" lemma="mitologija">mitologija</w>
               <S/>
               <w msd="Sommr" lemma="lovec">lovcev</w>
            </s>
         </p>
         <p xml:id="F0002430.000055">
            <s>
               <w msd="Slmei" lemma="Logos">Logos</w>
               <S/>
               <w msd="Zp------k" lemma="se">se</w>
               <S/>
               <w msd="Rsn" lemma="zelo">zelo</w>
               <S/>
               <w msd="Ggnste" lemma="razlikovati">razlikuje</w>
               <S/>
               <w msd="Dr" lemma="od">od</w>
               <S/>
               <w msd="Ppnser" lemma="mitološki">mitološkega</w>
               <S/>
               <w msd="Soser" lemma="razmišljanje">razmišljanja</w>
               <c>.</c>
               <S/>
            </s>
            <s>
               <w msd="Rsn" lemma="nasprotno">Nasprotno</w>
               <S/>
               <w msd="Dr" lemma="od">od</w>
               <S/>
               <w msd="Somer" lemma="mit">mita</w>
               <S/>
               <w msd="Zp------k" lemma="se">se</w>
               <S/>
               <w msd="Ggnste" lemma="morati">mora</w>
               <S/>
               <w msd="Rsn" lemma="logos">logos</w>
               <S/>
               <w msd="Rsn" lemma="natančno">natančno</w>
               <S/>
               <w msd="Ggnn" lemma="ujemati">ujemati</w>
               <S/>
               <w msd="Do" lemma="z">z</w>
               <S/>
               <w msd="Ppnsmo" lemma="resničen">resničnimi</w>
               <S/>
               <w msd="Sosmo" lemma="dejstvo">dejstvi</w>
               <c>.</c>
               <S/>
            </s>
            <s>
               <w msd="Zk-mei" lemma="ta">Ta</w>
               <S/>
               <w msd="Somei" lemma="način">način</w>
               <S/>
               <w msd="Soser" lemma="delovanje">delovanja</w>
               <S/>
               <w msd="Somer" lemma="um">uma</w>
               <S/>
               <w msd="Ggnspm" lemma="uporabljati">uporabljamo</w>
               <c>,</c>
               <S/>
               <w msd="Vd" lemma="ko">ko</w>
               <S/>
               <w msd="Ggnspm" lemma="želeti">želimo</w>
               <S/>
               <w msd="Dm" lemma="v">v</w>
               <S/>
               <w msd="Ppnmem" lemma="zunanji">zunanjem</w>
               <S/>
               <w msd="Somem" lemma="svet">svetu</w>
               <S/>
               <w msd="Rsn" lemma="nekaj">nekaj</w>
               <S/>
               <w msd="Ggdn" lemma="uresničiti">uresničiti</w>
               <c>:</c>
               <S/>
               <w msd="Vd" lemma="ko">ko</w>
               <S/>
               <w msd="Ggnspm" lemma="graditi">gradimo</w>
               <S/>
               <w msd="Ppnzet" lemma="družben">družbeno</w>
               <S/>
               <w msd="Sozet" lemma="ureditev">ureditev</w>
               <S/>
               <w msd="Vp" lemma="ali">ali</w>
               <S/>
               <w msd="Ggnspm" lemma="razvijati">razvijamo</w>
               <S/>
               <w msd="Sozet" lemma="tehnologija">tehnologijo</w>
               <c>.</c>
               <S/>
            </s>
            <s>
               <w msd="Dm" lemma="v">V</w>
               <S/>
               <w msd="Sosem" lemma="nasprotje">nasprotju</w>
               <S/>
               <w msd="Do" lemma="z">z</w>
               <S/>
               <w msd="Someo" lemma="mit">mitom</w>
               <S/>
               <w msd="Gp-ste-n" lemma="biti">je</w>
               <S/>
               <w msd="Slmei" lemma="logos">logos</w>
               <S/>
               <w msd="Dm" lemma="v">v</w>
               <S/>
               <w msd="Zp-sem" lemma="svoj">svojem</w>
               <S/>
               <w msd="Sosem" lemma="bistvo">bistvu</w>
               <S/>
               <w msd="Ppnmein" lemma="pragmatičen">pragmatičen</w>
               <c>.</c>
               <S/>
            </s>
            <s>
               <w msd="Vd" lemma="če">Če</w>
               <S/>
               <w msd="Zp------k" lemma="se">se</w>
               <S/>
               <w msd="Somei" lemma="mit">mit</w>
               <S/>
               <w msd="Ggnste" lemma="obračati">obrača</w>
               <S/>
               <w msd="Dd" lemma="k">k</w>
               <S/>
               <w msd="Ppnmed" lemma="domišljijski">domišljijskemu</w>
               <S/>
               <w msd="Somed" lemma="svet">svetu</w>
               <S/>
               <w msd="Ppnmmr" lemma="svet">svetih</w>
               <S/>
               <w msd="Sommr" lemma="arhetip">arhetipov</w>
               <S/>
               <w msd="Vp" lemma="ali">ali</w>
               <S/>
               <w msd="Pdnmed" lemma="izgubljen">izgubljenemu</w>
               <S/>
               <w msd="Somed" lemma="raj">raju</w>
               <c>,</c>
               <S/>
               <w msd="Rsn" lemma="logos">logos</w>
               <S/>
               <w msd="Ggnste" lemma="drveti">drvi</w>
               <S/>
               <w msd="Rsn" lemma="naprej">naprej</w>
               <S/>
               <w msd="Vp" lemma="in">in</w>
               <S/>
               <w msd="Ggnste" lemma="poskušati">poskuša</w>
               <S/>
               <w msd="Rsn" lemma="nenehno">nenehno</w>
               <S/>
               <w msd="Ggdn" lemma="najti">najti</w>
               <S/>
               <w msd="Rsn" lemma="nekaj">nekaj</w>
               <S/>
               <w msd="Ppnser" lemma="nov">novega</w>
               <c>,</c>
               <S/>
               <w msd="Ggdn" lemma="dopolniti">dopolniti</w>
               <S/>
               <w msd="Ppnsmt" lemma="star">stara</w>
               <S/>
               <w msd="Soser" lemma="spoznanje">spoznanja</w>
               <c>,</c>
               <S/>
               <w msd="Ggdn" lemma="ustvariti">ustvariti</w>
               <S/>
               <w msd="Ppnmmt" lemma="presenetljiv">presenetljive</w>
               <S/>
               <w msd="Ppnmmt" lemma="nov">nove</w>
               <S/>
               <w msd="Sommt" lemma="izum">izume</w>
               <S/>
               <w msd="Vp" lemma="in">in</w>
               <S/>
               <w msd="L" lemma="še">še</w>
               <S/>
               <w msd="Rsr" lemma="bolj">bolj</w>
               <S/>
               <w msd="Ggnn" lemma="nadzorovati">nadzorovati</w>
               <S/>
               <w msd="Zp-zet" lemma="svoj">svojo</w>
               <S/>
               <w msd="Sozet" lemma="okolica">okolico</w>
               <c>.</c>
               <S/>
            </s>
            <s>
               <w msd="Vp" lemma="toda">Toda</w>
               <S/>
               <w msd="Zc-mdt" lemma="oba">oba</w>
               <c>,</c>
               <S/>
               <w msd="Somei" lemma="mit">mit</w>
               <S/>
               <w msd="Vp" lemma="in">in</w>
               <S/>
               <w msd="Slmei" lemma="logos">logos</w>
               <c>,</c>
               <S/>
               <w msd="Ggnstd-n" lemma="imeti">imata</w>
               <S/>
               <w msd="Zp-zmt" lemma="svoj">svoje</w>
               <S/>
               <w msd="Sozmt" lemma="meja">meje</w>
               <c>.</c>
               <S/>
            </s>
            <s>
               <w msd="Dm" lemma="v">V</w>
               <S/>
               <w msd="Ppnmem" lemma="predmoderen">predmodernem</w>
               <S/>
               <w msd="Somem" lemma="svet">svetu</w>
               <S/>
               <w msd="Gp-ste-n" lemma="biti">je</w>
               <S/>
               <w msd="Sozei" lemma="večina">večina</w>
               <S/>
               <w msd="Sommr" lemma="človek">ljudi</w>
               <S/>
               <w msd="Ggvd-ez" lemma="spoznati">spoznala</w>
               <c>,</c>
               <S/>
               <w msd="Vd" lemma="da">da</w>
               <S/>
               <w msd="Zp------k" lemma="se">se</w>
               <S/>
               <w msd="Somei" lemma="mit">mit</w>
               <S/>
               <w msd="Vp" lemma="in">in</w>
               <S/>
               <w msd="Somei" lemma="razum">razum</w>
               <S/>
               <w msd="Ggnstd" lemma="dopolnjevati">dopolnjujeta</w>
               <c>;</c>
               <S/>
               <w msd="Vd" lemma="čeprav">čeprav</w>
               <S/>
               <w msd="Gp-ste-n" lemma="biti">je</w>
               <S/>
               <w msd="Zc-mei" lemma="vsak">vsak</w>
               <S/>
               <w msd="Ggnd-em" lemma="imeti">imel</w>
               <S/>
               <w msd="Zp-met" lemma="svoj">svoj</w>
               <S/>
               <w msd="Ppnmetn" lemma="ločen">ločen</w>
               <S/>
               <w msd="Sometn" lemma="svet">svet</w>
               <c>,</c>
               <S/>
               <w msd="Zp-zmt" lemma="svoj">svoje</w>
               <S/>
               <w msd="Soset" lemma="področje">področje</w>
               <S/>
               <w msd="Sozer" lemma="veljavnost">veljavnosti</w>
               <c>,</c>
               <S/>
               <w msd="Gp-stm-n" lemma="biti">so</w>
               <S/>
               <w msd="Sommi" lemma="človek">ljudje</w>
               <S/>
               <w msd="Ggnd-mm" lemma="potrebovati">potrebovali</w>
               <S/>
               <w msd="Zc-mdt" lemma="oba">oba</w>
               <S/>
               <w msd="Somdt" lemma="način">načina</w>
               <S/>
               <w msd="Soser" lemma="razmišljanje">razmišljanja</w>
               <c>.</c>
               <S/>
            </s>
            <s>
               <w msd="Somei" lemma="lovec">Lovec</w>
               <S/>
               <w msd="Zp------k" lemma="se">se</w>
               <S/>
               <w msd="Dr" lemma="iz">iz</w>
               <S/>
               <w msd="Somer" lemma="mit">mita</w>
               <S/>
               <w msd="Gp-ste-d" lemma="biti">ni</w>
               <S/>
               <w msd="Ggnd-em" lemma="moči">mogel</w>
               <S/>
               <w msd="Ggdn" lemma="naučiti">naučiti</w>
               <c>,</c>
               <S/>
               <w msd="Rsn" lemma="kako">kako</w>
               <S/>
               <w msd="L" lemma="naj">naj</w>
               <S/>
               <w msd="Ggdste" lemma="ubiti">ubije</w>
               <S/>
               <w msd="Somei" lemma="plen">plen</w>
               <S/>
               <w msd="Vp" lemma="ali">ali</w>
               <S/>
               <w msd="Zp------k" lemma="se">se</w>
               <S/>
               <w msd="Rsn" lemma="učinkovito">učinkovito</w>
               <S/>
               <w msd="Ggdste" lemma="pripraviti">pripravi</w>
               <S/>
               <w msd="Dt" lemma="na">na</w>
               <S/>
               <w msd="Sometn" lemma="lov">lov</w>
               <c>,</c>
               <S/>
               <w msd="Ggvd-em" lemma="pomagati">pomagal</w>
               <S/>
               <w msd="Vp" lemma="pa">pa</w>
               <S/>
               <w msd="Zotmed--k" lemma="on">mu</w>
               <S/>
               <w msd="Gp-ste-n" lemma="biti">je</w>
               <c>,</c>
               <S/>
               <w msd="Vd" lemma="da">da</w>
               <S/>
               <w msd="Zp------k" lemma="se">se</w>
               <S/>
               <w msd="Gp-ste-n" lemma="biti">je</w>
               <S/>
               <w msd="Ggdd-em" lemma="spoprijeti">spoprijel</w>
               <S/>
               <w msd="Do" lemma="z">s</w>
               <S/>
               <w msd="Zp-mmo" lemma="svoj">svojimi</w>
               <S/>
               <w msd="Ppnsmo" lemma="zapleten">zapletenimi</w>
               <S/>
               <w msd="Sosmo" lemma="čustvo">čustvi</w>
               <S/>
               <w msd="Dm" lemma="pri">pri</w>
               <S/>
               <w msd="Sosem" lemma="ubijanje">ubijanju</w>
               <S/>
               <w msd="Sozmr" lemma="žival">živali</w>
               <c>.</c>
               <S/>
            </s>
            <s>
               <w msd="Slmei" lemma="Logos">Logos</w>
               <S/>
               <w msd="Gp-ste-n" lemma="biti">je</w>
               <S/>
               <w msd="Gp-d-em" lemma="biti">bil</w>
               <S/>
               <w msd="Ppnmein" lemma="učinkovit">učinkovit</w>
               <c>,</c>
               <S/>
               <w msd="Ppnmein" lemma="praktičen">praktičen</w>
               <S/>
               <w msd="Vp" lemma="in">in</w>
               <S/>
               <w msd="Ppnmmi" lemma="raumski">raumski</w>
               <c>,</c>
               <S/>
               <w msd="Gp-ste-d" lemma="biti">ni</w>
               <S/>
               <w msd="Vp" lemma="pa">pa</w>
               <S/>
               <w msd="Ggnd-em" lemma="moči">mogel</w>
               <S/>
               <w msd="Ggdn" lemma="odgovoriti">odgovoriti</w>
               <S/>
               <w msd="Dt" lemma="na">na</w>
               <S/>
               <w msd="Sosmt" lemma="vprašanje">vprašanja</w>
               <S/>
               <w msd="Dm" lemma="o">o</w>
               <S/>
               <w msd="Somem" lemma="smisel">smislu</w>
               <S/>
               <w msd="Ppnser" lemma="človeški">človeškega</w>
               <S/>
               <w msd="Soser" lemma="življenje">življenja</w>
               <S/>
               <w msd="Vp" lemma="ali">ali</w>
               <S/>
               <w msd="Ggdn" lemma="pregnati">pregnati</w>
               <S/>
               <w msd="Psnzer" lemma="človekov">človekove</w>
               <S/>
               <w msd="Sozer" lemma="bolečina">bolečine</w>
               <S/>
               <w msd="Vp" lemma="in">in</w>
               <S/>
               <w msd="Sozer" lemma="bridkost">bridkosti</w>
               <c>.</c>
               <S/>
            </s>
            <s>
               <w msd="Slmei" lemma="Joannes">Joannes</w>
               <S/>
               <w msd="Slmei" lemma="Sloek">Sloek</w>
               <c>,</c>
               <S/>
               <w msd="Slmei" lemma="Devotional">Devotional</w>
               <S/>
               <w msd="Slmei" lemma="Language">Language</w>
               <S/>
               <c>(</c>
               <w msd="O" lemma="prev.">prev.</w>
               <S/>
               <w msd="Slmei" lemma="Henrik">Henrik</w>
               <S/>
               <w msd="Slmei" lemma="Mossin">Mossin</w>
               <c>,</c>
               <S/>
               <w msd="Slmei" lemma="Berlin">Berlin</w>
               <S/>
               <w msd="Vp" lemma="in">in</w>
               <S/>
               <w msd="Slmei" lemma="New">New</w>
               <S/>
               <w msd="Slmei" lemma="York">York</w>
               <c>,</c>
               <S/>
               <w msd="Kag" lemma="1996">1996</w>
               <c>)</c>
               <c>,</c>
               <S/>
               <w msd="Kag" lemma="5052">5052</w>
               <c>,</c>
               <S/>
               <w msd="Kag" lemma="6876">6876</w>
               <c>,</c>
               <S/>
               <w msd="Kav" lemma="135.">135.</w>
               <S/>
               <w msd="Vp" lemma="torej">Torej</w>
               <S/>
               <w msd="Gp-ste-n" lemma="biti">je</w>
               <S/>
               <w msd="Slmei" lemma="homo">homo</w>
               <S/>
               <w msd="Slmei" lemma="sapiens">sapiens</w>
               <S/>
               <w msd="Dr" lemma="od">od</w>
               <S/>
               <w msd="Zc-mer" lemma="ves">vsega</w>
               <S/>
               <w msd="Somer" lemma="začetek">začetka</w>
               <S/>
               <w msd="Rsn" lemma="nagonsko">nagonsko</w>
               <S/>
               <w msd="Ggvd-em" lemma="razumeti">razumel</w>
               <c>,</c>
               <S/>
               <w msd="Vd" lemma="da">da</w>
               <S/>
               <w msd="Ggnstd-n" lemma="imeti">imata</w>
               <S/>
               <w msd="Somei" lemma="mit">mit</w>
               <S/>
               <w msd="Vp" lemma="in">in</w>
               <S/>
               <w msd="Rsn" lemma="logos">logos</w>
               <S/>
               <w msd="Ppnmein" lemma="različen">različen</w>
               <S/>
               <w msd="Sometn" lemma="namen">namen</w>
               <c>.</c>
               <S/>
            </s>
            <s>
               <w msd="Do" lemma="z">Z</w>
               <S/>
               <w msd="Someo" lemma="logos">logosom</w>
               <S/>
               <w msd="Gp-ste-n" lemma="biti">je</w>
               <S/>
               <w msd="Ggdd-em" lemma="razviti">razvil</w>
               <S/>
               <w msd="Ppnset" lemma="nov">novo</w>
               <S/>
               <w msd="Soset" lemma="orožje">orožje</w>
               <c>,</c>
               <S/>
               <w msd="Do" lemma="z">z</w>
               <S/>
               <w msd="Someo" lemma="mit">mitom</w>
               <S/>
               <w msd="Vp" lemma="in">in</w>
               <S/>
               <w msd="Ppnmmo" lemma="spremljevalen">spremljevalnimi</w>
               <S/>
               <w msd="Sommo" lemma="obred">obredi</w>
               <S/>
               <w msd="Vp" lemma="pa">pa</w>
               <S/>
               <w msd="Zp------k" lemma="se">se</w>
               <S/>
               <w msd="Gp-ste-n" lemma="biti">je</w>
               <S/>
               <w msd="Ggdd-em" lemma="sprijazniti">sprijaznil</w>
               <S/>
               <w msd="Do" lemma="z">s</w>
               <S/>
               <w msd="Ppnsmo" lemma="tragičen">tragičnimi</w>
               <S/>
               <w msd="Ppnsmo" lemma="življenjski">življenjskimi</w>
               <S/>
               <w msd="Sosmo" lemma="dejstvo">dejstvi</w>
               <c>,</c>
               <S/>
               <w msd="Vd" lemma="ki">ki</w>
               <S/>
               <w msd="Gp-stm-n" lemma="biti">so</w>
               <S/>
               <w msd="Ggnd-ez" lemma="groziti">grozila</w>
               <c>,</c>
               <S/>
               <w msd="Vd" lemma="da">da</w>
               <S/>
               <w msd="Zotmet--k" lemma="on">ga</w>
               <S/>
               <w msd="Gp-ptm-n" lemma="biti">bodo</w>
               <S/>
               <w msd="Ggdd-ez" lemma="streti">strla</w>
               <S/>
               <w msd="Vp" lemma="in">in</w>
               <S/>
               <w msd="Ggdd-ez" lemma="onesposobiti">onesposobila</w>
               <c>.</c>
            </s>
         </p>
         <p xml:id="F0002430.000057">
            <s>
               <w msd="Zk-sei" lemma="ta">To</w>
               <S/>
               <w msd="Sosei" lemma="doživetje">doživetje</w>
               <S/>
               <w msd="Gp-ste-n" lemma="biti">je</w>
               <S/>
               <w msd="Gp-d-es" lemma="biti">bilo</w>
               <S/>
               <w msd="L" lemma="še">še</w>
               <S/>
               <w msd="L" lemma="zlasti">zlasti</w>
               <S/>
               <w msd="Ppnsei" lemma="globok">globoko</w>
               <S/>
               <w msd="Dt" lemma="za">za</w>
               <S/>
               <w msd="Sommt" lemma="novinec">novince</w>
               <c>,</c>
               <S/>
               <w msd="Vd" lemma="ki">ki</w>
               <S/>
               <w msd="Zp------k" lemma="se">se</w>
               <S/>
               <w msd="L" lemma="še">še</w>
               <S/>
               <w msd="Rsn" lemma="nikoli">nikoli</w>
               <S/>
               <w msd="Rsr" lemma="prej">prej</w>
               <S/>
               <w msd="Gp-stm-d" lemma="biti">niso</w>
               <S/>
               <w msd="Ggvd-mm" lemma="podati">podali</w>
               <S/>
               <w msd="Dt" lemma="v">v</w>
               <S/>
               <w msd="Sozer" lemma="jama">jame</w>
               <c>.</c>
               <S/>
            </s>
            <s>
               <w msd="Rsn" lemma="verjetno">Verjetno</w>
               <S/>
               <w msd="Gp-stm-n" lemma="biti">so</w>
               <S/>
               <w msd="Sozer" lemma="jama">jame</w>
               <S/>
               <w msd="Ggnd-mm" lemma="uporabljati">uporabljali</w>
               <S/>
               <w msd="Dt" lemma="za">za</w>
               <S/>
               <w msd="Ppnmmt" lemma="iniciacijski">iniciacijske</w>
               <S/>
               <w msd="Sommt" lemma="obred">obrede</w>
               <c>,</c>
               <S/>
               <w msd="Do" lemma="z">s</w>
               <S/>
               <w msd="Zv-mmo" lemma="kateri">katerimi</w>
               <S/>
               <w msd="Gp-stm-n" lemma="biti">so</w>
               <S/>
               <w msd="Sommi" lemma="mladenič">mladeniči</w>
               <S/>
               <w msd="Ggdd-mm" lemma="postati">postali</w>
               <S/>
               <w msd="Sommi" lemma="lovec">lovci</w>
               <c>.</c>
               <S/>
            </s>
            <s>
               <w msd="Ppnmmi" lemma="iniciacijski">Iniciacijski</w>
               <S/>
               <w msd="Sommi" lemma="obred">obredi</w>
               <S/>
               <w msd="Gp-stm-n" lemma="biti">so</w>
               <S/>
               <w msd="Ggnd-mm" lemma="imeti">imeli</w>
               <S/>
               <w msd="Ppnmetd" lemma="osrednji">osrednji</w>
               <S/>
               <w msd="Sometn" lemma="pomen">pomen</w>
               <S/>
               <w msd="Dm" lemma="v">v</w>
               <S/>
               <w msd="Ppnzem" lemma="starodaven">starodavni</w>
               <S/>
               <w msd="Sozem" lemma="religija">religiji</w>
               <S/>
               <w msd="Vp" lemma="in">in</w>
               <S/>
               <w msd="Gp-stm-n" lemma="biti">so</w>
               <S/>
               <w msd="Dm" lemma="v">v</w>
               <S/>
               <w msd="Ppnzmm" lemma="tradicionalen">tradicionalnih</w>
               <S/>
               <w msd="Sozmm" lemma="družba">družbah</w>
               <S/>
               <w msd="L" lemma="še">še</w>
               <S/>
               <w msd="Rsn" lemma="danes">danes</w>
               <S/>
               <w msd="Ppnmmi" lemma="ključen">ključni</w>
               <c>.</c>
               <S/>
            </s>
            <s>
               <w msd="Slmei" lemma="Eliade">Eliade</w>
               <c>,</c>
               <S/>
               <w msd="Slmei" lemma="Myths">Myths</w>
               <c>,</c>
               <S/>
               <w msd="Slmei" lemma="Dreams">Dreams</w>
               <S/>
               <w msd="N" lemma="and">and</w>
               <S/>
               <w msd="Slmei" lemma="Mysteries">Mysteries</w>
               <c>,</c>
               <S/>
               <w msd="Kag" lemma="194226">194226</w>
               <c>;</c>
               <S/>
               <w msd="Slmei" lemma="Campbell">Campbell</w>
               <c>,</c>
               <S/>
               <w msd="N" lemma="the">The</w>
               <S/>
               <w msd="Slmei" lemma="Power">Power</w>
               <S/>
               <w msd="N" lemma="of">of</w>
               <S/>
               <w msd="Slmei" lemma="Myth">Myth</w>
               <c>,</c>
               <S/>
               <w msd="Kav" lemma="8185.">8185.</w>
               <S/>
               <w msd="Soser" lemma="pleme">Plemena</w>
               <S/>
               <w msd="Zp-mmt" lemma="svoj">svoje</w>
               <S/>
               <w msd="Sommt" lemma="najstnik">najstnike</w>
               <S/>
               <w msd="L" lemma="še">še</w>
               <S/>
               <w msd="Rsn" lemma="danes">danes</w>
               <S/>
               <w msd="Ggvstm" lemma="ločiti">ločijo</w>
               <S/>
               <w msd="Dr" lemma="od">od</w>
               <S/>
               <w msd="Sozmr" lemma="mati">mater</w>
               <c>,</c>
               <S/>
               <w msd="Ggdstm" lemma="iztrgati">iztrgajo</w>
               <S/>
               <w msd="Dr" lemma="iz">iz</w>
               <S/>
               <w msd="Sozer" lemma="skupnost">skupnosti</w>
               <S/>
               <w msd="Vp" lemma="in">in</w>
               <S/>
               <w msd="Zotzmt--k" lemma="on">jih</w>
               <S/>
               <w msd="Ggdstm" lemma="podvreči">podvržejo</w>
               <S/>
               <w msd="Sozem" lemma="preizkušnja">preizkušnji</w>
               <c>,</c>
               <S/>
               <w msd="Vd" lemma="ki">ki</w>
               <S/>
               <w msd="Zotmmt--k" lemma="on">jih</w>
               <S/>
               <w msd="Ggdste" lemma="spremeniti">spremeni</w>
               <S/>
               <w msd="Dt" lemma="v">v</w>
               <S/>
               <w msd="Slzet" lemma="može">može</w>
               <c>.</c>
               <S/>
            </s>
            <s>
               <w msd="Vd" lemma="kot">Kot</w>
               <S/>
               <w msd="Dm" lemma="pri">pri</w>
               <S/>
               <w msd="Sosem" lemma="potovanje">potovanju</w>
               <S/>
               <w msd="Somer" lemma="šaman">šamana</w>
               <S/>
               <w msd="Ggvste" lemma="iti">gre</w>
               <S/>
               <w msd="Dt" lemma="za">za</w>
               <S/>
               <w msd="Sometn" lemma="proces">proces</w>
               <S/>
               <w msd="Sozer" lemma="smrt">smrti</w>
               <S/>
               <w msd="Vp" lemma="in">in</w>
               <S/>
               <w msd="Ppnser" lemma="ponoven">ponovnega</w>
               <S/>
               <w msd="Soser" lemma="rojstvo">rojstva</w>
               <c>:</c>
               <S/>
               <w msd="Somei" lemma="deček">deček</w>
               <S/>
               <w msd="Ggnste" lemma="morati">mora</w>
               <S/>
               <c>'</c>
               <w msd="Ggdn" lemma="umreti">umreti</w>
               <c>'</c>
               <S/>
               <w msd="Vp" lemma="in">in</w>
               <S/>
               <w msd="Ggdn" lemma="vstopiti">vstopiti</w>
               <S/>
               <w msd="Dt" lemma="v">v</w>
               <S/>
               <w msd="Sometn" lemma="svet">svet</w>
               <S/>
               <w msd="Sozem" lemma="dolžnost">dolžnosti</w>
               <S/>
               <w msd="Pdnmmr" lemma="odrasel">odraslih</w>
               <c>.</c>
               <S/>
            </s>
            <s>
               <w msd="Sommt" lemma="fant">Fante</w>
               <S/>
               <w msd="Ggdstm" lemma="zakopati">zakopljejo</w>
               <S/>
               <w msd="Dt" lemma="v">v</w>
               <S/>
               <w msd="Sozet" lemma="zemlja">zemljo</w>
               <S/>
               <w msd="Vp" lemma="ali">ali</w>
               <S/>
               <w msd="Sozet" lemma="grobnica">grobnico</w>
               <c>;</c>
               <S/>
               <w msd="Ggdstm" lemma="reči">rečejo</w>
               <S/>
               <w msd="Zotmmd--k" lemma="on">jim</w>
               <c>,</c>
               <S/>
               <w msd="Vd" lemma="da">da</w>
               <S/>
               <w msd="Zotmmt--k" lemma="on">jih</w>
               <S/>
               <w msd="Gp-pte-n" lemma="biti">bo</w>
               <S/>
               <w msd="Ggdd-ez" lemma="požreti">požrla</w>
               <S/>
               <w msd="Sozei" lemma="pošast">pošast</w>
               <S/>
               <w msd="Vp" lemma="ali">ali</w>
               <S/>
               <w msd="Vd" lemma="da">da</w>
               <S/>
               <w msd="Zotmmt--k" lemma="on">jih</w>
               <S/>
               <w msd="Gp-pte-n" lemma="biti">bo</w>
               <S/>
               <w msd="Ggdd-em" lemma="ubiti">ubil</w>
               <S/>
               <w msd="Somei" lemma="duh">duh</w>
               <c>.</c>
               <S/>
            </s>
            <s>
               <w msd="Ggdstm" lemma="podvreči">Podvržejo</w>
               <S/>
               <w msd="Zotmmt--k" lemma="on">jih</w>
               <S/>
               <w msd="Ppnzem" lemma="hud">hudi</w>
               <S/>
               <w msd="Ppnzem" lemma="telesen">telesni</w>
               <S/>
               <w msd="Sozem" lemma="bolečina">bolečini</w>
               <S/>
               <w msd="Vp" lemma="in">in</w>
               <S/>
               <w msd="Sozem" lemma="tema">temi</w>
               <c>;</c>
               <S/>
               <w msd="Rsn" lemma="ponavadi">ponavadi</w>
               <S/>
               <w msd="Zotmmt--k" lemma="on">jih</w>
               <S/>
               <w msd="Ggdstm" lemma="obrezati">obrežejo</w>
               <S/>
               <w msd="Vp" lemma="ali">ali</w>
               <S/>
               <w msd="Ggvstm" lemma="tetovirati">tetovirajo</w>
               <c>.</c>
               <S/>
            </s>
            <s>
               <w msd="Zk-zei" lemma="ta">Ta</w>
               <S/>
               <w msd="Sozei" lemma="izkušnja">izkušnja</w>
               <S/>
               <w msd="Gp-ste-n" lemma="biti">je</w>
               <S/>
               <w msd="Rsn" lemma="tako">tako</w>
               <S/>
               <w msd="Ppnzei" lemma="intenziven">intenzivna</w>
               <S/>
               <w msd="Vp" lemma="in">in</w>
               <S/>
               <w msd="Ppnzei" lemma="travmatičen">travmatična</w>
               <c>,</c>
               <S/>
               <w msd="Vd" lemma="da">da</w>
               <S/>
               <w msd="Sometd" lemma="posameznik">posameznika</w>
               <S/>
               <w msd="Dt" lemma="za">za</w>
               <S/>
               <w msd="Rsn" lemma="vedno">vedno</w>
               <S/>
               <w msd="Ggdste" lemma="spremeniti">spremeni</w>
               <c>.</c>
               <S/>
            </s>
            <s>
               <w msd="Sommi" lemma="psiholog">Psihologi</w>
               <S/>
               <w msd="Ggnstm" lemma="trditi">trdijo</w>
               <c>,</c>
               <S/>
               <w msd="Vd" lemma="da">da</w>
               <S/>
               <w msd="Zk-zei" lemma="tak">taka</w>
               <S/>
               <w msd="Sozei" lemma="osama">osama</w>
               <S/>
               <w msd="Vp" lemma="in">in</w>
               <S/>
               <w msd="Soset" lemma="prikrajšanje">prikrajšanje</w>
               <S/>
               <w msd="L" lemma="ne">ne</w>
               <S/>
               <w msd="Ggdstd" lemma="povzročiti">povzročita</w>
               <S/>
               <w msd="L" lemma="samo">samo</w>
               <S/>
               <w msd="Ppnmer" lemma="regresiven">regresivnega</w>
               <S/>
               <w msd="Somer" lemma="razpad">razpada</w>
               <S/>
               <w msd="Sozer" lemma="osebnost">osebnosti</w>
               <c>,</c>
               <S/>
               <w msd="Vp" lemma="temveč">temveč</w>
               <S/>
               <w msd="Do" lemma="pod">pod</w>
               <S/>
               <w msd="Ppnmeo" lemma="ustrezen">ustreznim</w>
               <S/>
               <w msd="Someo" lemma="nadzor">nadzorom</w>
               <S/>
               <w msd="Ggdstd" lemma="pripeljati">pripeljeta</w>
               <S/>
               <w msd="Dr" lemma="do">do</w>
               <S/>
               <w msd="Ppnzer" lemma="konstruktiven">konstruktivne</w>
               <S/>
               <w msd="Sozer" lemma="reorganizacija">reorganizacije</w>
               <S/>
               <w msd="Pppzmr" lemma="globok">globljih</w>
               <S/>
               <w msd="Sozmr" lemma="sila">sil</w>
               <S/>
               <w msd="Dm" lemma="v">v</w>
               <S/>
               <w msd="Somem" lemma="posameznik">posamezniku</w>
               <c>.</c>
               <S/>
            </s>
            <s>
               <w msd="Dm" lemma="ob">Ob</w>
               <S/>
               <w msd="Somem" lemma="konec">koncu</w>
               <S/>
               <w msd="Sozer" lemma="preizkušnja">preizkušnje</w>
               <S/>
               <w msd="Somei" lemma="fant">fant</w>
               <S/>
               <w msd="Ggvste" lemma="spoznati">spozna</w>
               <c>,</c>
               <S/>
               <w msd="Vd" lemma="da">da</w>
               <S/>
               <w msd="Gp-ste-n" lemma="biti">je</w>
               <S/>
               <w msd="Sozei" lemma="smrt">smrt</w>
               <S/>
               <w msd="Ppnmein" lemma="nov">nov</w>
               <S/>
               <w msd="Sometn" lemma="začetek">začetek</w>
               <c>.</c>
               <S/>
            </s>
            <s>
               <w msd="Dd" lemma="k">K</w>
               <S/>
               <w msd="Sommd" lemma="svojec">svojcem</w>
               <S/>
               <w msd="Zp------k" lemma="se">se</w>
               <S/>
               <w msd="Ggdste" lemma="vrniti">vrne</w>
               <S/>
               <w msd="Do" lemma="z">z</w>
               <S/>
               <w msd="Ppnseo" lemma="možat">možatim</w>
               <S/>
               <w msd="Soseo" lemma="telo">telesom</w>
               <S/>
               <w msd="Vp" lemma="in">in</w>
               <S/>
               <w msd="Sozet" lemma="duša">dušo</w>
               <c>.</c>
               <S/>
            </s>
            <s>
               <w msd="Vd" lemma="ker">Ker</w>
               <S/>
               <w msd="Zp------k" lemma="se">se</w>
               <S/>
               <w msd="Gp-ste-n" lemma="biti">je</w>
               <S/>
               <w msd="Ggdd-em" lemma="srečati">srečal</w>
               <S/>
               <w msd="Do" lemma="z">s</w>
               <S/>
               <w msd="Sozeo" lemma="smrt">smrtjo</w>
               <S/>
               <w msd="Vp" lemma="in">in</w>
               <S/>
               <w msd="Ggvd-em" lemma="spoznati">spoznal</w>
               <c>,</c>
               <S/>
               <w msd="Vd" lemma="da">da</w>
               <S/>
               <w msd="Gp-ste-n" lemma="biti">je</w>
               <S/>
               <w msd="L" lemma="tudi">tudi</w>
               <S/>
               <w msd="Sozei" lemma="smrt">smrt</w>
               <S/>
               <w msd="L" lemma="samo">samo</w>
               <S/>
               <w msd="Somei" lemma="obred">obred</w>
               <S/>
               <w msd="Somer" lemma="prehod">prehoda</w>
               <S/>
               <w msd="Dt" lemma="v">v</w>
               <S/>
               <w msd="Kbzmetn" lemma="drug">drug</w>
               <S/>
               <w msd="Sometn" lemma="način">način</w>
               <S/>
               <w msd="Soser" lemma="bivanje">bivanja</w>
               <c>,</c>
               <S/>
               <w msd="Gp-ste-n" lemma="biti">je</w>
               <S/>
               <w msd="Vd" lemma="kot">kot</w>
               <S/>
               <w msd="Somei" lemma="lovec">lovec</w>
               <S/>
               <w msd="Vp" lemma="ali">ali</w>
               <S/>
               <w msd="Somei" lemma="bojevnik">bojevnik</w>
               <S/>
               <w msd="Pdnmein" lemma="pripravljen">pripravljen</w>
               <S/>
               <w msd="Ggvn" lemma="tvegati">tvegati</w>
               <S/>
               <w msd="Zp-set" lemma="svoj">svoje</w>
               <S/>
               <w msd="Soset" lemma="življenje">življenje</w>
               <S/>
               <w msd="Dt" lemma="za">za</w>
               <S/>
               <w msd="Zp-set" lemma="svoj">svoje</w>
               <S/>
               <w msd="Soset" lemma="pleme">pleme</w>
               <c>.</c>
            </s>
         </p>
         <p xml:id="F0002430.000101">
            <s>
               <w msd="Sommi" lemma="mit">Miti</w>
               <c>,</c>
               <S/>
               <w msd="Dm" lemma="v">v</w>
               <S/>
               <w msd="Zv-mmm" lemma="kateri">katerih</w>
               <S/>
               <w msd="Psnzer" lemma="Jahv">Jahve</w>
               <S/>
               <w msd="Ggdste" lemma="ustvariti">ustvari</w>
               <S/>
               <w msd="Somei" lemma="svet">svet</w>
               <S/>
               <w msd="Rsn" lemma="tako">tako</w>
               <c>,</c>
               <S/>
               <w msd="Vd" lemma="da">da</w>
               <S/>
               <w msd="Ggdste" lemma="umoriti">umori</w>
               <S/>
               <w msd="Ppnzet" lemma="morski">morsko</w>
               <S/>
               <w msd="Sozet" lemma="pošast">pošast</w>
               <c>,</c>
               <S/>
               <w msd="Rsn" lemma="podobno">podobno</w>
               <S/>
               <w msd="Slzei" lemma="Tiamat">Tiamat</w>
               <c>,</c>
               <S/>
               <w msd="Gp-stm-n" lemma="biti">so</w>
               <S/>
               <w msd="Pdnmmi" lemma="ohranjen">ohranjeni</w>
               <S/>
               <w msd="L" lemma="tudi">tudi</w>
               <S/>
               <w msd="Dm" lemma="v">v</w>
               <S/>
               <w msd="Ppnmem" lemma="svet">Svetem</w>
               <S/>
               <w msd="Sosem" lemma="pismo">pismu</w>
               <c>.</c>
               <S/>
            </s>
            <s>
               <w msd="Dr" lemma="iz">Iz</w>
               <S/>
               <w msd="Kag" lemma="27,1">27,1</w>
               <c>;</c>
               <S/>
               <w msd="Slmei" lemma="Job">Job</w>
               <S/>
               <w msd="Kag" lemma="3,12">3,12</w>
               <c>,</c>
               <S/>
               <w msd="Kag" lemma="26,13">26,13</w>
               <c>;</c>
               <S/>
               <w msd="Slmei" lemma="Ps">Ps</w>
               <S/>
               <w msd="Kag" lemma="74,14">74,14</w>
               <c>.</c>
               <S/>
            </s>
            <s>
               <w msd="Ppnzei" lemma="tovrsten">Tovrstna</w>
               <S/>
               <w msd="Sozei" lemma="kozmogonija">kozmogonija</w>
               <S/>
               <w msd="Gp-ste-n" lemma="biti">je</w>
               <S/>
               <w msd="Gp-d-ez" lemma="biti">bila</w>
               <S/>
               <w msd="Ppnzei" lemma="priljubljen">priljubljena</w>
               <S/>
               <w msd="L" lemma="tudi">tudi</w>
               <S/>
               <w msd="Do" lemma="med">med</w>
               <S/>
               <w msd="Sosmo" lemma="ljudstvo">ljudstvi</w>
               <S/>
               <w msd="Ppnmer" lemma="srednji">Srednjega</w>
               <S/>
               <w msd="Somer" lemma="vzhod">vzhoda</w>
               <c>.</c>
               <S/>
            </s>
            <s>
               <w msd="Ggnd-ez" lemma="izražati">Izražala</w>
               <S/>
               <w msd="Gp-ste-n" lemma="biti">je</w>
               <S/>
               <w msd="Zstsetm" lemma="njihov">njihovo</w>
               <S/>
               <w msd="Sosei" lemma="prepričanje">prepričanje</w>
               <c>,</c>
               <S/>
               <w msd="Vd" lemma="da">da</w>
               <S/>
               <w msd="Gp-ste-n" lemma="biti">je</w>
               <S/>
               <w msd="Sozei" lemma="civilizacija">civilizacija</w>
               <S/>
               <w msd="Ppnmein" lemma="neprekinjen">neprekinjen</w>
               <S/>
               <w msd="Somei" lemma="boj">boj</w>
               <c>,</c>
               <S/>
               <w msd="Ppnsei" lemma="gromozanski">gromozansko</w>
               <S/>
               <w msd="Sosei" lemma="prizadevanje">prizadevanje</w>
               <S/>
               <w msd="Zc-zmd" lemma="ves">vsem</w>
               <S/>
               <w msd="Ppnzmd" lemma="mogočen">mogočnim</w>
               <S/>
               <w msd="Sozmd" lemma="ovira">oviram</w>
               <S/>
               <w msd="Rsn" lemma="navkljub">navkljub</w>
               <c>,</c>
               <S/>
               <w msd="Vd" lemma="da">da</w>
               <S/>
               <w msd="Gp-g" lemma="biti">bi</w>
               <S/>
               <w msd="Ggdd-mm" lemma="preprečiti">preprečili</w>
               <S/>
               <w msd="Soset" lemma="nazadovanje">nazadovanje</w>
               <S/>
               <w msd="Dt" lemma="v">v</w>
               <S/>
               <w msd="Ppnset" lemma="brezobličen">brezoblično</w>
               <S/>
               <w msd="Soset" lemma="barbarstvo">barbarstvo</w>
               <c>.</c>
               <S/>
            </s>
            <s>
               <w msd="Sozet" lemma="pesnitev">Pesnitev</w>
               <S/>
               <w msd="Somer" lemma="enum">Enuma</w>
               <S/>
               <w msd="Sozer" lemma="eliša">eliš</w>
               <S/>
               <w msd="Gp-stm-n" lemma="biti">so</w>
               <S/>
               <w msd="Ggnd-mm" lemma="recitirati">recitirali</w>
               <S/>
               <w msd="Kbvmet" lemma="četrti">četrtega</w>
               <S/>
               <w msd="Somer" lemma="dan">dne</w>
               <S/>
               <w msd="Soser" lemma="praznovanje">praznovanja</w>
               <S/>
               <w msd="Ppnser" lemma="nov">novega</w>
               <S/>
               <w msd="Soser" lemma="leto">leta</w>
               <c>.</c>
               <S/>
            </s>
            <s>
               <w msd="Vd" lemma="kot">Kot</w>
               <S/>
               <w msd="Zc-zei" lemma="vsak">vsaka</w>
               <S/>
               <w msd="Ppnzei" lemma="mitološki">mitološka</w>
               <S/>
               <w msd="Sozei" lemma="pripoved">pripoved</w>
               <S/>
               <w msd="Ggnste" lemma="opisovati">opisuje</w>
               <S/>
               <w msd="Ppnmein" lemma="skrivnosten">skrivnosten</w>
               <S/>
               <w msd="Vp" lemma="in">in</w>
               <S/>
               <w msd="Ppnmein" lemma="neopisljiv">neopisljiv</w>
               <S/>
               <w msd="Somei" lemma="dogodek">dogodek</w>
               <c>,</c>
               <S/>
               <w msd="Dr" lemma="do">do</w>
               <S/>
               <w msd="Zv-mer" lemma="kateri">katerega</w>
               <S/>
               <w msd="Gp-ste-n" lemma="biti">je</w>
               <S/>
               <w msd="Ggdd-es" lemma="priti">prišlo</w>
               <S/>
               <w msd="Dm" lemma="v">v</w>
               <S/>
               <w msd="Ppnsem" lemma="svet">svetem</w>
               <S/>
               <c>'</c>
               <w msd="Sosem" lemma="vsečasje">vsečasju</w>
               <c>'</c>
               <c>.</c>
               <S/>
            </s>
            <s>
               <w msd="Rsn" lemma="tu">Tu</w>
               <S/>
               <w msd="L" lemma="ne">ne</w>
               <S/>
               <w msd="Ggvste" lemma="iti">gre</w>
               <S/>
               <w msd="Dt" lemma="za">za</w>
               <S/>
               <w msd="Ppnmetn" lemma="navaden">navaden</w>
               <S/>
               <w msd="Ppnmetd" lemma="zgodovinski">zgodovinski</w>
               <S/>
               <w msd="Sometn" lemma="pripetljaj">pripetljaj</w>
               <c>,</c>
               <S/>
               <w msd="Vd" lemma="ki">ki</w>
               <S/>
               <w msd="Zp------k" lemma="se">se</w>
               <S/>
               <w msd="Gp-ste-n" lemma="biti">je</w>
               <S/>
               <w msd="Ggdd-em" lemma="zgoditi">zgodil</w>
               <S/>
               <w msd="Rsn" lemma="enkrat">enkrat</w>
               <S/>
               <w msd="Vp" lemma="in">in</w>
               <S/>
               <w msd="Rsn" lemma="nikoli">nikoli</w>
               <S/>
               <w msd="L" lemma="več">več</w>
               <c>.</c>
               <S/>
            </s>
            <s>
               <w msd="Sosei" lemma="stvarjenje">Stvarjenje</w>
               <S/>
               <w msd="Somer" lemma="svet">sveta</w>
               <S/>
               <w msd="Gp-ste-n" lemma="biti">je</w>
               <S/>
               <w msd="Gp-d-es" lemma="biti">bilo</w>
               <S/>
               <w msd="Ppnmein" lemma="nenehen">nenehen</w>
               <S/>
               <w msd="Somei" lemma="proces">proces</w>
               <c>;</c>
               <S/>
               <w msd="Ppnzei" lemma="božanski">božanska</w>
               <S/>
               <w msd="Sozei" lemma="bitka">bitka</w>
               <S/>
               <w msd="Dd" lemma="proti">proti</w>
               <S/>
               <w msd="Somed" lemma="kaos">kaosu</w>
               <S/>
               <w msd="Gp-ste-n" lemma="biti">je</w>
               <S/>
               <w msd="L" lemma="še">še</w>
               <S/>
               <w msd="Rsn" lemma="vedno">vedno</w>
               <S/>
               <w msd="Ggnd-ez" lemma="potekati">potekala</w>
               <S/>
               <w msd="Vp" lemma="in">in</w>
               <S/>
               <w msd="Sommi" lemma="človek">ljudje</w>
               <S/>
               <w msd="Gp-stm-n" lemma="biti">so</w>
               <S/>
               <w msd="Ggnd-mm" lemma="potrebovati">potrebovali</w>
               <S/>
               <w msd="Sometn" lemma="dotok">dotok</w>
               <S/>
               <w msd="Ppnzmr" lemma="božanski">božanskih</w>
               <S/>
               <w msd="Sozmr" lemma="energija">energij</w>
               <c>,</c>
               <S/>
               <w msd="Vd" lemma="da">da</w>
               <S/>
               <w msd="Gp-g" lemma="biti">bi</w>
               <S/>
               <w msd="Zotsmt--k" lemma="on">jih</w>
               <S/>
               <w msd="Ggnd-mz" lemma="braniti">branile</w>
               <S/>
               <w msd="Do" lemma="pred">pred</w>
               <S/>
               <w msd="Someo" lemma="nered">neredom</w>
               <S/>
               <w msd="Vp" lemma="in">in</w>
               <S/>
               <w msd="Soseo" lemma="razdejanje">razdejanjem</w>
               <c>.</c>
            </s>
         </p>
         <p xml:id="F0002430.000142">
            <s>
               <w msd="Dr" lemma="do">Do</w>
               <S/>
               <w msd="Rsn" lemma="zdaj">zdaj</w>
               <S/>
               <w msd="Gp-spm-n" lemma="biti">smo</w>
               <S/>
               <w msd="Zp------k" lemma="se">se</w>
               <S/>
               <w msd="Dm" lemma="v">v</w>
               <S/>
               <w msd="Zk-mem" lemma="ta">tem</w>
               <S/>
               <w msd="Ppnmem" lemma="zgodovinski">zgodovinskem</w>
               <S/>
               <w msd="Somem" lemma="pregled">pregledu</w>
               <S/>
               <w msd="Ggnd-mm" lemma="ukvarjati">ukvarjali</w>
               <S/>
               <w msd="Do" lemma="z">z</w>
               <S/>
               <w msd="Ppnzmo" lemma="osrednji">osrednjimi</w>
               <S/>
               <w msd="Ppnzmo" lemma="intelektualen">intelektualnimi</w>
               <c>,</c>
               <S/>
               <w msd="Ppnzmo" lemma="duhoven">duhovnimi</w>
               <S/>
               <w msd="Vp" lemma="in">in</w>
               <S/>
               <w msd="Ppnzmo" lemma="družben">družbenimi</w>
               <S/>
               <w msd="Sozmo" lemma="revolucija">revolucijami</w>
               <c>,</c>
               <S/>
               <w msd="Vd" lemma="ki">ki</w>
               <S/>
               <w msd="Gp-stm-n" lemma="biti">so</w>
               <S/>
               <w msd="Sommt" lemma="človek">ljudi</w>
               <S/>
               <w msd="Ggdd-mz" lemma="prisiliti">prisilile</w>
               <S/>
               <w msd="Dd" lemma="k">k</w>
               <S/>
               <w msd="Somed" lemma="premislek">premisleku</w>
               <S/>
               <w msd="Dm" lemma="o">o</w>
               <S/>
               <w msd="Zp-zem" lemma="svoj">svoji</w>
               <S/>
               <w msd="Sozem" lemma="mitologija">mitologiji</w>
               <c>.</c>
               <S/>
            </s>
            <s>
               <w msd="Dm" lemma="po">Po</w>
               <S/>
               <w msd="Ppnzem" lemma="osen">osni</w>
               <S/>
               <w msd="Sozem" lemma="doba">dobi</w>
               <S/>
               <w msd="Rsr" lemma="več">več</w>
               <S/>
               <w msd="Vd" lemma="kot">kot</w>
               <S/>
               <w msd="Sosei" lemma="tisočletje">tisočletje</w>
               <S/>
               <w msd="Gp-ste-d" lemma="biti">ni</w>
               <S/>
               <w msd="Gp-d-es" lemma="biti">bilo</w>
               <S/>
               <w msd="Ppnser" lemma="podoben">podobnega</w>
               <S/>
               <w msd="Soser" lemma="obdobje">obdobja</w>
               <S/>
               <w msd="Sozmr" lemma="sprememba">sprememb</w>
               <c>.</c>
               <S/>
            </s>
            <s>
               <w msd="Dm" lemma="v">V</w>
               <S/>
               <w msd="Sozem" lemma="duhovnost">duhovnosti</w>
               <S/>
               <w msd="Vp" lemma="in">in</w>
               <S/>
               <w msd="Sozem" lemma="religija">religiji</w>
               <S/>
               <w msd="Zp------k" lemma="se">se</w>
               <S/>
               <w msd="L" lemma="še">še</w>
               <S/>
               <w msd="Rsn" lemma="vedno">vedno</w>
               <S/>
               <w msd="Ggnspm" lemma="zanašati">zanašamo</w>
               <S/>
               <w msd="Dt" lemma="na">na</w>
               <S/>
               <w msd="Sosmt" lemma="spoznanje">spoznanja</w>
               <S/>
               <w msd="Sommr" lemma="modrec">modrecev</w>
               <S/>
               <w msd="Vp" lemma="in">in</w>
               <S/>
               <w msd="Sommr" lemma="filozof">filozofov</w>
               <S/>
               <w msd="Ppnzer" lemma="osen">osne</w>
               <S/>
               <w msd="Sozer" lemma="doba">dobe</w>
               <c>,</c>
               <S/>
               <w msd="Somei" lemma="status">status</w>
               <S/>
               <w msd="Somer" lemma="mit">mita</w>
               <S/>
               <w msd="Vp" lemma="pa">pa</w>
               <S/>
               <w msd="Gp-ste-n" lemma="biti">je</w>
               <S/>
               <w msd="Ggdd-em" lemma="ostati">ostal</w>
               <S/>
               <w msd="L" lemma="skoraj">skoraj</w>
               <S/>
               <w msd="Ppnmein" lemma="nespremenjen">nespremenjen</w>
               <S/>
               <w msd="Rsn" lemma="vse">vse</w>
               <S/>
               <w msd="Dr" lemma="do">do</w>
               <S/>
               <w msd="Kbvser" lemma="šestnajsti">šestnajstega</w>
               <S/>
               <w msd="Soser" lemma="stoletje">stoletja</w>
               <S/>
               <w msd="Zspserm" lemma="naš">našega</w>
               <S/>
               <w msd="Soser" lemma="štetje">štetja</w>
               <c>.</c>
               <S/>
            </s>
            <s>
               <w msd="Dm" lemma="v">V</w>
               <S/>
               <w msd="Sosem" lemma="nadaljevanje">nadaljevanju</w>
               <S/>
               <w msd="Zk-mer" lemma="ta">tega</w>
               <S/>
               <w msd="Ppnmer" lemma="zgodovinski">zgodovinskega</w>
               <S/>
               <w msd="Somer" lemma="pregled">pregleda</w>
               <S/>
               <w msd="Zp------k" lemma="se">se</w>
               <S/>
               <w msd="Gp-ppm-n" lemma="biti">bomo</w>
               <S/>
               <w msd="Ggdd-mm" lemma="posvetiti">posvetili</w>
               <S/>
               <w msd="Somed" lemma="zahod">zahodu</w>
               <c>,</c>
               <S/>
               <w msd="L" lemma="ne">ne</w>
               <S/>
               <w msd="L" lemma="samo">samo</w>
               <S/>
               <w msd="Rsn" lemma="zato">zato</w>
               <c>,</c>
               <S/>
               <w msd="Vd" lemma="ker">ker</w>
               <S/>
               <w msd="Zp------k" lemma="se">se</w>
               <S/>
               <w msd="Gp-ste-n" lemma="biti">je</w>
               <S/>
               <w msd="Ppnsei" lemma="naslednji">naslednje</w>
               <S/>
               <w msd="Sosei" lemma="obdobje">obdobje</w>
               <S/>
               <w msd="Sozmr" lemma="sprememba">sprememb</w>
               <S/>
               <w msd="Ggdd-es" lemma="začeti">začelo</w>
               <S/>
               <w msd="Rsn" lemma="tam">tam</w>
               <c>,</c>
               <S/>
               <w msd="Vp" lemma="temveč">temveč</w>
               <S/>
               <w msd="L" lemma="tudi">tudi</w>
               <S/>
               <w msd="Rsn" lemma="zato">zato</w>
               <c>,</c>
               <S/>
               <w msd="Vd" lemma="ker">ker</w>
               <S/>
               <w msd="Gp-ste-n" lemma="biti">je</w>
               <S/>
               <w msd="Sozei" lemma="mitologija">mitologija</w>
               <S/>
               <w msd="Dt" lemma="za">za</w>
               <S/>
               <w msd="Sommt" lemma="zahodnjak">zahodnjake</w>
               <S/>
               <w msd="Ggdd-ez" lemma="postati">postala</w>
               <S/>
               <w msd="Ppnzei" lemma="pomanjkljiv">pomanjkljiva</w>
               <c>.</c>
               <S/>
            </s>
            <s>
               <w msd="Ggdd-mm" lemma="posvetiti">Posvetili</w>
               <S/>
               <w msd="Zp------k" lemma="se">se</w>
               <S/>
               <w msd="Gp-ppm-n" lemma="biti">bomo</w>
               <S/>
               <w msd="L" lemma="tudi">tudi</w>
               <S/>
               <w msd="Ppnzmd" lemma="zahoden">zahodnim</w>
               <S/>
               <w msd="Sozmd" lemma="religija">religijam</w>
               <c>,</c>
               <S/>
               <w msd="Vd" lemma="ker">ker</w>
               <S/>
               <w msd="L" lemma="naj">naj</w>
               <S/>
               <w msd="Gp-g" lemma="biti">bi</w>
               <S/>
               <w msd="Zk-zmi" lemma="ta">te</w>
               <S/>
               <w msd="Kbgzmi" lemma="trije">tri</w>
               <S/>
               <w msd="Ppnzmi" lemma="monoteističen">monoteistične</w>
               <S/>
               <w msd="Sozmi" lemma="vera">vere</w>
               <S/>
               <w msd="Ggnd-mz" lemma="temeljiti">temeljile</w>
               <S/>
               <w msd="Dm" lemma="na">na</w>
               <S/>
               <w msd="Sozem" lemma="zgodovina">zgodovini</w>
               <S/>
               <w msd="Vp" lemma="in">in</w>
               <S/>
               <w msd="L" lemma="ne">ne</w>
               <S/>
               <w msd="Dm" lemma="na">na</w>
               <S/>
               <w msd="Sozem" lemma="mitologija">mitologiji</w>
               <c>.</c>
               <S/>
            </s>
            <s>
               <w msd="Somei" lemma="odnos">Odnos</w>
               <S/>
               <w msd="Kbzzmr" lemma="drug">drugih</w>
               <S/>
               <w msd="Ppnzmr" lemma="velik">velikih</w>
               <S/>
               <w msd="Sozmr" lemma="tradicija">tradicij</w>
               <S/>
               <w msd="Dr" lemma="do">do</w>
               <S/>
               <w msd="Somer" lemma="mit">mita</w>
               <S/>
               <w msd="Gp-ste-n" lemma="biti">je</w>
               <S/>
               <w msd="Rsr" lemma="manj">manj</w>
               <S/>
               <w msd="Ppnmein" lemma="spremenljiv">spremenljiv</w>
               <c>.</c>
               <S/>
            </s>
            <s>
               <w msd="Dm" lemma="v">V</w>
               <S/>
               <w msd="Somem" lemma="hinduizem">hinduizmu</w>
               <S/>
               <w msd="Sozei" lemma="zgodovina">zgodovina</w>
               <S/>
               <w msd="Ggnste" lemma="veljati">velja</w>
               <S/>
               <w msd="Dt" lemma="za">za</w>
               <S/>
               <w msd="Ppnzet" lemma="minljiv">minljivo</w>
               <S/>
               <w msd="Vp" lemma="in">in</w>
               <S/>
               <w msd="Rsn" lemma="navidezno">navidezno</w>
               <c>,</c>
               <S/>
               <w msd="Vp" lemma="zato">zato</w>
               <S/>
               <w msd="Gp-ste-d" lemma="biti">ni</w>
               <S/>
               <w msd="Ppnzei" lemma="vreden">vredna</w>
               <S/>
               <w msd="Ppnmer" lemma="duhoven">duhovnega</w>
               <S/>
               <w msd="Somer" lemma="premislek">premisleka</w>
               <c>.</c>
               <S/>
            </s>
            <s>
               <w msd="Sommi" lemma="hindujec">Hindujci</w>
               <S/>
               <w msd="Zp------k" lemma="se">se</w>
               <S/>
               <w msd="Rsr" lemma="raje">raje</w>
               <S/>
               <w msd="Ggnstm" lemma="obračati">obračajo</w>
               <S/>
               <w msd="Dd" lemma="k">k</w>
               <S/>
               <w msd="Somed" lemma="svet">svetu</w>
               <S/>
               <w msd="Sommr" lemma="arhetip">arhetipov</w>
               <c>.</c>
               <S/>
            </s>
            <s>
               <w msd="Somei" lemma="budizem">Budizem</w>
               <S/>
               <w msd="Gp-ste-n" lemma="biti">je</w>
               <S/>
               <w msd="Pdnzei" lemma="poglobljen">poglobljena</w>
               <S/>
               <w msd="Ppnzei" lemma="psihološki">psihološka</w>
               <S/>
               <w msd="Sozei" lemma="religija">religija</w>
               <c>,</c>
               <S/>
               <w msd="Vd" lemma="ki">ki</w>
               <S/>
               <w msd="Do" lemma="z">s</w>
               <S/>
               <w msd="Someo" lemma="prid">pridom</w>
               <S/>
               <w msd="Ggnste" lemma="izkoriščati">izkorišča</w>
               <S/>
               <w msd="Sozet" lemma="mitologija">mitologijo</w>
               <S/>
               <w msd="Vd" lemma="kot">kot</w>
               <S/>
               <w msd="Ppnzet" lemma="zgodnji">zgodnjo</w>
               <S/>
               <w msd="Sozet" lemma="oblika">obliko</w>
               <S/>
               <w msd="Sozer" lemma="filozofija">filozofije</w>
               <c>.</c>
               <S/>
            </s>
            <s>
               <w msd="Dm" lemma="v">V</w>
               <S/>
               <w msd="Sosem" lemma="konfucijanstvo">konfucijanstvu</w>
               <S/>
               <w msd="Gp-ste-n" lemma="biti">je</w>
               <S/>
               <w msd="Gp-d-em" lemma="biti">bil</w>
               <S/>
               <w msd="Somei" lemma="obred">obred</w>
               <S/>
               <w msd="Rsn" lemma="vedno">vedno</w>
               <S/>
               <w msd="Pppmeid" lemma="pomemben">pomembnejši</w>
               <S/>
               <w msd="Dr" lemma="od">od</w>
               <S/>
               <w msd="Ppnzmr" lemma="mitološki">mitoloških</w>
               <S/>
               <w msd="Sozmr" lemma="pripoved">pripovedi</w>
               <c>.</c>
               <S/>
            </s>
            <s>
               <w msd="Sommi" lemma="jud">Judje</w>
               <c>,</c>
               <S/>
               <w msd="Sommi" lemma="kristjan">kristjani</w>
               <S/>
               <w msd="Vp" lemma="in">in</w>
               <S/>
               <w msd="Sommi" lemma="musliman">muslimani</w>
               <S/>
               <w msd="Vp" lemma="pa">pa</w>
               <S/>
               <w msd="Ggvstm" lemma="verjeti">verjamejo</w>
               <c>,</c>
               <S/>
               <w msd="Vd" lemma="da">da</w>
               <S/>
               <w msd="Somei" lemma="bog">Bog</w>
               <S/>
               <w msd="Ggnste" lemma="delovati">deluje</w>
               <S/>
               <w msd="Dm" lemma="v">v</w>
               <S/>
               <w msd="Sozem" lemma="zgodovina">zgodovini</w>
               <S/>
               <w msd="Vp" lemma="in">in</w>
               <S/>
               <w msd="Vd" lemma="da">da</w>
               <S/>
               <w msd="Zotmet--k" lemma="on">ga</w>
               <S/>
               <w msd="Gp-ste-n" lemma="biti">je</w>
               <S/>
               <w msd="Ppnsei" lemma="mogoč">mogoče</w>
               <S/>
               <w msd="Ggdn" lemma="doživeti">doživeti</w>
               <S/>
               <w msd="Dm" lemma="v">v</w>
               <S/>
               <w msd="Ppnsem" lemma="dejanski">dejanskem</w>
               <S/>
               <w msd="Sosem" lemma="dogajanje">dogajanju</w>
               <S/>
               <w msd="Dm" lemma="na">na</w>
               <S/>
               <w msd="Zk-mem" lemma="ta">tem</w>
               <S/>
               <w msd="Somem" lemma="svet">svetu</w>
               <c>.</c>
               <S/>
            </s>
            <s>
               <w msd="Gp-stm-n" lemma="biti">So</w>
               <S/>
               <w msd="Zp------k" lemma="se">se</w>
               <S/>
               <w msd="Zk-mmi" lemma="ta">ti</w>
               <S/>
               <w msd="Sommi" lemma="dogodek">dogodki</w>
               <S/>
               <w msd="Rsn" lemma="res">res</w>
               <S/>
               <w msd="Ggdd-mm" lemma="zgoditi">zgodili</w>
               <S/>
               <w msd="Vp" lemma="ali">ali</w>
               <S/>
               <w msd="Gp-stm-n" lemma="biti">so</w>
               <S/>
               <c>'</c>
               <w msd="L" lemma="samo">samo</w>
               <c>'</c>
               <S/>
               <w msd="Sommi" lemma="mit">miti</w>
               <c>?</c>
               <S/>
            </s>
            <s>
               <w msd="Dr" lemma="zaradi">Zaradi</w>
               <S/>
               <w msd="Ppnmer" lemma="negotov">negotovega</w>
               <S/>
               <w msd="Somer" lemma="odnos">odnosa</w>
               <S/>
               <w msd="Dr" lemma="do">do</w>
               <S/>
               <w msd="Somer" lemma="mit">mita</w>
               <c>,</c>
               <S/>
               <w msd="Vd" lemma="ki">ki</w>
               <S/>
               <w msd="Zp------k" lemma="se">se</w>
               <S/>
               <w msd="Gp-ste-n" lemma="biti">je</w>
               <S/>
               <w msd="Do" lemma="z">s</w>
               <S/>
               <w msd="Slmeo" lemma="Platon">Platonom</w>
               <S/>
               <w msd="Vp" lemma="in">in</w>
               <S/>
               <w msd="Slmeo" lemma="Aristotel">Aristotelom</w>
               <S/>
               <w msd="Ggdd-em" lemma="prikrasti">prikradel</w>
               <S/>
               <w msd="Dm" lemma="v">v</w>
               <S/>
               <w msd="Ppnmetd" lemma="zahoden">zahodni</w>
               <S/>
               <w msd="Somei" lemma="um">um</w>
               <c>,</c>
               <S/>
               <w msd="Gp-stm-n" lemma="biti">so</w>
               <S/>
               <w msd="Sommi" lemma="monoteist">monoteisti</w>
               <S/>
               <w msd="Rsn" lemma="občasno">občasno</w>
               <S/>
               <w msd="Ggnd-mm" lemma="poskušati">poskušali</w>
               <S/>
               <w msd="Ggdn" lemma="prilagoditi">prilagoditi</w>
               <S/>
               <w msd="Zp-zet" lemma="svoj">svojo</w>
               <S/>
               <w msd="Sozet" lemma="religija">religijo</w>
               <S/>
               <w msd="Ppnzmd" lemma="racionalen">racionalnim</w>
               <S/>
               <w msd="Ppnsmd" lemma="filozofski">filozofskim</w>
               <S/>
               <w msd="Sosmd" lemma="merilo">merilom</w>
               <c>,</c>
               <S/>
               <w msd="Vp" lemma="toda">toda</w>
               <S/>
               <w msd="Sozei" lemma="večina">večina</w>
               <S/>
               <w msd="Zotmmt--k" lemma="on">jih</w>
               <S/>
               <w msd="Gp-ste-n" lemma="biti">je</w>
               <S/>
               <w msd="Rsr" lemma="prej">prej</w>
               <S/>
               <w msd="Vp" lemma="ali">ali</w>
               <S/>
               <w msd="Rsn" lemma="slej">slej</w>
               <S/>
               <w msd="Ggvd-ez" lemma="spoznati">spoznala</w>
               <c>,</c>
               <S/>
               <w msd="Vd" lemma="da">da</w>
               <S/>
               <w msd="Zk-sei" lemma="ta">to</w>
               <S/>
               <w msd="Gp-ste-d" lemma="biti">ni</w>
               <S/>
               <w msd="Ppnsei" lemma="mogoč">mogoče</w>
               <c>.</c>
            </s>
         </p>
      </body>
   </text>
</TEI>