<?xml version="1.0" encoding="UTF-8"?>
<TEI xmlns="http://www.tei-c.org/ns/1.0" xml:id="F0001115" xml:lang="sl">
   <teiHeader>
      <fileDesc>
         <titleStmt>
            <title>ccKRES: Kmečki glas (1999-06)</title>
            <funder>Operacijo delno financira Evropska unija iz Evropskega socialnega sklada ter Ministrstvo za šolstvo in šport. Operacija se izvaja v okviru Operativnega programa razvoja človeških virov za obdobje 2007-2013, razvojne prioritete: razvoj človeških virov in vseživljenjskega učenja; prednostne usmeritve: izboljšanje kakovosti in učinkovitosti sistemov izobraževanja in usposabljanja 2007-2013.</funder>
         </titleStmt>
         <editionStmt>
            <edition>1.0</edition>
         </editionStmt>
         <extent>327 besed</extent>
         <publicationStmt>
            <idno>24_99</idno>
            <availability status="free">
               <p xml:lang="sl">Avtorske pravice za to izdajo ureja licenca <ref target="http://creativecommons.org/licenses/by-nc/2.5/si/">Creative Commons Priznanje avtorstva-Nekomercialno 2.5 Slovenija</ref>.</p>
               <p xml:lang="en">This work is licenced under the <ref target="http://creativecommons.org/licenses/by-nc/2.5/si/deed.en">Creative Commons Attribution-Noncommercial 2.5 Slovenia</ref>.</p>
            </availability>
            <date>2012-05-06</date>
         </publicationStmt>
         <sourceDesc>
            <bibl>
               <title>Kmečki glas</title>
               <author n="???">neznani novinar</author>
               <date>1999-06</date>
               <publisher n="drugo">Kmečki glas</publisher>
               <note type="sourceLang">sl</note>
            </bibl>
         </sourceDesc>
      </fileDesc>
      <encodingDesc>
         <projectDesc>
            <p xml:lang="sl">Glej <ref target="http://www.korpus-kres.net/">www.korpus-kres.net</ref> oz. <ref target="http://nl.ijs.si/ssj/">nl.ijs.si/ssj</ref>.</p>
            <p xml:lang="en">See <ref target="http://www.korpus-kres.net/">www.korpus-kres.net</ref> or <ref target="http://nl.ijs.si/ssj/">nl.ijs.si/ssj</ref>.</p>
         </projectDesc>
         <samplingDecl>
            <p xml:lang="sl">
            Besedila in odstavki v korpusu KRES so bili vzorčeni iz
            Gigafide tako, da smo dobili 100-milijonski referenčni
            korpus, v katerem so besedila uravnotežena po vnaprej
            določenih taksonomskih deležih in po podatkih o branosti
            vira (časopisi, revije, novičarski portali).  Korpus
            ccKRES nato, z namenom, da je lahko dostopen po licenci CC,
            vsebuje 10 % naključno vzorčenih odstavkov besedil iz
            korpusa KRES, torej 10 milijonov besed.
	    Več o sestavi korpusa lahko preberete na 
            <ref target="http://www.korpus-kres.net/">www.korpus-kres.net</ref> oz.
            <ref target="http://nl.ijs.si/ssj/">nl.ijs.si/ssj</ref>.
	  </p>
            <p xml:lang="en">
            Texts and paragraphs in the KRES corpus have been sampled from the 
	    Gigafida corpus. The result of the sampling is a 100-million-word 
	    reference corpus. The texts in KRES are balanced according to the 
	    predetermined categories, with particular consideration being paid to 
	    the data on the popularity of the source (newspapers, magazines, 
	    Internet news sites). 
	    To enable free (CC) distribution of the corpus, the ccKRES corpus contains 
	    10% of randomly sampled paragraphs from KRES, i.e. contains 10 million words.
	    For more information about the contents of the corpus, 
	    see <ref target="http://www.korpus-kres.net/">www.korpus-kres.net</ref>
	    and <ref target="http://nl.ijs.si/ssj/">nl.ijs.si/ssj</ref>.
	  </p>
         </samplingDecl>
         <tagsDecl>
            <namespace name="http://www.tei-c.org/ns/1.0">
               <tagUsage gi="c" occurs="59"/>
               <tagUsage gi="p" occurs="12"/>
               <tagUsage gi="s" occurs="23"/>
               <tagUsage gi="S" occurs="319"/>
               <tagUsage gi="w" occurs="327"/>
            </namespace>
         </tagsDecl>
         <classDecl>
            <taxonomy xml:id="SSJ">
               <category xml:id="SSJ.T">
                  <catDesc>tisk</catDesc>
                  <category xml:id="SSJ.T.K">
                     <catDesc>knjižno</catDesc>
                     <category xml:id="SSJ.T.K.L">
                        <catDesc>leposlovno</catDesc>
                     </category>
                     <category xml:id="SSJ.T.K.S">
                        <catDesc>strokovno</catDesc>
                     </category>
                  </category>
                  <category xml:id="SSJ.T.P">
                     <catDesc>periodično</catDesc>
                     <category xml:id="SSJ.T.P.C">
                        <catDesc>časopis</catDesc>
                     </category>
                     <category xml:id="SSJ.T.P.R">
                        <catDesc>revija</catDesc>
                     </category>
                  </category>
                  <category xml:id="SSJ.T.D">
                     <catDesc>drugo</catDesc>
                  </category>
               </category>
               <category xml:id="SSJ.I">
                  <catDesc>internet</catDesc>
               </category>
            </taxonomy>
         </classDecl>
      </encodingDesc>
      <profileDesc>
         <textClass>
            <catRef target="#SSJ.T.P.C"/>
         </textClass>
      </profileDesc>
   </teiHeader>
   <text xml:id="F0001115." xml:lang="sl">
      <body>
         <p xml:id="F0001115.000178">
            <s>
               <w msd="Ppnzei" lemma="jubilejen">Jubilejna</w>
               <S/>
               <w msd="Sozei" lemma="mazda">mazda</w>
               <S/>
               <w msd="Krg" lemma="MX">MX</w>
               <S/>
               <c>-</c>
               <S/>
               <w msd="Kag" lemma="5">5</w>
               <S/>
            </s>
         </p>
         <p xml:id="F0001115.000287">
            <s>
               <w msd="Kag" lemma="240">240</w>
               <S/>
               <w msd="Somei" lemma="l">l</w>
               <S/>
               <c>(</c>
               <w msd="Kbgsdt" lemma="dva">dve</w>
               <S/>
               <w msd="Sosdt" lemma="kolo">kolesi</w>
               <c>)</c>
               <S/>
               <w msd="Kag" lemma="16.600">16.600</w>
            </s>
         </p>
         <p xml:id="F0001115.000642">
            <s>
               <w msd="Slmei" lemma="MARIBOR">MARIBOR</w>
               <S/>
               <w msd="Ppnsei" lemma="pobreški">Pobreško</w>
               <S/>
               <w msd="Sosei" lemma="pokopališče">pokopališče</w>
               <S/>
               <w msd="Gp-ste-n" lemma="biti">je</w>
               <S/>
               <w msd="Gp-d-es" lemma="biti">bilo</w>
               <S/>
               <w msd="Rsn" lemma="znova">znova</w>
               <S/>
               <w msd="Somei" lemma="kraj">kraj</w>
               <S/>
               <w msd="Ppnzer" lemma="drzen">drzne</w>
               <S/>
               <w msd="Sozer" lemma="tatvina">tatvine</w>
               <c>.</c>
               <S/>
            </s>
            <s>
               <w msd="Somdi" lemma="neznanec">Neznanca</w>
               <S/>
               <w msd="Gp-std-n" lemma="biti">sta</w>
               <S/>
               <w msd="Ggdd-dm" lemma="pristopiti">pristopila</w>
               <S/>
               <w msd="Dd" lemma="k">k</w>
               <S/>
               <w msd="Kag" lemma="44">44</w>
               <c>-</c>
               <w msd="Ppnmeid" lemma="leten">letni</w>
               <S/>
               <w msd="Slzed" lemma="Mariborčanka">Mariborčanki</w>
               <S/>
               <w msd="O" lemma="M.">M.</w>
               <S/>
               <w msd="O" lemma="K.">K.</w>
               <c>,</c>
               <S/>
               <w msd="Vd" lemma="ki">ki</w>
               <S/>
               <w msd="Gp-ste-n" lemma="biti">je</w>
               <S/>
               <w msd="Rsn" lemma="popoldan">popoldan</w>
               <S/>
               <w msd="Rsn" lemma="skupaj">skupaj</w>
               <S/>
               <w msd="Do" lemma="z">s</w>
               <S/>
               <w msd="Sozeo" lemma="hčerka">hčerko</w>
               <S/>
               <w msd="Ggnd-ez" lemma="urejati">urejala</w>
               <S/>
               <w msd="Sometn" lemma="grob">grob</w>
               <c>.</c>
               <S/>
            </s>
            <s>
               <w msd="Ggdd-dm" lemma="vzeti">Vzela</w>
               <S/>
               <w msd="Gp-std-n" lemma="biti">sta</w>
               <S/>
               <w msd="Zotzed--k" lemma="on">ji</w>
               <S/>
               <w msd="Sozet" lemma="vrečka">vrečko</w>
               <S/>
               <w msd="Do" lemma="z">z</w>
               <S/>
               <w msd="Sommo" lemma="dokument">dokumenti</w>
               <S/>
               <w msd="Vp" lemma="in">in</w>
               <S/>
               <w msd="Someo" lemma="denar">denarjem</w>
               <c>,</c>
               <S/>
               <w msd="Sozet" lemma="oškodovanka">oškodovanko</w>
               <S/>
               <w msd="Ggdd-ez" lemma="odriniti">odrinila</w>
               <S/>
               <w msd="Dd" lemma="k">k</w>
               <S/>
               <w msd="Somed" lemma="nagrobnik">nagrobniku</w>
               <c>,</c>
               <S/>
               <w msd="Rsn" lemma="nato">nato</w>
               <S/>
               <w msd="Vp" lemma="pa">pa</w>
               <S/>
               <w msd="Ggdd-ez" lemma="pobegniti">pobegnila</w>
               <c>.</c>
               <S/>
            </s>
            <s>
               <w msd="Slzeo" lemma="Mariborčanka">Mariborčanko</w>
               <c>,</c>
               <S/>
               <w msd="Vd" lemma="ki">ki</w>
               <S/>
               <w msd="Zp------k" lemma="se">se</w>
               <S/>
               <w msd="Gp-ste-n" lemma="biti">je</w>
               <S/>
               <w msd="Dm" lemma="ob">ob</w>
               <S/>
               <w msd="Somem" lemma="udarec">udarcu</w>
               <S/>
               <w msd="Dt" lemma="ob">ob</w>
               <S/>
               <w msd="Sometn" lemma="nagrobnik">nagrobnik</w>
               <S/>
               <w msd="Ggdd-ez" lemma="poškodovati">poškodovala</w>
               <c>,</c>
               <S/>
               <w msd="Gp-std-n" lemma="biti">sta</w>
               <S/>
               <c>»</c>
               <w msd="Ggdd-ez" lemma="olajšati">olajšala</w>
               <c>«</c>
               <S/>
               <w msd="Dt" lemma="za">za</w>
               <S/>
               <w msd="Rsn" lemma="skupno">skupno</w>
               <S/>
               <w msd="Dr" lemma="okoli">okoli</w>
               <S/>
               <w msd="Kbg-mt" lemma="petnajst">petnajst</w>
               <S/>
               <w msd="Sommr" lemma="tisočak">tisočakov</w>
               <c>.</c>
            </s>
         </p>
         <p xml:id="F0001115.000992">
            <s>
               <w msd="Dm" lemma="po">Po</w>
               <S/>
               <w msd="Kav" lemma="60.">60.</w>
               <S/>
               <w msd="Somem" lemma="člen">členu</w>
               <S/>
               <w msd="Somer" lemma="zakon">zakona</w>
               <S/>
               <w msd="Dm" lemma="o">o</w>
               <S/>
               <w msd="Ppnmem" lemma="kazenski">kazenskem</w>
               <S/>
               <w msd="Somem" lemma="postopek">postopku</w>
               <S/>
               <c>(</c>
               <w msd="Slmei" lemma="ZKP">ZKP</w>
               <c>)</c>
               <S/>
               <w msd="Ggnste" lemma="morati">mora</w>
               <S/>
               <w msd="Ppnmeid" lemma="državen">državni</w>
               <S/>
               <w msd="Somei" lemma="tožilec">tožilec</w>
               <c>,</c>
               <S/>
               <w msd="Vd" lemma="če">če</w>
               <S/>
               <w msd="Ggvste" lemma="spoznati">spozna</w>
               <c>,</c>
               <S/>
               <w msd="Vd" lemma="da">da</w>
               <S/>
               <w msd="Gp-ste-d" lemma="biti">ni</w>
               <S/>
               <w msd="Sozer" lemma="podlaga">podlage</w>
               <S/>
               <w msd="Dt" lemma="za">za</w>
               <S/>
               <w msd="Sometn" lemma="pregon">pregon</w>
               <S/>
               <w msd="Dt" lemma="za">za</w>
               <S/>
               <w msd="Ppnset" lemma="kazniv">kaznivo</w>
               <S/>
               <w msd="Soset" lemma="dejanje">dejanje</w>
               <c>,</c>
               <S/>
               <w msd="Dt" lemma="za">za</w>
               <S/>
               <w msd="Zv-zet" lemma="kateri">katero</w>
               <S/>
               <w msd="Zp------k" lemma="se">se</w>
               <S/>
               <w msd="Somei" lemma="storilec">storilec</w>
               <S/>
               <w msd="Ggnste" lemma="preganjati">preganja</w>
               <S/>
               <w msd="Dm" lemma="po">po</w>
               <S/>
               <w msd="Ppnzem" lemma="uraden">uradni</w>
               <S/>
               <w msd="Sozem" lemma="dolžnost">dolžnosti</w>
               <c>,</c>
               <S/>
               <w msd="Vp" lemma="ali">ali</w>
               <S/>
               <w msd="Vd" lemma="da">da</w>
               <S/>
               <w msd="Gp-ste-d" lemma="biti">ni</w>
               <S/>
               <w msd="Sozer" lemma="podlaga">podlage</w>
               <S/>
               <w msd="Dt" lemma="za">za</w>
               <S/>
               <w msd="Sometn" lemma="pregon">pregon</w>
               <S/>
               <w msd="Zv-mer" lemma="kateri">katerega</w>
               <S/>
               <w msd="Dr" lemma="izmed">izmed</w>
               <S/>
               <w msd="Pdnmmr" lemma="ovaden">ovadenih</w>
               <S/>
               <w msd="Sommr" lemma="udeleženec">udeležencev</w>
               <c>,</c>
               <S/>
               <w msd="Dm" lemma="v">v</w>
               <S/>
               <w msd="Kbg-mm" lemma="osem">osmih</w>
               <S/>
               <w msd="Sommm" lemma="dan">dneh</w>
               <S/>
               <w msd="Ggdn" lemma="sporočiti">sporočiti</w>
               <S/>
               <w msd="Zp-zet" lemma="svoj">svojo</w>
               <S/>
               <w msd="Sozet" lemma="ugotovitev">ugotovitev</w>
               <S/>
               <w msd="Somed" lemma="oškodovanec">oškodovancu</w>
               <S/>
               <w msd="Vp" lemma="in">in</w>
               <S/>
               <w msd="Zotmet--k" lemma="on">ga</w>
               <S/>
               <w msd="Ggdn" lemma="poučiti">poučiti</w>
               <c>,</c>
               <S/>
               <w msd="Vd" lemma="da">da</w>
               <S/>
               <w msd="Rsn" lemma="lahko">lahko</w>
               <S/>
               <w msd="Ggdste" lemma="začeti">začne</w>
               <S/>
               <w msd="Somei" lemma="pregon">pregon</w>
               <S/>
               <w msd="Ppnmein" lemma="sam">sam</w>
               <c>.</c>
               <S/>
            </s>
            <s>
               <w msd="Rsn" lemma="tako">Tako</w>
               <S/>
               <w msd="Ggnste" lemma="ravnati">ravna</w>
               <S/>
               <w msd="L" lemma="tudi">tudi</w>
               <S/>
               <w msd="Sosei" lemma="sodišče">sodišče</w>
               <c>,</c>
               <S/>
               <w msd="Vd" lemma="če">če</w>
               <S/>
               <w msd="Gp-ste-n" lemma="biti">je</w>
               <S/>
               <w msd="Ppnmeid" lemma="državen">državni</w>
               <S/>
               <w msd="Somei" lemma="tožilec">tožilec</w>
               <S/>
               <w msd="Ggdd-em" lemma="odstopiti">odstopil</w>
               <S/>
               <w msd="Dr" lemma="od">od</w>
               <S/>
               <w msd="Somer" lemma="pregon">pregona</w>
               <c>.</c>
               <S/>
            </s>
            <s>
               <w msd="Vd" lemma="ko">Ko</w>
               <S/>
               <w msd="Ppnmeid" lemma="državen">državni</w>
               <S/>
               <w msd="Somei" lemma="tožilec">tožilec</w>
               <S/>
               <w msd="Vp" lemma="oziroma">oziroma</w>
               <S/>
               <w msd="Sosei" lemma="sodišče">sodišče</w>
               <S/>
               <w msd="Ggdste" lemma="sporočiti">sporoči</w>
               <S/>
               <w msd="Somem" lemma="oškodovanec">oškodovancu</w>
               <c>,</c>
               <S/>
               <w msd="Vd" lemma="da">da</w>
               <S/>
               <w msd="Rsn" lemma="lahko">lahko</w>
               <S/>
               <w msd="Ggdste" lemma="začeti">začne</w>
               <S/>
               <w msd="Sometn" lemma="pregon">pregon</w>
               <c>,</c>
               <S/>
               <w msd="Zotmet--k" lemma="on">ga</w>
               <S/>
               <w msd="Dm" lemma="v">v</w>
               <S/>
               <w msd="Sosem" lemma="sporočilo">sporočilu</w>
               <S/>
               <w msd="L" lemma="tudi">tudi</w>
               <S/>
               <w msd="Ggdste" lemma="poučiti">pouči</w>
               <c>,</c>
               <S/>
               <w msd="Zv-set" lemma="kaj">kaj</w>
               <S/>
               <w msd="Rsn" lemma="lahko">lahko</w>
               <S/>
               <w msd="Ggdste" lemma="ukreniti">ukrene</w>
               <S/>
               <w msd="Dt" lemma="za">za</w>
               <S/>
               <w msd="Soset" lemma="uresničenje">uresničenje</w>
               <S/>
               <w msd="Zk-zer" lemma="ta">te</w>
               <S/>
               <w msd="Sozer" lemma="pravica">pravice</w>
               <c>.</c>
            </s>
         </p>
         <p xml:id="F0001115.001352">
            <s>
               <w msd="Vd" lemma="ko">Ko</w>
               <S/>
               <w msd="Zp------k" lemma="se">se</w>
               <S/>
               <w msd="Gp-ste-n" lemma="biti">je</w>
               <S/>
               <w msd="Sosei" lemma="sonce">sonce</w>
               <S/>
               <w msd="Ggdd-es" lemma="skriti">skrilo</w>
               <S/>
               <w msd="Dt" lemma="za">za</w>
               <S/>
               <w msd="Sozer" lemma="gora">gore</w>
               <c>,</c>
               <S/>
               <w msd="Gp-ste-n" lemma="biti">je</w>
               <S/>
               <w msd="Ggdd-es" lemma="postati">postalo</w>
               <S/>
               <w msd="Rsn" lemma="precej">precej</w>
               <S/>
               <w msd="Rsn" lemma="hladno">hladno</w>
               <c>,</c>
               <S/>
               <w msd="Vp" lemma="a">a</w>
               <S/>
               <w msd="Zk-sei" lemma="ta">to</w>
               <S/>
               <w msd="Gp-ste-d" lemma="biti">ni</w>
               <S/>
               <w msd="Ggdd-es" lemma="pregnati">pregnalo</w>
               <S/>
               <w msd="Ppnzer" lemma="dober">dobre</w>
               <S/>
               <w msd="Sozer" lemma="volja">volje</w>
               <c>.</c>
               <S/>
            </s>
            <s>
               <w msd="Sommi" lemma="poznavalec">Poznavalci</w>
               <S/>
               <w msd="Sozer" lemma="planina">planine</w>
               <S/>
               <w msd="Gp-stm-n" lemma="biti">so</w>
               <S/>
               <w msd="L" lemma="že">že</w>
               <S/>
               <w msd="Rsn" lemma="popoldne">popoldne</w>
               <S/>
               <w msd="Ggnd-mm" lemma="pripravljati">pripravljali</w>
               <S/>
               <w msd="Sosmt" lemma="drva">drva</w>
               <S/>
               <w msd="Dt" lemma="za">za</w>
               <S/>
               <w msd="Sometn" lemma="kres">kres</w>
               <c>,</c>
               <S/>
               <w msd="Dt" lemma="za">za</w>
               <S/>
               <w msd="Sozer" lemma="postelja">postelje</w>
               <S/>
               <w msd="Dm" lemma="v">v</w>
               <S/>
               <w msd="Zc-zdm" lemma="oba">obeh</w>
               <S/>
               <w msd="Sozmm" lemma="koča">kočah</w>
               <S/>
               <w msd="Vp" lemma="pa">pa</w>
               <S/>
               <w msd="Gp-ste-n" lemma="biti">je</w>
               <S/>
               <w msd="L" lemma="že">že</w>
               <S/>
               <w msd="Rsr" lemma="prej">prej</w>
               <S/>
               <w msd="Ggdd-em" lemma="poskrbeti">poskrbel</w>
               <S/>
               <w msd="Slmei" lemma="Boštjan">Boštjan</w>
               <S/>
               <w msd="Slmei" lemma="Rekar">Rekar</w>
               <c>.</c>
               <S/>
            </s>
            <s>
               <w msd="Ppnsei" lemma="nedeljski">Nedeljsko</w>
               <S/>
               <w msd="Sosei" lemma="jutro">jutro</w>
               <S/>
               <w msd="Gp-ste-n" lemma="biti">je</w>
               <S/>
               <w msd="Zn-mmt" lemma="nekateri">nekatere</w>
               <S/>
               <w msd="Ggdd-es" lemma="presenetiti">presenetilo</w>
               <S/>
               <w msd="Do" lemma="z">z</w>
               <S/>
               <w msd="Ppnzeo" lemma="nov">novo</w>
               <S/>
               <w msd="Sozeo" lemma="lepota">lepoto</w>
               <c>,</c>
               <S/>
               <w msd="Vp" lemma="vendar">vendar</w>
               <S/>
               <w msd="Zp------k" lemma="se">se</w>
               <S/>
               <w msd="Gp-ste-n" lemma="biti">je</w>
               <S/>
               <w msd="Gp-d-es" lemma="biti">bilo</w>
               <S/>
               <w msd="Rsn" lemma="treba">treba</w>
               <S/>
               <w msd="Rsn" lemma="počasi">počasi</w>
               <S/>
               <w msd="Ggdn" lemma="odpraviti">odpraviti</w>
               <S/>
               <w msd="Dd" lemma="proti">proti</w>
               <S/>
               <w msd="Somed" lemma="dom">domu</w>
               <c>.</c>
               <S/>
            </s>
            <s>
               <w msd="Dm" lemma="v">V</w>
               <S/>
               <w msd="Sosem" lemma="življenje">življenju</w>
               <S/>
               <w msd="Gp-ste-n" lemma="biti">je</w>
               <S/>
               <w msd="L" lemma="pač">pač</w>
               <S/>
               <w msd="Rsn" lemma="tako">tako</w>
               <c>,</c>
               <S/>
               <w msd="Vd" lemma="da">da</w>
               <S/>
               <w msd="Vd" lemma="ko">ko</w>
               <S/>
               <w msd="Gp-ste-n" lemma="biti">je</w>
               <S/>
               <w msd="Ppssei" lemma="lep">najlepše</w>
               <c>,</c>
               <S/>
               <w msd="Gp-ste-n" lemma="biti">je</w>
               <S/>
               <w msd="Rsn" lemma="treba">treba</w>
               <S/>
               <w msd="Ggdn" lemma="oditi">oditi</w>
               <c>.</c>
               <S/>
            </s>
            <s>
               <w msd="Vp" lemma="pa">Pa</w>
               <S/>
               <w msd="Zl-sei" lemma="nič">nič</w>
               <S/>
               <w msd="Ppnser" lemma="hud">hudega</w>
               <c>,</c>
               <S/>
               <w msd="Vp" lemma="saj">saj</w>
               <S/>
               <w msd="Gp-stm-n" lemma="biti">so</w>
               <S/>
               <w msd="Ppnmmi" lemma="mlad">mladi</w>
               <S/>
               <w msd="L" lemma="že">že</w>
               <S/>
               <w msd="Ggdd-mm" lemma="napovedati">napovedali</w>
               <S/>
               <w msd="Sozet" lemma="ponovitev">ponovitev</w>
               <S/>
               <w msd="Somer" lemma="dogodek">dogodka</w>
               <S/>
               <w msd="Vp" lemma="in">in</w>
               <S/>
               <w msd="Vd" lemma="če">če</w>
               <S/>
               <w msd="Gp-pte-n" lemma="biti">bo</w>
               <S/>
               <w msd="Zv-mei" lemma="kdo">kdo</w>
               <S/>
               <w msd="Ggnd-em" lemma="želeti">želel</w>
               <S/>
               <w msd="Ggdn" lemma="priti">priti</w>
               <c>,</c>
               <S/>
               <w msd="Zotmer--k" lemma="on">ga</w>
               <S/>
               <w msd="L" lemma="ne">ne</w>
               <S/>
               <w msd="Gp-ptm-n" lemma="biti">bodo</w>
               <S/>
               <w msd="Ggdd-mm" lemma="odgnati">odgnali</w>
               <c>,</c>
               <S/>
               <w msd="Vp" lemma="saj">saj</w>
               <S/>
               <w msd="Rsn" lemma="vedno">vedno</w>
               <S/>
               <w msd="Ggdstm" lemma="sprejeti">sprejmejo</w>
               <S/>
               <w msd="Zp---t--z" lemma="medse">medse</w>
               <S/>
               <w msd="Zk-mmt" lemma="tisti">tiste</w>
               <c>,</c>
               <S/>
               <w msd="Vd" lemma="ki">ki</w>
               <S/>
               <w msd="Rsn" lemma="rad">radi</w>
               <S/>
               <w msd="Ggdstm" lemma="prijeti">primejo</w>
               <S/>
               <w msd="Dt" lemma="za">za</w>
               <S/>
               <w msd="Soset" lemma="delo">delo</w>
               <S/>
               <w msd="Vp" lemma="in">in</w>
               <S/>
               <w msd="Zp------k" lemma="se">se</w>
               <S/>
               <w msd="Ggnstm" lemma="znati">znajo</w>
               <S/>
               <w msd="Dm" lemma="ob">ob</w>
               <S/>
               <w msd="Zk-sem" lemma="ta">tem</w>
               <S/>
               <w msd="L" lemma="tudi">tudi</w>
               <S/>
               <w msd="Ggnn" lemma="zabavati">zabavati</w>
               <c>.</c>
            </s>
         </p>
         <p xml:id="F0001115.001404">
            <s>
               <w msd="Somei" lemma="princ">PRINC</w>
               <S/>
               <w msd="Sozer" lemma="plima">PLIME</w>
               <S/>
            </s>
         </p>
         <p xml:id="F0001115.001513">
            <s>
               <w msd="Zstzetem" lemma="njegov">Njegovo</w>
               <S/>
               <w msd="Sozet" lemma="misel">misel</w>
               <S/>
               <w msd="Rsn" lemma="lepo">lepo</w>
               <S/>
               <w msd="Ggnste" lemma="dopolnjevati">dopolnjuje</w>
               <S/>
               <w msd="Sozei" lemma="izjava">izjava</w>
               <S/>
               <w msd="Kbzzer" lemma="en">ene</w>
               <S/>
               <w msd="Dr" lemma="od">od</w>
               <S/>
               <w msd="Kbg-mr" lemma="sedem">sedmih</w>
               <S/>
               <w msd="Sozmr" lemma="poslanka">poslank</w>
               <S/>
               <w msd="Ppnmer" lemma="državen">državnega</w>
               <S/>
               <w msd="Somer" lemma="zbor">zbora</w>
               <c>,</c>
               <S/>
               <w msd="Slzer" lemma="Polonca">Polonce</w>
               <S/>
               <w msd="Slmei" lemma="Dobrajc">Dobrajc</w>
               <c>:</c>
               <S/>
               <c>»</c>
               <w msd="Rsn" lemma="zakaj">Zakaj</w>
               <S/>
               <w msd="Ggnste" lemma="morati">mora</w>
               <S/>
               <w msd="Gp-n" lemma="biti">biti</w>
               <S/>
               <w msd="Sozei" lemma="ženska">ženska</w>
               <S/>
               <w msd="Zc-met" lemma="vsak">vsak</w>
               <S/>
               <w msd="Sometn" lemma="dan">dan</w>
               <S/>
               <w msd="Rsn" lemma="drugače">drugače</w>
               <S/>
               <w msd="Pdnzei" lemma="oblečen">oblečena</w>
               <c>?</c>
               <S/>
            </s>
            <s>
               <w msd="Vd" lemma="ker">Ker</w>
               <S/>
               <w msd="Sommi" lemma="moški">moški</w>
               <S/>
               <w msd="Rsr" lemma="bolj">bolj</w>
               <S/>
               <w msd="Ggvstm" lemma="videti">vidijo</w>
               <c>,</c>
               <S/>
               <w msd="Vd" lemma="kot">kot</w>
               <S/>
               <w msd="Ggnstm" lemma="dojemati">dojemajo</w>
               <c>.</c>
               <c>«</c>
            </s>
         </p>
         <p xml:id="F0001115.001546">
            <s>
               <w msd="Dm" lemma="po">Po</w>
               <S/>
               <w msd="Sozem" lemma="razprava">razpravi</w>
               <S/>
               <w msd="Gp-ste-n" lemma="biti">je</w>
               <S/>
               <w msd="Ppnmeid" lemma="občen">občni</w>
               <S/>
               <w msd="Ggdd-em" lemma="pristopiti">pristopil</w>
               <S/>
               <w msd="Dd" lemma="k">k</w>
               <S/>
               <w msd="Sosed" lemma="sprejemanje">sprejemanju</w>
               <S/>
               <w msd="Sommr" lemma="sklep">sklepov</w>
               <S/>
               <w msd="Somer" lemma="zbor">zbora</w>
               <S/>
               <w msd="Vp" lemma="in">in</w>
               <S/>
               <w msd="Ggdd-em" lemma="sprejeti">sprejel</w>
               <S/>
               <w msd="Sommt" lemma="sklep">sklepe</w>
               <c>,</c>
               <S/>
               <w msd="Vd" lemma="ki">ki</w>
               <S/>
               <w msd="Gp-stm-d" lemma="biti">niso</w>
               <S/>
               <w msd="Gp-d-mm" lemma="biti">bili</w>
               <S/>
               <w msd="Pdnmmi" lemma="sprejet">sprejeti</w>
               <S/>
               <w msd="Dm" lemma="pri">pri</w>
               <S/>
               <w msd="Ppnzmm" lemma="posamezen">posameznih</w>
               <S/>
               <w msd="Sozmm" lemma="točka">točkah</w>
               <c>.</c>
               <S/>
            </s>
            <s>
               <w msd="Ppnmeid" lemma="občen">Občni</w>
               <S/>
               <w msd="Somei" lemma="zbor">zbor</w>
               <S/>
               <w msd="Gp-ste-n" lemma="biti">je</w>
               <S/>
               <w msd="Ggdd-em" lemma="sprejeti">sprejel</w>
               <S/>
               <w msd="Pdnmmt" lemma="sledeč">sledeče</w>
               <S/>
               <w msd="Sommt" lemma="sklep">sklepe</w>
               <c>:</c>
               <S/>
            </s>
         </p>
         <p xml:id="F0001115.001657">
            <s>
               <w msd="Ggnspe" lemma="zardevati">Zardevam</w>
               <c>:</c>
               <S/>
               <w msd="Gp-ste-d" lemma="biti">ni</w>
               <S/>
               <w msd="Rsn" lemma="dovolj">dovolj</w>
               <c>.</c>
               <S/>
            </s>
         </p>
         <p xml:id="F0001115.002229">
            <s>
               <w msd="Sozei" lemma="objava">Objava</w>
               <S/>
               <w msd="Somer" lemma="oglas">oglasa</w>
               <c>:</c>
               <S/>
               <w msd="Somei" lemma="mesec">Mesec</w>
               <S/>
               <w msd="Somei" lemma="julij">julij</w>
            </s>
         </p>
         <p xml:id="F0001115.002326">
            <s>
               <w msd="Vd" lemma="ko">ko</w>
               <S/>
               <w msd="Somei" lemma="veter">veter</w>
               <S/>
               <w msd="Dr" lemma="z">z</w>
               <S/>
               <w msd="Somer" lemma="holmec">Holmca</w>
               <S/>
               <w msd="Gp-ste-n" lemma="biti">je</w>
               <S/>
               <w msd="Ggdd-em" lemma="zaveti">zavel</w>
               <c>.</c>
            </s>
         </p>
         <p xml:id="F0001115.002745">
            <s>
               <w msd="Slzei" lemma="Mica">Mica</w>
               <S/>
               <w msd="Sozei" lemma="potica">potica</w>
            </s>
         </p>
      </body>
   </text>
</TEI>