<?xml version="1.0" encoding="UTF-8"?>
<TEI xmlns="http://www.tei-c.org/ns/1.0" xml:id="F0002390" xml:lang="sl">
   <teiHeader>
      <fileDesc>
         <titleStmt>
            <title>ccKRES: Lisa (2005-08)</title>
            <funder>Operacijo delno financira Evropska unija iz Evropskega socialnega sklada ter Ministrstvo za šolstvo in šport. Operacija se izvaja v okviru Operativnega programa razvoja človeških virov za obdobje 2007-2013, razvojne prioritete: razvoj človeških virov in vseživljenjskega učenja; prednostne usmeritve: izboljšanje kakovosti in učinkovitosti sistemov izobraževanja in usposabljanja 2007-2013.</funder>
         </titleStmt>
         <editionStmt>
            <edition>1.0</edition>
         </editionStmt>
         <extent>568 besed</extent>
         <publicationStmt>
            <idno>mstn8_05</idno>
            <availability status="free">
               <p xml:lang="sl">Avtorske pravice za to izdajo ureja licenca <ref target="http://creativecommons.org/licenses/by-nc/2.5/si/">Creative Commons Priznanje avtorstva-Nekomercialno 2.5 Slovenija</ref>.</p>
               <p xml:lang="en">This work is licenced under the <ref target="http://creativecommons.org/licenses/by-nc/2.5/si/deed.en">Creative Commons Attribution-Noncommercial 2.5 Slovenia</ref>.</p>
            </availability>
            <date>2012-05-06</date>
         </publicationStmt>
         <sourceDesc>
            <bibl>
               <title>Lisa</title>
               <author n="???">neznani novinar</author>
               <date>2005-08</date>
               <publisher n="drugo">Burda</publisher>
               <note type="sourceLang">sl</note>
            </bibl>
         </sourceDesc>
      </fileDesc>
      <encodingDesc>
         <projectDesc>
            <p xml:lang="sl">Glej <ref target="http://www.korpus-kres.net/">www.korpus-kres.net</ref> oz. <ref target="http://nl.ijs.si/ssj/">nl.ijs.si/ssj</ref>.</p>
            <p xml:lang="en">See <ref target="http://www.korpus-kres.net/">www.korpus-kres.net</ref> or <ref target="http://nl.ijs.si/ssj/">nl.ijs.si/ssj</ref>.</p>
         </projectDesc>
         <samplingDecl>
            <p xml:lang="sl">
            Besedila in odstavki v korpusu KRES so bili vzorčeni iz
            Gigafide tako, da smo dobili 100-milijonski referenčni
            korpus, v katerem so besedila uravnotežena po vnaprej
            določenih taksonomskih deležih in po podatkih o branosti
            vira (časopisi, revije, novičarski portali).  Korpus
            ccKRES nato, z namenom, da je lahko dostopen po licenci CC,
            vsebuje 10 % naključno vzorčenih odstavkov besedil iz
            korpusa KRES, torej 10 milijonov besed.
	    Več o sestavi korpusa lahko preberete na 
            <ref target="http://www.korpus-kres.net/">www.korpus-kres.net</ref> oz.
            <ref target="http://nl.ijs.si/ssj/">nl.ijs.si/ssj</ref>.
	  </p>
            <p xml:lang="en">
            Texts and paragraphs in the KRES corpus have been sampled from the 
	    Gigafida corpus. The result of the sampling is a 100-million-word 
	    reference corpus. The texts in KRES are balanced according to the 
	    predetermined categories, with particular consideration being paid to 
	    the data on the popularity of the source (newspapers, magazines, 
	    Internet news sites). 
	    To enable free (CC) distribution of the corpus, the ccKRES corpus contains 
	    10% of randomly sampled paragraphs from KRES, i.e. contains 10 million words.
	    For more information about the contents of the corpus, 
	    see <ref target="http://www.korpus-kres.net/">www.korpus-kres.net</ref>
	    and <ref target="http://nl.ijs.si/ssj/">nl.ijs.si/ssj</ref>.
	  </p>
         </samplingDecl>
         <tagsDecl>
            <namespace name="http://www.tei-c.org/ns/1.0">
               <tagUsage gi="p" occurs="20"/>
               <tagUsage gi="s" occurs="51"/>
               <tagUsage gi="S" occurs="549"/>
               <tagUsage gi="w" occurs="568"/>
               <tagUsage gi="c" occurs="95"/>
            </namespace>
         </tagsDecl>
         <classDecl>
            <taxonomy xml:id="SSJ">
               <category xml:id="SSJ.T">
                  <catDesc>tisk</catDesc>
                  <category xml:id="SSJ.T.K">
                     <catDesc>knjižno</catDesc>
                     <category xml:id="SSJ.T.K.L">
                        <catDesc>leposlovno</catDesc>
                     </category>
                     <category xml:id="SSJ.T.K.S">
                        <catDesc>strokovno</catDesc>
                     </category>
                  </category>
                  <category xml:id="SSJ.T.P">
                     <catDesc>periodično</catDesc>
                     <category xml:id="SSJ.T.P.C">
                        <catDesc>časopis</catDesc>
                     </category>
                     <category xml:id="SSJ.T.P.R">
                        <catDesc>revija</catDesc>
                     </category>
                  </category>
                  <category xml:id="SSJ.T.D">
                     <catDesc>drugo</catDesc>
                  </category>
               </category>
               <category xml:id="SSJ.I">
                  <catDesc>internet</catDesc>
               </category>
            </taxonomy>
         </classDecl>
      </encodingDesc>
      <profileDesc>
         <textClass>
            <catRef target="#SSJ.T.P.R"/>
         </textClass>
      </profileDesc>
   </teiHeader>
   <text xml:id="F0002390." xml:lang="sl">
      <body>
         <p xml:id="F0002390.000070">
            <s>
               <w msd="Sozei" lemma="osvežitev">OSVEŽITEV</w>
               <S/>
               <w msd="Dm" lemma="v">V</w>
               <S/>
               <w msd="Somem" lemma="bazen">BAZENU</w>
               <S/>
               <w msd="Zk-mmi" lemma="tisti">Tisti</w>
               <c>,</c>
               <S/>
               <w msd="Vd" lemma="ki">ki</w>
               <S/>
               <w msd="Zp------k" lemma="se">se</w>
               <S/>
               <w msd="Ppnset" lemma="letošnji">letošnje</w>
               <S/>
               <w msd="Soset" lemma="poletje">poletje</w>
               <S/>
               <w msd="L" lemma="ne">ne</w>
               <S/>
               <w msd="Gp-pdm-n" lemma="biti">boste</w>
               <S/>
               <w msd="Ggnd-mm" lemma="namakati">namakali</w>
               <S/>
               <w msd="Dm" lemma="v">v</w>
               <S/>
               <w msd="Sosem" lemma="morje">morju</w>
               <c>,</c>
               <S/>
               <w msd="Zp---d--k" lemma="se">si</w>
               <S/>
               <w msd="Rsn" lemma="lahko">lahko</w>
               <S/>
               <w msd="Ggvsdm" lemma="privoščiti">privoščite</w>
               <S/>
               <w msd="Soset" lemma="kopanje">kopanje</w>
               <S/>
               <w msd="Rsn" lemma="kar">kar</w>
               <S/>
               <w msd="Dm" lemma="v">v</w>
               <S/>
               <w msd="Ppnmem" lemma="domač">domačem</w>
               <S/>
               <w msd="Somem" lemma="bazen">bazenu</w>
               <S/>
               <w msd="Vp" lemma="ali">ali</w>
               <S/>
               <w msd="Dm" lemma="na">na</w>
               <S/>
               <w msd="Zv-sem" lemma="kateri">katerem</w>
               <S/>
               <w msd="Dr" lemma="izmed">izmed</w>
               <S/>
               <w msd="Ppnsmr" lemma="javen">javnih</w>
               <S/>
               <w msd="Sosmr" lemma="kopališče">kopališč</w>
               <c>.</c>
               <S/>
            </s>
            <s>
               <w msd="Rsn" lemma="tako">Tako</w>
               <S/>
               <w msd="Gp-pdm-n" lemma="biti">boste</w>
               <S/>
               <w msd="Rsr" lemma="lahko">lažje</w>
               <S/>
               <w msd="Ggnd-mm" lemma="prenašati">prenašali</w>
               <S/>
               <w msd="Sozet" lemma="vročina">vročino</w>
               <S/>
               <w msd="Vp" lemma="in">in</w>
               <S/>
               <w msd="Rsn" lemma="obenem">obenem</w>
               <S/>
               <w msd="Ggdd-mm" lemma="poskrbeti">poskrbeli</w>
               <S/>
               <w msd="Dt" lemma="za">za</w>
               <S/>
               <w msd="Sozet" lemma="zabava">zabavo</w>
               <S/>
               <w msd="Vp" lemma="in">in</w>
               <S/>
               <w msd="Sozet" lemma="rekreacija">rekreacijo</w>
               <c>.</c>
               <S/>
            </s>
            <s>
               <w msd="Sommi" lemma="bazen">Bazeni</w>
               <S/>
               <w msd="Rsn" lemma="titro">Titro</w>
               <c>.</c>
            </s>
         </p>
         <p xml:id="F0002390.000089">
            <s>
               <w msd="Rsn" lemma="nazaj">Nazaj</w>
               <S/>
               <w msd="Dt" lemma="v">v</w>
               <S/>
               <w msd="Sozet" lemma="prihodnost">prihodnost</w>
            </s>
         </p>
         <p xml:id="F0002390.000169">
            <s>
               <w msd="Somei" lemma="foto">FOTO</w>
               <S/>
               <c>»</c>
               <w msd="Ppnzei" lemma="dneven">DNEVNA</w>
               <S/>
               <w msd="Sozei" lemma="soba">SOBA</w>
               <c>«</c>
            </s>
         </p>
         <p xml:id="F0002390.000179">
            <s>
               <w msd="Somei" lemma="TXT">TXT</w>
               <S/>
               <w msd="Dm" lemma="v">V</w>
               <S/>
               <w msd="Somem" lemma="krog">KROGU</w>
            </s>
         </p>
         <p xml:id="F0002390.000267">
            <s>
               <w msd="Somei" lemma="foto">FOTO</w>
               <S/>
               <w msd="Kag" lemma="8">8</w>
            </s>
         </p>
         <p xml:id="F0002390.000305">
            <s>
               <w msd="Ppnzei" lemma="brezmejen">BREZMEJNA</w>
               <S/>
               <w msd="Sozei" lemma="povezava">POVEZAVA</w>
               <S/>
               <w msd="L" lemma="le">Le</w>
               <S/>
               <w msd="Rsn" lemma="kako">kako</w>
               <S/>
               <w msd="Zp------k" lemma="se">se</w>
               <S/>
               <w msd="Gp-ste-n" lemma="biti">je</w>
               <S/>
               <w msd="Ppnsei" lemma="mogoč">mogoče</w>
               <S/>
               <w msd="Ggdn" lemma="povezati">povezati</w>
               <S/>
               <w msd="Dt" lemma="v">v</w>
               <S/>
               <w msd="Sometn" lemma="internet">internet</w>
               <c>,</c>
               <S/>
               <w msd="Ggnn" lemma="prejemati">prejemati</w>
               <S/>
               <w msd="Ppnzet" lemma="elektronski">elektronsko</w>
               <S/>
               <w msd="Sozet" lemma="pošta">pošto</w>
               <S/>
               <w msd="Vp" lemma="in">in</w>
               <S/>
               <w msd="Ggnn" lemma="pisati">pisati</w>
               <S/>
               <w msd="Soser" lemma="pismo">pisma</w>
               <S/>
               <w msd="Dr" lemma="brez">brez</w>
               <S/>
               <w msd="Ppnmer" lemma="telefonski">telefonskega</w>
               <S/>
               <w msd="Somer" lemma="kabel">kabla</w>
               <c>,</c>
               <S/>
               <w msd="Rsn" lemma="hkrati">hkrati</w>
               <S/>
               <w msd="Vp" lemma="pa">pa</w>
               <S/>
               <w msd="Ggnn" lemma="sedeti">sedeti</w>
               <S/>
               <w msd="Dm" lemma="na">na</w>
               <S/>
               <w msd="Sozem" lemma="zofa">zofi</w>
               <S/>
               <w msd="Vp" lemma="oziroma">oziroma</w>
               <S/>
               <w msd="Rsn" lemma="brezskrbno">brezskrbno</w>
               <S/>
               <w msd="Ggnn" lemma="ležati">ležati</w>
               <S/>
               <w msd="Dm" lemma="na">na</w>
               <S/>
               <w msd="Sozem" lemma="postelja">postelji</w>
               <c>?</c>
               <S/>
            </s>
            <s>
               <w msd="Ppszei" lemma="nov">Najnovejša</w>
               <S/>
               <w msd="Sozei" lemma="tehnologija">tehnologija</w>
               <S/>
               <w msd="Zk-set" lemma="ta">to</w>
               <S/>
               <w msd="Ggnste" lemma="omogočati">omogoča</w>
               <c>.</c>
               <S/>
            </s>
            <s>
               <w msd="Dt" lemma="na">Na</w>
               <S/>
               <w msd="Sometn" lemma="primer">primer</w>
               <S/>
               <w msd="N" lemma="si.mobil">Si.mobil</w>
               <S/>
               <w msd="Zod-md" lemma="ti">vam</w>
               <S/>
               <w msd="Do" lemma="z">s</w>
               <S/>
               <w msd="Sozeo" lemma="kartica">kartico</w>
               <S/>
               <w msd="Slmei" lemma="Vodafone">Vodafone</w>
               <S/>
               <w msd="Slmei" lemma="Mobile">Mobile</w>
               <S/>
               <w msd="Slmei" lemma="Connect">Connect</w>
               <S/>
               <w msd="Slmei" lemma="Card">Card</w>
               <c>,</c>
               <S/>
               <w msd="Vd" lemma="ki">ki</w>
               <S/>
               <w msd="Ggnste" lemma="podpirati">podpira</w>
               <S/>
               <w msd="Sozet" lemma="tehnologija">tehnologijo</w>
               <S/>
               <w msd="Slmei" lemma="EDGE">EDGE</w>
               <c>,</c>
               <S/>
               <w msd="Ppnzet" lemma="programski">programsko</w>
               <S/>
               <w msd="Sozet" lemma="oprema">opremo</w>
               <S/>
               <w msd="Vp" lemma="in">in</w>
               <S/>
               <w msd="Sozet" lemma="kartica">kartico</w>
               <S/>
               <w msd="Sozmr" lemma="sima">SIM</w>
               <S/>
               <w msd="Ggnste" lemma="omogočati">omogoča</w>
               <S/>
               <w msd="Ppnzet" lemma="brezžičen">brezžično</w>
               <S/>
               <w msd="Sozet" lemma="povezava">povezavo</w>
               <S/>
               <w msd="Sommr" lemma="prenosnik">prenosnikov</w>
               <S/>
               <w msd="Dt" lemma="v">v</w>
               <S/>
               <w msd="Soset" lemma="medmrežje">medmrežje</w>
               <c>.</c>
               <S/>
            </s>
            <s>
               <w msd="Vp" lemma="in">In</w>
               <S/>
               <w msd="Zk-sei" lemma="ta">to</w>
               <S/>
               <w msd="Dr" lemma="brez">brez</w>
               <S/>
               <w msd="Sozer" lemma="uporaba">uporabe</w>
               <S/>
               <w msd="Ppnmer" lemma="mobilen">mobilnega</w>
               <S/>
               <w msd="Somer" lemma="telefon">telefona</w>
               <S/>
               <w msd="Vp" lemma="ali">ali</w>
               <S/>
               <w msd="Soser" lemma="iskanje">iskanja</w>
               <S/>
               <w msd="Ppsmer" lemma="blizek">najbližjega</w>
               <S/>
               <w msd="Ppnmer" lemma="telefonski">telefonskega</w>
               <S/>
               <w msd="Somer" lemma="priključek">priključka</w>
               <S/>
               <c>(</c>
               <w msd="Sozei" lemma="kartica">kartica</w>
               <S/>
               <w msd="Slmei" lemma="Vodafone">Vodafone</w>
               <S/>
               <w msd="Slmei" lemma="Mobile">Mobile</w>
               <S/>
               <w msd="Slmei" lemma="Connect">Connect</w>
               <S/>
               <w msd="Slmei" lemma="Card">Card</w>
               <c>:</c>
               <S/>
               <w msd="N" lemma="si.mobil">Si.mobil</w>
               <c>,</c>
               <S/>
               <w msd="Kag" lemma="9.000">9.000</w>
               <S/>
               <w msd="Somei" lemma="SIT">SIT</w>
               <c>)</c>
               <c>.</c>
            </s>
         </p>
         <p xml:id="F0002390.000382">
            <s>
               <w msd="Pdnsei" lemma="barvan">BARVANO</w>
               <c>,</c>
               <S/>
               <w msd="Pdnsei" lemma="popisan">POPISANO</w>
               <S/>
               <c>.</c>
               <c>.</c>
               <c>.</c>
               <S/>
               <w msd="Vp" lemma="in">in</w>
               <S/>
               <w msd="Rsn" lemma="zelo">zelo</w>
               <S/>
               <w msd="Rsn" lemma="praktično">praktično</w>
               <S/>
               <w msd="Sozet" lemma="kocka">kocko</w>
               <S/>
               <w msd="Rsn" lemma="lahko">lahko</w>
               <S/>
               <w msd="Ggdsdm" lemma="uporabiti">uporabite</w>
               <S/>
               <w msd="Dt" lemma="na">na</w>
               <S/>
               <w msd="Rsr" lemma="več">več</w>
               <S/>
               <w msd="Sommr" lemma="način">načinov</w>
               <c>.</c>
               <S/>
            </s>
            <s>
               <w msd="Sommi" lemma="otrok">Otroci</w>
               <S/>
               <w msd="Rsn" lemma="lahko">lahko</w>
               <S/>
               <w msd="Dm" lemma="na">na</w>
               <S/>
               <w msd="Sozem" lemma="kocka">kocki</w>
               <S/>
               <w msd="Ggnstm" lemma="sedeti">sedijo</w>
               <c>,</c>
               <S/>
               <w msd="Vd" lemma="če">če</w>
               <S/>
               <w msd="Zotmmt--k" lemma="on">jih</w>
               <S/>
               <w msd="Ggnstm-n" lemma="imeti">imajo</w>
               <S/>
               <w msd="Rsr" lemma="več">več</w>
               <c>,</c>
               <S/>
               <w msd="Rsn" lemma="lahko">lahko</w>
               <S/>
               <w msd="Dm" lemma="na">na</w>
               <S/>
               <w msd="Zotzmm" lemma="on">njih</w>
               <S/>
               <w msd="Ggnstm" lemma="ležati">ležijo</w>
               <c>,</c>
               <S/>
               <w msd="Zp------k" lemma="se">se</w>
               <S/>
               <w msd="Ggnstm" lemma="učiti">učijo</w>
               <c>,</c>
               <S/>
               <w msd="Ggnstm" lemma="igrati">igrajo</w>
               <S/>
               <w msd="Vp" lemma="in">in</w>
               <S/>
               <w msd="Ggnstm" lemma="klepetati">klepetajo</w>
               <c>.</c>
               <S/>
            </s>
            <s>
               <w msd="Sozmt" lemma="kocka">Kocke</w>
               <S/>
               <w msd="Rsn" lemma="lahko">lahko</w>
               <S/>
               <w msd="Ggdstm" lemma="uporabiti">uporabijo</w>
               <S/>
               <w msd="Vd" lemma="kot">kot</w>
               <S/>
               <w msd="Ppnzer" lemma="majhen">majhne</w>
               <S/>
               <w msd="Sozer" lemma="miza">mize</w>
               <S/>
               <w msd="Vp" lemma="ali">ali</w>
               <S/>
               <w msd="Sozer" lemma="polica">police</w>
               <c>,</c>
               <S/>
               <w msd="Ggnstm" lemma="služiti">služijo</w>
               <S/>
               <w msd="Zotmmd--k" lemma="on">jim</w>
               <S/>
               <w msd="L" lemma="tudi">tudi</w>
               <S/>
               <w msd="Vd" lemma="kot">kot</w>
               <S/>
               <w msd="Ppnzer" lemma="nočen">nočne</w>
               <S/>
               <w msd="Sozer" lemma="omarica">omarice</w>
               <S/>
               <w msd="Vp" lemma="ali">ali</w>
               <S/>
               <w msd="Sozer" lemma="stopnica">stopnice</w>
               <c>.</c>
               <S/>
            </s>
            <s>
               <w msd="Ppnsei" lemma="otroški">Otroško</w>
               <S/>
               <w msd="Sosei" lemma="kraljestvo">kraljestvo</w>
               <S/>
               <w msd="Gp-ste-n" lemma="biti">je</w>
               <S/>
               <w msd="Somei" lemma="svet">svet</w>
               <c>,</c>
               <S/>
               <w msd="Dm" lemma="v">v</w>
               <S/>
               <w msd="Zv-mem" lemma="kateri">katerem</w>
               <S/>
               <w msd="Zp------k" lemma="se">se</w>
               <S/>
               <w msd="Rsn" lemma="lahko">lahko</w>
               <S/>
               <w msd="Sommi" lemma="otrok">otroci</w>
               <S/>
               <w msd="Ggnstm" lemma="igrati">igrajo</w>
               <S/>
               <w msd="Sommt" lemma="arhitekt">arhitekte</w>
               <S/>
               <w msd="Vp" lemma="in">in</w>
               <S/>
               <w msd="Rsn" lemma="tako">tako</w>
               <S/>
               <w msd="Ggnstm" lemma="buriti">burijo</w>
               <S/>
               <w msd="Sozet" lemma="domišljija">domišljijo</w>
               <S/>
               <w msd="Vp" lemma="ter">ter</w>
               <S/>
               <w msd="Ggnstm" lemma="spreminjati">spreminjajo</w>
               <S/>
               <w msd="Sozet" lemma="podoba">podobo</w>
               <S/>
               <w msd="Zp-ser" lemma="svoj">svojega</w>
               <S/>
               <w msd="Ppnser" lemma="mali">malega</w>
               <S/>
               <w msd="Soser" lemma="domovanje">domovanja</w>
               <c>.</c>
               <S/>
            </s>
            <s>
               <w msd="Sozei" lemma="cena">Cena</w>
               <S/>
               <w msd="Kag" lemma="28.512">28.512</w>
               <S/>
               <w msd="Somei" lemma="SIT">SIT</w>
               <c>,</c>
               <S/>
               <w msd="Somei" lemma="dom">Dom</w>
               <S/>
               <w msd="Somei" lemma="interier">interier</w>
               <c>,</c>
               <S/>
               <w msd="Slzei" lemma="Ljubljana">Ljubljana</w>
               <c>.</c>
            </s>
         </p>
         <p xml:id="F0002390.000384">
            <s>
               <w msd="Sozmr" lemma="novost">NOVOSTI</w>
            </s>
         </p>
         <p xml:id="F0002390.000398">
            <s>
               <w msd="Ppnsei" lemma="bio">BIO</w>
               <S/>
               <w msd="Sosei" lemma="pohištvo">pohištvo</w>
               <S/>
               <w msd="Slmei" lemma="Lehmann">Lehmann</w>
               <S/>
               <w msd="Gp-ste-n" lemma="biti">je</w>
               <S/>
               <w msd="L" lemma="prav">prav</w>
               <S/>
               <w msd="Rsn" lemma="gotovo">gotovo</w>
               <S/>
               <w msd="Ppnzei" lemma="dobrodošel">dobrodošla</w>
               <S/>
               <w msd="Sozei" lemma="novost">novost</w>
               <S/>
               <w msd="Dm" lemma="na">na</w>
               <S/>
               <w msd="Ppnsem" lemma="slovenski">slovenskem</w>
               <S/>
               <w msd="Sosem" lemma="tržišče">tržišču</w>
               <c>.</c>
               <S/>
            </s>
            <s>
               <w msd="Sosei" lemma="pohištvo">Pohištvo</w>
               <S/>
               <w msd="Gp-ste-n" lemma="biti">je</w>
               <S/>
               <w msd="Pdnsei" lemma="izdelan">izdelano</w>
               <S/>
               <w msd="Dr" lemma="iz">iz</w>
               <S/>
               <w msd="Rss" lemma="najbolj">najbolj</w>
               <S/>
               <w msd="Ppnmer" lemma="kakovosten">kakovostnega</w>
               <S/>
               <w msd="Ppnmer" lemma="masiven">masivnega</w>
               <S/>
               <w msd="Somer" lemma="les">lesa</w>
               <c>,</c>
               <S/>
               <w msd="Vd" lemma="ki">ki</w>
               <S/>
               <w msd="Gp-ste-n" lemma="biti">je</w>
               <S/>
               <w msd="Dm" lemma="na">na</w>
               <S/>
               <w msd="Sozem" lemma="površina">površini</w>
               <S/>
               <w msd="Pdnmein" lemma="obdelan">obdelan</w>
               <S/>
               <w msd="Do" lemma="z">z</w>
               <S/>
               <w msd="Ppnseo" lemma="lanen">lanenim</w>
               <S/>
               <w msd="Soseo" lemma="olje">oljem</w>
               <S/>
               <w msd="Vp" lemma="in">in</w>
               <S/>
               <w msd="Ppnmmo" lemma="naraven">naravnimi</w>
               <S/>
               <w msd="Sommo" lemma="vosek">voski</w>
               <c>.</c>
               <S/>
            </s>
            <s>
               <w msd="Zk-mei" lemma="takšen">Takšen</w>
               <S/>
               <w msd="Somei" lemma="način">način</w>
               <S/>
               <w msd="Sozer" lemma="obdelava">obdelave</w>
               <S/>
               <w msd="Gp-ste-n" lemma="biti">je</w>
               <S/>
               <w msd="Sosem" lemma="zdravje">zdravju</w>
               <S/>
               <w msd="Vp" lemma="in">in</w>
               <S/>
               <w msd="Sosed" lemma="okolje">okolju</w>
               <S/>
               <w msd="Ppnmein" lemma="prijazen">prijazen</w>
               <c>,</c>
               <S/>
               <w msd="Vp" lemma="saj">saj</w>
               <S/>
               <w msd="Dm" lemma="na">na</w>
               <S/>
               <w msd="Sozem" lemma="površina">površini</w>
               <S/>
               <w msd="L" lemma="ne">ne</w>
               <S/>
               <w msd="Ggnste" lemma="puščati">pušča</w>
               <S/>
               <w msd="Ppnzmr" lemma="strupen">strupenih</w>
               <S/>
               <w msd="Sozmr" lemma="snov">snovi</w>
               <c>.</c>
               <S/>
            </s>
            <s>
               <w msd="Sozei" lemma="značilnost">Značilnost</w>
               <S/>
               <w msd="Soser" lemma="pohištvo">pohištva</w>
               <S/>
               <w msd="Gp-ste-n" lemma="biti">je</w>
               <S/>
               <w msd="L" lemma="tudi">tudi</w>
               <c>,</c>
               <S/>
               <w msd="Vd" lemma="da">da</w>
               <S/>
               <w msd="Rsn" lemma="lahko">lahko</w>
               <S/>
               <w msd="Ppnmmt" lemma="posamezen">posamezne</w>
               <S/>
               <w msd="Sommt" lemma="element">elemente</w>
               <S/>
               <w msd="Rsn" lemma="poljubno">poljubno</w>
               <S/>
               <w msd="Ggnspm" lemma="združevati">združujemo</w>
               <S/>
               <w msd="Dt" lemma="v">v</w>
               <S/>
               <w msd="Ppnmmt" lemma="različen">različne</w>
               <S/>
               <w msd="Ppnmmt" lemma="bivalen">bivalne</w>
               <S/>
               <w msd="Sommt" lemma="prostor">prostore</w>
               <S/>
               <c>(</c>
               <w msd="Sozmi" lemma="predsoba">predsobe</w>
               <c>,</c>
               <S/>
               <w msd="Sozmi" lemma="jedilnica">jedilnice</w>
               <c>,</c>
               <S/>
               <w msd="Ppnzer" lemma="dneven">dnevne</w>
               <S/>
               <w msd="Sozer" lemma="soba">sobe</w>
               <c>,</c>
               <S/>
               <w msd="Ppnzer" lemma="otroški">otroške</w>
               <S/>
               <w msd="Sozer" lemma="soba">sobe</w>
               <c>,</c>
               <S/>
               <w msd="Sommt" lemma="kabinet">kabinete</w>
               <c>,</c>
               <S/>
               <w msd="Sozer" lemma="pisarna">pisarne</w>
               <c>)</c>
               <c>,</c>
               <S/>
               <w msd="Vd" lemma="ki">ki</w>
               <S/>
               <w msd="Ggnstm" lemma="zagotavljati">zagotavljajo</w>
               <S/>
               <w msd="Ppnset" lemma="prijeten">prijetno</w>
               <S/>
               <w msd="Soset" lemma="počutje">počutje</w>
               <c>.</c>
               <S/>
            </s>
            <s>
               <w msd="Sozmi" lemma="informacija">Informacije</w>
               <c>:</c>
               <S/>
               <w msd="Slmei" lemma="KLS">KLS</w>
               <S/>
               <w msd="Slmei" lemma="International">International</w>
               <c>,</c>
               <S/>
               <w msd="O" lemma="d.">d.</w>
               <w msd="O" lemma="o.">o.</w>
               <w msd="O" lemma="o.">o.</w>
               <c>,</c>
               <S/>
               <w msd="Slzei" lemma="Jakovica">Jakovica</w>
               <S/>
               <w msd="Kag" lemma="22">22</w>
               <c>,</c>
               <S/>
               <w msd="Kag" lemma="1370">1370</w>
               <S/>
               <w msd="Slmei" lemma="Logatec">Logatec</w>
               <c>,</c>
               <S/>
               <w msd="N" lemma="www.biopohistvo.net">www.biopohistvo.net</w>
               <c>.</c>
            </s>
         </p>
         <p xml:id="F0002390.000457">
            <s>
               <w msd="Sometn" lemma="naslov">NASLOV</w>
            </s>
         </p>
         <p xml:id="F0002390.000502">
            <s>
               <w msd="Sozem" lemma="stran">strani</w>
               <S/>
               <w msd="Kag" lemma="38">38</w>
               <S/>
               <w msd="Vp" lemma="in">in</w>
               <S/>
               <w msd="Kag" lemma="39">39</w>
            </s>
         </p>
         <p xml:id="F0002390.000534">
            <s>
               <w msd="Somei" lemma="TXT">TXT</w>
               <S/>
               <w msd="Dm" lemma="v">V</w>
               <S/>
               <w msd="Somem" lemma="okvirček">OKVIRČKU</w>
            </s>
         </p>
         <p xml:id="F0002390.000564">
            <s>
               <w msd="Dm" lemma="v">V</w>
               <S/>
               <w msd="Somem" lemma="mir">miru</w>
               <S/>
               <w msd="Gp-ste-n" lemma="biti">je</w>
               <S/>
               <w msd="Somei" lemma="vir">vir</w>
               <S/>
               <w msd="Sozer" lemma="moč">moči</w>
               <c>.</c>
            </s>
         </p>
         <p xml:id="F0002390.000616">
            <s>
               <w msd="Ggnste" lemma="zabavati">Zabava</w>
               <S/>
               <w msd="Dm" lemma="na">na</w>
               <S/>
               <w msd="Ppnzem" lemma="severnomorski">severnomorski</w>
               <S/>
               <w msd="Sozem" lemma="obala">obali</w>
            </s>
         </p>
         <p xml:id="F0002390.000655">
            <s>
               <w msd="Sozei" lemma="ura">Ura</w>
               <S/>
               <w msd="Ggvste" lemma="pomeniti">pomeni</w>
               <c>:</c>
               <S/>
               <w msd="Zk-sei" lemma="ta">to</w>
               <S/>
               <w msd="Gp-ste-n" lemma="biti">je</w>
               <S/>
               <w msd="Kbzzei" lemma="en">ena</w>
               <c>,</c>
               <S/>
               <w msd="Kbgmdt" lemma="dva">dva</w>
               <c>,</c>
               <S/>
               <w msd="Kbgmmt" lemma="trije">tri</w>
               <S/>
               <w msd="Pdnsei" lemma="narejen">narejeno</w>
               <c>!</c>
            </s>
         </p>
         <p xml:id="F0002390.000709">
            <s>
               <w msd="Sozmt" lemma="blazina">Blazine</w>
               <S/>
               <w msd="Dt" lemma="za">za</w>
               <S/>
               <w msd="Soset" lemma="sedenje">sedenje</w>
               <S/>
               <w msd="Dm" lemma="na">na</w>
               <S/>
               <w msd="Sosmm" lemma="tla">tleh</w>
               <S/>
               <w msd="Gp-stm-n" lemma="biti">so</w>
               <S/>
               <w msd="L" lemma="prav">prav</w>
               <S/>
               <w msd="Rsn" lemma="hitro">hitro</w>
               <S/>
               <w msd="Pdnzmi" lemma="sešit">sešite</w>
               <c>.</c>
               <S/>
            </s>
            <s>
               <w msd="Zotmmt--z" lemma="zame">Zanje</w>
               <S/>
               <w msd="Ggdvdm" lemma="izbrati">izberite</w>
               <S/>
               <w msd="Rsn" lemma="pisano">pisano</w>
               <S/>
               <w msd="Ppnzet" lemma="vzorčast">vzorčasto</w>
               <S/>
               <w msd="Soset" lemma="blago">blago</w>
               <S/>
               <w msd="Vp" lemma="ali">ali</w>
               <S/>
               <w msd="Rsn" lemma="enobarvno">enobarvno</w>
               <S/>
               <w msd="Ppnzet" lemma="lanen">laneno</w>
               <S/>
               <w msd="Soset" lemma="blago">blago</w>
               <c>.</c>
               <S/>
            </s>
            <s>
               <w msd="Sozmi" lemma="blazina">Blazine</w>
               <S/>
               <w msd="Gp-stm-n" lemma="biti">so</w>
               <S/>
               <w msd="Ppnzmi" lemma="velik">velike</w>
               <S/>
               <w msd="Kag" lemma="60">60</w>
               <S/>
               <w msd="Somei" lemma="x">x</w>
               <S/>
               <w msd="Kag" lemma="60">60</w>
               <S/>
               <w msd="Somei" lemma="x">x</w>
               <S/>
               <w msd="Kag" lemma="12">12</w>
               <S/>
               <w msd="Somei" lemma="cm">cm</w>
               <c>,</c>
               <S/>
               <w msd="Vp" lemma="tako">tako</w>
               <S/>
               <w msd="Vd" lemma="da">da</w>
               <S/>
               <w msd="Ggdsdm" lemma="narisati">narišete</w>
               <S/>
               <w msd="Somei" lemma="kvadrat">kvadrat</w>
               <S/>
               <w msd="Kag" lemma="60">60</w>
               <S/>
               <w msd="Somei" lemma="x">x</w>
               <S/>
               <w msd="Kag" lemma="60">60</w>
               <S/>
               <w msd="Somei" lemma="cm">cm</w>
               <S/>
               <w msd="Dt" lemma="na">na</w>
               <S/>
               <w msd="Sometn" lemma="papir">papir</w>
               <S/>
               <w msd="Vp" lemma="in">in</w>
               <S/>
               <w msd="Zotmed--k" lemma="on">mu</w>
               <S/>
               <w msd="Dm" lemma="na">na</w>
               <S/>
               <w msd="Kbgzmm" lemma="štirje">štirih</w>
               <S/>
               <w msd="Sozmm" lemma="stran">straneh</w>
               <S/>
               <w msd="Ggdsdm" lemma="dodati">dodate</w>
               <S/>
               <w msd="Sommt" lemma="pravokotnik">pravokotnike</w>
               <S/>
               <w msd="Dm" lemma="v">v</w>
               <S/>
               <w msd="Sozer" lemma="velikost">velikosti</w>
               <S/>
               <w msd="Kag" lemma="60">60</w>
               <S/>
               <w msd="Somei" lemma="x">x</w>
               <S/>
               <w msd="Kag" lemma="12">12</w>
               <S/>
               <w msd="Somei" lemma="cm">cm</w>
               <c>.</c>
               <S/>
            </s>
            <s>
               <w msd="Dr" lemma="poleg">Poleg</w>
               <S/>
               <w msd="Kbzmer" lemma="en">enega</w>
               <S/>
               <w msd="Dr" lemma="od">od</w>
               <S/>
               <w msd="Sommr" lemma="pravokotnik">pravokotnikov</w>
               <S/>
               <w msd="Ggdvdm" lemma="dodati">dodajte</w>
               <S/>
               <w msd="L" lemma="še">še</w>
               <S/>
               <w msd="Kbzmet" lemma="en">en</w>
               <S/>
               <w msd="Sometn" lemma="kvadrat">kvadrat</w>
               <S/>
               <w msd="Kag" lemma="60">60</w>
               <S/>
               <w msd="Somei" lemma="x">x</w>
               <S/>
               <w msd="Kag" lemma="60">60</w>
               <S/>
               <w msd="Somei" lemma="cm">cm</w>
               <c>.</c>
               <S/>
            </s>
            <s>
               <w msd="Somei" lemma="plašč">Plašč</w>
               <S/>
               <w msd="Dr" lemma="iz">iz</w>
               <S/>
               <w msd="Somer" lemma="papir">papirja</w>
               <S/>
               <w msd="Ggdvdm" lemma="položiti">položite</w>
               <S/>
               <w msd="Dt" lemma="na">na</w>
               <S/>
               <w msd="Soset" lemma="blago">blago</w>
               <S/>
               <w msd="Vp" lemma="in">in</w>
               <S/>
               <w msd="Sometn" lemma="del">del</w>
               <S/>
               <w msd="Ggdvdm" lemma="urezati">urežite</w>
               <S/>
               <w msd="Do" lemma="z">z</w>
               <S/>
               <w msd="Sommo" lemma="dodatek">dodatki</w>
               <S/>
               <w msd="Kag" lemma="2">2</w>
               <S/>
               <w msd="Somei" lemma="cm">cm</w>
               <S/>
               <w msd="Dt" lemma="za">za</w>
               <S/>
               <w msd="Sommt" lemma="šiv">šive</w>
               <c>.</c>
               <S/>
            </s>
            <s>
               <w msd="Dt" lemma="na">Na</w>
               <S/>
               <w msd="Ppnzet" lemma="hrbten">hrbtno</w>
               <S/>
               <w msd="Sozet" lemma="stran">stran</w>
               <S/>
               <w msd="Soser" lemma="blago">blaga</w>
               <S/>
               <w msd="Sozer" lemma="nalikajta">nalikajte</w>
               <S/>
               <w msd="Soset" lemma="polnilo">polnilo</w>
               <S/>
               <w msd="Sozer" lemma="debelina">debeline</w>
               <S/>
               <w msd="Kag" lemma="3">3</w>
               <S/>
               <w msd="Somei" lemma="mm">mm</w>
               <c>,</c>
               <S/>
               <w msd="Vd" lemma="ki">ki</w>
               <S/>
               <w msd="Zotmet--k" lemma="on">ga</w>
               <S/>
               <w msd="Ggdsdm" lemma="dobiti">dobite</w>
               <S/>
               <w msd="Dm" lemma="v">v</w>
               <S/>
               <w msd="Slzem" lemma="Elna">Elni</w>
               <c>.</c>
               <S/>
            </s>
            <s>
               <w msd="Sommt" lemma="del">Dele</w>
               <S/>
               <w msd="Ggdvdm" lemma="sešiti">sešijte</w>
               <S/>
               <w msd="Dt" lemma="v">v</w>
               <S/>
               <w msd="Sozet" lemma="celota">celoto</w>
               <c>.</c>
               <S/>
            </s>
            <s>
               <w msd="Rss" lemma="najprej">Najprej</w>
               <S/>
               <w msd="Ppnmmt" lemma="pravokoten">pravokotne</w>
               <S/>
               <w msd="Sommt" lemma="del">dele</w>
               <S/>
               <w msd="Ggdvdm" lemma="sešiti">sešijte</w>
               <S/>
               <w msd="Dm" lemma="na">na</w>
               <S/>
               <w msd="Pppzmm" lemma="kratek">krajših</w>
               <S/>
               <w msd="Sozmm" lemma="stranica">stranicah</w>
               <c>.</c>
               <S/>
            </s>
            <s>
               <w msd="Pppzmt" lemma="dolg">Daljše</w>
               <S/>
               <w msd="Sozmt" lemma="stranica">stranice</w>
               <S/>
               <w msd="Ggdvdm" lemma="prišiti">prišijte</w>
               <S/>
               <w msd="Dt" lemma="na">na</w>
               <S/>
               <w msd="Ppnzet" lemma="kvadraten">kvadratno</w>
               <S/>
               <w msd="Sozet" lemma="osnova">osnovo</w>
               <S/>
               <w msd="L" lemma="skoraj">skoraj</w>
               <S/>
               <w msd="Dm" lemma="v">v</w>
               <S/>
               <w msd="Sozem" lemma="celota">celoti</w>
               <c>.</c>
               <S/>
            </s>
            <s>
               <w msd="Rsn" lemma="blago">Blago</w>
               <S/>
               <w msd="Dm" lemma="na">na</w>
               <S/>
               <w msd="Ppnmmm" lemma="notranji">notranjih</w>
               <S/>
               <w msd="Sommm" lemma="vogal">vogalih</w>
               <S/>
               <w msd="Ggdvdm" lemma="odrezati">odrežite</w>
               <S/>
               <w msd="Vp" lemma="in">in</w>
               <S/>
               <w msd="Dt" lemma="skozi">skozi</w>
               <S/>
               <w msd="Sozet" lemma="odprtina">odprtino</w>
               <S/>
               <w msd="Sozet" lemma="blazina">blazino</w>
               <S/>
               <w msd="Ggdvdm" lemma="obrniti">obrnite</w>
               <S/>
               <w msd="Dt" lemma="na">na</w>
               <S/>
               <w msd="Soset" lemma="lice">lice</w>
               <c>.</c>
               <S/>
            </s>
            <s>
               <w msd="Ggdvdm" lemma="napolniti">Napolnite</w>
               <S/>
               <w msd="Zotzet--k" lemma="on">jo</w>
               <S/>
               <w msd="Do" lemma="z">z</w>
               <S/>
               <w msd="Ppnseo" lemma="umeten">umetnim</w>
               <S/>
               <w msd="Soseo" lemma="polnilo">polnilom</w>
               <c>.</c>
               <S/>
            </s>
            <s>
               <w msd="Rsr" lemma="bolj">Bolj</w>
               <S/>
               <w msd="Rsn" lemma="enakomerno">enakomerno</w>
               <S/>
               <w msd="Gp-pte-n" lemma="biti">bo</w>
               <S/>
               <w msd="Pdnzei" lemma="napolnjen">napolnjena</w>
               <c>,</c>
               <S/>
               <w msd="Vd" lemma="če">če</w>
               <S/>
               <w msd="Zotzet--k" lemma="on">jo</w>
               <S/>
               <w msd="Gp-pdm-n" lemma="biti">boste</w>
               <S/>
               <w msd="Ggdd-mm" lemma="napolniti">napolnili</w>
               <S/>
               <w msd="Do" lemma="z">s</w>
               <S/>
               <w msd="Pdnzeo" lemma="skodran">skodrano</w>
               <S/>
               <w msd="Ppnzeo" lemma="poliestrski">poliestrsko</w>
               <S/>
               <w msd="Sozeo" lemma="pena">peno</w>
               <c>,</c>
               <S/>
               <w msd="Vd" lemma="ki">ki</w>
               <S/>
               <w msd="Zotzet--k" lemma="on">jo</w>
               <S/>
               <w msd="Ggdsdm" lemma="dobiti">dobite</w>
               <S/>
               <w msd="Dm" lemma="v">v</w>
               <S/>
               <w msd="Somem" lemma="filc">Filcu</w>
               <S/>
               <w msd="Dm" lemma="v">v</w>
               <S/>
               <w msd="Slmem" lemma="Mengš">Mengšu</w>
               <c>.</c>
               <S/>
            </s>
            <s>
               <w msd="Kbzzmi" lemma="drug">Druge</w>
               <S/>
               <w msd="Sozmi" lemma="vrsta">vrste</w>
               <S/>
               <w msd="Soser" lemma="polnilo">polnila</w>
               <S/>
               <w msd="Rsr" lemma="prej">prej</w>
               <S/>
               <w msd="Ggdvdm" lemma="razdeliti">razdelite</w>
               <S/>
               <w msd="Dt" lemma="v">v</w>
               <S/>
               <w msd="Pppzmt" lemma="tanek">tanjše</w>
               <S/>
               <w msd="Sozmt" lemma="plast">plasti</w>
               <S/>
               <w msd="Vp" lemma="in">in</w>
               <S/>
               <w msd="Zk-zer" lemma="ta">te</w>
               <S/>
               <w msd="Ggdvdm" lemma="natrgati">natrgajte</w>
               <S/>
               <w msd="Dt" lemma="na">na</w>
               <S/>
               <w msd="Pppmmt" lemma="majhen">manjše</w>
               <S/>
               <w msd="Sommt" lemma="delec">delce</w>
               <c>.</c>
               <S/>
            </s>
            <s>
               <w msd="Do" lemma="z">Z</w>
               <S/>
               <w msd="Zotmmo" lemma="on">njimi</w>
               <S/>
               <w msd="Sozet" lemma="blazina">blazino</w>
               <S/>
               <w msd="Ggdvdm" lemma="napolniti">napolnite</w>
               <S/>
               <w msd="Rss" lemma="najprej">najprej</w>
               <S/>
               <w msd="Dm" lemma="v">v</w>
               <S/>
               <w msd="Sommm" lemma="vogal">vogalih</w>
               <c>,</c>
               <S/>
               <w msd="Rsn" lemma="nato">nato</w>
               <S/>
               <w msd="Vp" lemma="pa">pa</w>
               <S/>
               <w msd="L" lemma="še">še</w>
               <S/>
               <w msd="Dm" lemma="v">v</w>
               <S/>
               <w msd="Sozem" lemma="sredina">sredini</w>
               <c>.</c>
               <S/>
            </s>
            <s>
               <w msd="Vd" lemma="ko">Ko</w>
               <S/>
               <w msd="Gp-ste-n" lemma="biti">je</w>
               <S/>
               <w msd="Sozei" lemma="blazina">blazina</w>
               <S/>
               <w msd="Pdnzei" lemma="napolnjen">napolnjena</w>
               <c>,</c>
               <S/>
               <w msd="Rsn" lemma="blago">blago</w>
               <S/>
               <w msd="Dm" lemma="na">na</w>
               <S/>
               <w msd="Sozem" lemma="odprtina">odprtini</w>
               <S/>
               <w msd="Ggdvdm" lemma="spodvihati">spodvihajte</w>
               <S/>
               <w msd="Rsn" lemma="navznoter">navznoter</w>
               <S/>
               <w msd="Vp" lemma="in">in</w>
               <S/>
               <w msd="Zotmet--k" lemma="on">ga</w>
               <S/>
               <w msd="Rsn" lemma="ročno">ročno</w>
               <S/>
               <w msd="Ggdvdm" lemma="sešiti">sešijte</w>
               <S/>
               <w msd="Do" lemma="z">s</w>
               <S/>
               <w msd="Pdnmmo" lemma="skrit">skritimi</w>
               <S/>
               <w msd="Sommo" lemma="šiv">šivi</w>
               <c>.</c>
               <S/>
            </s>
            <s>
               <w msd="Somei" lemma="rob">Rob</w>
               <S/>
               <w msd="Sozer" lemma="blazina">blazine</w>
               <S/>
               <w msd="Ggdvdm" lemma="sešiti">sešijte</w>
               <S/>
               <w msd="Do" lemma="z">z</w>
               <S/>
               <w msd="Pppmeo" lemma="debel">debelejšim</w>
               <S/>
               <w msd="Someo" lemma="sukanec">sukancem</w>
               <c>.</c>
               <S/>
            </s>
            <s>
               <w msd="Do" lemma="z">Z</w>
               <S/>
               <w msd="Kbgmdo" lemma="dva">dvema</w>
               <S/>
               <w msd="Somdo" lemma="prst">prstoma</w>
               <S/>
               <w msd="Sozet" lemma="blazina">blazino</w>
               <S/>
               <w msd="Ggdvdm" lemma="stisniti">stisnite</w>
               <S/>
               <w msd="Vp" lemma="in">in</w>
               <S/>
               <w msd="Ggdvdm" lemma="narediti">naredite</w>
               <S/>
               <w msd="Sometn" lemma="šiv">šiv</w>
               <c>,</c>
               <S/>
               <w msd="Vd" lemma="ki">ki</w>
               <S/>
               <w msd="Gp-ste-n" lemma="biti">je</w>
               <S/>
               <w msd="Kag" lemma="1,5">1,5</w>
               <S/>
               <w msd="Somei" lemma="cm">cm</w>
               <S/>
               <w msd="Pdnmein" lemma="odmaknjen">odmaknjen</w>
               <S/>
               <w msd="Dr" lemma="od">od</w>
               <S/>
               <w msd="Somer" lemma="rob">roba</w>
               <S/>
               <w msd="Sozer" lemma="blazina">blazine</w>
               <c>.</c>
               <S/>
            </s>
            <s>
               <w msd="Vd" lemma="ko">Ko</w>
               <S/>
               <w msd="Gp-pte-n" lemma="biti">bo</w>
               <S/>
               <w msd="Sozei" lemma="blazina">blazina</w>
               <S/>
               <w msd="Pdnzei" lemma="umazan">umazana</w>
               <c>,</c>
               <S/>
               <w msd="Zotzet--k" lemma="on">jo</w>
               <S/>
               <w msd="Ggdvdm" lemma="potisniti">potisnite</w>
               <S/>
               <w msd="Dt" lemma="v">v</w>
               <S/>
               <w msd="Ppnmetd" lemma="pralen">pralni</w>
               <S/>
               <w msd="Sozmr" lemma="stoja">stoj</w>
               <S/>
               <w msd="Vp" lemma="in">in</w>
               <S/>
               <w msd="Ggdvdm" lemma="oprati">operite</w>
               <S/>
               <w msd="Dm" lemma="pri">pri</w>
               <S/>
               <w msd="Kag" lemma="40">40</w>
               <S/>
               <w msd="Sozmm" lemma="stopinja">stopinjah</w>
               <S/>
               <w msd="Slmer" lemma="Celzij">Celzija</w>
               <c>.</c>
               <S/>
            </s>
         </p>
         <p xml:id="F0002390.000776">
            <s>
               <c>-</c>
               <S/>
               <w msd="Ppnmetd" lemma="brusilen">brusilni</w>
               <S/>
               <w msd="Somei" lemma="papir">papir</w>
            </s>
         </p>
         <p xml:id="F0002390.000806">
            <s>
               <w msd="Somei" lemma="foto">FOTO</w>
               <S/>
               <w msd="Rsn" lemma="levo">LEVO</w>
               <S/>
               <w msd="Rsn" lemma="zgoraj">ZGORAJ</w>
            </s>
         </p>
         <p xml:id="F0002390.000816">
            <s>
               <w msd="Ggdste" lemma="narediti">NAREDI</w>
               <S/>
               <w msd="Ppnmein" lemma="sam">SAM</w>
            </s>
         </p>
         <p xml:id="F0002390.000826">
            <s>
               <w msd="Vd" lemma="če">Če</w>
               <S/>
               <w msd="Zsdzeim" lemma="vaš">vaša</w>
               <S/>
               <w msd="Ppnzei" lemma="počitniški">počitniška</w>
               <S/>
               <w msd="Sozei" lemma="hišica">hišica</w>
               <S/>
               <w msd="Ggnste" lemma="ležati">leži</w>
               <S/>
               <w msd="Dm" lemma="v">v</w>
               <S/>
               <w msd="Sozem" lemma="bližina">bližini</w>
               <S/>
               <w msd="Soser" lemma="morje">morja</w>
               <c>,</c>
               <S/>
               <w msd="Zp------k" lemma="se">se</w>
               <S/>
               <w msd="L" lemma="ne">ne</w>
               <S/>
               <w msd="Ggnvdm" lemma="zapirati">zapirajte</w>
               <S/>
               <w msd="Zotzet--z" lemma="vame">vanjo</w>
               <c>,</c>
               <S/>
               <w msd="Vp" lemma="temveč">temveč</w>
               <S/>
               <w msd="Rsr" lemma="raje">raje</w>
               <S/>
               <w msd="Ggdvdm" lemma="popeljati">popeljite</w>
               <S/>
               <w msd="Dt" lemma="v">v</w>
               <S/>
               <w msd="Sometn" lemma="prostor">prostor</w>
               <S/>
               <w msd="Zc-set" lemma="ves">vse</w>
               <c>,</c>
               <S/>
               <w msd="Zz-sei" lemma="kar">kar</w>
               <S/>
               <w msd="Gp-ste-n" lemma="biti">je</w>
               <S/>
               <w msd="Rsn" lemma="zunaj">zunaj</w>
               <S/>
               <w msd="Ppnser" lemma="lep">lepega</w>
               <c>,</c>
               <S/>
               <w msd="Ppnmet" lemma="morski">morskega</w>
               <c>.</c>
               <S/>
            </s>
            <s>
               <w msd="Ggnvdm" lemma="sobivati">Sobivajte</w>
               <S/>
               <w msd="Do" lemma="z">z</w>
               <S/>
               <w msd="Sozeo" lemma="narava">naravo</w>
               <c>.</c>
            </s>
         </p>
      </body>
   </text>
</TEI>