<?xml version="1.0" encoding="UTF-8"?>
<TEI xmlns="http://www.tei-c.org/ns/1.0" xml:id="F0000707" xml:lang="sl">
   <teiHeader>
      <fileDesc>
         <titleStmt>
            <title>ccKRES: Rože &amp; vrt (2004-12)</title>
            <funder>Operacijo delno financira Evropska unija iz Evropskega socialnega sklada ter Ministrstvo za šolstvo in šport. Operacija se izvaja v okviru Operativnega programa razvoja človeških virov za obdobje 2007-2013, razvojne prioritete: razvoj človeških virov in vseživljenjskega učenja; prednostne usmeritve: izboljšanje kakovosti in učinkovitosti sistemov izobraževanja in usposabljanja 2007-2013.</funder>
         </titleStmt>
         <editionStmt>
            <edition>1.0</edition>
         </editionStmt>
         <extent>800 besed</extent>
         <publicationStmt>
            <idno>rv12_04</idno>
            <availability status="free">
               <p xml:lang="sl">Avtorske pravice za to izdajo ureja licenca <ref target="http://creativecommons.org/licenses/by-nc/2.5/si/">Creative Commons Priznanje avtorstva-Nekomercialno 2.5 Slovenija</ref>.</p>
               <p xml:lang="en">This work is licenced under the <ref target="http://creativecommons.org/licenses/by-nc/2.5/si/deed.en">Creative Commons Attribution-Noncommercial 2.5 Slovenia</ref>.</p>
            </availability>
            <date>2012-05-06</date>
         </publicationStmt>
         <sourceDesc>
            <bibl>
               <title>Rože &amp; vrt</title>
               <author n="???">neznani novinar</author>
               <date>2004-12</date>
               <publisher n="Delo Revije">Delo Revije</publisher>
               <note type="sourceLang">sl</note>
            </bibl>
         </sourceDesc>
      </fileDesc>
      <encodingDesc>
         <projectDesc>
            <p xml:lang="sl">Glej <ref target="http://www.korpus-kres.net/">www.korpus-kres.net</ref> oz. <ref target="http://nl.ijs.si/ssj/">nl.ijs.si/ssj</ref>.</p>
            <p xml:lang="en">See <ref target="http://www.korpus-kres.net/">www.korpus-kres.net</ref> or <ref target="http://nl.ijs.si/ssj/">nl.ijs.si/ssj</ref>.</p>
         </projectDesc>
         <samplingDecl>
            <p xml:lang="sl">
            Besedila in odstavki v korpusu KRES so bili vzorčeni iz
            Gigafide tako, da smo dobili 100-milijonski referenčni
            korpus, v katerem so besedila uravnotežena po vnaprej
            določenih taksonomskih deležih in po podatkih o branosti
            vira (časopisi, revije, novičarski portali).  Korpus
            ccKRES nato, z namenom, da je lahko dostopen po licenci CC,
            vsebuje 10 % naključno vzorčenih odstavkov besedil iz
            korpusa KRES, torej 10 milijonov besed.
	    Več o sestavi korpusa lahko preberete na 
            <ref target="http://www.korpus-kres.net/">www.korpus-kres.net</ref> oz.
            <ref target="http://nl.ijs.si/ssj/">nl.ijs.si/ssj</ref>.
	  </p>
            <p xml:lang="en">
            Texts and paragraphs in the KRES corpus have been sampled from the 
	    Gigafida corpus. The result of the sampling is a 100-million-word 
	    reference corpus. The texts in KRES are balanced according to the 
	    predetermined categories, with particular consideration being paid to 
	    the data on the popularity of the source (newspapers, magazines, 
	    Internet news sites). 
	    To enable free (CC) distribution of the corpus, the ccKRES corpus contains 
	    10% of randomly sampled paragraphs from KRES, i.e. contains 10 million words.
	    For more information about the contents of the corpus, 
	    see <ref target="http://www.korpus-kres.net/">www.korpus-kres.net</ref>
	    and <ref target="http://nl.ijs.si/ssj/">nl.ijs.si/ssj</ref>.
	  </p>
         </samplingDecl>
         <tagsDecl>
            <namespace name="http://www.tei-c.org/ns/1.0">
               <tagUsage gi="p" occurs="14"/>
               <tagUsage gi="s" occurs="52"/>
               <tagUsage gi="w" occurs="800"/>
               <tagUsage gi="c" occurs="139"/>
               <tagUsage gi="S" occurs="791"/>
            </namespace>
         </tagsDecl>
         <classDecl>
            <taxonomy xml:id="SSJ">
               <category xml:id="SSJ.T">
                  <catDesc>tisk</catDesc>
                  <category xml:id="SSJ.T.K">
                     <catDesc>knjižno</catDesc>
                     <category xml:id="SSJ.T.K.L">
                        <catDesc>leposlovno</catDesc>
                     </category>
                     <category xml:id="SSJ.T.K.S">
                        <catDesc>strokovno</catDesc>
                     </category>
                  </category>
                  <category xml:id="SSJ.T.P">
                     <catDesc>periodično</catDesc>
                     <category xml:id="SSJ.T.P.C">
                        <catDesc>časopis</catDesc>
                     </category>
                     <category xml:id="SSJ.T.P.R">
                        <catDesc>revija</catDesc>
                     </category>
                  </category>
                  <category xml:id="SSJ.T.D">
                     <catDesc>drugo</catDesc>
                  </category>
               </category>
               <category xml:id="SSJ.I">
                  <catDesc>internet</catDesc>
               </category>
            </taxonomy>
         </classDecl>
      </encodingDesc>
      <profileDesc>
         <textClass>
            <catRef target="#SSJ.T.P.R"/>
         </textClass>
      </profileDesc>
   </teiHeader>
   <text xml:id="F0000707." xml:lang="sl">
      <body>
         <p xml:id="F0000707.000006">
            <s>
               <w msd="Sozei" lemma="večina">Večina</w>
               <S/>
               <w msd="Rsn" lemma="danes">danes</w>
               <S/>
               <w msd="Pdnzmr" lemma="gojen">gojenih</w>
               <S/>
               <w msd="Sozmr" lemma="sorta">sort</w>
               <S/>
               <w msd="Ggnste" lemma="izvirati">izvira</w>
               <S/>
               <w msd="Dr" lemma="iz">iz</w>
               <S/>
               <w msd="Sozer" lemma="vrsta">vrste</w>
               <S/>
               <w msd="Somei" lemma="cyclamen">Cyclamen</w>
               <S/>
               <w msd="Somei" lemma="persicum">persicum</w>
               <c>,</c>
               <S/>
               <w msd="Vd" lemma="ki">ki</w>
               <S/>
               <w msd="Rsn" lemma="tako">tako</w>
               <S/>
               <w msd="Vd" lemma="kot">kot</w>
               <S/>
               <w msd="Sozei" lemma="večina">večina</w>
               <S/>
               <w msd="Pdnzmr" lemma="ostal">ostalih</w>
               <S/>
               <w msd="Sozmr" lemma="vrsta">vrst</w>
               <S/>
               <w msd="Zk-mer" lemma="ta">tega</w>
               <S/>
               <w msd="Somer" lemma="rod">rodu</w>
               <S/>
               <w msd="Ggnste" lemma="izvirati">izvira</w>
               <S/>
               <w msd="Dr" lemma="iz">iz</w>
               <S/>
               <w msd="Ppnzer" lemma="mali">Male</w>
               <S/>
               <w msd="Slzer" lemma="Azija">Azije</w>
               <c>.</c>
               <S/>
            </s>
            <s>
               <w msd="Sozmi" lemma="ciklama">Ciklame</w>
               <S/>
               <w msd="Gp-stm-n" lemma="biti">so</w>
               <S/>
               <w msd="Dr" lemma="okoli">okoli</w>
               <S/>
               <w msd="Soser" lemma="leto">leta</w>
               <S/>
               <w msd="Kag" lemma="1870">1870</w>
               <S/>
               <w msd="Ggdd-mm" lemma="začeti">začeli</w>
               <S/>
               <w msd="Ggvn" lemma="žlahtniti">žlahtniti</w>
               <S/>
               <w msd="Dm" lemma="v">v</w>
               <S/>
               <w msd="Slzem" lemma="Anglija">Angliji</w>
               <c>,</c>
               <S/>
               <w msd="Rsn" lemma="nekaj">nekaj</w>
               <S/>
               <w msd="Sosmr" lemma="leto">let</w>
               <S/>
               <w msd="Rsr" lemma="pozno">pozneje</w>
               <S/>
               <w msd="Vp" lemma="pa">pa</w>
               <S/>
               <w msd="Gp-stm-n" lemma="biti">so</w>
               <S/>
               <w msd="Zotmmd--k" lemma="on">jim</w>
               <S/>
               <w msd="Ggnd-mm" lemma="slediti">sledili</w>
               <S/>
               <w msd="Slmmi" lemma="Nemec">Nemci</w>
               <c>.</c>
               <S/>
            </s>
            <s>
               <w msd="Ggvd-mm" lemma="selekcionirati">Selekcionirali</w>
               <S/>
               <w msd="Gp-stm-n" lemma="biti">so</w>
               <S/>
               <w msd="Sommt" lemma="sejanec">sejance</w>
               <S/>
               <w msd="Sozmr" lemma="rastlina">rastlin</w>
               <c>,</c>
               <S/>
               <w msd="Ppnmmr" lemma="prinešen">prinešenih</w>
               <S/>
               <w msd="Dr" lemma="iz">iz</w>
               <S/>
               <w msd="Sozer" lemma="narava">narave</w>
               <c>.</c>
               <S/>
            </s>
            <s>
               <w msd="Rsn" lemma="dandanes">Dandanes</w>
               <S/>
               <w msd="Ggnste" lemma="potekati">poteka</w>
               <S/>
               <w msd="Soset" lemma="žlahtnenje">žlahtnenje</w>
               <S/>
               <w msd="Dm" lemma="v">v</w>
               <S/>
               <w msd="Pdnsem" lemma="nadzorovan">nadzorovanem</w>
               <S/>
               <w msd="Sosem" lemma="okolje">okolju</w>
               <S/>
               <w msd="Sommr" lemma="rastlinjak">rastlinjakov</w>
               <c>.</c>
               <S/>
            </s>
            <s>
               <w msd="Rsn" lemma="doslej">Doslej</w>
               <S/>
               <w msd="Pdnsei" lemma="zbran">zbrano</w>
               <S/>
               <w msd="Soset" lemma="znanje">znanje</w>
               <S/>
               <w msd="Dm" lemma="o">o</w>
               <S/>
               <w msd="Sozem" lemma="genetika">genetiki</w>
               <S/>
               <w msd="Ggnste" lemma="omogočati">omogoča</w>
               <S/>
               <w msd="Sommd" lemma="žlahtnitelj">žlahtniteljem</w>
               <c>,</c>
               <S/>
               <w msd="Vd" lemma="da">da</w>
               <S/>
               <w msd="Gp-stm-n" lemma="biti">so</w>
               <S/>
               <w msd="Ppnmmi" lemma="sposoben">sposobni</w>
               <S/>
               <w msd="Ggdn" lemma="predvideti">predvideti</w>
               <S/>
               <w msd="Sometn" lemma="tip">tip</w>
               <S/>
               <w msd="Somer" lemma="cvet">cveta</w>
               <S/>
               <w msd="Vp" lemma="in">in</w>
               <S/>
               <w msd="L" lemma="celo">celo</w>
               <S/>
               <w msd="Ppnmetd" lemma="barven">barvni</w>
               <S/>
               <w msd="Sometn" lemma="odtenek">odtenek</w>
               <c>.</c>
               <S/>
            </s>
            <s>
               <w msd="Ppsmeid" lemma="nov">Najnovejši</w>
               <S/>
               <w msd="Somei" lemma="tip">tip</w>
               <S/>
               <w msd="Sommr" lemma="cvet">cvetov</w>
               <c>,</c>
               <S/>
               <w msd="Vd" lemma="ki">ki</w>
               <S/>
               <w msd="Gp-pte-n" lemma="biti">bo</w>
               <S/>
               <w msd="Dm" lemma="na">na</w>
               <S/>
               <w msd="Sosem" lemma="tržišče">tržišču</w>
               <S/>
               <w msd="Dt" lemma="čez">čez</w>
               <S/>
               <w msd="Rsn" lemma="nekaj">nekaj</w>
               <S/>
               <w msd="Sosmr" lemma="leto">let</w>
               <c>,</c>
               <S/>
               <w msd="Gp-ste-n" lemma="biti">je</w>
               <S/>
               <c>'</c>
               <w msd="Sozei" lemma="striata">Striata</w>
               <c>'</c>
               <c>,</c>
               <S/>
               <w msd="Rsn" lemma="kar">kar</w>
               <S/>
               <w msd="Ggnste" lemma="označevati">označuje</w>
               <S/>
               <w msd="Sometn" lemma="cvet">cvet</w>
               <S/>
               <w msd="Do" lemma="z">z</w>
               <S/>
               <w msd="Ppnzmo" lemma="navpičen">navpičnimi</w>
               <S/>
               <w msd="Sozmo" lemma="proga">progami</w>
               <c>.</c>
               <S/>
            </s>
            <s>
               <w msd="Rsn" lemma="vse">Vse</w>
               <S/>
               <w msd="Rsr" lemma="bolj">bolj</w>
               <S/>
               <w msd="Ggnstm" lemma="ceniti">cenijo</w>
               <S/>
               <w msd="L" lemma="tudi">tudi</w>
               <S/>
               <w msd="Ppnmmt" lemma="srebrn">srebrne</w>
               <S/>
               <w msd="Sommt" lemma="vzorec">vzorce</w>
               <S/>
               <w msd="Dm" lemma="na">na</w>
               <S/>
               <w msd="Sommm" lemma="list">listih</w>
               <S/>
               <w msd="Vp" lemma="in">in</w>
               <S/>
               <w msd="Somei" lemma="vonj">vonj</w>
               <S/>
               <w msd="Sommr" lemma="cvet">cvetov</w>
               <c>,</c>
               <S/>
               <w msd="Vd" lemma="ki">ki</w>
               <S/>
               <w msd="Gp-ste-n" lemma="biti">je</w>
               <S/>
               <w msd="Pppmmi" lemma="izrazit">izrazitejši</w>
               <S/>
               <w msd="Dm" lemma="pri">pri</w>
               <S/>
               <w msd="Sozem" lemma="mina">mini</w>
               <S/>
               <w msd="Vp" lemma="in">in</w>
               <S/>
               <w msd="Rsn" lemma="srednje">srednje</w>
               <S/>
               <w msd="Ppnmmr" lemma="velik">velikih</w>
               <S/>
               <w msd="Sozmm" lemma="ciklama">ciklamah</w>
               <c>.</c>
               <S/>
            </s>
         </p>
         <p xml:id="F0000707.000035">
            <s>
               <w msd="Somei" lemma="opis">OPIS</w>
               <S/>
               <w msd="Zc-zmi" lemma="ves">Vse</w>
               <S/>
               <w msd="Pdnzmi" lemma="gojen">gojene</w>
               <S/>
               <w msd="Sozmi" lemma="oblika">oblike</w>
               <S/>
               <w msd="Sommr" lemma="koralnik">koralnikov</w>
               <S/>
               <w msd="Vp" lemma="ali">ali</w>
               <S/>
               <w msd="Ppnmmr" lemma="okrasen">okrasnih</w>
               <S/>
               <w msd="Sommr" lemma="razhudnik">razhudnikov</w>
               <S/>
               <w msd="Gp-stm-n" lemma="biti">so</w>
               <S/>
               <w msd="Ppnzmi" lemma="grmičast">grmičaste</w>
               <S/>
               <w msd="Sozmi" lemma="rastlina">rastline</w>
               <S/>
               <w msd="Do" lemma="z">s</w>
               <S/>
               <w msd="Rsn" lemma="precej">precej</w>
               <S/>
               <w msd="Rsn" lemma="neurejeno">neurejeno</w>
               <S/>
               <w msd="Pdnzmo" lemma="rastoč">rastočimi</w>
               <S/>
               <w msd="Sozmo" lemma="vejica">vejicami</w>
               <c>.</c>
               <S/>
            </s>
            <s>
               <w msd="Ggnspm" lemma="oblikovati">Oblikujemo</w>
               <S/>
               <w msd="Zotzmt--k" lemma="on">jih</w>
               <S/>
               <w msd="Rsn" lemma="lahko">lahko</w>
               <S/>
               <w msd="Dt" lemma="v">v</w>
               <S/>
               <w msd="Rsn" lemma="zelo">zelo</w>
               <S/>
               <w msd="Ppnzei" lemma="lep">lepa</w>
               <S/>
               <w msd="Sozei" lemma="krošnjasta">krošnjasta</w>
               <S/>
               <w msd="Soser" lemma="drevesce">drevesca</w>
               <S/>
               <w msd="Vp" lemma="ali">ali</w>
               <S/>
               <w msd="Ppnmmt" lemma="visokodebeln">visokodebelne</w>
               <S/>
               <w msd="Sommt" lemma="grmič">grmiče</w>
               <c>,</c>
               <S/>
               <w msd="Vd" lemma="ki">ki</w>
               <S/>
               <w msd="Ggdstm" lemma="zrasti">zrastejo</w>
               <S/>
               <w msd="Rsr" lemma="več">več</w>
               <S/>
               <w msd="Vd" lemma="kot">kot</w>
               <S/>
               <w msd="Somei" lemma="meter">meter</w>
               <S/>
               <w msd="Rsn" lemma="visoko">visoko</w>
               <c>.</c>
               <S/>
            </s>
            <s>
               <w msd="Sozmi" lemma="rastlina">Rastline</w>
               <S/>
               <w msd="Gp-stm-n" lemma="biti">so</w>
               <S/>
               <w msd="Dm" lemma="po">po</w>
               <S/>
               <w msd="Zp-zem" lemma="svoj">svoji</w>
               <S/>
               <w msd="Sozem" lemma="narava">naravi</w>
               <S/>
               <w msd="Ppnzmi" lemma="zimzelen">zimzelene</w>
               <c>,</c>
               <S/>
               <w msd="Vp" lemma="a">a</w>
               <S/>
               <w msd="Zotmmd--k" lemma="on">jim</w>
               <S/>
               <w msd="Rsn" lemma="včasih">včasih</w>
               <S/>
               <w msd="Rsn" lemma="vseeno">vseeno</w>
               <S/>
               <w msd="Ggdstm" lemma="odpasti">odpadejo</w>
               <S/>
               <w msd="Sommi" lemma="list">listi</w>
               <c>.</c>
               <S/>
            </s>
            <s>
               <w msd="Zk-zmi" lemma="takšen">Takšne</w>
               <S/>
               <w msd="Sozer" lemma="rastlina">rastline</w>
               <S/>
               <w msd="Ggnspm" lemma="morati">moramo</w>
               <S/>
               <w msd="Somer" lemma="marec">marca</w>
               <S/>
               <w msd="Rsn" lemma="krepko">krepko</w>
               <S/>
               <w msd="Ggdn" lemma="obrezati">obrezati</w>
               <c>,</c>
               <S/>
               <w msd="Vd" lemma="da">da</w>
               <S/>
               <w msd="Ggdspm" lemma="spodbuditi">spodbudimo</w>
               <S/>
               <w msd="Sometn" lemma="razvoj">razvoj</w>
               <S/>
               <w msd="Ppnmmr" lemma="nov">novih</w>
               <S/>
               <w msd="Sommr" lemma="poganjek">poganjkov</w>
               <c>.</c>
               <S/>
            </s>
            <s>
               <w msd="Dr" lemma="od">Od</w>
               <S/>
               <w msd="Somer" lemma="maj">maja</w>
               <S/>
               <w msd="Dr" lemma="do">do</w>
               <S/>
               <w msd="Somer" lemma="julij">julija</w>
               <S/>
               <w msd="Zp------k" lemma="se">se</w>
               <S/>
               <w msd="Ggnstm" lemma="odpirati">odpirajo</w>
               <S/>
               <w msd="Ppnmmi" lemma="bel">beli</w>
               <S/>
               <w msd="Sommi" lemma="cvet">cvetovi</w>
               <c>,</c>
               <S/>
               <w msd="Vd" lemma="ki">ki</w>
               <S/>
               <w msd="Gp-stm-n" lemma="biti">so</w>
               <S/>
               <w msd="Rsn" lemma="nekoliko">nekoliko</w>
               <S/>
               <w msd="Ppnmmi" lemma="podoben">podobni</w>
               <S/>
               <w msd="Sommd" lemma="cvet">cvetovom</w>
               <S/>
               <w msd="Somer" lemma="krompir">krompirja</w>
               <c>.</c>
               <S/>
            </s>
            <s>
               <w msd="Dr" lemma="iz">Iz</w>
               <S/>
               <w msd="Sommr" lemma="cvet">cvetov</w>
               <S/>
               <w msd="Ggdstm" lemma="dozoreti">dozorijo</w>
               <S/>
               <w msd="Rsn" lemma="jeseni">jeseni</w>
               <S/>
               <w msd="Pdnmeid" lemma="bleščeč">bleščeči</w>
               <S/>
               <w msd="Zp------k" lemma="se">se</w>
               <S/>
               <w msd="Ppnmmi" lemma="kroglast">kroglasti</w>
               <S/>
               <w msd="Sommi" lemma="plod">plodovi</w>
               <c>,</c>
               <S/>
               <w msd="Vd" lemma="ki">ki</w>
               <S/>
               <w msd="Dm" lemma="na">na</w>
               <S/>
               <w msd="Ppnsmm" lemma="hladen">hladnih</w>
               <S/>
               <w msd="Sosmm" lemma="rastišče">rastiščih</w>
               <S/>
               <c>(</c>
               <w msd="Kag" lemma="810">810</w>
               <S/>
               <w msd="Somei" lemma="oc">oC</w>
               <c>)</c>
               <S/>
               <w msd="L" lemma="še">še</w>
               <S/>
               <w msd="Rsn" lemma="dolgo">dolgo</w>
               <S/>
               <w msd="Ggnstm" lemma="krasiti">krasijo</w>
               <S/>
               <w msd="Sozet" lemma="rastlina">rastlino</w>
               <c>.</c>
               <S/>
            </s>
         </p>
         <p xml:id="F0000707.000042">
            <s>
               <w msd="Zz-mei" lemma="kdor">Kdor</w>
               <S/>
               <w msd="Zp------k" lemma="se">se</w>
               <S/>
               <w msd="Rsn" lemma="rad">rad</w>
               <S/>
               <w msd="Somer" lemma="pod">poda</w>
               <S/>
               <w msd="Dt" lemma="na">na</w>
               <S/>
               <w msd="Ppnmmt" lemma="dolg">dolge</w>
               <S/>
               <w msd="Sommt" lemma="sprehod">sprehode</w>
               <S/>
               <w msd="Dm" lemma="po">po</w>
               <S/>
               <w msd="Sommm" lemma="travnik">travnikih</w>
               <c>,</c>
               <S/>
               <w msd="Sommm" lemma="gozd">gozdovih</w>
               <S/>
               <w msd="Vp" lemma="in">in</w>
               <S/>
               <w msd="Sommm" lemma="hrib">hribih</w>
               <c>,</c>
               <S/>
               <w msd="Zp------k" lemma="se">se</w>
               <S/>
               <w msd="Rsn" lemma="velikokrat">velikokrat</w>
               <S/>
               <w msd="L" lemma="le">le</w>
               <S/>
               <w msd="Rsn" lemma="težko">težko</w>
               <S/>
               <w msd="Ggdste" lemma="upreti">upre</w>
               <S/>
               <w msd="Sozed" lemma="skušnjava">skušnjavi</w>
               <c>,</c>
               <S/>
               <w msd="Vd" lemma="da">da</w>
               <S/>
               <w msd="L" lemma="ne">ne</w>
               <S/>
               <w msd="Gp-g" lemma="biti">bi</w>
               <S/>
               <w msd="Dr" lemma="iz">iz</w>
               <S/>
               <w msd="Ppnzer" lemma="neokrnjen">neokrnjene</w>
               <S/>
               <w msd="Sozer" lemma="narava">narave</w>
               <S/>
               <w msd="Rsn" lemma="domov">domov</w>
               <S/>
               <w msd="Ggdd-em" lemma="prinesti">prinesel</w>
               <S/>
               <w msd="L" lemma="vsaj">vsaj</w>
               <S/>
               <w msd="Rsn" lemma="nekaj">nekaj</w>
               <S/>
               <w msd="Ppnsmr" lemma="zdravilen">zdravilnih</w>
               <S/>
               <w msd="Sosmr" lemma="zelišče">zelišč</w>
               <c>.</c>
               <S/>
            </s>
            <s>
               <w msd="Ppnmmi" lemma="zdravilen">Zdravilni</w>
               <S/>
               <w msd="Sommi" lemma="čaj">čaji</w>
               <c>,</c>
               <S/>
               <w msd="Dt" lemma="za">za</w>
               <S/>
               <w msd="Zv-mmt" lemma="kateri">katere</w>
               <S/>
               <w msd="Gp-spm-n" lemma="biti">smo</w>
               <S/>
               <w msd="Sozmt" lemma="sestavina">sestavine</w>
               <S/>
               <w msd="Ggdd-mm" lemma="nabrati">nabrali</w>
               <S/>
               <w msd="Ppnmmi" lemma="sam">sami</w>
               <c>,</c>
               <S/>
               <w msd="Ggnstm" lemma="dišati">dišijo</w>
               <S/>
               <w msd="Dm" lemma="po">po</w>
               <S/>
               <w msd="Sosem" lemma="poletje">poletju</w>
               <S/>
               <w msd="Vp" lemma="in">in</w>
               <S/>
               <w msd="Dm" lemma="v">v</w>
               <S/>
               <w msd="Zstmemm" lemma="njihov">njihovem</w>
               <S/>
               <w msd="Somem" lemma="vonj">vonju</w>
               <S/>
               <w msd="Vp" lemma="ter">ter</w>
               <S/>
               <w msd="Somem" lemma="okus">okusu</w>
               <S/>
               <w msd="Zp------k" lemma="se">se</w>
               <S/>
               <w msd="Ggnstm" lemma="skrivati">skrivajo</w>
               <S/>
               <w msd="Sommi" lemma="spomin">spomini</w>
               <S/>
               <w msd="Dt" lemma="na">na</w>
               <S/>
               <w msd="Ppnmmt" lemma="čudovit">čudovite</w>
               <S/>
               <w msd="Ppnmmt" lemma="sončen">sončne</w>
               <S/>
               <w msd="Sommt" lemma="dan">dneve</w>
               <c>,</c>
               <S/>
               <w msd="Vd" lemma="ko">ko</w>
               <S/>
               <w msd="Gp-spm-n" lemma="biti">smo</w>
               <S/>
               <w msd="Dm" lemma="ob">ob</w>
               <S/>
               <w msd="Sosem" lemma="petje">petju</w>
               <S/>
               <w msd="Sozmr" lemma="ptica">ptic</w>
               <S/>
               <w msd="Ggnd-mm" lemma="uživati">uživali</w>
               <S/>
               <w msd="Dm" lemma="pri">pri</w>
               <S/>
               <w msd="Sosem" lemma="nabiranje">nabiranju</w>
               <S/>
               <w msd="Sozer" lemma="zel">zeli</w>
               <c>.</c>
               <S/>
            </s>
            <s>
               <w msd="Zc-mei" lemma="vsak">Vsak</w>
               <S/>
               <w msd="Somei" lemma="ljubitelj">ljubitelj</w>
               <S/>
               <w msd="Sozer" lemma="narava">narave</w>
               <c>,</c>
               <S/>
               <w msd="Vd" lemma="ki">ki</w>
               <S/>
               <w msd="Gp-ste-n" lemma="biti">je</w>
               <S/>
               <w msd="L" lemma="že">že</w>
               <S/>
               <w msd="Rsn" lemma="kdaj">kdaj</w>
               <S/>
               <w msd="Ggnd-em" lemma="nabirati">nabiral</w>
               <S/>
               <w msd="Soser" lemma="zelišče">zelišča</w>
               <c>,</c>
               <S/>
               <w msd="Gp-ste-n" lemma="biti">je</w>
               <S/>
               <w msd="Ggdd-em" lemma="okusiti">okusil</w>
               <c>,</c>
               <S/>
               <w msd="Rsn" lemma="kako">kako</w>
               <S/>
               <w msd="Rsn" lemma="imenitno">imenitno</w>
               <S/>
               <w msd="Gp-ste-n" lemma="biti">je</w>
               <S/>
               <w msd="Ggdn" lemma="skuhati">skuhati</w>
               <S/>
               <w msd="Somei" lemma="čaj">čaj</w>
               <S/>
               <w msd="Dr" lemma="iz">iz</w>
               <S/>
               <c>»</c>
               <w msd="Zp-smr" lemma="svoj">svojih</w>
               <S/>
               <w msd="Sosmr" lemma="zelišče">zelišč</w>
               <c>«</c>
               <c>.</c>
               <S/>
            </s>
         </p>
         <p xml:id="F0000707.000066">
            <s>
               <w msd="L" lemma="ne">Ne</w>
               <S/>
               <w msd="Gp-pte-n" lemma="biti">bo</w>
               <S/>
               <w msd="Rsn" lemma="odveč">odveč</w>
               <S/>
               <w msd="Rsn" lemma="ponovno">ponovno</w>
               <S/>
               <w msd="Ggdd-es" lemma="opozoriti">opozorilo</w>
               <c>,</c>
               <S/>
               <w msd="Vd" lemma="da">da</w>
               <S/>
               <w msd="Sosmi" lemma="jabolko">jabolka</w>
               <S/>
               <w msd="Ggnspm" lemma="shranjevati">shranjujemo</w>
               <S/>
               <w msd="Rsn" lemma="ločeno">ločeno</w>
               <S/>
               <w msd="Dr" lemma="od">od</w>
               <S/>
               <w msd="Pdnzer" lemma="ostal">ostale</w>
               <S/>
               <w msd="Sozer" lemma="zelenjava">zelenjave</w>
               <c>,</c>
               <S/>
               <w msd="Vd" lemma="ker">ker</w>
               <S/>
               <w msd="Zstzeim" lemma="njihov">njihova</w>
               <S/>
               <w msd="Sozei" lemma="prisotnost">prisotnost</w>
               <S/>
               <w msd="Ggdste" lemma="pospešiti">pospeši</w>
               <S/>
               <w msd="Soset" lemma="staranje">staranje</w>
               <S/>
               <w msd="Sommr" lemma="pridelek">pridelkov</w>
               <c>.</c>
               <S/>
            </s>
            <s>
               <w msd="Vd" lemma="če">Če</w>
               <S/>
               <w msd="Ggnspm-n" lemma="imeti">imamo</w>
               <S/>
               <w msd="Sozet" lemma="možnost">možnost</w>
               <c>,</c>
               <S/>
               <w msd="Ggdspm" lemma="shraniti">shranimo</w>
               <S/>
               <w msd="Sosmi" lemma="jabolko">jabolka</w>
               <S/>
               <w msd="Dm" lemma="v">v</w>
               <S/>
               <w msd="Ppnmmm" lemma="nizek">nizkih</w>
               <S/>
               <w msd="Ppnmmm" lemma="lesen">lesenih</w>
               <S/>
               <w msd="Sommm" lemma="zabojček">zabojčkih</w>
               <S/>
               <w msd="Vp" lemma="ali">ali</w>
               <S/>
               <w msd="Pdnzei" lemma="razpostavljen">razpostavljena</w>
               <S/>
               <w msd="Dm" lemma="po">po</w>
               <S/>
               <w msd="Sozmm" lemma="polica">policah</w>
               <c>,</c>
               <S/>
               <w msd="L" lemma="samo">samo</w>
               <S/>
               <w msd="Dm" lemma="v">v</w>
               <S/>
               <w msd="Kbzzem" lemma="en">eni</w>
               <S/>
               <w msd="Sozem" lemma="plast">plasti</w>
               <S/>
               <w msd="Do" lemma="z">s</w>
               <S/>
               <w msd="Zv-seo" lemma="kaj">čim</w>
               <S/>
               <w msd="Pppzmo" lemma="majhen">manjšimi</w>
               <S/>
               <w msd="Ppnmmo" lemma="vmesen">vmesnimi</w>
               <S/>
               <w msd="Sommo" lemma="prostor">prostori</w>
               <c>.</c>
               <S/>
            </s>
            <s>
               <w msd="Rss" lemma="dobro">Najbolje</w>
               <S/>
               <w msd="Gp-ste-n" lemma="biti">je</w>
               <c>,</c>
               <S/>
               <w msd="Vd" lemma="če">če</w>
               <S/>
               <w msd="Zotmmt--k" lemma="on">jih</w>
               <S/>
               <w msd="Ggnspm" lemma="polagati">polagamo</w>
               <S/>
               <w msd="Dt" lemma="na">na</w>
               <S/>
               <w msd="Sozet" lemma="slama">slamo</w>
               <S/>
               <w msd="Vp" lemma="ali">ali</w>
               <S/>
               <w msd="Zotmmd--k" lemma="on">jim</w>
               <S/>
               <w msd="Ggdspm" lemma="narediti">naredimo</w>
               <S/>
               <w msd="Zn-zei" lemma="nekakšen">nekakšna</w>
               <S/>
               <w msd="Sometn" lemma="gnez">gnez</w>
               <c>-</c>
               <w msd="Somer" lemma="dec">deca</w>
               <S/>
               <w msd="Dr" lemma="iz">iz</w>
               <S/>
               <w msd="Ppnmer" lemma="časopisen">časopisnega</w>
               <S/>
               <w msd="Somer" lemma="papir">papirja</w>
               <c>.</c>
            </s>
         </p>
         <p xml:id="F0000707.000095">
            <s>
               <w msd="Sommt" lemma="okrasek">Okraske</w>
               <S/>
               <w msd="Rsn" lemma="lahko">lahko</w>
               <S/>
               <w msd="Ggdspm" lemma="izdelati">izdelamo</w>
               <S/>
               <w msd="L" lemma="samo">samo</w>
               <S/>
               <w msd="Dr" lemma="iz">iz</w>
               <S/>
               <w msd="Kbzzer" lemma="en">ene</w>
               <S/>
               <w msd="Sozer" lemma="vrsta">vrste</w>
               <S/>
               <w msd="Sommr" lemma="storž">storžev</w>
               <c>,</c>
               <S/>
               <w msd="Vp" lemma="ali">ali</w>
               <S/>
               <w msd="Vp" lemma="pa">pa</w>
               <S/>
               <w msd="Dm" lemma="pri">pri</w>
               <S/>
               <w msd="Sozem" lemma="izdelava">izdelavi</w>
               <S/>
               <w msd="Ggdspm" lemma="uporabiti">uporabimo</w>
               <S/>
               <w msd="Sometn" lemma="raz">raz</w>
               <c>-</c>
               <w msd="Rsn" lemma="lično">lično</w>
               <S/>
               <w msd="Ppnzmi" lemma="velik">velike</w>
               <S/>
               <w msd="Sommt" lemma="storž">storže</w>
               <S/>
               <w msd="Ppnmmr" lemma="različen">različnih</w>
               <S/>
               <w msd="Sommr" lemma="iglavec">iglavcev</w>
               <c>:</c>
               <S/>
               <w msd="Somer" lemma="bor">bora</w>
               <c>,</c>
               <S/>
               <w msd="Sozer" lemma="smreka">smreke</w>
               <c>,</c>
               <S/>
               <w msd="Sozer" lemma="jelka">jelke</w>
               <c>,</c>
               <S/>
               <w msd="Somer" lemma="macesen">macesna</w>
               <S/>
               <w msd="Vp" lemma="ali">ali</w>
               <S/>
               <w msd="Sozer" lemma="cedra">cedre</w>
               <c>.</c>
               <S/>
            </s>
            <s>
               <w msd="Ppnmmi" lemma="lep">Lepi</w>
               <S/>
               <w msd="Gp-stm-n" lemma="biti">so</w>
               <S/>
               <w msd="Rsn" lemma="tako">tako</w>
               <S/>
               <w msd="Ppnmmi" lemma="naraven">naravni</w>
               <S/>
               <w msd="Vd" lemma="kot">kot</w>
               <S/>
               <w msd="Zk-mmi" lemma="tisti">tisti</w>
               <c>,</c>
               <S/>
               <w msd="Vd" lemma="ki">ki</w>
               <S/>
               <w msd="Zotzmt--k" lemma="on">jih</w>
               <S/>
               <w msd="Ggdspm" lemma="posrebriti">posrebrimo</w>
               <c>,</c>
               <S/>
               <w msd="Rsn" lemma="belo">belo</w>
               <S/>
               <w msd="Ggdspm" lemma="pobarvati">pobarvamo</w>
               <S/>
               <w msd="Vp" lemma="ali">ali</w>
               <S/>
               <w msd="Ggdspm" lemma="posladkoriti">posladkorimo</w>
               <c>.</c>
               <S/>
            </s>
            <s>
               <w msd="Rsn" lemma="lahko">Lahko</w>
               <S/>
               <w msd="Zotmmt--k" lemma="on">jih</w>
               <S/>
               <w msd="Ppnmmt" lemma="cel">cele</w>
               <S/>
               <w msd="Ggdste" lemma="potopiti">potopi</w>
               <c>-</c>
               <w msd="Slmei" lemma="mo">mo</w>
               <S/>
               <w msd="Dt" lemma="v">v</w>
               <S/>
               <w msd="Sozet" lemma="barva">barvo</w>
               <S/>
               <w msd="Vp" lemma="ali">ali</w>
               <S/>
               <w msd="Vp" lemma="pa">pa</w>
               <S/>
               <w msd="Zotmmt--k" lemma="on">jih</w>
               <S/>
               <w msd="Ggdspm" lemma="pobarvati">pobarvamo</w>
               <S/>
               <w msd="Rsn" lemma="tako">tako</w>
               <c>,</c>
               <S/>
               <w msd="Vd" lemma="da">da</w>
               <S/>
               <w msd="Ggdspm" lemma="prijeti">primemo</w>
               <S/>
               <w msd="Sommr" lemma="storž">storžev</w>
               <S/>
               <w msd="Somei" lemma="pecelj">pecelj</w>
               <S/>
               <w msd="Rsn" lemma="tako">tako</w>
               <c>,</c>
               <S/>
               <w msd="Vd" lemma="da">da</w>
               <S/>
               <w msd="Somei" lemma="storž">storž</w>
               <S/>
               <w msd="Ggnspm" lemma="držati">držimo</w>
               <S/>
               <w msd="Rsn" lemma="pokonci">pokonci</w>
               <c>,</c>
               <S/>
               <w msd="Rsn" lemma="nato">nato</w>
               <S/>
               <w msd="Vp" lemma="pa">pa</w>
               <S/>
               <w msd="Zotmed--k" lemma="on">mu</w>
               <S/>
               <w msd="Do" lemma="z">s</w>
               <S/>
               <w msd="Someo" lemma="čopič">čopičem</w>
               <S/>
               <w msd="Ggdspm" lemma="premazati">premažemo</w>
               <S/>
               <w msd="Sozer" lemma="luska">luske</w>
               <S/>
               <w msd="Dm" lemma="na">na</w>
               <S/>
               <w msd="Ppnmem" lemma="zunanji">zunanjem</w>
               <S/>
               <w msd="Somem" lemma="rob">robu</w>
               <c>,</c>
               <S/>
               <w msd="Vd" lemma="da">da</w>
               <S/>
               <w msd="Gp-ste-n" lemma="biti">je</w>
               <S/>
               <w msd="Ggvn" lemma="videti">videti</w>
               <c>,</c>
               <S/>
               <w msd="Vd" lemma="kot">kot</w>
               <S/>
               <w msd="Gp-g" lemma="biti">bi</w>
               <S/>
               <w msd="Gp-d-em" lemma="biti">bil</w>
               <S/>
               <w msd="Pdnmein" lemma="zasnežen">zasnežen</w>
               <c>.</c>
               <S/>
            </s>
            <s>
               <w msd="L" lemma="tudi">Tudi</w>
               <S/>
               <w msd="Ggdspm" lemma="posladkoriti">posladkorimo</w>
               <S/>
               <w msd="Zotmet--k" lemma="on">ga</w>
               <S/>
               <w msd="Dt" lemma="na">na</w>
               <S/>
               <w msd="Zn-met" lemma="enak">enak</w>
               <S/>
               <w msd="Sometn" lemma="način">način</w>
               <c>,</c>
               <S/>
               <w msd="L" lemma="le">le</w>
               <S/>
               <w msd="Vd" lemma="da">da</w>
               <S/>
               <w msd="Dr" lemma="namesto">namesto</w>
               <S/>
               <w msd="Sozer" lemma="barva">barve</w>
               <S/>
               <w msd="Somei" lemma="storž">storž</w>
               <S/>
               <w msd="Ggdspm" lemma="premazati">premažemo</w>
               <S/>
               <w msd="Do" lemma="z">z</w>
               <S/>
               <w msd="Rsn" lemma="rahlo">rahlo</w>
               <S/>
               <w msd="Pdnmeo" lemma="stepen">stepenim</w>
               <S/>
               <w msd="Someo" lemma="beljak">beljakom</w>
               <c>,</c>
               <S/>
               <w msd="Ggdspm" lemma="počakati">počakamo</w>
               <c>,</c>
               <S/>
               <w msd="Vd" lemma="da">da</w>
               <S/>
               <w msd="Zp------k" lemma="se">se</w>
               <S/>
               <w msd="Rsn" lemma="malo">malo</w>
               <S/>
               <w msd="Ggdste" lemma="posušiti">posuši</w>
               <c>,</c>
               <S/>
               <w msd="Vp" lemma="in">in</w>
               <S/>
               <w msd="Zotmet--z" lemma="čezme">čezenj</w>
               <S/>
               <w msd="Ggdspm" lemma="potresti">potresemo</w>
               <S/>
               <w msd="Sometn" lemma="sladkor">sladkor</w>
               <S/>
               <w msd="Vp" lemma="ali">ali</w>
               <S/>
               <w msd="Ppnmein" lemma="umeten">umeten</w>
               <S/>
               <w msd="Somei" lemma="sneg">sneg</w>
               <c>.</c>
               <S/>
            </s>
            <s>
               <w msd="Somer" lemma="storž">Storža</w>
               <S/>
               <w msd="L" lemma="ne">ne</w>
               <S/>
               <w msd="Ggnspm" lemma="pomakati">pomakamo</w>
               <S/>
               <w msd="Dt" lemma="v">v</w>
               <S/>
               <w msd="Sometn" lemma="beljak">beljak</w>
               <c>,</c>
               <S/>
               <w msd="Vd" lemma="ker">ker</w>
               <S/>
               <w msd="Gp-g" lemma="biti">bi</w>
               <S/>
               <w msd="Gp-d-em" lemma="biti">bil</w>
               <S/>
               <w msd="Ppnmein" lemma="prevlažen">prevlažen</w>
               <S/>
               <w msd="Vp" lemma="in">in</w>
               <S/>
               <w msd="Rsn" lemma="zato">zato</w>
               <S/>
               <w msd="L" lemma="ne">ne</w>
               <S/>
               <w msd="Gp-g" lemma="biti">bi</w>
               <S/>
               <w msd="Ggdd-mm" lemma="doseči">dosegli</w>
               <S/>
               <w msd="Pdnmer" lemma="želen">želenega</w>
               <S/>
               <w msd="Somer" lemma="učinek">učinka</w>
               <c>.</c>
               <S/>
            </s>
            <s>
               <w msd="Somei" lemma="sneg">Sneg</w>
               <S/>
               <w msd="Ggnspm" lemma="nanašati">nanašamo</w>
               <S/>
               <w msd="Do" lemma="z">s</w>
               <S/>
               <w msd="Someo" lemma="čopič">čopičem</w>
               <S/>
               <w msd="Dt" lemma="na">na</w>
               <S/>
               <w msd="Sometn" lemma="storž">storž</w>
               <S/>
               <w msd="Dm" lemma="v">v</w>
               <S/>
               <w msd="Ppnzem" lemma="tanek">tanki</w>
               <S/>
               <w msd="Sozem" lemma="plast">plasti</w>
               <c>.</c>
               <S/>
            </s>
            <s>
               <w msd="Dt" lemma="za">Za</w>
               <S/>
               <w msd="Soset" lemma="posutje">posutje</w>
               <S/>
               <w msd="Rsn" lemma="lahko">lahko</w>
               <S/>
               <w msd="Ggdspm" lemma="uporabiti">uporabimo</w>
               <S/>
               <w msd="L" lemma="tudi">tudi</w>
               <S/>
               <w msd="Sozmt" lemma="bleščica">bleščice</w>
               <S/>
               <w msd="Vp" lemma="ali">ali</w>
               <S/>
               <w msd="Vp" lemma="pa">pa</w>
               <S/>
               <w msd="Sommt" lemma="storž">storže</w>
               <S/>
               <w msd="Rsn" lemma="preprosto">preprosto</w>
               <S/>
               <w msd="Ggdspm" lemma="napršiti">napršimo</w>
               <S/>
               <w msd="Do" lemma="z">z</w>
               <S/>
               <w msd="Ppnmeo" lemma="umeten">umetnim</w>
               <S/>
               <w msd="Someo" lemma="sneg">snegom</w>
               <c>.</c>
            </s>
         </p>
         <p xml:id="F0000707.000134">
            <s>
               <w msd="Sozei" lemma="zasaditev">Zasaditev</w>
               <c>,</c>
               <S/>
               <w msd="Sozer" lemma="barva">barve</w>
               <c>,</c>
               <S/>
               <w msd="Sommi" lemma="material">materiali</w>
            </s>
         </p>
         <p xml:id="F0000707.000252">
            <s>
               <w msd="Somei" lemma="foto">Foto</w>
               <c>:</c>
               <S/>
               <w msd="Slmei" lemma="Robert">Robert</w>
               <S/>
               <w msd="Slmei" lemma="Brus">Brus</w>
               <c>,</c>
               <S/>
               <w msd="Slmei" lemma="Jože">Jože</w>
               <S/>
               <w msd="Slmei" lemma="Bavcon">Bavcon</w>
            </s>
         </p>
         <p xml:id="F0000707.000281">
            <s>
               <w msd="Kav" lemma="1.">1.</w>
            </s>
         </p>
         <p xml:id="F0000707.000285">
            <s>
               <w msd="Kav" lemma="3.">3.</w>
            </s>
         </p>
         <p xml:id="F0000707.000304">
            <s>
               <w msd="Psnzei" lemma="Primožev">Primoževa</w>
               <S/>
               <w msd="Sozei" lemma="ljubezen">ljubezen</w>
               <S/>
               <w msd="Dr" lemma="do">do</w>
               <S/>
               <w msd="Sozmr" lemma="cvetlica">cvetlic</w>
               <S/>
               <w msd="Somer" lemma="izvir">izvira</w>
               <S/>
               <w msd="Dr" lemma="iz">iz</w>
               <S/>
               <w msd="Ppnsmr" lemma="otroški">otroških</w>
               <S/>
               <w msd="Sosmr" lemma="leto">let</w>
               <c>,</c>
               <S/>
               <w msd="Vd" lemma="ko">ko</w>
               <S/>
               <w msd="Gp-ste-n" lemma="biti">je</w>
               <S/>
               <w msd="Ggnd-em" lemma="imeti">imel</w>
               <S/>
               <w msd="Rsn" lemma="doma">doma</w>
               <S/>
               <w msd="Sozet" lemma="možnost">možnost</w>
               <S/>
               <w msd="Ggnn" lemma="skrbeti">skrbeti</w>
               <S/>
               <w msd="Dt" lemma="za">za</w>
               <S/>
               <w msd="Zp-zet" lemma="svoj">svojo</w>
               <S/>
               <w msd="Sozet" lemma="gredica">gredico</w>
               <c>.</c>
               <S/>
            </s>
            <s>
               <w msd="L" lemma="že">Že</w>
               <S/>
               <w msd="Do" lemma="med">med</w>
               <S/>
               <w msd="Ppnzeo" lemma="osnoven">osnovno</w>
               <S/>
               <w msd="Sozeo" lemma="šola">šolo</w>
               <S/>
               <w msd="Zotmed--k" lemma="on">mu</w>
               <S/>
               <w msd="Gp-ste-n" lemma="biti">je</w>
               <S/>
               <w msd="Gp-d-es" lemma="biti">bilo</w>
               <S/>
               <w msd="Ppnsei" lemma="jasen">jasno</w>
               <c>,</c>
               <S/>
               <w msd="Vd" lemma="da">da</w>
               <S/>
               <w msd="Ggnste" lemma="želeti">želi</w>
               <S/>
               <w msd="Ggdn" lemma="postati">postati</w>
               <S/>
               <w msd="Somei" lemma="cvetličar">cvetličar</w>
               <c>,</c>
               <S/>
               <w msd="Vp" lemma="zato">zato</w>
               <S/>
               <w msd="Gp-ste-n" lemma="biti">je</w>
               <S/>
               <w msd="Gp-d-ez" lemma="biti">bila</w>
               <S/>
               <w msd="Ppnzei" lemma="samoumeven">samoumevna</w>
               <S/>
               <w msd="Sozei" lemma="izbira">izbira</w>
               <S/>
               <w msd="Ppnzer" lemma="vrtnarski">vrtnarske</w>
               <S/>
               <w msd="Ppnzer" lemma="srednji">srednje</w>
               <S/>
               <w msd="Sozer" lemma="šola">šole</w>
               <S/>
               <w msd="Dm" lemma="v">v</w>
               <S/>
               <w msd="Slsem" lemma="Celje">Celju</w>
               <c>.</c>
               <S/>
            </s>
            <s>
               <w msd="Dm" lemma="po">Po</w>
               <S/>
               <w msd="Sosem" lemma="šolanje">šolanju</w>
               <S/>
               <w msd="Zp------k" lemma="se">se</w>
               <S/>
               <w msd="Gp-ste-n" lemma="biti">je</w>
               <S/>
               <w msd="Ggdd-em" lemma="zaposliti">zaposlil</w>
               <S/>
               <w msd="Dt" lemma="v">v</w>
               <S/>
               <w msd="Sozmr" lemma="pupa">PUP</w>
               <S/>
               <w msd="Slsei" lemma="Velenje">Velenje</w>
               <c>,</c>
               <S/>
               <w msd="Vd" lemma="kjer">kjer</w>
               <S/>
               <w msd="Gp-stm-n" lemma="biti">so</w>
               <S/>
               <w msd="Rsn" lemma="hitro">hitro</w>
               <S/>
               <w msd="Ggdd-mm" lemma="prepoznati">prepoznali</w>
               <S/>
               <w msd="Zstzetem" lemma="njegov">njegovo</w>
               <S/>
               <w msd="Sozet" lemma="nadarjenost">nadarjenost</w>
               <c>.</c>
               <S/>
            </s>
            <s>
               <w msd="Ggdd-em" lemma="prepoznati">Prepoznal</w>
               <S/>
               <w msd="Gp-spe-n" lemma="biti">sem</w>
               <S/>
               <w msd="Zotmet--k" lemma="on">ga</w>
               <S/>
               <w msd="Vd" lemma="kot">kot</w>
               <S/>
               <w msd="Sometd" lemma="človek">človeka</w>
               <c>,</c>
               <S/>
               <w msd="Vd" lemma="ki">ki</w>
               <S/>
               <w msd="Rsr" lemma="raje">raje</w>
               <S/>
               <w msd="Ggnste" lemma="delati">dela</w>
               <S/>
               <w msd="Vd" lemma="kot">kot</w>
               <S/>
               <w msd="Ggnste" lemma="govoriti">govori</w>
               <c>.</c>
               <S/>
            </s>
            <s>
               <w msd="Ggnste" lemma="zavedati">Zaveda</w>
               <S/>
               <w msd="Zp------k" lemma="se">se</w>
               <c>,</c>
               <S/>
               <w msd="Vd" lemma="da">da</w>
               <S/>
               <w msd="Gp-ste-n" lemma="biti">je</w>
               <S/>
               <w msd="Dm" lemma="v">v</w>
               <S/>
               <w msd="Ppnzem" lemma="celjski">celjski</w>
               <S/>
               <w msd="Sozem" lemma="šola">šoli</w>
               <S/>
               <w msd="L" lemma="sicer">sicer</w>
               <S/>
               <w msd="Ggdd-em" lemma="dobiti">dobil</w>
               <S/>
               <w msd="Sozer" lemma="osnova">osnove</w>
               <S/>
               <w msd="Dt" lemma="za">za</w>
               <S/>
               <w msd="Soset" lemma="delo">delo</w>
               <c>,</c>
               <S/>
               <w msd="Rss" lemma="največ">največ</w>
               <S/>
               <w msd="Vp" lemma="pa">pa</w>
               <S/>
               <w msd="Zp------k" lemma="se">se</w>
               <S/>
               <w msd="Gp-ste-n" lemma="biti">je</w>
               <S/>
               <w msd="Ggdd-em" lemma="naučiti">naučil</w>
               <S/>
               <w msd="Do" lemma="med">med</w>
               <S/>
               <w msd="Ppnseo" lemma="praktičen">praktičnim</w>
               <S/>
               <w msd="Soseo" lemma="delo">delom</w>
               <S/>
               <w msd="Dm" lemma="v">v</w>
               <S/>
               <w msd="Ppnzmm" lemma="velenjski">velenjskih</w>
               <S/>
               <w msd="Sozmm" lemma="cvetličarna">cvetličarnah</w>
               <c>.</c>
               <S/>
            </s>
         </p>
         <p xml:id="F0000707.000316">
            <s>
               <w msd="Sozmi" lemma="fotografija">Fotografije</w>
               <S/>
               <w msd="Pdnmer" lemma="cvetoč">cvetočega</w>
               <S/>
               <w msd="Somer" lemma="predvrt">predvrta</w>
               <S/>
               <w msd="Sozer" lemma="družina">družine</w>
               <S/>
               <w msd="Slmei" lemma="Merc">Merc</w>
               <S/>
               <w msd="Dr" lemma="z">s</w>
               <S/>
               <w msd="Slmer" lemma="Podlehnik">Podlehnika</w>
               <S/>
               <w msd="Dm" lemma="pri">pri</w>
               <S/>
               <w msd="Slmem" lemma="Ptuj">Ptuju</w>
               <c>,</c>
               <S/>
               <w msd="Vd" lemma="ki">ki</w>
               <S/>
               <w msd="Gp-stm-n" lemma="biti">so</w>
               <S/>
               <w msd="Zotmmt--k" lemma="on">jih</w>
               <S/>
               <w msd="Ggdd-mm" lemma="poslati">poslali</w>
               <S/>
               <w msd="Dt" lemma="za">za</w>
               <S/>
               <w msd="Ppnzet" lemma="lanskoleten">lanskoletno</w>
               <S/>
               <w msd="Ppnzet" lemma="nagraden">nagradno</w>
               <S/>
               <w msd="Sozet" lemma="akcija">akcijo</w>
               <S/>
               <w msd="Sozer" lemma="revija">revije</w>
               <S/>
               <w msd="Sozer" lemma="roža">Rože</w>
               <S/>
               <c>&amp;</c>
               <S/>
               <w msd="Somei" lemma="vrt">Vrt</w>
               <c>,</c>
               <S/>
               <w msd="Ppsmeid" lemma="lep">Najlepši</w>
               <S/>
               <w msd="Sometn" lemma="predvrt">predvrt</w>
               <c>,</c>
               <S/>
               <w msd="Gp-stm-n" lemma="biti">so</w>
               <S/>
               <w msd="Gp-d-mz" lemma="biti">bile</w>
               <S/>
               <w msd="Rsn" lemma="tako">tako</w>
               <S/>
               <w msd="Ppnzmi" lemma="prepričljiv">prepričljive</w>
               <c>,</c>
               <S/>
               <w msd="Vd" lemma="da">da</w>
               <S/>
               <w msd="Gp-stm-n" lemma="biti">so</w>
               <S/>
               <w msd="Zotmed--k" lemma="on">mu</w>
               <S/>
               <w msd="Sommi" lemma="član">člani</w>
               <S/>
               <w msd="Sozer" lemma="komisija">komisije</w>
               <S/>
               <w msd="Ggdd-mm" lemma="prisoditi">prisodili</w>
               <S/>
               <w msd="Kav" lemma="3.">3.</w>
               <S/>
               <w msd="Soset" lemma="mesto">mesto</w>
               <c>.</c>
               <S/>
            </s>
         </p>
         <p xml:id="F0000707.000324">
            <s>
               <w msd="Vd" lemma="kot">Kot</w>
               <S/>
               <w msd="Gp-g" lemma="biti">bi</w>
               <S/>
               <w msd="Do" lemma="z">z</w>
               <S/>
               <w msd="Someo" lemma="vrt">vrtom</w>
               <S/>
               <w msd="L" lemma="ne">ne</w>
               <S/>
               <w msd="Gp-d-es" lemma="biti">bilo</w>
               <S/>
               <w msd="Rsn" lemma="dovolj">dovolj</w>
               <S/>
               <w msd="Soser" lemma="delo">dela</w>
               <c>,</c>
               <S/>
               <w msd="Zp------k" lemma="se">se</w>
               <S/>
               <w msd="Slzei" lemma="Lojzka">Lojzka</w>
               <S/>
               <w msd="Slmei" lemma="Merc">Merc</w>
               <S/>
               <w msd="Ggnste" lemma="posvečati">posveča</w>
               <S/>
               <w msd="L" lemma="še">še</w>
               <S/>
               <w msd="Ppnzed" lemma="enajstčlanski">enajstčlanski</w>
               <S/>
               <w msd="Sozed" lemma="skupina">skupini</w>
               <S/>
               <w msd="Ppnzmr" lemma="ljudski">ljudskih</w>
               <S/>
               <w msd="Sozmr" lemma="pevka">pevk</w>
               <S/>
               <w msd="Dr" lemma="z">s</w>
               <S/>
               <w msd="Slmer" lemma="Podlehnik">Podlehnika</w>
               <c>,</c>
               <S/>
               <w msd="Sozei" lemma="izbira">izbira</w>
               <S/>
               <w msd="Zstmeim" lemma="njihov">njihov</w>
               <S/>
               <w msd="Somei" lemma="spored">spored</w>
               <S/>
               <w msd="Vp" lemma="in">in</w>
               <S/>
               <w msd="Zotmmt--k" lemma="on">jih</w>
               <S/>
               <w msd="Ggnste" lemma="voditi">vodi</w>
               <c>.</c>
               <S/>
            </s>
         </p>
         <p xml:id="F0000707.000361">
            <s>
               <w msd="Dt" lemma="za">Za</w>
               <S/>
               <w msd="Sometn" lemma="konec">konec</w>
               <S/>
               <w msd="Ggdvpm" lemma="povedati">povejmo</w>
               <c>,</c>
               <S/>
               <w msd="Vd" lemma="da">da</w>
               <S/>
               <w msd="Dt" lemma="za">za</w>
               <S/>
               <w msd="Ppnzmt" lemma="kisloljuben">kisloljubne</w>
               <S/>
               <w msd="Sozmt" lemma="rastlina">rastline</w>
               <S/>
               <w msd="Sozer" lemma="šota">šote</w>
               <S/>
               <w msd="Rsn" lemma="zlepa">zlepa</w>
               <S/>
               <w msd="Gp-ste-d" lemma="biti">ni</w>
               <S/>
               <w msd="Rsn" lemma="preveč">preveč</w>
               <c>.</c>
               <S/>
            </s>
            <s>
               <w msd="Sozei" lemma="kislost">Kislost</w>
               <S/>
               <w msd="Sozer" lemma="zemlja">zemlje</w>
               <S/>
               <w msd="Ggnspm" lemma="vzdrževati">vzdržujemo</w>
               <S/>
               <w msd="Rsn" lemma="tako">tako</w>
               <c>,</c>
               <S/>
               <w msd="Vd" lemma="da">da</w>
               <S/>
               <w msd="Zc-set" lemma="vsak">vsako</w>
               <S/>
               <w msd="Soset" lemma="leto">leto</w>
               <S/>
               <w msd="Ggdspm" lemma="dodati">dodamo</w>
               <S/>
               <w msd="Rsn" lemma="nekaj">nekaj</w>
               <S/>
               <w msd="Ppnzer" lemma="svež">sveže</w>
               <S/>
               <w msd="Sozer" lemma="šota">šote</w>
               <c>.</c>
               <S/>
            </s>
            <s>
               <w msd="Dm" lemma="po">Po</w>
               <S/>
               <w msd="Sosem" lemma="pravilo">pravilu</w>
               <S/>
               <w msd="Ggnstm-n" lemma="imeti">imajo</w>
               <S/>
               <w msd="Zk-zer" lemma="ta">te</w>
               <S/>
               <w msd="Sozmt" lemma="rastlina">rastline</w>
               <S/>
               <w msd="Rsn" lemma="rad">rade</w>
               <S/>
               <w msd="Ppnsmt" lemma="vlažen">vlažna</w>
               <S/>
               <w msd="Sosmt" lemma="tla">tla</w>
               <S/>
               <w msd="Vp" lemma="in">in</w>
               <c>,</c>
               <S/>
               <w msd="L" lemma="zlasti">zlasti</w>
               <S/>
               <w msd="Ppnzmt" lemma="zimzelen">zimzelene</w>
               <S/>
               <w msd="Sozmt" lemma="vrsta">vrste</w>
               <c>,</c>
               <S/>
               <w msd="Sometn" lemma="mir">mir</w>
               <S/>
               <w msd="Do" lemma="pred">pred</w>
               <S/>
               <w msd="Ppnseo" lemma="zimski">zimskim</w>
               <S/>
               <w msd="Soseo" lemma="sonce">soncem</w>
               <c>.</c>
               <S/>
            </s>
            <s>
               <w msd="Ggnste" lemma="ugajati">Ugaja</w>
               <S/>
               <w msd="Zotmmd--k" lemma="on">jim</w>
               <S/>
               <w msd="L" lemma="tudi">tudi</w>
               <S/>
               <w msd="Sozei" lemma="obilica">obilica</w>
               <S/>
               <w msd="Somer" lemma="humus">humusa</w>
               <c>,</c>
               <S/>
               <w msd="Vp" lemma="a">a</w>
               <S/>
               <w msd="L" lemma="nikar">nikar</w>
               <S/>
               <w msd="L" lemma="ne">ne</w>
               <S/>
               <w msd="Ggnvpm" lemma="dodajati">dodajajmo</w>
               <S/>
               <w msd="Ppnzer" lemma="organski">organske</w>
               <S/>
               <w msd="Sozer" lemma="snov">snovi</w>
               <c>,</c>
               <S/>
               <w msd="Vd" lemma="ki">ki</w>
               <S/>
               <w msd="Gp-ste-d" lemma="biti">ni</w>
               <S/>
               <w msd="Ppnzei" lemma="kisel">kisla</w>
               <c>.</c>
               <S/>
            </s>
            <s>
               <w msd="L" lemma="ne">Ne</w>
               <S/>
               <w msd="Ggnspm" lemma="moči">moremo</w>
               <S/>
               <w msd="Ggdn" lemma="zgrešiti">zgrešiti</w>
               <c>,</c>
               <S/>
               <w msd="Vd" lemma="če">če</w>
               <S/>
               <w msd="Rsn" lemma="kislo">kislo</w>
               <S/>
               <w msd="Ggvstm" lemma="iti">gredo</w>
               <S/>
               <w msd="Zc-set" lemma="vsak">vsako</w>
               <S/>
               <w msd="Soset" lemma="leto">leto</w>
               <S/>
               <w msd="Ggdspm" lemma="zastreti">zastremo</w>
               <S/>
               <w msd="Do" lemma="z">s</w>
               <S/>
               <w msd="Sozeo" lemma="plast">plastjo</w>
               <S/>
               <w msd="Psnzmr" lemma="smrekov">smrekovih</w>
               <S/>
               <w msd="Sozmr" lemma="iglica">iglic</w>
               <S/>
               <c>(</c>
               <w msd="Vp" lemma="ali">ali</w>
               <S/>
               <w msd="Sozmr" lemma="iglica">iglic</w>
               <S/>
               <w msd="Ppnmer" lemma="rdeč">rdečega</w>
               <S/>
               <w msd="Somer" lemma="bor">bora</w>
               <c>)</c>
               <c>,</c>
               <S/>
               <w msd="Vd" lemma="ki">ki</w>
               <S/>
               <w msd="Zotmmt--k" lemma="on">jih</w>
               <S/>
               <w msd="Ggdspm" lemma="pustiti">pustimo</w>
               <c>,</c>
               <S/>
               <w msd="Vd" lemma="da">da</w>
               <S/>
               <w msd="Zp------k" lemma="se">se</w>
               <S/>
               <w msd="Dm" lemma="po">po</w>
               <S/>
               <w msd="Sozmr" lemma="narava">narav</w>
               <c>-</c>
               <w msd="Gp-ste-d" lemma="biti">ni</w>
               <S/>
               <w msd="Sozem" lemma="pot">poti</w>
               <S/>
               <w msd="Ggdstm" lemma="razkrojiti">razkrojijo</w>
               <c>.</c>
               <S/>
            </s>
         </p>
         <p xml:id="F0000707.000424">
            <s>
               <w msd="Zn-zmi" lemma="nekateri">Nekatere</w>
               <S/>
               <w msd="Sozmi" lemma="cvetlica">cvetlice</w>
               <S/>
               <w msd="Someo" lemma="škodljivec">škodljivcem</w>
               <S/>
               <w msd="Ggnstm" lemma="smrdeti">smrdijo</w>
               <c>.</c>
               <S/>
            </s>
            <s>
               <w msd="Rsn" lemma="znano">Znano</w>
               <S/>
               <w msd="Gp-ste-n" lemma="biti">je</w>
               <c>,</c>
               <S/>
               <w msd="Vd" lemma="da">da</w>
               <S/>
               <w msd="Sozei" lemma="kamilica">kamilica</w>
               <S/>
               <w msd="Rsn" lemma="zelo">zelo</w>
               <S/>
               <w msd="Ggnste" lemma="smrdeti">smrdi</w>
               <S/>
               <w msd="Sommd" lemma="metulj">metuljem</w>
               <c>,</c>
               <S/>
               <w msd="Zv-mmr" lemma="kateri">katerih</w>
               <S/>
               <w msd="Sozmi" lemma="gosenica">gosenice</w>
               <S/>
               <w msd="Ggnstm" lemma="uničevati">uničujejo</w>
               <S/>
               <w msd="Sommt" lemma="list">liste</w>
               <S/>
               <w msd="Sozmr" lemma="kapusnica">kapusnic</w>
               <c>.</c>
               <S/>
            </s>
            <s>
               <w msd="Ggdspm" lemma="izkoristiti">Izkoristimo</w>
               <S/>
               <w msd="Zk-set" lemma="ta">to</w>
               <c>,</c>
               <S/>
               <w msd="Vp" lemma="pa">pa</w>
               <S/>
               <w msd="Zp---d--k" lemma="se">si</w>
               <S/>
               <w msd="Gp-ppm-n" lemma="biti">bomo</w>
               <S/>
               <w msd="Dm" lemma="ob">ob</w>
               <S/>
               <w msd="Zk-sem" lemma="ta">tem</w>
               <S/>
               <w msd="Ggdd-mm" lemma="zagotoviti">zagotovili</w>
               <S/>
               <w msd="L" lemma="še">še</w>
               <S/>
               <w msd="Ppnmetn" lemma="domač">domač</w>
               <S/>
               <w msd="Sometn" lemma="čaj">čaj</w>
               <S/>
               <w msd="Dt" lemma="za">za</w>
               <S/>
               <w msd="Sozet" lemma="zima">zimo</w>
               <c>.</c>
               <S/>
            </s>
            <s>
               <w msd="Ppnzet" lemma="navaden">Navadno</w>
               <S/>
               <w msd="Sozet" lemma="kamilica">kamilico</w>
               <S/>
               <w msd="Ggdspm" lemma="posejati">posejemo</w>
               <S/>
               <w msd="Dm" lemma="ob">ob</w>
               <S/>
               <w msd="Sozmm" lemma="gredica">gredicah</w>
               <S/>
               <w msd="Sozmr" lemma="kapusnica">kapusnic</w>
               <c>.</c>
               <S/>
            </s>
            <s>
               <w msd="Zn-mmi" lemma="nekateri">Nekateri</w>
               <S/>
               <w msd="Ggvstm" lemma="praviti">pravijo</w>
               <c>,</c>
               <S/>
               <w msd="Vd" lemma="da">da</w>
               <S/>
               <w msd="Sozei" lemma="kamilica">kamilica</w>
               <S/>
               <w msd="Rsn" lemma="slabo">slabo</w>
               <S/>
               <w msd="Sozer" lemma="kal">kali</w>
               <c>.</c>
               <S/>
            </s>
            <s>
               <w msd="Zk-sei" lemma="ta">To</w>
               <S/>
               <w msd="Zp------k" lemma="se">se</w>
               <S/>
               <w msd="Ggdste" lemma="zgoditi">zgodi</w>
               <c>,</c>
               <S/>
               <w msd="Vd" lemma="če">če</w>
               <S/>
               <w msd="Zotzet--k" lemma="on">jo</w>
               <S/>
               <w msd="Ggnspm" lemma="sejati">sejemo</w>
               <S/>
               <w msd="Rsn" lemma="pregloboko">pregloboko</w>
               <c>.</c>
               <S/>
            </s>
            <s>
               <w msd="Sozei" lemma="kamilica">Kamilica</w>
               <S/>
               <w msd="Ggnste" lemma="kaliti">kali</w>
               <S/>
               <w msd="Dm" lemma="na">na</w>
               <S/>
               <w msd="Sozem" lemma="svetloba">svetlobi</w>
               <c>,</c>
               <S/>
               <w msd="Vp" lemma="zato">zato</w>
               <S/>
               <w msd="Sozer" lemma="setev">setve</w>
               <S/>
               <w msd="L" lemma="ne">ne</w>
               <S/>
               <w msd="Ggnspm" lemma="smeti">smemo</w>
               <S/>
               <w msd="Ggdn" lemma="pokriti">pokriti</w>
               <S/>
               <w msd="Do" lemma="z">z</w>
               <S/>
               <w msd="Sozeo" lemma="zemlja">zemljo</w>
               <c>.</c>
               <S/>
            </s>
            <s>
               <w msd="Slzei" lemma="Seme">Seme</w>
               <S/>
               <w msd="L" lemma="samo">samo</w>
               <S/>
               <w msd="Ggdspm" lemma="pritisniti">pritisnemo</w>
               <S/>
               <w msd="Dt" lemma="ob">ob</w>
               <S/>
               <w msd="Sometn" lemma="prst">prst</w>
               <c>,</c>
               <S/>
               <w msd="Vd" lemma="da">da</w>
               <S/>
               <w msd="Zp------k" lemma="se">se</w>
               <S/>
               <w msd="Ggdste" lemma="navlažiti">navlaži</w>
               <c>.</c>
               <S/>
            </s>
            <s>
               <w msd="Dt" lemma="med">Med</w>
               <S/>
               <w msd="Sozmt" lemma="vrsta">vrste</w>
               <S/>
               <w msd="Soser" lemma="zelje">zelja</w>
               <S/>
               <w msd="Ggdspm" lemma="posejati">posejemo</w>
               <S/>
               <w msd="L" lemma="tudi">tudi</w>
               <S/>
               <w msd="Ppnmetd" lemma="navaden">navadni</w>
               <S/>
               <w msd="Ppnmetd" lemma="vrten">vrtni</w>
               <S/>
               <w msd="Sometn" lemma="ognjič">ognjič</w>
               <c>.</c>
               <S/>
            </s>
            <s>
               <w msd="Rsn" lemma="skupaj">Skupaj</w>
               <S/>
               <w msd="Do" lemma="z">s</w>
               <S/>
               <w msd="Sozeo" lemma="kamilica">kamilico</w>
               <S/>
               <w msd="Gp-ptd-n" lemma="biti">bosta</w>
               <S/>
               <w msd="Ggdd-dm" lemma="pregnati">pregnala</w>
               <S/>
               <w msd="L" lemma="tudi">tudi</w>
               <S/>
               <w msd="Rsn" lemma="zoprno">zoprno</w>
               <S/>
               <w msd="Psnzet" lemma="kapusov">kapusovo</w>
               <S/>
               <w msd="Ppnzet" lemma="mokast">mokasto</w>
               <S/>
               <w msd="Sozet" lemma="uš">uš</w>
               <c>,</c>
               <S/>
               <w msd="Vd" lemma="ki">ki</w>
               <S/>
               <w msd="Rsn" lemma="posebno">posebno</w>
               <S/>
               <w msd="Rsn" lemma="jeseni">jeseni</w>
               <S/>
               <w msd="Ggnste" lemma="povzročati">povzroča</w>
               <S/>
               <w msd="Sozmt" lemma="težava">težave</w>
               <c>.</c>
               <S/>
            </s>
         </p>
      </body>
   </text>
</TEI>