<?xml version="1.0" encoding="UTF-8"?>
<TEI xmlns="http://www.tei-c.org/ns/1.0" xml:id="F0001522" xml:lang="sl">
   <teiHeader>
      <fileDesc>
         <titleStmt>
            <title>ccKRES: Državni zbor Republike Slovenije. ZJN. (1997)</title>
            <funder>Operacijo delno financira Evropska unija iz Evropskega socialnega sklada ter Ministrstvo za šolstvo in šport. Operacija se izvaja v okviru Operativnega programa razvoja človeških virov za obdobje 2007-2013, razvojne prioritete: razvoj človeških virov in vseživljenjskega učenja; prednostne usmeritve: izboljšanje kakovosti in učinkovitosti sistemov izobraževanja in usposabljanja 2007-2013.</funder>
         </titleStmt>
         <editionStmt>
            <edition>1.0</edition>
         </editionStmt>
         <extent>714 besed</extent>
         <publicationStmt>
            <idno>A0050619</idno>
            <availability status="free">
               <p xml:lang="sl">Avtorske pravice za to izdajo ureja licenca <ref target="http://creativecommons.org/licenses/by-nc/2.5/si/">Creative Commons Priznanje avtorstva-Nekomercialno 2.5 Slovenija</ref>.</p>
               <p xml:lang="en">This work is licenced under the <ref target="http://creativecommons.org/licenses/by-nc/2.5/si/deed.en">Creative Commons Attribution-Noncommercial 2.5 Slovenia</ref>.</p>
            </availability>
            <date>2012-05-06</date>
         </publicationStmt>
         <sourceDesc>
            <bibl>
               <pubPlace>Ljubljana</pubPlace>
               <title>ZJN</title>
               <author>Državni zbor Republike Slovenije</author>
               <date>1997</date>
               <publisher n="Državni zbor Republike Slovenije">Državni zbor Republike Slovenije</publisher>
               <note type="sourceLang"/>
            </bibl>
         </sourceDesc>
      </fileDesc>
      <encodingDesc>
         <projectDesc>
            <p xml:lang="sl">Glej <ref target="http://www.korpus-kres.net/">www.korpus-kres.net</ref> oz. <ref target="http://nl.ijs.si/ssj/">nl.ijs.si/ssj</ref>.</p>
            <p xml:lang="en">See <ref target="http://www.korpus-kres.net/">www.korpus-kres.net</ref> or <ref target="http://nl.ijs.si/ssj/">nl.ijs.si/ssj</ref>.</p>
         </projectDesc>
         <samplingDecl>
            <p xml:lang="sl">
            Besedila in odstavki v korpusu KRES so bili vzorčeni iz
            Gigafide tako, da smo dobili 100-milijonski referenčni
            korpus, v katerem so besedila uravnotežena po vnaprej
            določenih taksonomskih deležih in po podatkih o branosti
            vira (časopisi, revije, novičarski portali).  Korpus
            ccKRES nato, z namenom, da je lahko dostopen po licenci CC,
            vsebuje 10 % naključno vzorčenih odstavkov besedil iz
            korpusa KRES, torej 10 milijonov besed.
	    Več o sestavi korpusa lahko preberete na 
            <ref target="http://www.korpus-kres.net/">www.korpus-kres.net</ref> oz.
            <ref target="http://nl.ijs.si/ssj/">nl.ijs.si/ssj</ref>.
	  </p>
            <p xml:lang="en">
            Texts and paragraphs in the KRES corpus have been sampled from the 
	    Gigafida corpus. The result of the sampling is a 100-million-word 
	    reference corpus. The texts in KRES are balanced according to the 
	    predetermined categories, with particular consideration being paid to 
	    the data on the popularity of the source (newspapers, magazines, 
	    Internet news sites). 
	    To enable free (CC) distribution of the corpus, the ccKRES corpus contains 
	    10% of randomly sampled paragraphs from KRES, i.e. contains 10 million words.
	    For more information about the contents of the corpus, 
	    see <ref target="http://www.korpus-kres.net/">www.korpus-kres.net</ref>
	    and <ref target="http://nl.ijs.si/ssj/">nl.ijs.si/ssj</ref>.
	  </p>
         </samplingDecl>
         <tagsDecl>
            <namespace name="http://www.tei-c.org/ns/1.0">
               <tagUsage gi="p" occurs="36"/>
               <tagUsage gi="s" occurs="38"/>
               <tagUsage gi="S" occurs="677"/>
               <tagUsage gi="w" occurs="714"/>
               <tagUsage gi="c" occurs="141"/>
            </namespace>
         </tagsDecl>
         <classDecl>
            <taxonomy xml:id="SSJ">
               <category xml:id="SSJ.T">
                  <catDesc>tisk</catDesc>
                  <category xml:id="SSJ.T.K">
                     <catDesc>knjižno</catDesc>
                     <category xml:id="SSJ.T.K.L">
                        <catDesc>leposlovno</catDesc>
                     </category>
                     <category xml:id="SSJ.T.K.S">
                        <catDesc>strokovno</catDesc>
                     </category>
                  </category>
                  <category xml:id="SSJ.T.P">
                     <catDesc>periodično</catDesc>
                     <category xml:id="SSJ.T.P.C">
                        <catDesc>časopis</catDesc>
                     </category>
                     <category xml:id="SSJ.T.P.R">
                        <catDesc>revija</catDesc>
                     </category>
                  </category>
                  <category xml:id="SSJ.T.D">
                     <catDesc>drugo</catDesc>
                  </category>
               </category>
               <category xml:id="SSJ.I">
                  <catDesc>internet</catDesc>
               </category>
            </taxonomy>
         </classDecl>
      </encodingDesc>
      <profileDesc>
         <textClass>
            <catRef target="#SSJ.T.D"/>
         </textClass>
      </profileDesc>
   </teiHeader>
   <text xml:id="F0001522." xml:lang="sl">
      <body>
         <p xml:id="F0001522.000001">
            <s>
               <w msd="Somei" lemma="zakon">ZAKON</w>
               <S/>
               <w msd="Dm" lemma="o">O</w>
               <S/>
               <w msd="Ppnsmm" lemma="javen">JAVNIH</w>
               <S/>
               <w msd="Sosmm" lemma="naročilo">NAROČILIH</w>
               <S/>
               <c>(</c>
               <w msd="Slmei" lemma="ZJN">ZJN</w>
               <c>)</c>
            </s>
         </p>
         <p xml:id="F0001522.000020">
            <s>
               <c>(</c>
               <w msd="Kag" lemma="2">2</w>
               <c>)</c>
               <S/>
               <w msd="Do" lemma="z">Z</w>
               <S/>
               <w msd="Ppnzeo" lemma="neposreden">neposredno</w>
               <S/>
               <w msd="Sozeo" lemma="pogodba">pogodbo</w>
               <S/>
               <w msd="Ggnste" lemma="smeti">sme</w>
               <S/>
               <w msd="Somei" lemma="naročnik">naročnik</w>
               <S/>
               <w msd="Ggdn" lemma="oddati">oddati</w>
               <S/>
               <w msd="Ppnset" lemma="javen">javno</w>
               <S/>
               <w msd="Soset" lemma="naročilo">naročilo</w>
               <S/>
               <w msd="L" lemma="le">le</w>
               <S/>
               <w msd="Dm" lemma="v">v</w>
               <S/>
               <w msd="Sommm" lemma="primer">primerih</w>
               <S/>
               <w msd="Vp" lemma="in">in</w>
               <S/>
               <w msd="Dm" lemma="ob">ob</w>
               <S/>
               <w msd="Sommm" lemma="pogoj">pogojih</w>
               <c>,</c>
               <S/>
               <w msd="Pdnzmr" lemma="določen">določenih</w>
               <S/>
               <w msd="Do" lemma="z">s</w>
               <S/>
               <w msd="Zk-meo" lemma="ta">tem</w>
               <S/>
               <w msd="Someo" lemma="zakon">zakonom</w>
               <c>.</c>
            </s>
         </p>
         <p xml:id="F0001522.000021">
            <s>
               <c>(</c>
               <w msd="Kag" lemma="3">3</w>
               <c>)</c>
               <S/>
               <w msd="Do" lemma="z">Z</w>
               <S/>
               <w msd="Pdnmeo" lemma="izbran">izbranim</w>
               <S/>
               <w msd="Someo" lemma="ponudnik">ponudnikom</w>
               <S/>
               <w msd="Ggdste" lemma="skleniti">sklene</w>
               <S/>
               <w msd="Sometn" lemma="naročnik">naročnik</w>
               <S/>
               <w msd="Ppnzet" lemma="pisen">pisno</w>
               <S/>
               <w msd="Sozet" lemma="pogodba">pogodbo</w>
               <c>.</c>
            </s>
         </p>
         <p xml:id="F0001522.000036">
            <s>
               <c>(</c>
               <w msd="Kag" lemma="5">5</w>
               <c>)</c>
               <S/>
               <w msd="Somei" lemma="naročnik">Naročnik</w>
               <S/>
               <w msd="Ppnmmr" lemma="razpisen">razpisnih</w>
               <S/>
               <w msd="Sommr" lemma="pogoj">pogojev</w>
               <S/>
               <w msd="Vp" lemma="in">in</w>
               <S/>
               <w msd="Ppnzmr" lemma="tehničen">tehničnih</w>
               <S/>
               <w msd="Sozmr" lemma="specifikacija">specifikacij</w>
               <S/>
               <w msd="L" lemma="ne">ne</w>
               <S/>
               <w msd="Ggnste" lemma="smeti">sme</w>
               <S/>
               <w msd="Ggdn" lemma="prilagoditi">prilagoditi</w>
               <S/>
               <w msd="Ppnmed" lemma="konkreten">konkretnemu</w>
               <S/>
               <w msd="Somed" lemma="ponudnik">ponudniku</w>
               <c>.</c>
            </s>
         </p>
         <p xml:id="F0001522.000046">
            <s>
               <w msd="Vd" lemma="če">Če</w>
               <S/>
               <w msd="Zp------k" lemma="se">se</w>
               <S/>
               <w msd="Rsn" lemma="kadarkoli">kadarkoli</w>
               <S/>
               <w msd="Do" lemma="med">med</w>
               <S/>
               <w msd="Someo" lemma="postopek">postopkom</w>
               <S/>
               <w msd="Sozer" lemma="oddaja">oddaje</w>
               <S/>
               <w msd="Ppnser" lemma="javen">javnega</w>
               <S/>
               <w msd="Soser" lemma="naročilo">naročila</w>
               <S/>
               <w msd="Vp" lemma="ali">ali</w>
               <S/>
               <w msd="Sozer" lemma="izvedba">izvedbe</w>
               <S/>
               <w msd="L" lemma="že">že</w>
               <S/>
               <w msd="Pdnzmt" lemma="sklenjen">sklenjene</w>
               <S/>
               <w msd="Sozer" lemma="pogodba">pogodbe</w>
               <S/>
               <w msd="Rsn" lemma="nedvomno">nedvomno</w>
               <S/>
               <w msd="Ggdste" lemma="ugotoviti">ugotovi</w>
               <c>,</c>
               <S/>
               <w msd="Vd" lemma="da">da</w>
               <S/>
               <w msd="Gp-ste-n" lemma="biti">je</w>
               <S/>
               <w msd="Gp-d-es" lemma="biti">bilo</w>
               <S/>
               <w msd="Pdnsei" lemma="obljubljen">obljubljeno</w>
               <S/>
               <w msd="Vp" lemma="ali">ali</w>
               <S/>
               <w msd="Pdnsei" lemma="storjen">storjeno</w>
               <S/>
               <w msd="Sosei" lemma="dejanje">dejanje</w>
               <S/>
               <w msd="Dr" lemma="iz">iz</w>
               <S/>
               <w msd="Kbvmer" lemma="prvi">prvega</w>
               <S/>
               <w msd="Somer" lemma="odstavek">odstavka</w>
               <S/>
               <w msd="Ppnmer" lemma="prejšnji">prejšnjega</w>
               <S/>
               <w msd="Somer" lemma="člen">člena</w>
               <c>,</c>
               <S/>
               <w msd="Vp" lemma="ali">ali</w>
               <S/>
               <w msd="Vd" lemma="da">da</w>
               <S/>
               <w msd="Gp-ste-n" lemma="biti">je</w>
               <S/>
               <w msd="Gp-d-ez" lemma="biti">bila</w>
               <S/>
               <w msd="Sozei" lemma="pogodba">pogodba</w>
               <S/>
               <w msd="Pdnzei" lemma="sklenjen">sklenjena</w>
               <S/>
               <w msd="Rsn" lemma="zato">zato</w>
               <c>,</c>
               <S/>
               <w msd="Vd" lemma="ker">ker</w>
               <S/>
               <w msd="Gp-ste-n" lemma="biti">je</w>
               <S/>
               <w msd="Gp-d-es" lemma="biti">bilo</w>
               <S/>
               <w msd="Pdnsei" lemma="obljubljen">obljubljeno</w>
               <S/>
               <w msd="Vp" lemma="ali">ali</w>
               <S/>
               <w msd="Pdnsei" lemma="storjen">storjeno</w>
               <S/>
               <w msd="Zk-set" lemma="takšen">takšno</w>
               <S/>
               <w msd="Sosei" lemma="dejanje">dejanje</w>
               <c>,</c>
               <S/>
               <w msd="Rsn" lemma="posredno">posredno</w>
               <S/>
               <w msd="Vp" lemma="ali">ali</w>
               <S/>
               <w msd="Rsn" lemma="neposredno">neposredno</w>
               <c>,</c>
               <S/>
               <w msd="Vp" lemma="ali">ali</w>
               <S/>
               <w msd="Gp-ste-n" lemma="biti">je</w>
               <S/>
               <w msd="Psnmein" lemma="naročnikov">naročnikov</w>
               <S/>
               <w msd="Somei" lemma="delavec">delavec</w>
               <S/>
               <w msd="Vp" lemma="ali">ali</w>
               <S/>
               <w msd="Kbzzei" lemma="drug">druga</w>
               <S/>
               <w msd="Sozei" lemma="oseba">oseba</w>
               <c>,</c>
               <S/>
               <w msd="Vd" lemma="ki">ki</w>
               <S/>
               <w msd="Gp-g" lemma="biti">bi</w>
               <S/>
               <w msd="Rsn" lemma="lahko">lahko</w>
               <S/>
               <w msd="Rsn" lemma="kakorkoli">kakorkoli</w>
               <S/>
               <w msd="Ggnd-ez" lemma="vplivati">vplivala</w>
               <S/>
               <w msd="Dt" lemma="na">na</w>
               <S/>
               <w msd="Sozet" lemma="sklenitev">sklenitev</w>
               <S/>
               <w msd="Vp" lemma="ali">ali</w>
               <S/>
               <w msd="Sozet" lemma="izvršitev">izvršitev</w>
               <S/>
               <w msd="Sozer" lemma="pogodba">pogodbe</w>
               <c>,</c>
               <S/>
               <w msd="Ggvd-em" lemma="zahtevati">zahteval</w>
               <S/>
               <w msd="Dr" lemma="od">od</w>
               <S/>
               <w msd="Somer" lemma="ponudnik">ponudnika</w>
               <S/>
               <w msd="Sozei" lemma="stvar">stvar</w>
               <S/>
               <w msd="Vp" lemma="ali">ali</w>
               <S/>
               <w msd="Sozet" lemma="usluga">uslugo</w>
               <c>,</c>
               <S/>
               <w msd="Zp------k" lemma="se">se</w>
               <S/>
               <w msd="Pdnmeid" lemma="sklenjen">sklenjeni</w>
               <S/>
               <w msd="Somei" lemma="posel">posel</w>
               <S/>
               <w msd="Rsn" lemma="takoj">takoj</w>
               <S/>
               <w msd="Ggdste" lemma="razveljaviti">razveljavi</w>
               <c>,</c>
               <S/>
               <w msd="L" lemma="ne">ne</w>
               <S/>
               <w msd="Rsn" lemma="glede">glede</w>
               <S/>
               <w msd="Dt" lemma="na">na</w>
               <S/>
               <w msd="Zk-set" lemma="ta">to</w>
               <c>,</c>
               <S/>
               <w msd="Dm" lemma="v">v</w>
               <S/>
               <w msd="Zv-zem" lemma="kateri">kateri</w>
               <S/>
               <w msd="Sozem" lemma="faza">fazi</w>
               <S/>
               <w msd="Sozer" lemma="izvršitev">izvršitve</w>
               <S/>
               <w msd="Gp-ste-n" lemma="biti">je</w>
               <S/>
               <w msd="Zk-mei" lemma="ta">ta</w>
               <S/>
               <w msd="Somei" lemma="posel">posel</w>
               <c>.</c>
            </s>
         </p>
         <p xml:id="F0001522.000049">
            <s>
               <c>(</c>
               <w msd="Kag" lemma="2">2</w>
               <c>)</c>
               <S/>
               <w msd="Somei" lemma="naročnik">Naročnik</w>
               <S/>
               <w msd="Ggnste" lemma="morati">mora</w>
               <S/>
               <w msd="Dm" lemma="pri">pri</w>
               <S/>
               <w msd="Sosem" lemma="ocenjevanje">ocenjevanju</w>
               <S/>
               <w msd="Sozmr" lemma="ponudba">ponudb</w>
               <S/>
               <w msd="Ggvn" lemma="upoštevati">upoštevati</w>
               <S/>
               <w msd="Sometn" lemma="odstotek">odstotek</w>
               <S/>
               <w msd="Sozer" lemma="zaščita">zaščite</w>
               <S/>
               <w msd="Dr" lemma="iz">iz</w>
               <S/>
               <w msd="Ppnmer" lemma="prejšnji">prejšnjega</w>
               <S/>
               <w msd="Somer" lemma="odstavek">odstavka</w>
               <c>.</c>
            </s>
         </p>
         <p xml:id="F0001522.000057">
            <s>
               <w msd="Kav" lemma="13.">13.</w>
               <S/>
               <w msd="Somei" lemma="člen">člen</w>
            </s>
         </p>
         <p xml:id="F0001522.000063">
            <s>
               <c>(</c>
               <w msd="Kag" lemma="2">2</w>
               <c>)</c>
               <S/>
               <w msd="Somei" lemma="naročnik">Naročnik</w>
               <S/>
               <w msd="Ggnste" lemma="morati">mora</w>
               <S/>
               <w msd="Zc-zet" lemma="ves">vso</w>
               <S/>
               <w msd="Sozet" lemma="dokumentacija">dokumentacijo</w>
               <S/>
               <w msd="Dm" lemma="v">v</w>
               <S/>
               <w msd="Sommm" lemma="postopek">postopkih</w>
               <S/>
               <w msd="Sozer" lemma="oddaja">oddaje</w>
               <S/>
               <w msd="Ppnser" lemma="javen">javnega</w>
               <S/>
               <w msd="Soser" lemma="naročilo">naročila</w>
               <S/>
               <w msd="Ggnn" lemma="pošiljati">pošiljati</w>
               <S/>
               <w msd="Somed" lemma="ponudnik">ponudniku</w>
               <S/>
               <w msd="Do" lemma="z">s</w>
               <S/>
               <w msd="Pdnzet" lemma="priporočen">priporočeno</w>
               <S/>
               <w msd="Sozeo" lemma="pošta">pošto</w>
               <S/>
               <w msd="Vp" lemma="ali">ali</w>
               <S/>
               <w msd="Dt" lemma="na">na</w>
               <S/>
               <w msd="Kbzmetn" lemma="drug">drug</w>
               <S/>
               <w msd="Ppnmetn" lemma="ustrezen">ustrezen</w>
               <S/>
               <w msd="Sometn" lemma="način">način</w>
               <S/>
               <w msd="Rsn" lemma="tako">tako</w>
               <c>,</c>
               <S/>
               <w msd="Vd" lemma="da">da</w>
               <S/>
               <w msd="Rsn" lemma="lahko">lahko</w>
               <S/>
               <w msd="Ggdste" lemma="izkazati">izkaže</w>
               <S/>
               <w msd="Sozet" lemma="vročitev">vročitev</w>
               <c>.</c>
            </s>
         </p>
         <p xml:id="F0001522.000067">
            <s>
               <c>(</c>
               <w msd="Kag" lemma="3">3</w>
               <c>)</c>
               <S/>
               <w msd="L" lemma="samo">Samo</w>
               <S/>
               <w msd="Dr" lemma="zaradi">zaradi</w>
               <S/>
               <w msd="Sozer" lemma="ugotovitev">ugotovitve</w>
               <c>,</c>
               <S/>
               <w msd="Vd" lemma="da">da</w>
               <S/>
               <w msd="Sozer" lemma="dokumentacija">dokumentacije</w>
               <S/>
               <w msd="Dm" lemma="o">o</w>
               <S/>
               <w msd="Ppnsem" lemma="javen">javnem</w>
               <S/>
               <w msd="Sosem" lemma="naročilo">naročilu</w>
               <S/>
               <w msd="Gp-ste-d" lemma="biti">ni</w>
               <S/>
               <w msd="Ggnd-em" lemma="hraniti">hranil</w>
               <S/>
               <w msd="Rsn" lemma="skladno">skladno</w>
               <S/>
               <w msd="Do" lemma="z">z</w>
               <S/>
               <w msd="Sozeo" lemma="določba">določbo</w>
               <S/>
               <w msd="Kbvmer" lemma="prvi">prvega</w>
               <S/>
               <w msd="Somer" lemma="odstavek">odstavka</w>
               <S/>
               <w msd="Zk-mer" lemma="ta">tega</w>
               <S/>
               <w msd="Somer" lemma="člen">člena</w>
               <c>,</c>
               <S/>
               <w msd="Somei" lemma="naročnik">naročnik</w>
               <S/>
               <w msd="Gp-ste-d" lemma="biti">ni</w>
               <S/>
               <w msd="Ppnmein" lemma="odgovoren">odgovoren</w>
               <S/>
               <w msd="Dt" lemma="za">za</w>
               <S/>
               <w msd="Ppnzet" lemma="gmoten">gmotno</w>
               <S/>
               <w msd="Sozet" lemma="škoda">škodo</w>
               <c>,</c>
               <S/>
               <w msd="Vd" lemma="ki">ki</w>
               <S/>
               <w msd="Gp-g" lemma="biti">bi</w>
               <S/>
               <w msd="Ggdd-ez" lemma="nastati">nastala</w>
               <S/>
               <w msd="Dm" lemma="pri">pri</w>
               <S/>
               <w msd="Sommm" lemma="ponudnik">ponudnikih</w>
               <c>,</c>
               <S/>
               <w msd="Sommm" lemma="izvajalec">izvajalcih</w>
               <S/>
               <w msd="Vp" lemma="ali">ali</w>
               <S/>
               <w msd="Sommm" lemma="dobavitelj">dobaviteljih</w>
               <c>.</c>
            </s>
         </p>
         <p xml:id="F0001522.000068">
            <s>
               <w msd="Ppnzei" lemma="strokoven">Strokovna</w>
               <S/>
               <w msd="Sozei" lemma="komisija">komisija</w>
            </s>
         </p>
         <p xml:id="F0001522.000072">
            <s>
               <w msd="Kav" lemma="17.">17.</w>
               <S/>
               <w msd="Somei" lemma="člen">člen</w>
            </s>
         </p>
         <p xml:id="F0001522.000079">
            <s>
               <c>(</c>
               <w msd="Kag" lemma="1">1</w>
               <c>)</c>
               <S/>
               <w msd="Ppnmeid" lemma="javen">Javni</w>
               <S/>
               <w msd="Somei" lemma="razpis">razpis</w>
               <S/>
               <w msd="Dt" lemma="za">za</w>
               <S/>
               <w msd="Sozet" lemma="izbira">izbiro</w>
               <S/>
               <w msd="Somer" lemma="izvajalec">izvajalca</w>
               <S/>
               <w msd="Dr" lemma="brez">brez</w>
               <S/>
               <w msd="Sozmr" lemma="omejitev">omejitev</w>
               <S/>
               <w msd="Ggnste" lemma="morati">mora</w>
               <S/>
               <w msd="Gp-n" lemma="biti">biti</w>
               <S/>
               <w msd="Pdnmein" lemma="objavljen">objavljen</w>
               <S/>
               <w msd="Dm" lemma="v">v</w>
               <S/>
               <w msd="Ppnmem" lemma="uraden">Uradnem</w>
               <S/>
               <w msd="Somem" lemma="list">listu</w>
               <S/>
               <w msd="Sozer" lemma="republika">Republike</w>
               <S/>
               <w msd="Slzer" lemma="Slovenija">Slovenije</w>
               <c>.</c>
            </s>
         </p>
         <p xml:id="F0001522.000081">
            <s>
               <c>(</c>
               <w msd="Kag" lemma="3">3</w>
               <c>)</c>
               <S/>
               <w msd="Vd" lemma="če">Če</w>
               <S/>
               <w msd="Sozet" lemma="vrednost">vrednost</w>
               <S/>
               <w msd="Ppnser" lemma="javen">javnega</w>
               <S/>
               <w msd="Soser" lemma="naročilo">naročila</w>
               <S/>
               <w msd="Ggnste" lemma="presegati">presega</w>
               <S/>
               <w msd="Kag" lemma="150.000.000">150.000.000</w>
               <S/>
               <w msd="Sommr" lemma="tolar">tolarjev</w>
               <c>,</c>
               <S/>
               <w msd="Ggnste" lemma="morati">mora</w>
               <S/>
               <w msd="Somei" lemma="naročnik">naročnik</w>
               <S/>
               <w msd="Ggdn" lemma="objaviti">objaviti</w>
               <S/>
               <w msd="Sozet" lemma="namera">namero</w>
               <S/>
               <w msd="Dm" lemma="o">o</w>
               <S/>
               <w msd="Sosem" lemma="naročilo">naročilu</w>
               <S/>
               <w msd="Dm" lemma="v">v</w>
               <S/>
               <w msd="Ppnmem" lemma="uraden">Uradnem</w>
               <S/>
               <w msd="Somem" lemma="list">listu</w>
               <S/>
               <w msd="Sozer" lemma="republika">Republike</w>
               <S/>
               <w msd="Slzer" lemma="Slovenija">Slovenije</w>
               <S/>
               <w msd="Rss" lemma="najmanj">najmanj</w>
               <S/>
               <w msd="Kbgmmt" lemma="trije">tri</w>
               <S/>
               <w msd="Sommt" lemma="mesec">mesece</w>
               <S/>
               <w msd="Do" lemma="pred">pred</w>
               <S/>
               <w msd="Sozeo" lemma="objava">objavo</w>
               <S/>
               <w msd="Ppnmer" lemma="javen">javnega</w>
               <S/>
               <w msd="Somer" lemma="razpis">razpisa</w>
               <c>.</c>
            </s>
         </p>
         <p xml:id="F0001522.000086">
            <s>
               <w msd="Somei" lemma="rok">Rok</w>
               <S/>
               <w msd="Dt" lemma="za">za</w>
               <S/>
               <w msd="Sozet" lemma="predložitev">predložitev</w>
               <S/>
               <w msd="Sozmr" lemma="ponudba">ponudb</w>
            </s>
         </p>
         <p xml:id="F0001522.000089">
            <s>
               <c>(</c>
               <w msd="Kag" lemma="2">2</w>
               <c>)</c>
               <S/>
               <w msd="Vd" lemma="če">Če</w>
               <S/>
               <w msd="Gp-ste-n" lemma="biti">je</w>
               <S/>
               <w msd="Dm" lemma="v">v</w>
               <S/>
               <w msd="Ppnmem" lemma="javen">javnem</w>
               <S/>
               <w msd="Somem" lemma="razpis">razpisu</w>
               <S/>
               <w msd="Rsn" lemma="tako">tako</w>
               <S/>
               <w msd="Pdnsei" lemma="določen">določeno</w>
               <c>,</c>
               <S/>
               <w msd="Gp-ste-n" lemma="biti">je</w>
               <S/>
               <w msd="Sozei" lemma="ponudba">ponudba</w>
               <S/>
               <w msd="Ppnzei" lemma="pravočasen">pravočasna</w>
               <c>,</c>
               <S/>
               <w msd="Vd" lemma="če">če</w>
               <S/>
               <w msd="Zotzet--k" lemma="on">jo</w>
               <S/>
               <w msd="Somei" lemma="ponudnik">ponudnik</w>
               <S/>
               <w msd="Ggdste" lemma="predložiti">predloži</w>
               <S/>
               <w msd="Dr" lemma="do">do</w>
               <S/>
               <w msd="Somer" lemma="rok">roka</w>
               <c>,</c>
               <S/>
               <w msd="Pdnmer" lemma="določen">določenega</w>
               <S/>
               <w msd="Dt" lemma="za">za</w>
               <S/>
               <w msd="Soset" lemma="odpiranje">odpiranje</w>
               <S/>
               <w msd="Sozmr" lemma="ponudba">ponudb</w>
               <c>.</c>
            </s>
         </p>
         <p xml:id="F0001522.000090">
            <s>
               <c>(</c>
               <w msd="Kag" lemma="3">3</w>
               <c>)</c>
               <S/>
               <w msd="Somei" lemma="rok">Rok</w>
               <S/>
               <w msd="Dt" lemma="za">za</w>
               <S/>
               <w msd="Sozet" lemma="predložitev">predložitev</w>
               <S/>
               <w msd="Sozmr" lemma="ponudba">ponudb</w>
               <S/>
               <w msd="L" lemma="ne">ne</w>
               <S/>
               <w msd="Ggnste" lemma="smeti">sme</w>
               <S/>
               <w msd="Gp-n" lemma="biti">biti</w>
               <S/>
               <w msd="Pppmeid" lemma="kratek">krajši</w>
               <S/>
               <w msd="Dr" lemma="od">od</w>
               <S/>
               <w msd="Kag" lemma="20">20</w>
               <S/>
               <w msd="Sommr" lemma="dan">dni</w>
               <c>.</c>
            </s>
         </p>
         <p xml:id="F0001522.000095">
            <s>
               <w msd="Kav" lemma="21.">21.</w>
               <S/>
               <w msd="Somei" lemma="člen">člen</w>
            </s>
         </p>
         <p xml:id="F0001522.000105">
            <s>
               <w msd="Somei" lemma="naročnik">Naročnik</w>
               <S/>
               <w msd="Ggnste" lemma="morati">mora</w>
               <S/>
               <w msd="Somei" lemma="seznam">seznam</w>
               <S/>
               <w msd="Sommr" lemma="ponudnik">ponudnikov</w>
               <c>,</c>
               <S/>
               <w msd="Zv-meo" lemma="kateri">katerim</w>
               <S/>
               <w msd="Gp-ste-n" lemma="biti">je</w>
               <S/>
               <w msd="Ggvd-em" lemma="posredovati">posredoval</w>
               <S/>
               <w msd="Ppnzet" lemma="razpisen">razpisno</w>
               <S/>
               <w msd="Sozet" lemma="dokumentacija">dokumentacijo</w>
               <c>,</c>
               <S/>
               <w msd="Ggnn" lemma="čuvati">čuvati</w>
               <S/>
               <w msd="Vd" lemma="kot">kot</w>
               <S/>
               <w msd="Ppnzet" lemma="posloven">poslovno</w>
               <S/>
               <w msd="Sozet" lemma="skrivnost">skrivnost</w>
               <c>.</c>
            </s>
         </p>
         <p xml:id="F0001522.000113">
            <s>
               <c>(</c>
               <w msd="Kag" lemma="3">3</w>
               <c>)</c>
               <S/>
               <w msd="Somei" lemma="rok">Rok</w>
               <S/>
               <w msd="Dr" lemma="iz">iz</w>
               <S/>
               <w msd="Kbvmer" lemma="prvi">prvega</w>
               <S/>
               <w msd="Somer" lemma="odstavek">odstavka</w>
               <S/>
               <w msd="Zk-mer" lemma="ta">tega</w>
               <S/>
               <w msd="Somer" lemma="člen">člena</w>
               <S/>
               <w msd="Ggdste" lemma="pričeti">prične</w>
               <S/>
               <w msd="Ggnn" lemma="teči">teči</w>
               <S/>
               <w msd="Ppnmetd" lemma="naslednji">naslednji</w>
               <S/>
               <w msd="Sometn" lemma="dan">dan</w>
               <S/>
               <w msd="Dm" lemma="po">po</w>
               <S/>
               <w msd="Ppnsem" lemma="javen">javnem</w>
               <S/>
               <w msd="Sosem" lemma="odpiranje">odpiranju</w>
               <S/>
               <w msd="Sozmr" lemma="ponudba">ponudb</w>
               <c>.</c>
            </s>
         </p>
         <p xml:id="F0001522.000115">
            <s>
               <w msd="Kav" lemma="26.">26.</w>
               <S/>
               <w msd="Somei" lemma="člen">člen</w>
            </s>
         </p>
         <p xml:id="F0001522.000119">
            <s>
               <w msd="Kav" lemma="27.">27.</w>
               <S/>
               <w msd="Somei" lemma="člen">člen</w>
            </s>
         </p>
         <p xml:id="F0001522.000124">
            <s>
               <c>(</c>
               <w msd="Kag" lemma="5">5</w>
               <c>)</c>
               <S/>
               <w msd="Dm" lemma="na">Na</w>
               <S/>
               <w msd="Zc-mem" lemma="vsak">vsakem</w>
               <S/>
               <w msd="Pdnmem" lemma="predložen">predloženem</w>
               <S/>
               <w msd="Somem" lemma="ovitek">ovitku</w>
               <S/>
               <w msd="Ggnste" lemma="morati">mora</w>
               <S/>
               <w msd="Pdnzei" lemma="pooblaščen">pooblaščena</w>
               <S/>
               <w msd="Sozei" lemma="oseba">oseba</w>
               <S/>
               <w msd="Somer" lemma="naročnik">naročnika</w>
               <S/>
               <w msd="Ggdn" lemma="označiti">označiti</w>
               <S/>
               <w msd="Sometn" lemma="datum">datum</w>
               <S/>
               <w msd="Vp" lemma="in">in</w>
               <S/>
               <w msd="Sometn" lemma="čas">čas</w>
               <S/>
               <w msd="Ggnste" lemma="prevzemati">prevzema</w>
               <S/>
               <w msd="Vp" lemma="ter">ter</w>
               <S/>
               <w msd="Ggdn" lemma="označiti">označiti</w>
               <S/>
               <w msd="Ppnmeid" lemma="vrsten">vrstni</w>
               <S/>
               <w msd="Somei" lemma="red">red</w>
               <S/>
               <w msd="Somer" lemma="prevzem">prevzema</w>
               <S/>
               <w msd="Sozmr" lemma="ponudba">ponudb</w>
               <S/>
               <w msd="Vp" lemma="ter">ter</w>
               <S/>
               <w msd="Sometn" lemma="prevzem">prevzem</w>
               <S/>
               <w msd="Ggdn" lemma="potrditi">potrditi</w>
               <S/>
               <w msd="Do" lemma="z">z</w>
               <S/>
               <w msd="Someo" lemma="žig">žigom</w>
               <S/>
               <w msd="Vp" lemma="in">in</w>
               <S/>
               <w msd="Someo" lemma="podpis">podpisom</w>
               <c>.</c>
            </s>
         </p>
         <p xml:id="F0001522.000141">
            <s>
               <c>(</c>
               <w msd="Kag" lemma="2">2</w>
               <c>)</c>
               <S/>
               <w msd="Zc-zmi" lemma="ves">Vse</w>
               <S/>
               <w msd="Ppnzmi" lemma="neveljaven">neveljavne</w>
               <S/>
               <w msd="Sozmt" lemma="ponudba">ponudbe</w>
               <S/>
               <w msd="Sozei" lemma="komisija">komisija</w>
               <S/>
               <w msd="Ggdste" lemma="izločiti">izloči</w>
               <S/>
               <w msd="Dr" lemma="iz">iz</w>
               <S/>
               <w msd="Ppnmer" lemma="nadaljnji">nadaljnjega</w>
               <S/>
               <w msd="Somer" lemma="postopek">postopka</w>
               <S/>
               <w msd="Vp" lemma="in">in</w>
               <S/>
               <w msd="Zotmmt--k" lemma="on">jih</w>
               <S/>
               <w msd="Ppnzer" lemma="neodprt">neodprte</w>
               <S/>
               <w msd="Ggdste" lemma="vrniti">vrne</w>
               <S/>
               <w msd="Someo" lemma="ponudnik">ponudnikom</w>
               <c>.</c>
            </s>
         </p>
         <p xml:id="F0001522.000145">
            <s>
               <c>(</c>
               <w msd="Kag" lemma="3">3</w>
               <c>)</c>
               <S/>
               <w msd="Vd" lemma="če">Če</w>
               <S/>
               <w msd="L" lemma="tudi">tudi</w>
               <S/>
               <w msd="Pdnmmi" lemma="ponovljen">ponovljeni</w>
               <S/>
               <w msd="Ppnmeid" lemma="javen">javni</w>
               <S/>
               <w msd="Somei" lemma="razpis">razpis</w>
               <S/>
               <w msd="Gp-ste-d" lemma="biti">ni</w>
               <S/>
               <w msd="Ggdd-em" lemma="uspeti">uspel</w>
               <c>,</c>
               <S/>
               <w msd="Somei" lemma="naročnik">naročnik</w>
               <S/>
               <w msd="Rsn" lemma="lahko">lahko</w>
               <S/>
               <w msd="Ggdste" lemma="oddati">odda</w>
               <S/>
               <w msd="Rsn" lemma="javno">javno</w>
               <S/>
               <w msd="Soset" lemma="naročilo">naročilo</w>
               <S/>
               <w msd="Do" lemma="z">z</w>
               <S/>
               <w msd="Ppnzeo" lemma="neposreden">neposredno</w>
               <S/>
               <w msd="Sozeo" lemma="pogodba">pogodbo</w>
               <S/>
               <w msd="Ppnmed" lemma="edin">edinemu</w>
               <S/>
               <w msd="Somed" lemma="ponudnik">ponudniku</w>
               <c>.</c>
            </s>
         </p>
         <p xml:id="F0001522.000171">
            <s>
               <c>(</c>
               <w msd="Kag" lemma="3">3</w>
               <c>)</c>
               <S/>
               <w msd="Somei" lemma="naročnik">Naročnik</w>
               <S/>
               <w msd="Rsn" lemma="lahko">lahko</w>
               <S/>
               <w msd="Dr" lemma="od">od</w>
               <S/>
               <w msd="Somer" lemma="ponudnik">ponudnika</w>
               <S/>
               <w msd="Ggvste" lemma="zahtevati">zahteva</w>
               <c>,</c>
               <S/>
               <w msd="Vd" lemma="da">da</w>
               <S/>
               <w msd="Ggdste" lemma="dokazati">dokaže</w>
               <c>:</c>
               <S/>
               <w msd="Kag" lemma="1">1</w>
               <c>)</c>
               <S/>
               <w msd="Vd" lemma="da">da</w>
               <S/>
               <w msd="Ggnste-n" lemma="imeti">ima</w>
               <S/>
               <w msd="Pdnzei" lemma="predpisan">predpisana</w>
               <S/>
               <w msd="Sosmt" lemma="dovoljenje">dovoljenja</w>
               <S/>
               <w msd="Dt" lemma="za">za</w>
               <S/>
               <w msd="Soset" lemma="opravljanje">opravljanje</w>
               <S/>
               <w msd="Sozer" lemma="dejavnost">dejavnosti</w>
               <S/>
               <w msd="Dt" lemma="v">v</w>
               <S/>
               <w msd="Soset" lemma="področje">področje</w>
               <S/>
               <w msd="Zv-zer" lemma="kateri">katere</w>
               <S/>
               <w msd="Ggnste" lemma="spadati">spada</w>
               <S/>
               <w msd="Sozei" lemma="izvedba">izvedba</w>
               <S/>
               <w msd="Ppnser" lemma="javen">javnega</w>
               <S/>
               <w msd="Soser" lemma="naročilo">naročila</w>
               <c>,</c>
               <S/>
               <w msd="Kag" lemma="2">2</w>
               <c>)</c>
               <S/>
               <w msd="Vd" lemma="da">da</w>
               <S/>
               <w msd="Gp-ste-n" lemma="biti">je</w>
               <S/>
               <w msd="Rsn" lemma="finančno">finančno</w>
               <S/>
               <w msd="Ppnmein" lemma="sposoben">sposoben</w>
               <c>,</c>
               <S/>
               <w msd="Kag" lemma="3">3</w>
               <c>)</c>
               <S/>
               <w msd="Vd" lemma="da">da</w>
               <S/>
               <w msd="Ggnste-n" lemma="imeti">ima</w>
               <S/>
               <w msd="Ppnzmt" lemma="zadosten">zadostne</w>
               <S/>
               <w msd="Ppnzmt" lemma="prost">proste</w>
               <S/>
               <w msd="Ppnzmt" lemma="tehničen">tehnične</w>
               <S/>
               <w msd="Sozer" lemma="zmogljivost">zmogljivosti</w>
               <c>.</c>
            </s>
         </p>
         <p xml:id="F0001522.000177">
            <s>
               <w msd="Kav" lemma="41.">41.</w>
               <S/>
               <w msd="Somei" lemma="člen">člen</w>
            </s>
         </p>
         <p xml:id="F0001522.000204">
            <s>
               <w msd="Somei" lemma="naročnik">Naročnik</w>
               <S/>
               <w msd="Dm" lemma="v">v</w>
               <S/>
               <w msd="Somem" lemma="postopek">postopku</w>
               <S/>
               <w msd="Sozer" lemma="oddaja">oddaje</w>
               <S/>
               <w msd="Ppnser" lemma="javen">javnega</w>
               <S/>
               <w msd="Soser" lemma="naročilo">naročila</w>
               <S/>
               <w msd="Do" lemma="z">s</w>
               <S/>
               <w msd="Ppnseo" lemma="pisen">pisnim</w>
               <S/>
               <w msd="Soseo" lemma="vabilo">vabilom</w>
               <S/>
               <w msd="Ggdste" lemma="povabiti">povabi</w>
               <S/>
               <w msd="Zc-mmt" lemma="ves">vse</w>
               <S/>
               <w msd="Sommt" lemma="ponudnik">ponudnike</w>
               <S/>
               <w msd="Do" lemma="z">s</w>
               <S/>
               <w msd="Pdnzeo" lemma="priznan">priznano</w>
               <S/>
               <w msd="Sozeo" lemma="sposobnost">sposobnostjo</w>
               <c>,</c>
               <S/>
               <w msd="Vd" lemma="da">da</w>
               <S/>
               <w msd="Ggdstm" lemma="predložiti">predložijo</w>
               <S/>
               <w msd="Sozmt" lemma="ponudba">ponudbe</w>
               <c>.</c>
            </s>
         </p>
         <p xml:id="F0001522.000206">
            <s>
               <c>(</c>
               <w msd="Kag" lemma="1">1</w>
               <c>)</c>
               <S/>
               <w msd="Ppnmeid" lemma="javen">Javni</w>
               <S/>
               <w msd="Somei" lemma="razpis">razpis</w>
               <S/>
               <w msd="Do" lemma="z">s</w>
               <S/>
               <w msd="Ppnseo" lemma="predhoden">predhodnim</w>
               <S/>
               <w msd="Soseo" lemma="ugotavljanje">ugotavljanjem</w>
               <S/>
               <w msd="Sozer" lemma="sposobnost">sposobnosti</w>
               <S/>
               <w msd="Ggdste" lemma="opraviti">opravi</w>
               <S/>
               <w msd="Somei" lemma="naročnik">naročnik</w>
               <S/>
               <w msd="L" lemma="tudi">tudi</w>
               <S/>
               <w msd="Dm" lemma="v">v</w>
               <S/>
               <w msd="Somem" lemma="primer">primeru</w>
               <c>,</c>
               <S/>
               <w msd="Vd" lemma="če">če</w>
               <S/>
               <w msd="Gp-stm-n" lemma="biti">so</w>
               <S/>
               <w msd="Somei" lemma="predmet">predmet</w>
               <S/>
               <w msd="Ppnser" lemma="javen">javnega</w>
               <S/>
               <w msd="Soser" lemma="naročilo">naročila</w>
               <S/>
               <w msd="Ppnmmi" lemma="stalen">stalni</w>
               <S/>
               <w msd="Ggdste" lemma="nakupiti">nakupi</w>
               <S/>
               <w msd="Soser" lemma="blago">blaga</w>
               <S/>
               <w msd="Vp" lemma="in">in</w>
               <S/>
               <w msd="Sozmr" lemma="storitev">storitev</w>
               <c>,</c>
               <S/>
               <w msd="Vd" lemma="ki">ki</w>
               <S/>
               <w msd="Zotmmt--k" lemma="on">jih</w>
               <S/>
               <w msd="Somei" lemma="naročnik">naročnik</w>
               <S/>
               <w msd="Dm" lemma="po">po</w>
               <S/>
               <w msd="Somem" lemma="obseg">obsegu</w>
               <S/>
               <w msd="Vp" lemma="in">in</w>
               <S/>
               <w msd="Rsn" lemma="časovno">časovno</w>
               <S/>
               <w msd="L" lemma="ne">ne</w>
               <S/>
               <w msd="Ggnste" lemma="moči">more</w>
               <S/>
               <w msd="Dm" lemma="v">v</w>
               <S/>
               <w msd="Sozem" lemma="celota">celoti</w>
               <S/>
               <w msd="Rsn" lemma="vnaprej">vnaprej</w>
               <S/>
               <w msd="Ggdn" lemma="določiti">določiti</w>
               <S/>
               <w msd="Vp" lemma="in">in</w>
               <S/>
               <w msd="Zotmmt--k" lemma="on">jih</w>
               <S/>
               <w msd="Gp-ste-n" lemma="biti">je</w>
               <S/>
               <w msd="Ppnsei" lemma="mogoč">mogoče</w>
               <S/>
               <w msd="Rsn" lemma="takoj">takoj</w>
               <S/>
               <w msd="Ggdn" lemma="kupiti">kupiti</w>
               <S/>
               <w msd="Vp" lemma="ali">ali</w>
               <S/>
               <w msd="Ggdn" lemma="opraviti">opraviti</w>
               <S/>
               <w msd="Vp" lemma="ter">ter</w>
               <S/>
               <w msd="Zp------k" lemma="se">se</w>
               <S/>
               <w msd="L" lemma="ne">ne</w>
               <S/>
               <w msd="Ggnstm" lemma="proizvajati">proizvajajo</w>
               <S/>
               <w msd="Dm" lemma="po">po</w>
               <S/>
               <w msd="Ppnzmm" lemma="poseben">posebnih</w>
               <S/>
               <w msd="Sozmm" lemma="zahteva">zahtevah</w>
               <S/>
               <w msd="Somer" lemma="naročnik">naročnika</w>
               <c>,</c>
               <S/>
               <w msd="Vp" lemma="oziroma">oziroma</w>
               <S/>
               <w msd="Dt" lemma="za">za</w>
               <S/>
               <w msd="Zv-zmt" lemma="kateri">katere</w>
               <S/>
               <w msd="Gp-ste-n" lemma="biti">je</w>
               <S/>
               <w msd="Pdnmein" lemma="vzpostavljen">vzpostavljen</w>
               <S/>
               <w msd="Somei" lemma="trg">trg</w>
               <c>.</c>
            </s>
         </p>
         <p xml:id="F0001522.000238">
            <s>
               <c>(</c>
               <w msd="Kag" lemma="2">2</w>
               <c>)</c>
               <S/>
               <w msd="Somei" lemma="naročnik">Naročnik</w>
               <S/>
               <w msd="Ggnste" lemma="zbirati">zbira</w>
               <S/>
               <w msd="Sommt" lemma="predlog">predloge</w>
               <S/>
               <w msd="Do" lemma="z">z</w>
               <S/>
               <w msd="Ppnmeo" lemma="javen">javnim</w>
               <S/>
               <w msd="Someo" lemma="razpis">razpisom</w>
               <c>,</c>
               <S/>
               <w msd="Vd" lemma="ki">ki</w>
               <S/>
               <w msd="Zp------k" lemma="se">se</w>
               <S/>
               <w msd="Ggdste" lemma="objaviti">objavi</w>
               <S/>
               <w msd="Dm" lemma="v">v</w>
               <S/>
               <w msd="Ppnmem" lemma="uraden">Uradnem</w>
               <S/>
               <w msd="Somem" lemma="list">listu</w>
               <S/>
               <w msd="Sozer" lemma="republika">Republike</w>
               <S/>
               <w msd="Slzer" lemma="Slovenija">Slovenije</w>
               <c>.</c>
            </s>
         </p>
         <p xml:id="F0001522.000242">
            <s>
               <c>(</c>
               <w msd="Kag" lemma="3">3</w>
               <c>)</c>
               <S/>
               <w msd="Sozei" lemma="objava">Objava</w>
               <S/>
               <w msd="Somer" lemma="razpis">razpisa</w>
               <S/>
               <w msd="Dt" lemma="za">za</w>
               <S/>
               <w msd="Soset" lemma="zbiranje">zbiranje</w>
               <S/>
               <w msd="Sommr" lemma="predlog">predlogov</w>
               <S/>
               <w msd="Ggnste" lemma="morati">mora</w>
               <S/>
               <w msd="Ggnn" lemma="vsebovati">vsebovati</w>
               <S/>
               <w msd="L" lemma="zlasti">zlasti</w>
               <S/>
               <w msd="Ppnmmt" lemma="naslednji">naslednje</w>
               <S/>
               <w msd="Sommt" lemma="podatek">podatke</w>
               <c>:</c>
               <S/>
               <w msd="Kag" lemma="1">1</w>
               <c>)</c>
               <S/>
               <w msd="Sosei" lemma="ime">ime</w>
               <S/>
               <w msd="Vp" lemma="in">in</w>
               <S/>
               <w msd="Sometn" lemma="naslov">naslov</w>
               <S/>
               <w msd="Somer" lemma="naročnik">naročnika</w>
               <c>,</c>
               <S/>
               <w msd="Kag" lemma="2">2</w>
               <c>)</c>
               <S/>
               <w msd="Somei" lemma="opis">opis</w>
               <S/>
               <w msd="Pdnmmr" lemma="razpisan">razpisanih</w>
               <S/>
               <w msd="Sosmr" lemma="naročilo">naročil</w>
               <c>,</c>
               <S/>
               <w msd="Rsn" lemma="vključno">vključno</w>
               <S/>
               <w msd="Do" lemma="z">z</w>
               <S/>
               <w msd="Zc-mmo" lemma="ves">vsemi</w>
               <S/>
               <w msd="Ppnzmo" lemma="poseben">posebnimi</w>
               <S/>
               <w msd="Sozmo" lemma="zahteva">zahtevami</w>
               <c>,</c>
               <S/>
               <w msd="Vd" lemma="ki">ki</w>
               <S/>
               <w msd="Zotsmt--k" lemma="on">jih</w>
               <S/>
               <w msd="Ggnste" lemma="morati">mora</w>
               <S/>
               <w msd="Ggnn" lemma="izpolnjevati">izpolnjevati</w>
               <S/>
               <w msd="Sometn" lemma="predlog">predlog</w>
               <c>,</c>
               <S/>
               <w msd="Kag" lemma="3">3</w>
               <c>)</c>
               <S/>
               <w msd="Ppnzet" lemma="skupen">skupno</w>
               <S/>
               <w msd="Sozet" lemma="višina">višino</w>
               <S/>
               <w msd="Sosmr" lemma="sredstvo">sredstev</w>
               <S/>
               <w msd="Vp" lemma="in">in</w>
               <S/>
               <w msd="Pdnzet" lemma="predviden">predvideno</w>
               <S/>
               <w msd="Ppnzet" lemma="posamičen">posamično</w>
               <S/>
               <w msd="Sozet" lemma="vrednost">vrednost</w>
               <S/>
               <w msd="Somer" lemma="predlog">predloga</w>
               <c>,</c>
               <S/>
               <w msd="Vp" lemma="razen">razen</w>
               <S/>
               <w msd="Vd" lemma="če">če</w>
               <S/>
               <w msd="Dr" lemma="iz">iz</w>
               <S/>
               <w msd="Pdnmer" lemma="utemeljen">utemeljenega</w>
               <S/>
               <w msd="Somer" lemma="razlog">razloga</w>
               <S/>
               <w msd="Sozer" lemma="višina">višine</w>
               <S/>
               <w msd="Sosmr" lemma="sredstvo">sredstev</w>
               <S/>
               <w msd="Gp-ste-d" lemma="biti">ni</w>
               <S/>
               <w msd="Ppnsei" lemma="možen">možno</w>
               <S/>
               <w msd="Ggdn" lemma="določiti">določiti</w>
               <c>,</c>
               <S/>
               <w msd="Kag" lemma="4">4</w>
               <c>)</c>
               <S/>
               <w msd="Pdnmeid" lemma="predviden">predvideni</w>
               <S/>
               <w msd="Sometn" lemma="čas">čas</w>
               <S/>
               <w msd="Sozer" lemma="izvedba">izvedbe</w>
               <S/>
               <w msd="Soser" lemma="naročilo">naročila</w>
               <c>,</c>
               <S/>
               <w msd="Kag" lemma="5">5</w>
               <c>)</c>
               <S/>
               <w msd="Ppnzmt" lemma="morebiten">morebitne</w>
               <S/>
               <w msd="Kbzzmt" lemma="drug">druge</w>
               <S/>
               <w msd="Sommt" lemma="pogoj">pogoje</w>
               <c>,</c>
               <S/>
               <w msd="Vd" lemma="ki">ki</w>
               <S/>
               <w msd="Zotsmt--k" lemma="on">jih</w>
               <S/>
               <w msd="Ggnste" lemma="morati">mora</w>
               <S/>
               <w msd="Ggnn" lemma="izpolnjevati">izpolnjevati</w>
               <S/>
               <w msd="Somei" lemma="predlog">predlog</w>
               <c>,</c>
               <S/>
               <w msd="Kag" lemma="6">6</w>
               <c>)</c>
               <S/>
               <w msd="Sozet" lemma="lokacija">lokacijo</w>
               <S/>
               <w msd="Sozer" lemma="izvedba">izvedbe</w>
               <c>,</c>
               <S/>
               <w msd="Vd" lemma="kadar">kadar</w>
               <S/>
               <w msd="Gp-ste-n" lemma="biti">je</w>
               <S/>
               <w msd="L" lemma="le">le</w>
               <c>-</c>
               <w msd="Zk-zei" lemma="ta">ta</w>
               <S/>
               <w msd="Ppnzei" lemma="pomemben">pomembna</w>
               <c>,</c>
               <S/>
               <w msd="Kag" lemma="7">7</w>
               <c>)</c>
               <S/>
               <w msd="Sosmi" lemma="merilo">merila</w>
               <S/>
               <w msd="Dt" lemma="za">za</w>
               <S/>
               <w msd="Soset" lemma="ocenjevanje">ocenjevanje</w>
               <S/>
               <w msd="Somer" lemma="predlog">predloga</w>
               <S/>
               <w msd="Vp" lemma="in">in</w>
               <S/>
               <w msd="Somei" lemma="način">način</w>
               <S/>
               <w msd="Sozer" lemma="uporaba">uporabe</w>
               <S/>
               <w msd="Sosmr" lemma="merilo">meril</w>
               <S/>
               <w msd="Dm" lemma="pri">pri</w>
               <S/>
               <w msd="Sosem" lemma="ocenjevanje">ocenjevanju</w>
               <S/>
               <w msd="Sommr" lemma="predlog">predlogov</w>
               <c>,</c>
               <S/>
               <w msd="Dm" lemma="pri">pri</w>
               <S/>
               <w msd="Zz-sem" lemma="kar">čemer</w>
               <S/>
               <w msd="Zp------k" lemma="se">se</w>
               <S/>
               <w msd="Rsn" lemma="lahko">lahko</w>
               <S/>
               <w msd="Ggnste" lemma="sklicevati">sklicuje</w>
               <S/>
               <w msd="Dt" lemma="na">na</w>
               <S/>
               <w msd="L" lemma="že">že</w>
               <S/>
               <w msd="Ppnmmt" lemma="veljaven">veljavne</w>
               <S/>
               <w msd="Sommt" lemma="predpis">predpise</w>
               <c>,</c>
               <S/>
               <w msd="Pdnzmi" lemma="objavljen">objavljene</w>
               <S/>
               <w msd="Dm" lemma="v">v</w>
               <S/>
               <w msd="Ppnmem" lemma="uraden">uradnem</w>
               <S/>
               <w msd="Somem" lemma="list">listu</w>
               <c>,</c>
               <S/>
               <w msd="Kag" lemma="8">8</w>
               <c>)</c>
               <S/>
               <w msd="Sozet" lemma="oblika">obliko</w>
               <S/>
               <w msd="Somer" lemma="predlog">predloga</w>
               <c>,</c>
               <S/>
               <w msd="Rsn" lemma="vključno">vključno</w>
               <S/>
               <w msd="Do" lemma="z">z</w>
               <S/>
               <w msd="Sozeo" lemma="določitev">določitvijo</w>
               <S/>
               <w msd="Pdnmmr" lemma="zahtevan">zahtevanih</w>
               <S/>
               <w msd="Sommr" lemma="rok">rokov</w>
               <c>,</c>
               <S/>
               <w msd="Vd" lemma="ki">ki</w>
               <S/>
               <w msd="Zotsmt--k" lemma="on">jih</w>
               <S/>
               <w msd="Ggnste" lemma="morati">mora</w>
               <S/>
               <w msd="Somei" lemma="predlog">predlog</w>
               <S/>
               <w msd="Ggvn" lemma="upoštevati">upoštevati</w>
               <c>.</c>
            </s>
         </p>
         <p xml:id="F0001522.000248">
            <s>
               <c>(</c>
               <w msd="Kag" lemma="3">3</w>
               <c>)</c>
               <S/>
               <w msd="Somei" lemma="naročnik">Naročnik</w>
               <S/>
               <w msd="Ggvste" lemma="upoštevati">upošteva</w>
               <S/>
               <w msd="Sozei" lemma="učinkovitost">učinkovitost</w>
               <S/>
               <w msd="Somer" lemma="predlog">predloga</w>
               <S/>
               <w msd="Rsn" lemma="glede">glede</w>
               <S/>
               <w msd="Rsn" lemma="naprej">naprej</w>
               <S/>
               <w msd="Pdnzmi" lemma="postavljen">postavljene</w>
               <S/>
               <w msd="Sozmt" lemma="zahteva">zahteve</w>
               <S/>
               <w msd="Rsn" lemma="neodvisno">neodvisno</w>
               <S/>
               <w msd="Dr" lemma="od">od</w>
               <S/>
               <w msd="Sozer" lemma="cena">cene</w>
               <c>.</c>
               <S/>
            </s>
            <s>
               <w msd="Sozet" lemma="cena">Ceno</w>
               <S/>
               <w msd="Ggvste" lemma="upoštevati">upošteva</w>
               <S/>
               <w msd="Dm" lemma="pri">pri</w>
               <S/>
               <w msd="Sosem" lemma="ocenjevanje">ocenjevanju</w>
               <S/>
               <w msd="Somer" lemma="predlog">predloga</w>
               <S/>
               <w msd="L" lemma="šele">šele</w>
               <S/>
               <w msd="Dm" lemma="po">po</w>
               <S/>
               <w msd="Zk-sem" lemma="ta">tem</w>
               <c>,</c>
               <S/>
               <w msd="Vd" lemma="ko">ko</w>
               <S/>
               <w msd="Ggdste" lemma="oceniti">oceni</w>
               <S/>
               <w msd="Ppnzet" lemma="vsebinski">vsebinsko</w>
               <S/>
               <w msd="Sozet" lemma="ustreznost">ustreznost</w>
               <S/>
               <w msd="Somer" lemma="predlog">predloga</w>
               <c>.</c>
            </s>
         </p>
         <p xml:id="F0001522.000252">
            <s>
               <w msd="Kav" lemma="8.">8.</w>
               <S/>
            </s>
            <s>
               <w msd="Sozei" lemma="sklenitev">SKLENITEV</w>
               <S/>
               <w msd="Sozer" lemma="pogodba">POGODBE</w>
            </s>
         </p>
         <p xml:id="F0001522.000261">
            <s>
               <c>(</c>
               <w msd="Kag" lemma="1">1</w>
               <c>)</c>
               <S/>
               <w msd="Sozet" lemma="revizija">Revizijo</w>
               <S/>
               <w msd="Somer" lemma="postopek">postopka</w>
               <S/>
               <w msd="Ppnmer" lemma="javen">javnega</w>
               <S/>
               <w msd="Somer" lemma="razpis">razpisa</w>
               <c>,</c>
               <S/>
               <w msd="Somer" lemma="postopek">postopka</w>
               <S/>
               <w msd="Soser" lemma="zbiranje">zbiranja</w>
               <S/>
               <w msd="Sozmr" lemma="ponudba">ponudb</w>
               <S/>
               <w msd="Vp" lemma="in">in</w>
               <S/>
               <w msd="Somer" lemma="postopek">postopka</w>
               <S/>
               <w msd="Soser" lemma="zbiranje">zbiranja</w>
               <S/>
               <w msd="Sommr" lemma="predlog">predlogov</w>
               <S/>
               <w msd="Ggnste" lemma="smeti">sme</w>
               <S/>
               <w msd="Ggvn" lemma="zahtevati">zahtevati</w>
               <S/>
               <w msd="Zc-met" lemma="vsak">vsak</w>
               <S/>
               <w msd="Somei" lemma="ponudnik">ponudnik</w>
               <c>,</c>
               <S/>
               <w msd="Vd" lemma="ki">ki</w>
               <S/>
               <w msd="Gp-ste-n" lemma="biti">je</w>
               <S/>
               <w msd="Ggnd-em" lemma="sodelovati">sodeloval</w>
               <S/>
               <w msd="Dm" lemma="v">v</w>
               <S/>
               <w msd="Somem" lemma="postopek">postopku</w>
               <S/>
               <w msd="Sozer" lemma="oddaja">oddaje</w>
               <S/>
               <w msd="Ppnser" lemma="javen">javnega</w>
               <S/>
               <w msd="Soser" lemma="naročilo">naročila</w>
               <c>,</c>
               <S/>
               <w msd="Vd" lemma="če">če</w>
               <S/>
               <w msd="Ggnste" lemma="meniti">meni</w>
               <c>,</c>
               <S/>
               <w msd="Vd" lemma="da">da</w>
               <S/>
               <w msd="Somei" lemma="postopek">postopek</w>
               <S/>
               <w msd="Gp-ste-d" lemma="biti">ni</w>
               <S/>
               <w msd="Gp-d-em" lemma="biti">bil</w>
               <S/>
               <w msd="Pdnmein" lemma="izveden">izveden</w>
               <S/>
               <w msd="Rsn" lemma="skladno">skladno</w>
               <S/>
               <w msd="Do" lemma="z">z</w>
               <S/>
               <w msd="Sosmo" lemma="določilo">določili</w>
               <S/>
               <w msd="Zk-mer" lemma="ta">tega</w>
               <S/>
               <w msd="Somer" lemma="zakon">zakona</w>
               <c>.</c>
            </s>
         </p>
         <p xml:id="F0001522.000265">
            <s>
               <w msd="Kav" lemma="64.">64.</w>
               <S/>
               <w msd="Somei" lemma="člen">člen</w>
            </s>
         </p>
         <p xml:id="F0001522.000270">
            <s>
               <c>(</c>
               <w msd="Kag" lemma="1">1</w>
               <c>)</c>
               <S/>
               <w msd="Somei" lemma="naročnik">Naročnik</w>
               <S/>
               <w msd="Dm" lemma="po">po</w>
               <S/>
               <w msd="Pdnzem" lemma="prejet">prejeti</w>
               <S/>
               <w msd="Sozem" lemma="zahteva">zahtevi</w>
               <S/>
               <w msd="Dt" lemma="za">za</w>
               <S/>
               <w msd="Sozet" lemma="revizija">revizijo</w>
               <S/>
               <w msd="Ggdste" lemma="preveriti">preveri</w>
               <c>,</c>
               <S/>
               <w msd="Vp" lemma="ali">ali</w>
               <S/>
               <w msd="Gp-ste-n" lemma="biti">je</w>
               <S/>
               <w msd="Ppnzei" lemma="pravočasen">pravočasna</w>
               <S/>
               <w msd="Vp" lemma="in">in</w>
               <S/>
               <w msd="Vp" lemma="ali">ali</w>
               <S/>
               <w msd="Zotzet--k" lemma="on">jo</w>
               <S/>
               <w msd="Gp-ste-n" lemma="biti">je</w>
               <S/>
               <w msd="Ggdd-ez" lemma="vložiti">vložila</w>
               <S/>
               <w msd="Pdnzei" lemma="upravičen">upravičena</w>
               <S/>
               <w msd="Sozei" lemma="oseba">oseba</w>
               <c>.</c>
            </s>
         </p>
         <p xml:id="F0001522.000278">
            <s>
               <c>(</c>
               <w msd="Kag" lemma="4">4</w>
               <c>)</c>
               <S/>
               <w msd="Sommt" lemma="strošek">Stroške</w>
               <S/>
               <w msd="Somer" lemma="postopek">postopka</w>
               <S/>
               <w msd="Do" lemma="pred">pred</w>
               <S/>
               <w msd="Ppnzeo" lemma="revizijski">revizijsko</w>
               <S/>
               <w msd="Sozeo" lemma="komisija">komisijo</w>
               <S/>
               <w msd="Ggnste" lemma="nositi">nosi</w>
               <S/>
               <w msd="Sometn" lemma="naročnik">naročnik</w>
               <c>,</c>
               <S/>
               <w msd="Vp" lemma="razen">razen</w>
               <S/>
               <w msd="Vd" lemma="če">če</w>
               <S/>
               <w msd="Zp------k" lemma="se">se</w>
               <S/>
               <w msd="Ggdste" lemma="izkazati">izkaže</w>
               <c>,</c>
               <S/>
               <w msd="Vd" lemma="da">da</w>
               <S/>
               <w msd="Ggvste" lemma="zahtevati">zahteva</w>
               <S/>
               <w msd="Dt" lemma="za">za</w>
               <S/>
               <w msd="Sozet" lemma="revizija">revizijo</w>
               <S/>
               <w msd="Gp-ste-d" lemma="biti">ni</w>
               <S/>
               <w msd="Gp-d-ez" lemma="biti">bila</w>
               <S/>
               <w msd="Pdnzei" lemma="utemeljen">utemeljena</w>
               <c>.</c>
            </s>
         </p>
      </body>
   </text>
</TEI>