<?xml version="1.0" encoding="UTF-8"?>
<TEI xmlns="http://www.tei-c.org/ns/1.0" xml:id="F0002413" xml:lang="sl">
   <teiHeader>
      <fileDesc>
         <titleStmt>
            <title>ccKRES: Dolenjski list (2002-10)</title>
            <funder>Operacijo delno financira Evropska unija iz Evropskega socialnega sklada ter Ministrstvo za šolstvo in šport. Operacija se izvaja v okviru Operativnega programa razvoja človeških virov za obdobje 2007-2013, razvojne prioritete: razvoj človeških virov in vseživljenjskega učenja; prednostne usmeritve: izboljšanje kakovosti in učinkovitosti sistemov izobraževanja in usposabljanja 2007-2013.</funder>
         </titleStmt>
         <editionStmt>
            <edition>1.0</edition>
         </editionStmt>
         <extent>345 besed</extent>
         <publicationStmt>
            <idno>DL10_02</idno>
            <availability status="free">
               <p xml:lang="sl">Avtorske pravice za to izdajo ureja licenca <ref target="http://creativecommons.org/licenses/by-nc/2.5/si/">Creative Commons Priznanje avtorstva-Nekomercialno 2.5 Slovenija</ref>.</p>
               <p xml:lang="en">This work is licenced under the <ref target="http://creativecommons.org/licenses/by-nc/2.5/si/deed.en">Creative Commons Attribution-Noncommercial 2.5 Slovenia</ref>.</p>
            </availability>
            <date>2012-05-06</date>
         </publicationStmt>
         <sourceDesc>
            <bibl>
               <title>Dolenjski list</title>
               <author n="???">neznani novinar</author>
               <date>2002-10</date>
               <publisher n="Dolenjski list">Dolenjski list</publisher>
               <note type="sourceLang">sl</note>
            </bibl>
         </sourceDesc>
      </fileDesc>
      <encodingDesc>
         <projectDesc>
            <p xml:lang="sl">Glej <ref target="http://www.korpus-kres.net/">www.korpus-kres.net</ref> oz. <ref target="http://nl.ijs.si/ssj/">nl.ijs.si/ssj</ref>.</p>
            <p xml:lang="en">See <ref target="http://www.korpus-kres.net/">www.korpus-kres.net</ref> or <ref target="http://nl.ijs.si/ssj/">nl.ijs.si/ssj</ref>.</p>
         </projectDesc>
         <samplingDecl>
            <p xml:lang="sl">
            Besedila in odstavki v korpusu KRES so bili vzorčeni iz
            Gigafide tako, da smo dobili 100-milijonski referenčni
            korpus, v katerem so besedila uravnotežena po vnaprej
            določenih taksonomskih deležih in po podatkih o branosti
            vira (časopisi, revije, novičarski portali).  Korpus
            ccKRES nato, z namenom, da je lahko dostopen po licenci CC,
            vsebuje 10 % naključno vzorčenih odstavkov besedil iz
            korpusa KRES, torej 10 milijonov besed.
	    Več o sestavi korpusa lahko preberete na 
            <ref target="http://www.korpus-kres.net/">www.korpus-kres.net</ref> oz.
            <ref target="http://nl.ijs.si/ssj/">nl.ijs.si/ssj</ref>.
	  </p>
            <p xml:lang="en">
            Texts and paragraphs in the KRES corpus have been sampled from the 
	    Gigafida corpus. The result of the sampling is a 100-million-word 
	    reference corpus. The texts in KRES are balanced according to the 
	    predetermined categories, with particular consideration being paid to 
	    the data on the popularity of the source (newspapers, magazines, 
	    Internet news sites). 
	    To enable free (CC) distribution of the corpus, the ccKRES corpus contains 
	    10% of randomly sampled paragraphs from KRES, i.e. contains 10 million words.
	    For more information about the contents of the corpus, 
	    see <ref target="http://www.korpus-kres.net/">www.korpus-kres.net</ref>
	    and <ref target="http://nl.ijs.si/ssj/">nl.ijs.si/ssj</ref>.
	  </p>
         </samplingDecl>
         <tagsDecl>
            <namespace name="http://www.tei-c.org/ns/1.0">
               <tagUsage gi="c" occurs="56"/>
               <tagUsage gi="p" occurs="9"/>
               <tagUsage gi="s" occurs="29"/>
               <tagUsage gi="S" occurs="333"/>
               <tagUsage gi="w" occurs="345"/>
            </namespace>
         </tagsDecl>
         <classDecl>
            <taxonomy xml:id="SSJ">
               <category xml:id="SSJ.T">
                  <catDesc>tisk</catDesc>
                  <category xml:id="SSJ.T.K">
                     <catDesc>knjižno</catDesc>
                     <category xml:id="SSJ.T.K.L">
                        <catDesc>leposlovno</catDesc>
                     </category>
                     <category xml:id="SSJ.T.K.S">
                        <catDesc>strokovno</catDesc>
                     </category>
                  </category>
                  <category xml:id="SSJ.T.P">
                     <catDesc>periodično</catDesc>
                     <category xml:id="SSJ.T.P.C">
                        <catDesc>časopis</catDesc>
                     </category>
                     <category xml:id="SSJ.T.P.R">
                        <catDesc>revija</catDesc>
                     </category>
                  </category>
                  <category xml:id="SSJ.T.D">
                     <catDesc>drugo</catDesc>
                  </category>
               </category>
               <category xml:id="SSJ.I">
                  <catDesc>internet</catDesc>
               </category>
            </taxonomy>
         </classDecl>
      </encodingDesc>
      <profileDesc>
         <textClass>
            <catRef target="#SSJ.T.P.C"/>
         </textClass>
      </profileDesc>
   </teiHeader>
   <text xml:id="F0002413." xml:lang="sl">
      <body>
         <p xml:id="F0002413.001097">
            <s>
               <w msd="Somei" lemma="podpis">PODPIS</w>
               <c>:</c>
            </s>
         </p>
         <p xml:id="F0002413.001692">
            <s>
               <w msd="Ppnmein" lemma="surov">Surov</w>
               <S/>
               <w msd="Somei" lemma="kostanj">kostanj</w>
               <S/>
               <w msd="Ggnspm" lemma="lupiti">lupimo</w>
               <S/>
               <w msd="Dt" lemma="na">na</w>
               <S/>
               <w msd="Kbgmmt" lemma="trije">tri</w>
               <S/>
               <w msd="Sommt" lemma="način">načine</w>
               <c>.</c>
               <S/>
            </s>
            <s>
               <w msd="Ppnzet" lemma="rjav">Rjavo</w>
               <S/>
               <w msd="Sozet" lemma="lupina">lupino</w>
               <S/>
               <w msd="Vp" lemma="in">in</w>
               <S/>
               <w msd="Ppnzet" lemma="rumen">rumeno</w>
               <S/>
               <w msd="Sozet" lemma="kožica">kožico</w>
               <S/>
               <w msd="Ggdspm" lemma="odstraniti">odstranimo</w>
               <S/>
               <w msd="Do" lemma="z">z</w>
               <S/>
               <w msd="Ppnmeo" lemma="oster">ostrim</w>
               <S/>
               <w msd="Someo" lemma="nož">nožem</w>
               <S/>
               <w msd="Vp" lemma="ali">ali</w>
               <S/>
               <w msd="Sommt" lemma="plod">plodove</w>
               <S/>
               <w msd="Rsn" lemma="križno">križno</w>
               <S/>
               <w msd="Ggdspm" lemma="zarezati">zarežemo</w>
               <S/>
               <w msd="Dm" lemma="na">na</w>
               <S/>
               <w msd="Pdnmetd" lemma="izbokel">izbokli</w>
               <S/>
               <w msd="Sozem" lemma="stran">strani</w>
               <S/>
               <w msd="Vp" lemma="in">in</w>
               <S/>
               <w msd="Zotmmt--k" lemma="on">jih</w>
               <S/>
               <w msd="Ggnspm" lemma="pražiti">pražimo</w>
               <c>,</c>
               <S/>
               <w msd="Vd" lemma="dokler">dokler</w>
               <S/>
               <w msd="Sozei" lemma="lupina">lupina</w>
               <S/>
               <w msd="L" lemma="ne">ne</w>
               <S/>
               <w msd="Ggdste" lemma="počiti">poči</w>
               <c>.</c>
               <S/>
            </s>
            <s>
               <w msd="Pdnzer" lemma="ohlajen">Ohlajene</w>
               <S/>
               <w msd="Ggdspm" lemma="olupiti">olupimo</w>
               <c>.</c>
               <S/>
            </s>
            <s>
               <w msd="Dt" lemma="na">Na</w>
               <S/>
               <w msd="Zk-met" lemma="ta">ta</w>
               <S/>
               <w msd="Sometn" lemma="način">način</w>
               <S/>
               <w msd="Zp------k" lemma="se">se</w>
               <S/>
               <w msd="Somei" lemma="kostanj">kostanj</w>
               <S/>
               <w msd="Dt" lemma="na">na</w>
               <S/>
               <w msd="Rsn" lemma="pol">pol</w>
               <S/>
               <w msd="Ggdste" lemma="skuhati">skuha</w>
               <c>,</c>
               <S/>
               <w msd="Zp------k" lemma="se">se</w>
               <S/>
               <w msd="Vp" lemma="pa">pa</w>
               <S/>
               <w msd="L" lemma="tudi">tudi</w>
               <S/>
               <w msd="Rsn" lemma="nekoliko">nekoliko</w>
               <S/>
               <w msd="Ggdste" lemma="posušiti">posuši</w>
               <c>.</c>
               <S/>
            </s>
            <s>
               <w msd="Rsn" lemma="lahko">Lahko</w>
               <S/>
               <w msd="Vp" lemma="pa">pa</w>
               <S/>
               <w msd="Somei" lemma="kostanj">kostanj</w>
               <S/>
               <w msd="Ggdspm" lemma="stresti">stresemo</w>
               <S/>
               <w msd="Dt" lemma="v">v</w>
               <S/>
               <w msd="Pdnzet" lemma="vrel">vrelo</w>
               <S/>
               <w msd="Sozet" lemma="voda">vodo</w>
               <S/>
               <w msd="Vp" lemma="in">in</w>
               <S/>
               <w msd="Ggvspm" lemma="blanširati">blanširamo</w>
               <c>.</c>
               <S/>
            </s>
            <s>
               <w msd="Dm" lemma="po">Po</w>
               <S/>
               <w msd="Sommm" lemma="odmerek">odmerkih</w>
               <S/>
               <w msd="Zotmmt--k" lemma="on">jih</w>
               <S/>
               <w msd="Ggdspm" lemma="odcediti">odcedimo</w>
               <S/>
               <w msd="Vp" lemma="in">in</w>
               <S/>
               <w msd="L" lemma="še">še</w>
               <S/>
               <w msd="Rsn" lemma="vroče">vroče</w>
               <S/>
               <w msd="Ggdspm" lemma="olupiti">olupimo</w>
               <c>.</c>
               <S/>
            </s>
            <s>
               <w msd="Vd" lemma="če">Če</w>
               <S/>
               <w msd="Zp------k" lemma="se">se</w>
               <S/>
               <w msd="Ggdstm" lemma="ohladiti">ohladijo</w>
               <S/>
               <w msd="Vp" lemma="in">in</w>
               <S/>
               <w msd="Zp------k" lemma="se">se</w>
               <S/>
               <w msd="Sozei" lemma="koža">koža</w>
               <S/>
               <w msd="Somer" lemma="trg">trga</w>
               <c>,</c>
               <S/>
               <w msd="Zotmmt--k" lemma="on">jih</w>
               <S/>
               <w msd="L" lemma="še">še</w>
               <S/>
               <w msd="Rsn" lemma="enkrat">enkrat</w>
               <S/>
               <w msd="Ggdspm" lemma="prevreti">prevremo</w>
               <c>.</c>
               <S/>
            </s>
            <s>
               <w msd="Rsn" lemma="tako">Tako</w>
               <S/>
               <w msd="Pdnmein" lemma="pripravljen">pripravljen</w>
               <S/>
               <w msd="Somei" lemma="kostanj">kostanj</w>
               <S/>
               <w msd="Gp-ste-n" lemma="biti">je</w>
               <S/>
               <w msd="Rss" lemma="najbolj">najbolj</w>
               <S/>
               <w msd="Ppnmein" lemma="primeren">primeren</w>
               <S/>
               <w msd="Dt" lemma="za">za</w>
               <S/>
               <w msd="Soset" lemma="zamrzovanje">zamrzovanje</w>
               <c>.</c>
               <S/>
            </s>
            <s>
               <w msd="Dr" lemma="iz">Iz</w>
               <S/>
               <w msd="Pdnser" lemma="kuhan">kuhanega</w>
               <S/>
               <w msd="Rsn" lemma="nato">nato</w>
               <S/>
               <w msd="Ggdspm" lemma="pripraviti">pripravimo</w>
               <S/>
               <w msd="Sometn" lemma="pire">pire</w>
               <c>,</c>
               <S/>
               <w msd="Do" lemma="z">s</w>
               <S/>
               <w msd="Zv-meo" lemma="kateri">katerim</w>
               <S/>
               <w msd="Rsn" lemma="lahko">lahko</w>
               <S/>
               <w msd="Ggdspm" lemma="dopolniti">dopolnimo</w>
               <S/>
               <w msd="Sozet" lemma="jed">jed</w>
               <S/>
               <w msd="Vp" lemma="ali">ali</w>
               <S/>
               <w msd="Ggdspm" lemma="pripraviti">pripravimo</w>
               <S/>
               <w msd="Sozet" lemma="sladica">sladico</w>
               <c>.</c>
               <S/>
            </s>
         </p>
         <p xml:id="F0002413.003012">
            <s>
               <w msd="Vp" lemma="in">In</w>
               <S/>
               <w msd="Rsn" lemma="zakaj">zakaj</w>
               <S/>
               <w msd="Zp------k" lemma="se">se</w>
               <S/>
               <w msd="Sozmi" lemma="pokojnina">pokojnine</w>
               <S/>
               <w msd="Somer" lemma="september">septembra</w>
               <S/>
               <w msd="Gp-stm-d" lemma="biti">niso</w>
               <S/>
               <w msd="Ggdd-mz" lemma="povečati">povečale</w>
               <c>?</c>
               <S/>
            </s>
            <s>
               <w msd="Dm" lemma="po">Po</w>
               <S/>
               <w msd="Ppnsem" lemma="nov">novem</w>
               <S/>
               <w msd="Ppnmeid" lemma="pokojninski">Pokojninski</w>
               <S/>
               <w msd="Somei" lemma="zavod">zavod</w>
               <S/>
               <w msd="Sozer" lemma="pokojnina">pokojnine</w>
               <S/>
               <w msd="Ggnste" lemma="usklajevati">usklajuje</w>
               <S/>
               <w msd="L" lemma="le">le</w>
               <S/>
               <w msd="Rsn" lemma="dvakrat">dvakrat</w>
               <S/>
               <w msd="Rsn" lemma="letno">letno</w>
               <c>,</c>
               <S/>
               <w msd="Somer" lemma="februar">februarja</w>
               <S/>
               <w msd="Vp" lemma="in">in</w>
               <S/>
               <w msd="Somer" lemma="september">septembra</w>
               <c>.</c>
               <S/>
            </s>
            <s>
               <w msd="Dm" lemma="pri">Pri</w>
               <S/>
               <w msd="Sosem" lemma="usklajevanje">usklajevanju</w>
               <S/>
               <w msd="Sozmr" lemma="pokojnina">pokojnin</w>
               <S/>
               <w msd="Vp" lemma="pa">pa</w>
               <S/>
               <w msd="Ggnstd" lemma="obstajati">obstajata</w>
               <S/>
               <w msd="Kbgzdt" lemma="dva">dve</w>
               <S/>
               <w msd="Sozdi" lemma="varovalka">varovalki</w>
               <c>,</c>
               <S/>
               <w msd="Ppnzei" lemma="spodnji">spodnja</w>
               <S/>
               <w msd="Vp" lemma="in">in</w>
               <S/>
               <w msd="Ppnzei" lemma="zgornji">zgornja</w>
               <S/>
               <w msd="Sozei" lemma="meja">meja</w>
               <c>.</c>
               <S/>
            </s>
            <s>
               <w msd="Kbvzei" lemma="prvi">Prva</w>
               <S/>
               <w msd="Gp-stm-n" lemma="biti">so</w>
               <S/>
               <w msd="Ppnmmi" lemma="življenjski">življenjski</w>
               <S/>
               <w msd="Sommi" lemma="strošek">stroški</w>
               <S/>
               <w msd="Vp" lemma="oziroma">oziroma</w>
               <S/>
               <w msd="Sozei" lemma="inflacija">inflacija</w>
               <S/>
               <w msd="Vp" lemma="in">in</w>
               <S/>
               <w msd="Sozer" lemma="pokojnina">pokojnine</w>
               <S/>
               <w msd="Ggnstm" lemma="morati">morajo</w>
               <S/>
               <w msd="Ggdn" lemma="narasti">narasti</w>
               <S/>
               <w msd="L" lemma="vsaj">vsaj</w>
               <S/>
               <w msd="Dt" lemma="za">za</w>
               <S/>
               <w msd="Rsn" lemma="toliko">toliko</w>
               <c>.</c>
               <S/>
            </s>
            <s>
               <w msd="Ppnzei" lemma="zgornji">Zgornja</w>
               <S/>
               <w msd="Sozei" lemma="meja">meja</w>
               <S/>
               <w msd="Dm" lemma="pri">pri</w>
               <S/>
               <w msd="Sozem" lemma="rast">rasti</w>
               <S/>
               <w msd="Sozmr" lemma="pokojnina">pokojnin</w>
               <S/>
               <w msd="Vp" lemma="pa">pa</w>
               <S/>
               <w msd="Gp-stm-n" lemma="biti">so</w>
               <S/>
               <w msd="Sozmi" lemma="plača">plače</w>
               <c>.</c>
               <S/>
            </s>
            <s>
               <w msd="Sozei" lemma="stopnja">Stopnja</w>
               <S/>
               <w msd="Sozer" lemma="rast">rasti</w>
               <S/>
               <w msd="Sozmr" lemma="pokojnina">pokojnin</w>
               <S/>
               <w msd="Dm" lemma="v">v</w>
               <S/>
               <w msd="Ppnsem" lemma="posamezen">posameznem</w>
               <S/>
               <w msd="Ppnsem" lemma="koledarski">koledarskem</w>
               <S/>
               <w msd="Sosem" lemma="leto">letu</w>
               <S/>
               <w msd="Ggnste" lemma="smeti">sme</w>
               <S/>
               <w msd="Vp" lemma="namreč">namreč</w>
               <S/>
               <w msd="Ggdn" lemma="doseči">doseči</w>
               <S/>
               <w msd="Rss" lemma="največ">največ</w>
               <S/>
               <w msd="Sozet" lemma="stopnja">stopnjo</w>
               <S/>
               <w msd="Sozer" lemma="rast">rasti</w>
               <S/>
               <w msd="Sozmr" lemma="plača">plač</w>
               <c>.</c>
               <S/>
            </s>
            <s>
               <w msd="Sommi" lemma="izračun">Izračuni</w>
               <S/>
               <w msd="Vp" lemma="pa">pa</w>
               <S/>
               <w msd="Gp-stm-n" lemma="biti">so</w>
               <S/>
               <w msd="Somer" lemma="september">septembra</w>
               <S/>
               <w msd="Ggdd-mm" lemma="pokazati">pokazali</w>
               <c>,</c>
               <S/>
               <w msd="Vd" lemma="da">da</w>
               <S/>
               <w msd="Gp-stm-n" lemma="biti">so</w>
               <S/>
               <w msd="Sozmi" lemma="pokojnina">pokojnine</w>
               <S/>
               <w msd="Dm" lemma="v">v</w>
               <S/>
               <w msd="Ppnmmm" lemma="letošnji">letošnjih</w>
               <S/>
               <w msd="Kbvmmm" lemma="prvi">prvih</w>
               <S/>
               <w msd="Kbg-mm" lemma="šest">šestih</w>
               <S/>
               <w msd="Sommm" lemma="mesec">mesecih</w>
               <S/>
               <w msd="Ggnd-mz" lemma="rasti">rasle</w>
               <S/>
               <w msd="Rsr" lemma="hitro">hitreje</w>
               <S/>
               <w msd="Vd" lemma="kot">kot</w>
               <S/>
               <w msd="Sozer" lemma="plača">plače</w>
               <c>.</c>
               <S/>
            </s>
            <s>
               <w msd="L" lemma="tudi">Tudi</w>
               <S/>
               <w msd="Vd" lemma="če">če</w>
               <S/>
               <w msd="Gp-ste-n" lemma="biti">je</w>
               <S/>
               <w msd="Zk-sei" lemma="ta">to</w>
               <S/>
               <w msd="Rsn" lemma="res">res</w>
               <c>,</c>
               <S/>
               <w msd="Gp-g" lemma="biti">bi</w>
               <S/>
               <w msd="Dm" lemma="po">po</w>
               <S/>
               <w msd="Sosem" lemma="mnenje">mnenju</w>
               <S/>
               <w msd="Sommr" lemma="upokojenec">upokojencev</w>
               <S/>
               <w msd="Ggnd-es" lemma="kazati">kazalo</w>
               <c>,</c>
               <S/>
               <w msd="Dm" lemma="pri">pri</w>
               <S/>
               <w msd="Sosem" lemma="odmerjanje">odmerjanju</w>
               <S/>
               <w msd="Sozmr" lemma="pokojnina">pokojnin</w>
               <S/>
               <w msd="Ggvn" lemma="upoštevati">upoštevati</w>
               <S/>
               <w msd="L" lemma="še">še</w>
               <S/>
               <w msd="Kbzzmt" lemma="drug">druge</w>
               <S/>
               <w msd="Sommt" lemma="podatek">podatke</w>
               <c>.</c>
            </s>
         </p>
         <p xml:id="F0002413.004649">
            <s>
               <w msd="Ppnzer" lemma="številen">Številne</w>
               <S/>
               <w msd="Sozmt" lemma="prireditev">prireditve</w>
               <S/>
               <w msd="Dt" lemma="za">za</w>
               <S/>
               <w msd="Ppnmetd" lemma="občinski">občinski</w>
               <S/>
               <w msd="Sometn" lemma="praznik">praznik</w>
            </s>
         </p>
         <p xml:id="F0002413.004831">
            <s>
               <w msd="Slsei" lemma="TREBNJE">TREBNJE</w>
               <S/>
               <w msd="Sozei" lemma="komunala">Komunala</w>
               <S/>
               <w msd="Slsei" lemma="Trebnje">Trebnje</w>
               <c>,</c>
               <S/>
               <w msd="O" lemma="d.">d.</w>
               <w msd="O" lemma="o.">o.</w>
               <w msd="O" lemma="o.">o.</w>
               <c>,</c>
               <S/>
               <w msd="Vd" lemma="ki">ki</w>
               <S/>
               <w msd="Rsn" lemma="letos">letos</w>
               <S/>
               <w msd="Ggnste" lemma="praznovati">praznuje</w>
               <S/>
               <w msd="Kag" lemma="40">40</w>
               <c>-</c>
               <w msd="Sozet" lemma="letnica">letnico</w>
               <c>,</c>
               <S/>
               <w msd="Gp-ste-n" lemma="biti">je</w>
               <S/>
               <w msd="Dm" lemma="v">v</w>
               <S/>
               <w msd="Somem" lemma="začetek">začetku</w>
               <S/>
               <w msd="Ggnd-ez" lemma="šteti">štela</w>
               <S/>
               <w msd="Kag" lemma="23">23</w>
               <S/>
               <w msd="Pdnmmr" lemma="zaposlen">zaposlenih</w>
               <S/>
               <w msd="Sommr" lemma="delavec">delavcev</w>
               <c>,</c>
               <S/>
               <w msd="Rsn" lemma="danes">danes</w>
               <S/>
               <w msd="Vp" lemma="pa">pa</w>
               <S/>
               <w msd="Ggnste" lemma="zaposlovati">zaposluje</w>
               <S/>
               <w msd="Kag" lemma="59">59</w>
               <S/>
               <w msd="Sommr" lemma="človek">ljudi</w>
               <c>.</c>
               <S/>
            </s>
            <s>
               <w msd="Ppnmmi" lemma="takraten">Takratni</w>
               <S/>
               <w msd="Pdnmmi" lemma="zagnan">zagnani</w>
               <S/>
               <w msd="Sommi" lemma="delavec">delavci</w>
               <S/>
               <w msd="Gp-stm-n" lemma="biti">so</w>
               <S/>
               <w msd="Do" lemma="pod">pod</w>
               <S/>
               <w msd="Soseo" lemma="vodstvo">vodstvom</w>
               <S/>
               <w msd="Kbvmer" lemma="prvi">prvega</w>
               <c>,</c>
               <S/>
               <w msd="Rsn" lemma="zdaj">zdaj</w>
               <S/>
               <w msd="L" lemma="že">že</w>
               <S/>
               <w msd="Ppnmer" lemma="pokojen">pokojnega</w>
               <S/>
               <w msd="Somer" lemma="direktor">direktorja</w>
               <S/>
               <w msd="Slmetd" lemma="Stane">Staneta</w>
               <S/>
               <w msd="Slmetd" lemma="Kolenc">Kolenca</w>
               <S/>
               <w msd="L" lemma="skoraj">skoraj</w>
               <S/>
               <w msd="Dr" lemma="iz">iz</w>
               <S/>
               <w msd="Rsn" lemma="nič">nič</w>
               <S/>
               <w msd="Ggdd-mm" lemma="pričeti">pričeli</w>
               <S/>
               <w msd="Ggnn" lemma="opravljati">opravljati</w>
               <S/>
               <w msd="Ppnzer" lemma="javen">javne</w>
               <S/>
               <w msd="Ppnzer" lemma="komunalen">komunalne</w>
               <S/>
               <w msd="Sozer" lemma="služba">službe</w>
               <c>.</c>
               <S/>
            </s>
            <s>
               <w msd="L" lemma="seveda">Seveda</w>
               <S/>
               <w msd="Gp-ste-n" lemma="biti">je</w>
               <S/>
               <w msd="Somei" lemma="denar">denar</w>
               <S/>
               <w msd="Sommr" lemma="občan">občanov</w>
               <c>,</c>
               <S/>
               <w msd="Vd" lemma="ki">ki</w>
               <S/>
               <w msd="Zotmet--k" lemma="on">ga</w>
               <S/>
               <w msd="Soset" lemma="podjetje">podjetje</w>
               <S/>
               <w msd="Ggnste" lemma="pobirati">pobira</w>
               <S/>
               <w msd="Dm" lemma="na">na</w>
               <S/>
               <w msd="Sozem" lemma="osnova">osnovi</w>
               <S/>
               <w msd="Sommr" lemma="zakon">zakonov</w>
               <c>,</c>
               <S/>
               <w msd="Sozmr" lemma="uredba">uredb</w>
               <S/>
               <w msd="Vp" lemma="in">in</w>
               <S/>
               <w msd="Sommr" lemma="odlok">odlokov</w>
               <c>,</c>
               <S/>
               <w msd="Zk-mmi" lemma="tisti">tisti</w>
               <c>,</c>
               <S/>
               <w msd="Vd" lemma="ki">ki</w>
               <S/>
               <w msd="Do" lemma="z">s</w>
               <S/>
               <w msd="Zv-meo" lemma="kateri">katerim</w>
               <S/>
               <w msd="Zp------k" lemma="se">se</w>
               <S/>
               <w msd="Ggnstm" lemma="graditi">gradijo</w>
               <S/>
               <w msd="Somei" lemma="vodovod">vodovod</w>
               <c>,</c>
               <S/>
               <w msd="Sozei" lemma="kanalizacija">kanalizacija</w>
               <c>,</c>
               <S/>
               <w msd="Sozei" lemma="deponija">deponija</w>
               <S/>
               <w msd="Sommr" lemma="odpadek">odpadkov</w>
               <c>,</c>
               <S/>
               <w msd="Ppnzei" lemma="čistilen">čistilna</w>
               <S/>
               <w msd="Sozei" lemma="naprava">naprava</w>
               <c>.</c>
            </s>
         </p>
         <p xml:id="F0002413.005256">
            <s>
               <w msd="Sozmt" lemma="nagrada">Nagrade</w>
               <S/>
               <w msd="Dt" lemma="v">v</w>
               <S/>
            </s>
         </p>
         <p xml:id="F0002413.005872">
            <s>
               <w msd="Sommt" lemma="zahtevek">Zahtevke</w>
               <S/>
               <w msd="Ggdvdm" lemma="poslati">pošljite</w>
               <S/>
               <w msd="Dt" lemma="na">na</w>
               <S/>
               <w msd="Sometn" lemma="naslov">naslov</w>
               <c>:</c>
               <S/>
               <w msd="Sosei" lemma="združenje">Združenje</w>
               <S/>
               <w msd="Sozmr" lemma="žrtev">žrtev</w>
               <S/>
               <w msd="Sommr" lemma="okupator">okupatorjev</w>
               <S/>
               <w msd="Kag" lemma="1941">1941</w>
               <c>-</c>
               <w msd="Kag" lemma="45">45</w>
               <S/>
               <w msd="Slmei" lemma="Kranj">Kranj</w>
               <c>,</c>
               <S/>
               <w msd="Ppnmeid" lemma="slovenski">Slovenski</w>
               <S/>
               <w msd="Somei" lemma="trg">trg</w>
               <S/>
               <w msd="Kag" lemma="1">1</w>
               <c>,</c>
               <S/>
               <w msd="Kag" lemma="4000">4000</w>
               <S/>
               <w msd="Slmei" lemma="Kranj">Kranj</w>
               <S/>
               <c>(</c>
               <w msd="O" lemma="p.">p.</w>
               <w msd="O" lemma="p.">p.</w>
               <S/>
               <w msd="Kag" lemma="12">12</w>
               <c>)</c>
               <c>,</c>
               <S/>
               <w msd="Vd" lemma="ker">ker</w>
               <S/>
               <w msd="Zotmmt--k" lemma="on">jih</w>
               <S/>
               <w msd="Gp-ste-n" lemma="biti">je</w>
               <S/>
               <w msd="Rsn" lemma="potrebno">potrebno</w>
               <S/>
               <w msd="Ggdn" lemma="prevesti">prevesti</w>
               <S/>
               <w msd="Dt" lemma="v">v</w>
               <S/>
               <w msd="Ppnmetd" lemma="nemški">nemški</w>
               <S/>
               <w msd="Sometn" lemma="jezik">jezik</w>
               <S/>
               <w msd="Vp" lemma="in">in</w>
               <S/>
               <w msd="Ggdn" lemma="poslati">poslati</w>
               <S/>
               <w msd="Dt" lemma="na">na</w>
               <S/>
               <w msd="Ppnmetd" lemma="uraden">uradni</w>
               <S/>
               <w msd="Sometn" lemma="naslov">naslov</w>
               <S/>
               <w msd="Dm" lemma="na">na</w>
               <S/>
               <w msd="Pdnmem" lemma="predpisan">predpisanem</w>
               <S/>
               <w msd="Somem" lemma="vprašalnik">vprašalniku</w>
               <c>.</c>
               <S/>
            </s>
            <s>
               <w msd="Rsn" lemma="nikakor">Nikakor</w>
               <S/>
               <w msd="L" lemma="ne">ne</w>
               <S/>
               <w msd="Ggnvdm" lemma="pošiljati">pošiljajte</w>
               <S/>
               <w msd="Sommr" lemma="zahtevek">zahtevkov</w>
               <S/>
               <w msd="Ppnmmi" lemma="sam">sami</w>
               <S/>
               <w msd="Vp" lemma="in">in</w>
               <S/>
               <w msd="Dm" lemma="v">v</w>
               <S/>
               <w msd="Ppnmem" lemma="slovenski">slovenskem</w>
               <S/>
               <w msd="Somem" lemma="jezik">jeziku</w>
               <c>,</c>
               <S/>
               <w msd="Vd" lemma="ker">ker</w>
               <S/>
               <w msd="Zotmmr--k" lemma="on">jih</w>
               <S/>
               <w msd="L" lemma="ne">ne</w>
               <S/>
               <w msd="Gp-ptm-n" lemma="biti">bodo</w>
               <S/>
               <w msd="Ggnd-mm" lemma="sprejemati">sprejemali</w>
               <c>.</c>
               <S/>
            </s>
            <s>
               <w msd="Dt" lemma="za">Za</w>
               <S/>
               <w msd="Zc-zet" lemma="vsak">vsako</w>
               <S/>
               <w msd="Pdnzet" lemma="obdelan">obdelano</w>
               <S/>
               <w msd="Sozet" lemma="vloga">vlogo</w>
               <S/>
               <w msd="Gp-pte-n" lemma="biti">bo</w>
               <S/>
               <w msd="Somei" lemma="vlagatelj">vlagatelj</w>
               <S/>
               <w msd="Ggdd-em" lemma="plačati">plačal</w>
               <S/>
               <w msd="Pdnmmt" lemma="nastal">nastale</w>
               <S/>
               <w msd="Sommt" lemma="strošek">stroške</w>
               <c>,</c>
               <S/>
               <w msd="Vd" lemma="ki">ki</w>
               <S/>
               <w msd="Zotmed--k" lemma="on">mu</w>
               <S/>
               <w msd="Zotmmt--k" lemma="on">jih</w>
               <S/>
               <w msd="Gp-ppm-n" lemma="biti">bomo</w>
               <S/>
               <w msd="Ggdd-mm" lemma="sporočiti">sporočili</w>
               <c>.</c>
               <S/>
            </s>
            <s>
               <w msd="Sozmt" lemma="vloga">Vloge</w>
               <S/>
               <w msd="O" lemma="oz.">oz.</w>
               <S/>
               <w msd="Sommt" lemma="zahtevek">zahtevke</w>
               <S/>
               <w msd="Gp-ppm-n" lemma="biti">bomo</w>
               <S/>
               <w msd="Ggnd-mm" lemma="sprejemati">sprejemali</w>
               <S/>
               <w msd="Dr" lemma="do">do</w>
               <S/>
               <w msd="Kav" lemma="10.">10.</w>
               <S/>
               <w msd="Somer" lemma="december">decembra</w>
               <S/>
               <w msd="Rsn" lemma="letos">letos</w>
               <c>.</c>
            </s>
         </p>
         <p xml:id="F0002413.006493">
            <s>
               <w msd="Ppnsmi" lemma="motoren">MOTORNA</w>
               <S/>
               <w msd="Sosmi" lemma="vozilo">VOZILA</w>
            </s>
         </p>
         <p xml:id="F0002413.006788">
            <s>
               <w msd="Slzei" lemma="MARIJA">MARIJA</w>
               <S/>
               <w msd="Slmei" lemma="LEVSTEK">LEVSTEK</w>
            </s>
         </p>
      </body>
   </text>
</TEI>