<?xml version="1.0" encoding="UTF-8"?>
<TEI xmlns="http://www.tei-c.org/ns/1.0" xml:id="F0000636" xml:lang="sl">
   <teiHeader>
      <fileDesc>
         <titleStmt>
            <title>ccKRES: Kmečki glas (1999-12)</title>
            <funder>Operacijo delno financira Evropska unija iz Evropskega socialnega sklada ter Ministrstvo za šolstvo in šport. Operacija se izvaja v okviru Operativnega programa razvoja človeških virov za obdobje 2007-2013, razvojne prioritete: razvoj človeških virov in vseživljenjskega učenja; prednostne usmeritve: izboljšanje kakovosti in učinkovitosti sistemov izobraževanja in usposabljanja 2007-2013.</funder>
         </titleStmt>
         <editionStmt>
            <edition>1.0</edition>
         </editionStmt>
         <extent>355 besed</extent>
         <publicationStmt>
            <idno>51_99</idno>
            <availability status="free">
               <p xml:lang="sl">Avtorske pravice za to izdajo ureja licenca <ref target="http://creativecommons.org/licenses/by-nc/2.5/si/">Creative Commons Priznanje avtorstva-Nekomercialno 2.5 Slovenija</ref>.</p>
               <p xml:lang="en">This work is licenced under the <ref target="http://creativecommons.org/licenses/by-nc/2.5/si/deed.en">Creative Commons Attribution-Noncommercial 2.5 Slovenia</ref>.</p>
            </availability>
            <date>2012-05-06</date>
         </publicationStmt>
         <sourceDesc>
            <bibl>
               <title>Kmečki glas</title>
               <author n="???">neznani novinar</author>
               <date>1999-12</date>
               <publisher n="drugo">Kmečki glas</publisher>
               <note type="sourceLang">sl</note>
            </bibl>
         </sourceDesc>
      </fileDesc>
      <encodingDesc>
         <projectDesc>
            <p xml:lang="sl">Glej <ref target="http://www.korpus-kres.net/">www.korpus-kres.net</ref> oz. <ref target="http://nl.ijs.si/ssj/">nl.ijs.si/ssj</ref>.</p>
            <p xml:lang="en">See <ref target="http://www.korpus-kres.net/">www.korpus-kres.net</ref> or <ref target="http://nl.ijs.si/ssj/">nl.ijs.si/ssj</ref>.</p>
         </projectDesc>
         <samplingDecl>
            <p xml:lang="sl">
            Besedila in odstavki v korpusu KRES so bili vzorčeni iz
            Gigafide tako, da smo dobili 100-milijonski referenčni
            korpus, v katerem so besedila uravnotežena po vnaprej
            določenih taksonomskih deležih in po podatkih o branosti
            vira (časopisi, revije, novičarski portali).  Korpus
            ccKRES nato, z namenom, da je lahko dostopen po licenci CC,
            vsebuje 10 % naključno vzorčenih odstavkov besedil iz
            korpusa KRES, torej 10 milijonov besed.
	    Več o sestavi korpusa lahko preberete na 
            <ref target="http://www.korpus-kres.net/">www.korpus-kres.net</ref> oz.
            <ref target="http://nl.ijs.si/ssj/">nl.ijs.si/ssj</ref>.
	  </p>
            <p xml:lang="en">
            Texts and paragraphs in the KRES corpus have been sampled from the 
	    Gigafida corpus. The result of the sampling is a 100-million-word 
	    reference corpus. The texts in KRES are balanced according to the 
	    predetermined categories, with particular consideration being paid to 
	    the data on the popularity of the source (newspapers, magazines, 
	    Internet news sites). 
	    To enable free (CC) distribution of the corpus, the ccKRES corpus contains 
	    10% of randomly sampled paragraphs from KRES, i.e. contains 10 million words.
	    For more information about the contents of the corpus, 
	    see <ref target="http://www.korpus-kres.net/">www.korpus-kres.net</ref>
	    and <ref target="http://nl.ijs.si/ssj/">nl.ijs.si/ssj</ref>.
	  </p>
         </samplingDecl>
         <tagsDecl>
            <namespace name="http://www.tei-c.org/ns/1.0">
               <tagUsage gi="p" occurs="9"/>
               <tagUsage gi="s" occurs="19"/>
               <tagUsage gi="c" occurs="68"/>
               <tagUsage gi="S" occurs="360"/>
               <tagUsage gi="w" occurs="355"/>
            </namespace>
         </tagsDecl>
         <classDecl>
            <taxonomy xml:id="SSJ">
               <category xml:id="SSJ.T">
                  <catDesc>tisk</catDesc>
                  <category xml:id="SSJ.T.K">
                     <catDesc>knjižno</catDesc>
                     <category xml:id="SSJ.T.K.L">
                        <catDesc>leposlovno</catDesc>
                     </category>
                     <category xml:id="SSJ.T.K.S">
                        <catDesc>strokovno</catDesc>
                     </category>
                  </category>
                  <category xml:id="SSJ.T.P">
                     <catDesc>periodično</catDesc>
                     <category xml:id="SSJ.T.P.C">
                        <catDesc>časopis</catDesc>
                     </category>
                     <category xml:id="SSJ.T.P.R">
                        <catDesc>revija</catDesc>
                     </category>
                  </category>
                  <category xml:id="SSJ.T.D">
                     <catDesc>drugo</catDesc>
                  </category>
               </category>
               <category xml:id="SSJ.I">
                  <catDesc>internet</catDesc>
               </category>
            </taxonomy>
         </classDecl>
      </encodingDesc>
      <profileDesc>
         <textClass>
            <catRef target="#SSJ.T.P.C"/>
         </textClass>
      </profileDesc>
   </teiHeader>
   <text xml:id="F0000636." xml:lang="sl">
      <body>
         <p xml:id="F0000636.000377">
            <s>
               <w msd="Ggnspm" lemma="potrebovati">Potrebujemo</w>
               <c>:</c>
               <S/>
               <w msd="Kag" lemma="45">45</w>
               <S/>
               <w msd="Somei" lemma="kg">kg</w>
               <S/>
               <w msd="Rsn" lemma="težko">težko</w>
               <S/>
               <w msd="Sozei" lemma="gos">gos</w>
               <S/>
               <w msd="Do" lemma="z">z</w>
               <S/>
               <w msd="Sozeo" lemma="drobovina">drobovino</w>
               <c>,</c>
               <S/>
               <w msd="Sozet" lemma="sol">sol</w>
               <c>,</c>
               <S/>
               <w msd="Sometn" lemma="poper">poper</w>
               <c>,</c>
               <S/>
               <w msd="Sozet" lemma="žlička">žličko</w>
               <S/>
               <w msd="Psnzmr" lemma="brinov">brinovih</w>
               <S/>
               <w msd="Sozmr" lemma="jagoda">jagod</w>
               <c>,</c>
               <S/>
               <w msd="Kag" lemma="4">4</w>
               <S/>
               <w msd="Sozmt" lemma="žlica">žlice</w>
               <S/>
               <w msd="Soser" lemma="olje">olja</w>
               <c>,</c>
               <S/>
               <w msd="Kag" lemma="4">4</w>
               <S/>
               <w msd="Ppnzei" lemma="rdečkast">rdečkasta</w>
               <S/>
               <w msd="Sosmi" lemma="jabolko">jabolka</w>
               <c>,</c>
               <S/>
               <w msd="Psnmein" lemma="limonin">limonin</w>
               <S/>
               <w msd="Somei" lemma="sok">sok</w>
               <c>,</c>
               <S/>
               <w msd="Kag" lemma="2">2</w>
               <S/>
               <w msd="Sozdi" lemma="čebula">čebuli</w>
               <c>,</c>
               <S/>
               <w msd="Kag" lemma="400">400</w>
               <S/>
               <w msd="Somei" lemma="ml">ml</w>
               <S/>
               <w msd="Ppnser" lemma="bel">belega</w>
               <S/>
               <w msd="Soser" lemma="vino">vina</w>
               <c>,</c>
               <S/>
               <w msd="Kag" lemma="400">400</w>
               <S/>
               <w msd="Somei" lemma="ml">ml</w>
               <S/>
               <w msd="Ppnzer" lemma="piščančji">piščančje</w>
               <S/>
               <w msd="Sozer" lemma="juha">juhe</w>
               <c>.</c>
               <S/>
            </s>
         </p>
         <p xml:id="F0000636.000771">
            <s>
               <w msd="Ppnmein" lemma="pomemben">Pomemben</w>
               <S/>
               <w msd="Somei" lemma="dejavnik">dejavnik</w>
               <S/>
               <w msd="Dm" lemma="v">v</w>
               <S/>
               <w msd="Ppnzem" lemma="katoliški">katoliški</w>
               <S/>
               <w msd="Sozem" lemma="prenova">prenovi</w>
               <S/>
               <w msd="Gp-std-n" lemma="biti">sta</w>
               <S/>
               <w msd="Gp-d-dm" lemma="biti">bila</w>
               <S/>
               <w msd="Ppnmdi" lemma="nov">nova</w>
               <S/>
               <w msd="Somdi" lemma="red">redova</w>
               <S/>
               <w msd="Zk-mer" lemma="ta">tega</w>
               <S/>
               <w msd="Somer" lemma="čas">časa</w>
               <c>.</c>
               <S/>
            </s>
            <s>
               <w msd="Sommi" lemma="jezuit">Jezuiti</w>
               <S/>
               <w msd="Gp-stm-n" lemma="biti">so</w>
               <S/>
               <w msd="Dt" lemma="na">na</w>
               <S/>
               <w msd="Soset" lemma="povabilo">povabilo</w>
               <S/>
               <w msd="Somer" lemma="škof">škofa</w>
               <S/>
               <w msd="Slmer" lemma="Tavčar">Tavčarja</w>
               <S/>
               <w msd="Kag" lemma="1597">1597</w>
               <S/>
               <w msd="Ggdd-mm" lemma="priti">prišli</w>
               <S/>
               <w msd="Dt" lemma="v">v</w>
               <S/>
               <w msd="Slzet" lemma="Ljubljana">Ljubljano</w>
               <c>,</c>
               <S/>
               <w msd="Kag" lemma="1604">1604</w>
               <S/>
               <w msd="Gp-stm-n" lemma="biti">so</w>
               <S/>
               <w msd="Ggdd-mm" lemma="ustanoviti">ustanovili</w>
               <S/>
               <w msd="Sometn" lemma="kolegij">kolegij</w>
               <S/>
               <w msd="Dm" lemma="v">v</w>
               <S/>
               <w msd="Slmem" lemma="Celovec">Celovcu</w>
               <c>,</c>
               <S/>
               <w msd="Rsn" lemma="malo">malo</w>
               <S/>
               <w msd="Rsr" lemma="kasno">kasneje</w>
               <S/>
               <w msd="L" lemma="še">še</w>
               <S/>
               <w msd="Dm" lemma="v">v</w>
               <S/>
               <w msd="Slzem" lemma="Gorica">Gorici</w>
               <S/>
               <w msd="Vp" lemma="in">in</w>
               <S/>
               <w msd="Slmem" lemma="Trst">Trstu</w>
               <c>.</c>
               <S/>
            </s>
            <s>
               <w msd="Dr" lemma="iz">Iz</w>
               <S/>
               <w msd="Zstzmrm" lemma="njihov">njihovih</w>
               <S/>
               <w msd="Sozmr" lemma="gimnazija">gimnazij</w>
               <S/>
               <w msd="Gp-stm-n" lemma="biti">so</w>
               <S/>
               <w msd="Rsn" lemma="redno">redno</w>
               <S/>
               <w msd="Rsn" lemma="kar">kar</w>
               <S/>
               <w msd="Ppnmmi" lemma="številen">številni</w>
               <S/>
               <w msd="Sommi" lemma="fant">fantje</w>
               <S/>
               <w msd="Ggnd-mm" lemma="vstopati">vstopali</w>
               <S/>
               <w msd="Dt" lemma="med">med</w>
               <S/>
               <w msd="Ppnzmt" lemma="škofijski">škofijske</w>
               <S/>
               <w msd="Vp" lemma="in">in</w>
               <S/>
               <w msd="Ppnmmt" lemma="redoven">redovne</w>
               <S/>
               <w msd="Ppnmmt" lemma="duhovniški">duhovniške</w>
               <S/>
               <w msd="Sommt" lemma="kandidat">kandidate</w>
               <c>;</c>
               <S/>
               <w msd="Rsn" lemma="tako">tako</w>
               <S/>
               <w msd="Zp------k" lemma="se">se</w>
               <S/>
               <w msd="Gp-ste-n" lemma="biti">je</w>
               <S/>
               <w msd="L" lemma="tudi">tudi</w>
               <S/>
               <w msd="Dm" lemma="po">po</w>
               <S/>
               <w msd="Zstzemm" lemma="njihov">njihovi</w>
               <S/>
               <w msd="Sozem" lemma="zasluga">zaslugi</w>
               <S/>
               <w msd="Sozei" lemma="podoba">podoba</w>
               <S/>
               <w msd="Somer" lemma="duhovnik">duhovnika</w>
               <S/>
               <w msd="Dm" lemma="na">na</w>
               <S/>
               <w msd="Slsem" lemma="Slovensko">Slovenskem</w>
               <S/>
               <w msd="Rsn" lemma="kar">kar</w>
               <S/>
               <w msd="Rsn" lemma="precej">precej</w>
               <S/>
               <w msd="Ggdd-ez" lemma="spremeniti">spremenila</w>
               <S/>
               <w msd="Dt" lemma="na">na</w>
               <S/>
               <w msd="Rsr" lemma="dobro">bolje</w>
               <c>.</c>
               <S/>
            </s>
            <s>
               <w msd="L" lemma="prav">Prav</w>
               <S/>
               <w msd="Rsn" lemma="tako">tako</w>
               <S/>
               <w msd="Ggnste" lemma="kazati">kaže</w>
               <S/>
               <w msd="Ggdn" lemma="poudariti">poudariti</w>
               <S/>
               <w msd="Zstzetm" lemma="njihov">njihovo</w>
               <S/>
               <w msd="Ppnset" lemma="vpliven">vplivno</w>
               <S/>
               <w msd="Ppnset" lemma="pastoralen">pastoralno</w>
               <S/>
               <w msd="Soset" lemma="delovanje">delovanje</w>
               <S/>
               <w msd="Do" lemma="z">s</w>
               <S/>
               <w msd="Sozeo" lemma="pridiga">pridigo</w>
               <c>,</c>
               <S/>
               <w msd="Sozmo" lemma="kongregacija">kongregacijami</w>
               <S/>
               <w msd="Vp" lemma="in">in</w>
               <S/>
               <w msd="Ppnzmo" lemma="duhoven">duhovnimi</w>
               <S/>
               <w msd="Sozmo" lemma="vaja">vajami</w>
               <S/>
               <w msd="Dt" lemma="za">za</w>
               <S/>
               <w msd="Ppnmmt" lemma="različen">različne</w>
               <S/>
               <w msd="Sommt" lemma="sloj">sloje</w>
               <c>.</c>
               <S/>
            </s>
            <s>
               <w msd="Sommi" lemma="kapucin">Kapucini</w>
               <c>,</c>
               <S/>
               <w msd="Vd" lemma="ki">ki</w>
               <S/>
               <w msd="Gp-stm-n" lemma="biti">so</w>
               <S/>
               <w msd="Zotmmt--k" lemma="on">jih</w>
               <S/>
               <w msd="Dt" lemma="v">v</w>
               <S/>
               <w msd="Sozet" lemma="dežela">deželo</w>
               <S/>
               <w msd="L" lemma="prav">prav</w>
               <S/>
               <w msd="Rsn" lemma="tako">tako</w>
               <S/>
               <w msd="Ggdd-mm" lemma="poklicati">poklicali</w>
               <S/>
               <w msd="Sommi" lemma="škof">škofje</w>
               <c>,</c>
               <S/>
               <w msd="Gp-stm-n" lemma="biti">so</w>
               <S/>
               <w msd="Zp------k" lemma="se">se</w>
               <S/>
               <w msd="Ggdd-mm" lemma="naseliti">naselili</w>
               <S/>
               <w msd="L" lemma="skoraj">skoraj</w>
               <S/>
               <w msd="Dm" lemma="po">po</w>
               <S/>
               <w msd="Zc-zmr" lemma="ves">vseh</w>
               <S/>
               <w msd="Sosmm" lemma="mesto">mestih</w>
               <S/>
               <w msd="Dm" lemma="na">na</w>
               <S/>
               <w msd="Slsem" lemma="Slovensko">Slovenskem</w>
               <S/>
               <w msd="Vp" lemma="in">in</w>
               <S/>
               <w msd="Gp-d-mm" lemma="biti">bili</w>
               <S/>
               <w msd="Dm" lemma="v">v</w>
               <S/>
               <w msd="Kav" lemma="17.">17.</w>
               <S/>
               <w msd="Sosem" lemma="stoletje">stoletju</w>
               <S/>
               <w msd="Rsn" lemma="glede">glede</w>
               <S/>
               <w msd="Dt" lemma="na">na</w>
               <S/>
               <w msd="Soset" lemma="število">število</w>
               <S/>
               <w msd="Sommr" lemma="samostan">samostanov</w>
               <S/>
               <w msd="Vp" lemma="in">in</w>
               <S/>
               <w msd="Sosei" lemma="število">število</w>
               <S/>
               <w msd="Sommr" lemma="redovnik">redovnikov</w>
               <S/>
               <w msd="Ppszei" lemma="močen">najmočnejša</w>
               <S/>
               <w msd="Ppnzei" lemma="redoven">redovna</w>
               <S/>
               <w msd="Sozei" lemma="skupnost">skupnost</w>
               <c>.</c>
               <S/>
            </s>
            <s>
               <w msd="Ppnsei" lemma="značilen">Značilno</w>
               <S/>
               <w msd="Gp-ste-n" lemma="biti">je</w>
               <c>,</c>
               <S/>
               <w msd="Vd" lemma="da">da</w>
               <S/>
               <w msd="Sommi" lemma="vir">viri</w>
               <S/>
               <w msd="L" lemma="skoraj">skoraj</w>
               <S/>
               <w msd="Dm" lemma="v">v</w>
               <S/>
               <w msd="Zc-mmm" lemma="ves">vseh</w>
               <S/>
               <w msd="Sommm" lemma="primer">primerih</w>
               <S/>
               <w msd="Vd" lemma="kot">kot</w>
               <S/>
               <w msd="Ppnmein" lemma="neposreden">neposreden</w>
               <S/>
               <w msd="Somei" lemma="vzrok">vzrok</w>
               <S/>
               <w msd="Dt" lemma="za">za</w>
               <S/>
               <w msd="Zstzetm" lemma="njihov">njihovo</w>
               <S/>
               <w msd="Sozet" lemma="naselitev">naselitev</w>
               <S/>
               <w msd="Ggnstm" lemma="navajati">navajajo</w>
               <S/>
               <w msd="Zstzetm" lemma="njihov">njihovo</w>
               <S/>
               <w msd="Ppnzet" lemma="privlačen">privlačno</w>
               <S/>
               <w msd="Vp" lemma="in">in</w>
               <S/>
               <w msd="Ppnzet" lemma="spodbuden">spodbudno</w>
               <S/>
               <w msd="Sozet" lemma="pridiga">pridigo</w>
               <c>,</c>
               <S/>
               <w msd="Vd" lemma="ki">ki</w>
               <S/>
               <w msd="Gp-ste-n" lemma="biti">je</w>
               <S/>
               <w msd="Ggnd-ez" lemma="odmevati">odmevala</w>
               <S/>
               <w msd="Dm" lemma="v">v</w>
               <S/>
               <w msd="Zc-mmm" lemma="ves">vseh</w>
               <S/>
               <w msd="Sommm" lemma="sloj">slojih</w>
               <S/>
               <w msd="Soser" lemma="prebivalstvo">prebivalstva</w>
               <S/>
               <w msd="Vp" lemma="in">in</w>
               <S/>
               <w msd="Pdnzei" lemma="zapisan">zapisana</w>
               <S/>
               <w msd="Ggdd-ez" lemma="najti">našla</w>
               <S/>
               <w msd="L" lemma="tudi">tudi</w>
               <S/>
               <w msd="Ppnset" lemma="viden">vidno</w>
               <S/>
               <w msd="Soset" lemma="mesto">mesto</w>
               <S/>
               <w msd="Dm" lemma="v">v</w>
               <S/>
               <w msd="Ppnzem" lemma="slovenski">slovenski</w>
               <S/>
               <w msd="Sozem" lemma="literatura">literaturi</w>
               <c>.</c>
               <S/>
            </s>
            <s>
               <w msd="Rsn" lemma="kmalu">Kmalu</w>
               <S/>
               <w msd="Gp-stm-n" lemma="biti">so</w>
               <S/>
               <w msd="Ggdd-mm" lemma="postati">postali</w>
               <S/>
               <w msd="Ppnmmi" lemma="pravi">pravi</w>
               <S/>
               <w msd="Ppnmmi" lemma="ljudski">ljudski</w>
               <S/>
               <w msd="Sommi" lemma="spovednik">spovedniki</w>
               <c>,</c>
               <S/>
               <w msd="Sosei" lemma="češčenje">češčenje</w>
               <S/>
               <w msd="Pdnmet" lemma="trpeč">trpečega</w>
               <S/>
               <w msd="Somer" lemma="odrešenik">Odrešenika</w>
               <S/>
               <w msd="Vp" lemma="pa">pa</w>
               <S/>
               <w msd="Zp------k" lemma="se">se</w>
               <S/>
               <w msd="Gp-ste-n" lemma="biti">je</w>
               <S/>
               <w msd="Dt" lemma="na">na</w>
               <S/>
               <w msd="Ppnmetn" lemma="svojstven">svojstven</w>
               <S/>
               <w msd="Sometn" lemma="način">način</w>
               <S/>
               <w msd="Ggdd-es" lemma="izraziti">izrazilo</w>
               <S/>
               <w msd="Dm" lemma="v">v</w>
               <S/>
               <w msd="Zstzmrm" lemma="njihov">njihovih</w>
               <S/>
               <w msd="Ppnzmm" lemma="pasijonski">pasijonskih</w>
               <S/>
               <w msd="Sozmm" lemma="procesija">procesijah</w>
               <c>.</c>
               <S/>
            </s>
            <s>
               <w msd="Rsn" lemma="posebej">Posebej</w>
               <S/>
               <w msd="Pdnmein" lemma="znan">znan</w>
               <S/>
               <w msd="Gp-ste-n" lemma="biti">je</w>
               <S/>
               <w msd="Ppnmeid" lemma="škofjeloški">Škofjeloški</w>
               <S/>
               <w msd="Somei" lemma="pasijon">pasijon</w>
               <S/>
               <w msd="Dr" lemma="iz">iz</w>
               <S/>
               <w msd="Soser" lemma="leto">leta</w>
               <S/>
               <w msd="Kag" lemma="1721">1721</w>
               <S/>
               <c>(</c>
               <w msd="Ppnmein" lemma="dragocen">dragocen</w>
               <S/>
               <w msd="Somei" lemma="rokopis">rokopis</w>
               <S/>
               <w msd="Gp-ste-n" lemma="biti">je</w>
               <S/>
               <w msd="Ppssei" lemma="star">najstarejše</w>
               <S/>
               <w msd="Pdnzet" lemma="ohranjen">ohranjeno</w>
               <S/>
               <w msd="Ppnsei" lemma="dramski">dramsko</w>
               <S/>
               <w msd="Sosei" lemma="besedilo">besedilo</w>
               <S/>
               <w msd="Dm" lemma="v">v</w>
               <S/>
               <w msd="Sozem" lemma="slovenščina">slovenščini</w>
               <c>)</c>
               <c>,</c>
               <S/>
               <w msd="Vd" lemma="ki">ki</w>
               <S/>
               <w msd="Gp-stm-n" lemma="biti">so</w>
               <S/>
               <w msd="Zotmet--k" lemma="on">ga</w>
               <S/>
               <w msd="Rsn" lemma="letos">letos</w>
               <S/>
               <w msd="Rsn" lemma="spet">spet</w>
               <S/>
               <w msd="Ggdd-mm" lemma="izvesti">izvedli</w>
               <c>.</c>
            </s>
         </p>
         <p xml:id="F0000636.000875">
            <s>
               <w msd="Pdnzer" lemma="rabljen">RABLJENE</w>
               <S/>
               <w msd="Sozmi" lemma="nakladalka">NAKLADALKE</w>
               <S/>
               <c>-</c>
               <S/>
               <w msd="Ppnzmi" lemma="gorski">gorske</w>
               <c>,</c>
               <S/>
               <w msd="Ppnzmi" lemma="navaden">navadne</w>
               <c>,</c>
               <S/>
               <w msd="Ppnzmi" lemma="silažen">silažne</w>
               <S/>
               <w msd="Dr" lemma="od">od</w>
               <S/>
               <w msd="Kag" lemma="8">8</w>
               <S/>
               <w msd="Somei" lemma="m3">m3</w>
               <S/>
               <w msd="Dr" lemma="do">do</w>
               <S/>
               <w msd="Kag" lemma="45">45</w>
               <S/>
               <w msd="Somei" lemma="m3">m3</w>
            </s>
         </p>
         <p xml:id="F0000636.001184">
            <s>
               <w msd="Slmei" lemma="Petek">Petek</w>
               <c>,</c>
               <S/>
               <w msd="Kav" lemma="24.">24.</w>
               <S/>
               <w msd="Somei" lemma="december">december</w>
               <S/>
            </s>
         </p>
         <p xml:id="F0000636.001306">
            <s>
               <w msd="Slzei" lemma="Slovenija">Slovenija</w>
               <S/>
               <w msd="Ggvste" lemma="zahtevati">zahteva</w>
               <S/>
               <w msd="Ppnset" lemma="prehoden">prehodno</w>
               <S/>
               <w msd="Soset" lemma="obdobje">obdobje</w>
               <S/>
               <w msd="Dm" lemma="na">na</w>
               <S/>
               <w msd="Sosem" lemma="področje">področju</w>
               <S/>
               <w msd="Sozmr" lemma="premija">premij</w>
               <S/>
               <w msd="Dt" lemma="za">za</w>
               <S/>
               <w msd="Sozmt" lemma="krava">krave</w>
               <S/>
               <w msd="Sozmt" lemma="dojilja">dojilje</w>
               <S/>
               <w msd="Dm" lemma="v">v</w>
               <S/>
               <w msd="Somem" lemma="del">delu</w>
               <c>,</c>
               <S/>
               <w msd="Vd" lemma="ki">ki</w>
               <S/>
               <w msd="Zp------k" lemma="se">se</w>
               <S/>
               <w msd="Ggnste" lemma="nanašati">nanaša</w>
               <S/>
               <w msd="Dt" lemma="na">na</w>
               <S/>
               <w msd="Sozet" lemma="razdelitev">razdelitev</w>
               <S/>
               <w msd="Sozmr" lemma="pravica">pravic</w>
               <S/>
               <w msd="Dm" lemma="po">po</w>
               <S/>
               <w msd="Ppnmmm" lemma="posamezen">posameznih</w>
               <S/>
               <w msd="Sommm" lemma="rejec">rejcih</w>
               <S/>
               <w msd="Dt" lemma="za">za</w>
               <S/>
               <w msd="Soset" lemma="obdobje">obdobje</w>
               <S/>
               <w msd="Dr" lemma="do">do</w>
               <S/>
               <w msd="Kav" lemma="31.">31.</w>
               <S/>
               <w msd="Somer" lemma="december">decembra</w>
               <S/>
               <w msd="Kag" lemma="2012">2012</w>
               <c>.</c>
               <S/>
            </s>
            <s>
               <w msd="Do" lemma="z">S</w>
               <S/>
               <w msd="Zk-seo" lemma="ta">tem</w>
               <S/>
               <w msd="Ggvspm" lemma="zahtevati">zahtevamo</w>
               <c>,</c>
               <S/>
               <w msd="Vd" lemma="da">da</w>
               <S/>
               <w msd="Dt" lemma="za">za</w>
               <S/>
               <w msd="Zop-mt" lemma="jaz">nas</w>
               <S/>
               <w msd="Dm" lemma="v">v</w>
               <S/>
               <w msd="Ppnsem" lemma="prehoden">prehodnem</w>
               <S/>
               <w msd="Sosem" lemma="obdobje">obdobju</w>
               <S/>
               <w msd="L" lemma="ne">ne</w>
               <S/>
               <w msd="Ggnstm" lemma="veljati">veljajo</w>
               <S/>
               <w msd="Soser" lemma="določilo">določila</w>
               <S/>
               <w msd="Dm" lemma="o">o</w>
               <S/>
               <w msd="Ppnzem" lemma="obvezen">obvezni</w>
               <S/>
               <w msd="Sozem" lemma="razdelitev">razdelitvi</w>
               <S/>
               <w msd="Sozmr" lemma="pravica">pravic</w>
               <S/>
               <w msd="Dr" lemma="do">do</w>
               <S/>
               <w msd="Sozmr" lemma="premija">premij</w>
               <S/>
               <w msd="Dt" lemma="za">za</w>
               <S/>
               <w msd="Sozmt" lemma="krava">krave</w>
               <S/>
               <w msd="Sozer" lemma="dojilja">dojilje</w>
               <S/>
               <w msd="Dm" lemma="po">po</w>
               <S/>
               <w msd="Ppnmmm" lemma="posamezen">posameznih</w>
               <S/>
               <w msd="Sommm" lemma="rejec">rejcih</w>
               <c>.</c>
               <S/>
            </s>
         </p>
         <p xml:id="F0000636.001324">
            <s>
               <w msd="Kag" lemma="14.40">14.40</w>
               <S/>
               <w msd="Sosei" lemma="potovanje">Potovanje</w>
               <S/>
               <w msd="Do" lemma="z">z</w>
               <S/>
               <w msd="Slmeo" lemma="Janin">Janinom</w>
               <S/>
               <c>-</c>
               <S/>
               <w msd="Kag" lemma="15.40">15.40</w>
               <S/>
               <w msd="Ppnzei" lemma="tropski">Tropska</w>
               <S/>
               <w msd="Sozei" lemma="vročica">vročica</w>
               <S/>
               <c>-</c>
               <S/>
               <w msd="Kag" lemma="16.30">16.30</w>
               <S/>
               <w msd="Sozer" lemma="juka">Juke</w>
               <S/>
               <w msd="Slmei" lemma="box">box</w>
               <S/>
               <c>-</c>
               <S/>
               <w msd="Kag" lemma="18.00">18.00</w>
               <S/>
               <w msd="Slzei" lemma="Japonska">Japonska</w>
               <S/>
               <w msd="Ggnste" lemma="prihajati">prihaja</w>
               <S/>
               <w msd="Kbvzei" lemma="prvi">prva</w>
               <c>,</c>
               <S/>
               <w msd="O" lemma="dok.">dok.</w>
               <S/>
               <w msd="Somei" lemma="film">film</w>
               <S/>
               <c>-</c>
               <S/>
               <w msd="Kag" lemma="19.00">19.00</w>
               <S/>
               <w msd="Somei" lemma="motor">Motor</w>
               <S/>
               <w msd="Somei" lemma="show">show</w>
               <S/>
               <c>-</c>
               <S/>
               <w msd="Kag" lemma="19.30">19.30</w>
               <S/>
               <w msd="Sozer" lemma="risanka">Risanke</w>
               <S/>
               <c>-</c>
               <S/>
               <w msd="Kag" lemma="20.00">20.00</w>
               <S/>
               <w msd="N" lemma="polit.konfer">Polit.konfer</w>
               <c>.</c>
               <S/>
            </s>
            <s>
               <c>-</c>
               <S/>
               <w msd="Kag" lemma="21.00">21.00</w>
               <S/>
               <w msd="Somei" lemma="zločin">Zločin</w>
               <c>,</c>
               <S/>
               <w msd="O" lemma="fr.">fr.</w>
               <S/>
               <w msd="Somei" lemma="kriminal">kriminal</w>
               <c>.</c>
               <S/>
            </s>
            <s>
               <c>-</c>
               <S/>
               <w msd="Kag" lemma="22.30">22.30</w>
               <S/>
               <w msd="Somei" lemma="judgement">Judgement</w>
               <c>,</c>
               <S/>
               <w msd="O" lemma="amer.">amer.</w>
               <S/>
               <w msd="Somei" lemma="film">film</w>
               <S/>
               <c>-</c>
               <S/>
               <w msd="Kag" lemma="0.00">0.00</w>
               <S/>
               <w msd="Sozer" lemma="novica">Novice</w>
               <S/>
               <c>-</c>
               <S/>
               <w msd="Kag" lemma="0.05">0.05</w>
               <S/>
               <w msd="Sozer" lemma="juka">Juke</w>
               <S/>
               <w msd="Slmei" lemma="box">box</w>
               <S/>
               <c>-</c>
               <S/>
               <w msd="Kag" lemma="23.55">23.55</w>
               <S/>
               <w msd="Somei" lemma="TV">TV</w>
               <S/>
               <w msd="Somer" lemma="prodaj">prodaja</w>
               <c>.</c>
               <S/>
            </s>
         </p>
         <p xml:id="F0000636.001420">
            <s>
               <w msd="Sozmi" lemma="vrtnina">Vrtnine</w>
               <S/>
               <w msd="Sozei" lemma="cena">Cena</w>
               <S/>
               <w msd="Dt" lemma="v">v</w>
               <S/>
               <w msd="Somei" lemma="SIT">SIT</w>
               <c>/</c>
               <w msd="Somei" lemma="kg">kg</w>
               <S/>
               <w msd="Ppnzei" lemma="priporočljiv">Priporočljiva</w>
               <S/>
               <w msd="Sozei" lemma="cena">cena</w>
               <S/>
               <w msd="Dt" lemma="v">v</w>
               <S/>
               <w msd="Somei" lemma="SIT">SIT</w>
               <c>/</c>
               <w msd="Somei" lemma="kg">kg</w>
            </s>
         </p>
         <p xml:id="F0000636.001506">
            <s>
               <w msd="Slsei" lemma="Celje">Celje</w>
               <S/>
               <c>(</c>
               <w msd="Kav" lemma="15.">15.</w>
               <S/>
               <w msd="Kav" lemma="12.">12.</w>
               <c>)</c>
            </s>
         </p>
         <p xml:id="F0000636.001816">
            <s>
               <w msd="Somei" lemma="trgoprevoz">TRGOPREVOZ</w>
               <c>,</c>
               <S/>
               <w msd="O" lemma="D.">D.</w>
               <S/>
               <w msd="O" lemma="O.">O.</w>
               <S/>
               <w msd="O" lemma="O.">O.</w>
               <c>,</c>
               <S/>
               <w msd="Slmei" lemma="Lenart">Lenart</w>
               <c>,</c>
               <S/>
               <w msd="O" lemma="tel.">tel.</w>
               <c>:</c>
               <S/>
               <c>(</c>
               <w msd="Kag" lemma="062">062</w>
               <c>)</c>
               <S/>
               <w msd="Kag" lemma="727">727</w>
               <S/>
               <w msd="Kag" lemma="240">240</w>
               <c>,</c>
               <S/>
               <w msd="Kag" lemma="727">727</w>
               <S/>
               <w msd="Kag" lemma="246">246</w>
               <c>,</c>
               <S/>
               <w msd="Kag" lemma="727">727</w>
               <S/>
               <w msd="Kag" lemma="256">256</w>
            </s>
         </p>
      </body>
   </text>
</TEI>