<?xml version="1.0" encoding="UTF-8"?>
<TEI xmlns="http://www.tei-c.org/ns/1.0" xml:id="F0001951" xml:lang="sl">
   <teiHeader>
      <fileDesc>
         <titleStmt>
            <title>ccKRES: Večer (1999-06-22)</title>
            <funder>Operacijo delno financira Evropska unija iz Evropskega socialnega sklada ter Ministrstvo za šolstvo in šport. Operacija se izvaja v okviru Operativnega programa razvoja človeških virov za obdobje 2007-2013, razvojne prioritete: razvoj človeških virov in vseživljenjskega učenja; prednostne usmeritve: izboljšanje kakovosti in učinkovitosti sistemov izobraževanja in usposabljanja 2007-2013.</funder>
         </titleStmt>
         <editionStmt>
            <edition>1.0</edition>
         </editionStmt>
         <extent>664 besed</extent>
         <publicationStmt>
            <idno>A0000368</idno>
            <availability status="free">
               <p xml:lang="sl">Avtorske pravice za to izdajo ureja licenca <ref target="http://creativecommons.org/licenses/by-nc/2.5/si/">Creative Commons Priznanje avtorstva-Nekomercialno 2.5 Slovenija</ref>.</p>
               <p xml:lang="en">This work is licenced under the <ref target="http://creativecommons.org/licenses/by-nc/2.5/si/deed.en">Creative Commons Attribution-Noncommercial 2.5 Slovenia</ref>.</p>
            </availability>
            <date>2012-05-06</date>
         </publicationStmt>
         <sourceDesc>
            <bibl>
               <title>Večer</title>
               <author n="???">neznani novinar</author>
               <date>1999-06-22</date>
               <publisher n="Večer">Večer</publisher>
               <note type="sourceLang">sl</note>
            </bibl>
         </sourceDesc>
      </fileDesc>
      <encodingDesc>
         <projectDesc>
            <p xml:lang="sl">Glej <ref target="http://www.korpus-kres.net/">www.korpus-kres.net</ref> oz. <ref target="http://nl.ijs.si/ssj/">nl.ijs.si/ssj</ref>.</p>
            <p xml:lang="en">See <ref target="http://www.korpus-kres.net/">www.korpus-kres.net</ref> or <ref target="http://nl.ijs.si/ssj/">nl.ijs.si/ssj</ref>.</p>
         </projectDesc>
         <samplingDecl>
            <p xml:lang="sl">
            Besedila in odstavki v korpusu KRES so bili vzorčeni iz
            Gigafide tako, da smo dobili 100-milijonski referenčni
            korpus, v katerem so besedila uravnotežena po vnaprej
            določenih taksonomskih deležih in po podatkih o branosti
            vira (časopisi, revije, novičarski portali).  Korpus
            ccKRES nato, z namenom, da je lahko dostopen po licenci CC,
            vsebuje 10 % naključno vzorčenih odstavkov besedil iz
            korpusa KRES, torej 10 milijonov besed.
	    Več o sestavi korpusa lahko preberete na 
            <ref target="http://www.korpus-kres.net/">www.korpus-kres.net</ref> oz.
            <ref target="http://nl.ijs.si/ssj/">nl.ijs.si/ssj</ref>.
	  </p>
            <p xml:lang="en">
            Texts and paragraphs in the KRES corpus have been sampled from the 
	    Gigafida corpus. The result of the sampling is a 100-million-word 
	    reference corpus. The texts in KRES are balanced according to the 
	    predetermined categories, with particular consideration being paid to 
	    the data on the popularity of the source (newspapers, magazines, 
	    Internet news sites). 
	    To enable free (CC) distribution of the corpus, the ccKRES corpus contains 
	    10% of randomly sampled paragraphs from KRES, i.e. contains 10 million words.
	    For more information about the contents of the corpus, 
	    see <ref target="http://www.korpus-kres.net/">www.korpus-kres.net</ref>
	    and <ref target="http://nl.ijs.si/ssj/">nl.ijs.si/ssj</ref>.
	  </p>
         </samplingDecl>
         <tagsDecl>
            <namespace name="http://www.tei-c.org/ns/1.0">
               <tagUsage gi="p" occurs="9"/>
               <tagUsage gi="s" occurs="32"/>
               <tagUsage gi="S" occurs="657"/>
               <tagUsage gi="w" occurs="664"/>
               <tagUsage gi="c" occurs="107"/>
            </namespace>
         </tagsDecl>
         <classDecl>
            <taxonomy xml:id="SSJ">
               <category xml:id="SSJ.T">
                  <catDesc>tisk</catDesc>
                  <category xml:id="SSJ.T.K">
                     <catDesc>knjižno</catDesc>
                     <category xml:id="SSJ.T.K.L">
                        <catDesc>leposlovno</catDesc>
                     </category>
                     <category xml:id="SSJ.T.K.S">
                        <catDesc>strokovno</catDesc>
                     </category>
                  </category>
                  <category xml:id="SSJ.T.P">
                     <catDesc>periodično</catDesc>
                     <category xml:id="SSJ.T.P.C">
                        <catDesc>časopis</catDesc>
                     </category>
                     <category xml:id="SSJ.T.P.R">
                        <catDesc>revija</catDesc>
                     </category>
                  </category>
                  <category xml:id="SSJ.T.D">
                     <catDesc>drugo</catDesc>
                  </category>
               </category>
               <category xml:id="SSJ.I">
                  <catDesc>internet</catDesc>
               </category>
            </taxonomy>
         </classDecl>
      </encodingDesc>
      <profileDesc>
         <textClass>
            <catRef target="#SSJ.T.P.C"/>
         </textClass>
      </profileDesc>
   </teiHeader>
   <text xml:id="F0001951." xml:lang="sl">
      <body>
         <p xml:id="F0001951.000245">
            <s>
               <w msd="L" lemma="sicer">Sicer</w>
               <S/>
               <w msd="Vp" lemma="pa">pa</w>
               <S/>
               <w msd="Gp-ste-n" lemma="biti">je</w>
               <S/>
               <w msd="Ppnmeid" lemma="včerajšnji">včerajšnji</w>
               <S/>
               <w msd="Psnmein" lemma="Clintonov">Clintonov</w>
               <S/>
               <w msd="Somei" lemma="prihod">prihod</w>
               <S/>
               <w msd="Ggnd-em" lemma="ponujati">ponujal</w>
               <S/>
               <w msd="Rsn" lemma="nekaj">nekaj</w>
               <S/>
               <w msd="Sozmr" lemma="vzporednica">vzporednic</w>
               <S/>
               <w msd="Do" lemma="z">z</w>
               <S/>
               <w msd="Soseo" lemma="vzdušje">vzdušjem</w>
               <S/>
               <w msd="Dm" lemma="ob">ob</w>
               <S/>
               <w msd="Somem" lemma="obisk">obisku</w>
               <S/>
               <w msd="Slmer" lemma="Janez">Janeza</w>
               <S/>
               <w msd="Slmer" lemma="Pavel">Pavla</w>
               <S/>
               <w msd="Krv" lemma="II.">II.</w>
               <S/>
               <w msd="Dm" lemma="v">v</w>
               <S/>
               <w msd="Somem" lemma="maj">maju</w>
               <S/>
               <w msd="Kag" lemma="1996">1996</w>
               <c>:</c>
               <S/>
               <w msd="Dm" lemma="na">na</w>
               <S/>
               <w msd="Kbzzem" lemma="en">eni</w>
               <S/>
               <w msd="Sozem" lemma="stran">strani</w>
               <S/>
               <w msd="Sozet" lemma="vzhičenost">vzhičenost</w>
               <c>,</c>
               <S/>
               <w msd="Vd" lemma="ker">ker</w>
               <S/>
               <w msd="Zp---d--k" lemma="se">si</w>
               <S/>
               <w msd="Gp-ste-n" lemma="biti">je</w>
               <S/>
               <w msd="Rsn" lemma="tako">tako</w>
               <S/>
               <w msd="Ppnmein" lemma="vpliven">vpliven</w>
               <S/>
               <w msd="Somei" lemma="človek">človek</w>
               <S/>
               <w msd="Ggdd-em" lemma="vzeti">vzel</w>
               <S/>
               <w msd="Sometn" lemma="čas">čas</w>
               <S/>
               <w msd="Dt" lemma="za">za</w>
               <S/>
               <w msd="Zk-zet" lemma="ta">to</w>
               <S/>
               <w msd="Ppnzet" lemma="mali">malo</w>
               <S/>
               <w msd="Sozet" lemma="nacija">nacijo</w>
               <c>,</c>
               <S/>
               <w msd="Dm" lemma="na">na</w>
               <S/>
               <w msd="Kbzzem" lemma="drug">drugi</w>
               <S/>
               <w msd="Sozem" lemma="stran">strani</w>
               <S/>
               <w msd="Sommi" lemma="dvom">dvomi</w>
               <c>,</c>
               <S/>
               <w msd="Vp" lemma="ali">ali</w>
               <S/>
               <w msd="Zp---d--k" lemma="se">si</w>
               <S/>
               <w msd="Zc-set" lemma="ves">vse</w>
               <S/>
               <w msd="Rsn" lemma="skupaj">skupaj</w>
               <S/>
               <w msd="Rsn" lemma="zares">zares</w>
               <S/>
               <w msd="Ggdste" lemma="zaslužiti">zasluži</w>
               <S/>
               <w msd="Zk-met" lemma="tolikšen">tolikšen</w>
               <S/>
               <w msd="Ppnmetd" lemma="medijski">medijski</w>
               <S/>
               <w msd="Vp" lemma="in">in</w>
               <S/>
               <w msd="Ppnmetd" lemma="siceršnji">siceršnji</w>
               <S/>
               <w msd="Sometn" lemma="pomp">pomp</w>
               <c>,</c>
               <S/>
               <w msd="L" lemma="češ">češ</w>
               <c>,</c>
               <S/>
               <w msd="Vp" lemma="saj">saj</w>
               <S/>
               <w msd="L" lemma="ne">ne</w>
               <S/>
               <w msd="Ggnspm" lemma="gostiti">gostimo</w>
               <S/>
               <w msd="Soser" lemma="božanstvo">božanstva</w>
               <c>;</c>
               <S/>
               <w msd="Rsn" lemma="vmes">vmes</w>
               <S/>
               <w msd="Vp" lemma="pa">pa</w>
               <S/>
               <w msd="Ppnzei" lemma="razumen">razumna</w>
               <S/>
               <w msd="Ggnste" lemma="presojati">presoja</w>
               <c>,</c>
               <S/>
               <w msd="Vd" lemma="da">da</w>
               <S/>
               <w msd="Zc-met" lemma="vsak">vsak</w>
               <S/>
               <w msd="Zk-mei" lemma="tak">tak</w>
               <S/>
               <w msd="Sometn" lemma="obisk">obisk</w>
               <S/>
               <w msd="Dt" lemma="v">v</w>
               <S/>
               <w msd="Sozet" lemma="dežela">deželo</w>
               <S/>
               <w msd="Ggnste" lemma="prinašati">prinaša</w>
               <S/>
               <w msd="Rsn" lemma="nekaj">nekaj</w>
               <S/>
               <w msd="Ppnzer" lemma="pozitiven">pozitivne</w>
               <S/>
               <w msd="Sozer" lemma="energija">energije</w>
               <S/>
               <w msd="Vp" lemma="in">in</w>
               <S/>
               <w msd="Zotzed--k" lemma="on">ji</w>
               <S/>
               <w msd="Dm" lemma="v">v</w>
               <S/>
               <w msd="Sozem" lemma="graditev">graditvi</w>
               <S/>
               <w msd="Ppnzer" lemma="mednaroden">mednarodne</w>
               <S/>
               <w msd="Sozer" lemma="prepoznavnost">prepoznavnosti</w>
               <S/>
               <w msd="Rsn" lemma="gotovo">gotovo</w>
               <S/>
               <w msd="Rsn" lemma="lahko">lahko</w>
               <S/>
               <w msd="L" lemma="samo">samo</w>
               <S/>
               <w msd="Sozmt" lemma="korist">koristi</w>
               <c>.</c>
               <S/>
            </s>
            <s>
               <w msd="Sozei" lemma="primerjava">Primerjava</w>
               <S/>
               <w msd="Do" lemma="med">med</w>
               <S/>
               <w msd="Somdo" lemma="dogodek">dogodkoma</w>
               <S/>
               <w msd="Gp-ste-n" lemma="biti">je</w>
               <S/>
               <w msd="Ggdd-ez" lemma="vzdržati">vzdržala</w>
               <S/>
               <w msd="L" lemma="le">le</w>
               <S/>
               <w msd="Rsn" lemma="delno">delno</w>
               <c>.</c>
               <S/>
            </s>
            <s>
               <w msd="Ppnsei" lemma="pomladen">Pomladno</w>
               <S/>
               <w msd="Sosei" lemma="sonce">sonce</w>
               <S/>
               <w msd="Gp-ste-n" lemma="biti">je</w>
               <S/>
               <w msd="Do" lemma="pred">pred</w>
               <S/>
               <w msd="Kbgsmo" lemma="trije">tremi</w>
               <S/>
               <w msd="Sosmo" lemma="leto">leti</w>
               <S/>
               <w msd="Ggdd-es" lemma="pripomoči">pripomoglo</w>
               <c>,</c>
               <S/>
               <w msd="Vd" lemma="da">da</w>
               <S/>
               <w msd="Gp-ste-n" lemma="biti">je</w>
               <S/>
               <w msd="Sozei" lemma="večina">večina</w>
               <S/>
               <w msd="Slmmr" lemma="Slovenec">Slovencev</w>
               <S/>
               <w msd="Somer" lemma="papež">papeža</w>
               <S/>
               <w msd="Ggdd-ez" lemma="sprejeti">sprejela</w>
               <S/>
               <w msd="L" lemma="ne">ne</w>
               <S/>
               <w msd="L" lemma="le">le</w>
               <S/>
               <w msd="Do" lemma="z">z</w>
               <S/>
               <w msd="Ppnzeo" lemma="neevforičen">neevforično</w>
               <S/>
               <w msd="Sozeo" lemma="spoštljivost">spoštljivostjo</w>
               <c>,</c>
               <S/>
               <w msd="Vp" lemma="temveč">temveč</w>
               <S/>
               <w msd="L" lemma="tudi">tudi</w>
               <S/>
               <w msd="Do" lemma="z">s</w>
               <S/>
               <w msd="Ppnmeo" lemma="prazničen">prazničnim</w>
               <S/>
               <w msd="Someo" lemma="pridih">pridihom</w>
               <c>,</c>
               <S/>
               <w msd="Zz-ser" lemma="kar">česar</w>
               <S/>
               <w msd="Rsn" lemma="tokrat">tokrat</w>
               <S/>
               <w msd="Gp-ste-d" lemma="biti">ni</w>
               <S/>
               <w msd="Gp-d-es" lemma="biti">bilo</w>
               <c>.</c>
               <S/>
            </s>
            <s>
               <w msd="L" lemma="ne">Ne</w>
               <S/>
               <w msd="L" lemma="samo">samo</w>
               <S/>
               <w msd="Dr" lemma="zaradi">zaradi</w>
               <S/>
               <w msd="Ppnser" lemma="katastrofalen">katastrofalnega</w>
               <S/>
               <w msd="Soser" lemma="vreme">vremena</w>
               <c>,</c>
               <S/>
               <w msd="Vd" lemma="ki">ki</w>
               <S/>
               <w msd="Gp-ste-n" lemma="biti">je</w>
               <S/>
               <w msd="Rsn" lemma="včeraj">včeraj</w>
               <S/>
               <w msd="Dr" lemma="z">z</w>
               <S/>
               <w msd="Ppnzmr" lemma="ljubljanski">ljubljanskih</w>
               <S/>
               <w msd="Sozmr" lemma="ulica">ulic</w>
               <S/>
               <w msd="Ggdd-es" lemma="odplakniti">odplaknilo</w>
               <S/>
               <w msd="Zc-sei" lemma="ves">vse</w>
               <S/>
               <w msd="Ppnset" lemma="svečan">svečano</w>
               <S/>
               <w msd="Soset" lemma="razpoloženje">razpoloženje</w>
               <c>,</c>
               <S/>
               <w msd="Vp" lemma="temveč">temveč</w>
               <S/>
               <w msd="L" lemma="tudi">tudi</w>
               <S/>
               <w msd="Dr" lemma="zaradi">zaradi</w>
               <S/>
               <w msd="Sozer" lemma="hitropoteznost">hitropoteznosti</w>
               <c>,</c>
               <S/>
               <w msd="Do" lemma="z">s</w>
               <S/>
               <w msd="Zv-zeo" lemma="kateri">katero</w>
               <S/>
               <w msd="Gp-ste-n" lemma="biti">je</w>
               <S/>
               <w msd="Ppnmeid" lemma="ameriški">ameriški</w>
               <S/>
               <w msd="Somei" lemma="predsednik">predsednik</w>
               <S/>
               <w msd="Ggnd-em" lemma="brzeti">brzel</w>
               <S/>
               <w msd="Dr" lemma="od">od</w>
               <S/>
               <w msd="Somer" lemma="termin">termina</w>
               <S/>
               <w msd="Dr" lemma="do">do</w>
               <S/>
               <w msd="Somer" lemma="termin">termina</w>
               <c>,</c>
               <S/>
               <w msd="Vp" lemma="in">in</w>
               <S/>
               <w msd="L" lemma="tudi">tudi</w>
               <S/>
               <w msd="Dr" lemma="spričo">spričo</w>
               <S/>
               <w msd="Ppnmer" lemma="varnosten">varnostnega</w>
               <S/>
               <w msd="Somer" lemma="cirkus">cirkusa</w>
               <c>,</c>
               <S/>
               <w msd="Vd" lemma="ki">ki</w>
               <S/>
               <w msd="Gp-ste-n" lemma="biti">je</w>
               <S/>
               <w msd="L" lemma="samo">samo</w>
               <S/>
               <w msd="Dt" lemma="za">za</w>
               <S/>
               <w msd="Ppnzmt" lemma="dober">dobre</w>
               <S/>
               <w msd="Rsn" lemma="pol">pol</w>
               <S/>
               <w msd="Sozer" lemma="ura">ure</w>
               <S/>
               <w msd="Dm" lemma="na">na</w>
               <S/>
               <w msd="Ppnmem" lemma="kongresen">Kongresnem</w>
               <S/>
               <w msd="Somem" lemma="trg">trgu</w>
               <S/>
               <w msd="Ggdd-em" lemma="dovoliti">dovolil</w>
               <S/>
               <w msd="Ppnset" lemma="bližnji">bližnje</w>
               <S/>
               <w msd="Soset" lemma="srečanje">srečanje</w>
               <S/>
               <w msd="Do" lemma="med">med</w>
               <S/>
               <w msd="Someo" lemma="predsednik">predsednikom</w>
               <S/>
               <w msd="Vp" lemma="in">in</w>
               <S/>
               <w msd="Slmmo" lemma="Slovenec">Slovenci</w>
               <c>.</c>
               <S/>
            </s>
            <s>
               <w msd="Zv-mei" lemma="kdo">Kdo</w>
               <S/>
               <w msd="Gp-ste-n" lemma="biti">je</w>
               <S/>
               <w msd="Rsn" lemma="tu">tu</w>
               <S/>
               <w msd="Ggnd-em" lemma="pretiravati">pretiraval</w>
               <c>,</c>
               <S/>
               <w msd="Gp-ste-n" lemma="biti">je</w>
               <S/>
               <w msd="Rsn" lemma="danes">danes</w>
               <S/>
               <w msd="L" lemma="že">že</w>
               <S/>
               <w msd="Ppnsei" lemma="nepomemben">nepomembno</w>
               <c>.</c>
               <S/>
            </s>
            <s>
               <w msd="Sosei" lemma="dejstvo">Dejstvo</w>
               <S/>
               <w msd="Gp-ste-n" lemma="biti">je</w>
               <c>,</c>
               <S/>
               <w msd="Vd" lemma="da">da</w>
               <S/>
               <w msd="Gp-ste-n" lemma="biti">je</w>
               <S/>
               <w msd="Do" lemma="med">med</w>
               <S/>
               <w msd="Somdo" lemma="obisk">obiskoma</w>
               <S/>
               <w msd="L" lemma="pač">pač</w>
               <S/>
               <w msd="L" lemma="tudi">tudi</w>
               <S/>
               <w msd="Ppnzei" lemma="pomemben">pomembna</w>
               <S/>
               <w msd="Ppnzei" lemma="vsebinski">vsebinska</w>
               <S/>
               <w msd="Sozei" lemma="razlika">razlika</w>
               <c>:</c>
               <S/>
               <w msd="Slmei" lemma="papež">papež</w>
               <S/>
               <w msd="Gp-ste-n" lemma="biti">je</w>
               <S/>
               <w msd="Ppnzei" lemma="moralen">moralna</w>
               <c>,</c>
               <S/>
               <w msd="Slmei" lemma="Clinton">Clinton</w>
               <S/>
               <w msd="Vp" lemma="pa">pa</w>
               <S/>
               <w msd="Ppnzei" lemma="realen">realna</w>
               <S/>
               <w msd="Sozei" lemma="moč">moč</w>
               <c>,</c>
               <S/>
               <w msd="Vd" lemma="ki">ki</w>
               <S/>
               <w msd="Zotzet--k" lemma="on">jo</w>
               <S/>
               <w msd="Gp-ste-n" lemma="biti">je</w>
               <S/>
               <w msd="Dm" lemma="v">v</w>
               <S/>
               <w msd="Sozem" lemma="primerjava">primerjavi</w>
               <S/>
               <w msd="Do" lemma="z">s</w>
               <S/>
               <w msd="Kbvzeo" lemma="prvi">prvo</w>
               <S/>
               <w msd="Rsr" lemma="lahko">lažje</w>
               <S/>
               <w msd="Vp" lemma="in">in</w>
               <S/>
               <w msd="Rsr" lemma="bolj">bolj</w>
               <S/>
               <w msd="Rsn" lemma="potrebno">potrebno</w>
               <S/>
               <w msd="Ggnn" lemma="razkazovati">razkazovati</w>
               <S/>
               <c>-</c>
               <S/>
               <w msd="Vd" lemma="ker">ker</w>
               <S/>
               <w msd="Dr" lemma="brez">brez</w>
               <S/>
               <w msd="Zk-ser" lemma="ta">tega</w>
               <S/>
               <w msd="Sommi" lemma="človek">ljudje</w>
               <S/>
               <w msd="L" lemma="ne">ne</w>
               <S/>
               <w msd="Gp-g" lemma="biti">bi</w>
               <S/>
               <w msd="Ggvd-mm" lemma="verjeti">verjeli</w>
               <c>,</c>
               <S/>
               <w msd="Vd" lemma="da">da</w>
               <S/>
               <w msd="Gp-ste-n" lemma="biti">je</w>
               <S/>
               <w msd="Ppnzei" lemma="realen">realna</w>
               <c>.</c>
               <S/>
            </s>
            <s>
               <w msd="Rsn" lemma="res">Res</w>
               <S/>
               <w msd="Gp-ste-n" lemma="biti">je</w>
               <c>,</c>
               <S/>
               <w msd="Dr" lemma="zaradi">zaradi</w>
               <S/>
               <w msd="Kbzmer" lemma="en">enega</w>
               <S/>
               <w msd="Somer" lemma="človek">človeka</w>
               <S/>
               <w msd="Gp-stm-n" lemma="biti">so</w>
               <S/>
               <w msd="Dt" lemma="za">za</w>
               <S/>
               <w msd="Rsn" lemma="nekaj">nekaj</w>
               <S/>
               <w msd="Somer" lemma="čas">časa</w>
               <S/>
               <w msd="L" lemma="celo">celo</w>
               <S/>
               <w msd="Sozer" lemma="ura">ure</w>
               <S/>
               <w msd="Dm" lemma="v">v</w>
               <S/>
               <w msd="Slzem" lemma="Ljubljana">Ljubljani</w>
               <S/>
               <w msd="Ggdd-mz" lemma="začeti">začele</w>
               <S/>
               <w msd="Ggnn" lemma="teči">teči</w>
               <S/>
               <w msd="Dt" lemma="v">v</w>
               <S/>
               <w msd="Ppnzet" lemma="nasproten">nasprotno</w>
               <S/>
               <w msd="Sozet" lemma="smer">smer</w>
               <c>,</c>
               <S/>
               <w msd="Vp" lemma="a">a</w>
               <S/>
               <w msd="Zp---d--k" lemma="se">si</w>
               <S/>
               <w msd="Zop-md" lemma="jaz">nam</w>
               <S/>
               <w msd="Dr" lemma="zaradi">zaradi</w>
               <S/>
               <w msd="Zk-ser" lemma="ta">tega</w>
               <S/>
               <w msd="Dm" lemma="v">v</w>
               <S/>
               <w msd="Zspmmim" lemma="naš">naši</w>
               <S/>
               <w msd="Ppnzem" lemma="značilen">značilni</w>
               <S/>
               <w msd="Ppnzem" lemma="samouničevalen">samouničevalni</w>
               <S/>
               <w msd="Sozem" lemma="manira">maniri</w>
               <S/>
               <w msd="L" lemma="še">še</w>
               <S/>
               <w msd="Gp-ste-d" lemma="biti">ni</w>
               <S/>
               <w msd="Rsn" lemma="treba">treba</w>
               <S/>
               <w msd="Ggnn" lemma="očitati">očitati</w>
               <S/>
               <w msd="Soser" lemma="vazalstvo">vazalstva</w>
               <c>,</c>
               <S/>
               <w msd="L" lemma="češ">češ</w>
               <c>,</c>
               <S/>
               <w msd="Ggdd-mm" lemma="ustreči">ustregli</w>
               <S/>
               <w msd="Gp-g" lemma="biti">bi</w>
               <S/>
               <w msd="L" lemma="tudi">tudi</w>
               <S/>
               <w msd="Ppsmmd" lemma="velik">največjim</w>
               <S/>
               <w msd="Ppnzmd" lemma="ameriški">ameriškim</w>
               <S/>
               <w msd="Sozmd" lemma="muhavost">muhavostim</w>
               <c>.</c>
               <S/>
            </s>
            <s>
               <w msd="Somei" lemma="problem">Problem</w>
               <S/>
               <w msd="Gp-ste-n" lemma="biti">je</w>
               <S/>
               <w msd="L" lemma="predvsem">predvsem</w>
               <S/>
               <w msd="Dm" lemma="na">na</w>
               <S/>
               <w msd="Zstzemm" lemma="njihov">njihovi</w>
               <S/>
               <w msd="Sozem" lemma="stran">strani</w>
               <c>;</c>
               <S/>
               <w msd="Dm" lemma="v">v</w>
               <S/>
               <w msd="Zstsemm" lemma="njihov">njihovem</w>
               <S/>
               <w msd="Sosem" lemma="prepričanje">prepričanju</w>
               <c>,</c>
               <S/>
               <w msd="Vd" lemma="da">da</w>
               <S/>
               <w msd="Zp------k" lemma="se">se</w>
               <S/>
               <w msd="Somei" lemma="svet">svet</w>
               <S/>
               <w msd="Ggnste" lemma="vrteti">vrti</w>
               <S/>
               <w msd="Dr" lemma="okoli">okoli</w>
               <S/>
               <w msd="Ppnzer" lemma="bel">Bele</w>
               <S/>
               <w msd="Sozer" lemma="hiša">hiše</w>
               <S/>
               <w msd="Vp" lemma="in">in</w>
               <S/>
               <w msd="Vd" lemma="da">da</w>
               <S/>
               <w msd="Gp-ste-n" lemma="biti">je</w>
               <S/>
               <w msd="Zk-mei" lemma="ta">ta</w>
               <S/>
               <w msd="Rsn" lemma="povsod">povsod</w>
               <S/>
               <w msd="Rsn" lemma="tam">tam</w>
               <c>,</c>
               <S/>
               <w msd="Vd" lemma="kjer">kjer</w>
               <S/>
               <w msd="Gp-ste-n" lemma="biti">je</w>
               <S/>
               <w msd="Zstmeiez" lemma="njen">njen</w>
               <S/>
               <w msd="Ppnmeid" lemma="vrhoven">vrhovni</w>
               <S/>
               <w msd="Somei" lemma="šef">šef</w>
               <c>.</c>
            </s>
         </p>
         <p xml:id="F0001951.000389">
            <s>
               <w msd="Slmei" lemma="Katastropolis">Katastropolis</w>
               <S/>
               <w msd="Kag" lemma="2227">2227</w>
            </s>
         </p>
         <p xml:id="F0001951.000522">
            <s>
               <w msd="Zv-set" lemma="kaj">Kaj</w>
               <S/>
               <w msd="Zc-set" lemma="ves">vse</w>
               <S/>
               <w msd="Gp-stm-n" lemma="biti">so</w>
               <S/>
               <w msd="L" lemma="že">že</w>
               <S/>
               <w msd="Ggnd-mm" lemma="poskušati">poskušali</w>
               <c>,</c>
               <S/>
               <w msd="Vd" lemma="da">da</w>
               <S/>
               <w msd="Gp-g" lemma="biti">bi</w>
               <S/>
               <w msd="Sozei" lemma="ustanova">ustanova</w>
               <c>,</c>
               <S/>
               <w msd="Vd" lemma="ki">ki</w>
               <S/>
               <w msd="Zop-md" lemma="jaz">nam</w>
               <S/>
               <w msd="Zotzet--k" lemma="on">jo</w>
               <S/>
               <w msd="Ggnstm" lemma="zavidati">zavidajo</w>
               <S/>
               <w msd="Dt" lemma="v">v</w>
               <S/>
               <w msd="Rsn" lemma="tako">tako</w>
               <S/>
               <w msd="Pdnmmi" lemma="opevan">opevani</w>
               <S/>
               <w msd="Slzem" lemma="Evropa">Evropi</w>
               <S/>
               <c>(</c>
               <w msd="Vp" lemma="in">in</w>
               <S/>
               <w msd="Vd" lemma="ki">ki</w>
               <S/>
               <w msd="L" lemma="ne">ne</w>
               <S/>
               <w msd="Ggvste" lemma="premoči">premore</w>
               <S/>
               <w msd="Somer" lemma="akvarij">akvarija</w>
               <S/>
               <w msd="Dm" lemma="v">v</w>
               <S/>
               <w msd="Somem" lemma="park">parku</w>
               <c>,</c>
               <S/>
               <w msd="Zz-mei" lemma="kakršen">kakršen</w>
               <S/>
               <w msd="Gp-ste-n" lemma="biti">je</w>
               <S/>
               <w msd="Zspmeim" lemma="naš">naš</w>
               <c>!</c>
               <c>)</c>
               <S/>
               <w msd="Ggdd-ez" lemma="zasijati">zasijala</w>
               <S/>
               <w msd="Dm" lemma="v">v</w>
               <S/>
               <w msd="Ppnzem" lemma="nov">novi</w>
               <S/>
               <w msd="Sozem" lemma="preobleka">preobleki</w>
               <c>!</c>
               <S/>
            </s>
            <s>
               <w msd="L" lemma="celo">Celo</w>
               <S/>
               <w msd="Sozer" lemma="botra">botre</w>
               <S/>
               <w msd="Dt" lemma="za">za</w>
               <S/>
               <w msd="Ppnzmt" lemma="posamezen">posamezne</w>
               <S/>
               <w msd="Sozmt" lemma="žival">živali</w>
               <S/>
               <w msd="Gp-stm-n" lemma="biti">so</w>
               <S/>
               <w msd="Ggdd-mm" lemma="poiskati">poiskali</w>
               <S/>
               <c>(</c>
               <w msd="Vp" lemma="in">in</w>
               <S/>
               <w msd="Zotmmt--k" lemma="on">jih</w>
               <S/>
               <w msd="L" lemma="še">še</w>
               <S/>
               <w msd="Rsn" lemma="vedno">vedno</w>
               <S/>
               <w msd="Ggnstm" lemma="iskati">iščejo</w>
               <c>)</c>
               <c>,</c>
               <S/>
               <w msd="Vd" lemma="da">da</w>
               <S/>
               <w msd="Zotmmd--k" lemma="on">jim</w>
               <S/>
               <w msd="L" lemma="ne">ne</w>
               <S/>
               <w msd="Gp-g" lemma="biti">bi</w>
               <S/>
               <w msd="Gp-d-es" lemma="biti">bilo</w>
               <S/>
               <w msd="Rsn" lemma="treba">treba</w>
               <S/>
               <w msd="Ggdn" lemma="zapreti">zapreti</w>
               <S/>
               <w msd="L" lemma="že">že</w>
               <S/>
               <w msd="Rsn" lemma="tako">tako</w>
               <S/>
               <w msd="Pdnzmr" lemma="razmajan">razmajanih</w>
               <S/>
               <w msd="Sosmr" lemma="vrata">vrat</w>
               <c>.</c>
               <S/>
            </s>
            <s>
               <w msd="Vp" lemma="toda">Toda</w>
               <S/>
               <w msd="Sozei" lemma="stavba">stavba</w>
               <S/>
               <w msd="Rsn" lemma="vztrajno">vztrajno</w>
               <S/>
               <w msd="Somer" lemma="propad">propada</w>
               <S/>
               <w msd="Vp" lemma="in">in</w>
               <S/>
               <w msd="Zp------k" lemma="se">se</w>
               <S/>
               <w msd="L" lemma="še">še</w>
               <S/>
               <w msd="Ggdste" lemma="zmeniti">zmeni</w>
               <S/>
               <w msd="L" lemma="ne">ne</w>
               <S/>
               <w msd="Dt" lemma="za">za</w>
               <S/>
               <w msd="Zk-set" lemma="ta">to</w>
               <c>,</c>
               <S/>
               <w msd="Vd" lemma="da">da</w>
               <S/>
               <w msd="Sommi" lemma="človek">ljudje</w>
               <c>,</c>
               <S/>
               <w msd="Vd" lemma="ki">ki</w>
               <S/>
               <w msd="Gp-spm-n" lemma="biti">smo</w>
               <S/>
               <w msd="Zotzet--k" lemma="on">jo</w>
               <S/>
               <w msd="Ggdd-mm" lemma="zgraditi">zgradili</w>
               <c>,</c>
               <S/>
               <w msd="Rsn" lemma="nikoli">nikoli</w>
               <S/>
               <w msd="Ggnspm-d" lemma="imeti">nimamo</w>
               <S/>
               <w msd="Somer" lemma="denar">denarja</w>
               <c>,</c>
               <S/>
               <w msd="Vd" lemma="da">da</w>
               <S/>
               <w msd="Gp-g" lemma="biti">bi</w>
               <S/>
               <w msd="Zotzet--k" lemma="on">jo</w>
               <S/>
               <w msd="Ggdd-mm" lemma="popraviti">popravili</w>
               <c>.</c>
               <S/>
            </s>
            <s>
               <w msd="Somei" lemma="čas">Čas</w>
               <S/>
               <w msd="Zp------k" lemma="se">se</w>
               <S/>
               <w msd="Dt" lemma="za">za</w>
               <S/>
               <w msd="Zspsetm" lemma="naš">naše</w>
               <S/>
               <w msd="Soset" lemma="jadikovanje">jadikovanje</w>
               <S/>
               <w msd="L" lemma="še">še</w>
               <S/>
               <w msd="Rsn" lemma="nikoli">nikoli</w>
               <S/>
               <w msd="Gp-ste-d" lemma="biti">ni</w>
               <S/>
               <w msd="Ggdd-em" lemma="zmeniti">zmenil</w>
               <S/>
               <w msd="Vp" lemma="in">in</w>
               <S/>
               <w msd="Zp------k" lemma="se">se</w>
               <S/>
               <w msd="L" lemma="ne">ne</w>
               <S/>
               <w msd="Gp-pte-n" lemma="biti">bo</w>
               <c>,</c>
               <S/>
               <w msd="Vp" lemma="zato">zato</w>
               <S/>
               <w msd="Gp-g" lemma="biti">bi</w>
               <S/>
               <w msd="Zp------k" lemma="se">se</w>
               <S/>
               <w msd="Ggnd-mm" lemma="morati">morali</w>
               <S/>
               <w msd="Rsn" lemma="končno">končno</w>
               <S/>
               <w msd="Vp" lemma="vendarle">vendarle</w>
               <S/>
               <w msd="L" lemma="že">že</w>
               <S/>
               <w msd="Ggdn" lemma="odločiti">odločiti</w>
               <S/>
               <w msd="Vp" lemma="in">in</w>
               <S/>
               <w msd="Ggdn" lemma="zlomiti">zlomiti</w>
               <S/>
               <w msd="Zk-met" lemma="tisti">tisti</w>
               <S/>
               <w msd="Zstmeiem" lemma="njegov">njegov</w>
               <S/>
               <w msd="Rsn" lemma="vztrajno">vztrajno</w>
               <S/>
               <w msd="Ppnmmi" lemma="požrešen">požrešni</w>
               <S/>
               <w msd="Vp" lemma="in">in</w>
               <S/>
               <w msd="Pdnmmi" lemma="uničujoč">uničujoči</w>
               <S/>
               <w msd="Sometn" lemma="zob">zob</w>
               <S/>
               <w msd="Somer" lemma="čas">časa</w>
               <c>,</c>
               <S/>
               <w msd="Vd" lemma="kot">kot</w>
               <S/>
               <w msd="Zotmed--k" lemma="on">mu</w>
               <S/>
               <w msd="Ggvspm" lemma="praviti">pravimo</w>
               <c>.</c>
            </s>
         </p>
         <p xml:id="F0001951.000881">
            <s>
               <c>"</c>
               <w msd="Sommi" lemma="dijak">Dijaki</w>
               <c>,</c>
               <S/>
               <w msd="Vd" lemma="ki">ki</w>
               <S/>
               <w msd="Gp-stm-n" lemma="biti">so</w>
               <S/>
               <w msd="Ppnmmi" lemma="uspešen">uspešni</w>
               <S/>
               <w msd="Dm" lemma="na">na</w>
               <S/>
               <w msd="Ppnsmm" lemma="državen">državnih</w>
               <S/>
               <w msd="Sosmm" lemma="tekmovanje">tekmovanjih</w>
               <c>,</c>
               <S/>
               <w msd="Rsn" lemma="enkrat">enkrat</w>
               <S/>
               <w msd="Rsn" lemma="mesečno">mesečno</w>
               <S/>
               <w msd="Ggnstm" lemma="obiskovati">obiskujejo</w>
               <S/>
               <w msd="Sozmt" lemma="priprava">priprave</w>
               <c>,</c>
               <S/>
               <w msd="Vd" lemma="ki">ki</w>
               <S/>
               <w msd="Zotzmt--k" lemma="on">jih</w>
               <S/>
               <w msd="Ggnstm" lemma="voditi">vodijo</w>
               <S/>
               <w msd="Sommi" lemma="profesor">profesorji</w>
               <S/>
               <w msd="Dm" lemma="na">na</w>
               <S/>
               <w msd="Sozem" lemma="fakulteta">fakulteti</w>
               <S/>
               <w msd="Dm" lemma="v">v</w>
               <S/>
               <w msd="Slzem" lemma="Ljubljana">Ljubljani</w>
               <c>.</c>
               <S/>
            </s>
            <s>
               <w msd="Ppsmeid" lemma="dober">Najboljši</w>
               <S/>
               <w msd="Do" lemma="med">med</w>
               <S/>
               <w msd="Zotzmo" lemma="on">njimi</w>
               <S/>
               <w msd="Ggdstm" lemma="preživeti">preživijo</w>
               <S/>
               <w msd="Kbgmdt" lemma="dva">dva</w>
               <S/>
               <w msd="Somdt" lemma="teden">tedna</w>
               <S/>
               <w msd="Dm" lemma="na">na</w>
               <S/>
               <w msd="Ppnzmm" lemma="intenziven">intenzivnih</w>
               <S/>
               <w msd="Sozmm" lemma="priprava">pripravah</w>
               <S/>
               <w msd="Dm" lemma="na">na</w>
               <S/>
               <w msd="Slmem" lemma="Bled">Bledu</w>
               <c>.</c>
               <S/>
            </s>
            <s>
               <w msd="Sommi" lemma="kandidat">Kandidati</w>
               <S/>
               <w msd="Ggnstm" lemma="sodelovati">sodelujejo</w>
               <S/>
               <w msd="Dm" lemma="na">na</w>
               <S/>
               <w msd="Kbgzdm" lemma="dva">dveh</w>
               <S/>
               <w msd="Ppnmmr" lemma="izbiren">izbirnih</w>
               <S/>
               <w msd="Vp" lemma="in">in</w>
               <S/>
               <w msd="Ppnsem" lemma="državen">državnem</w>
               <S/>
               <w msd="Sosem" lemma="tekmovanje">tekmovanju</w>
               <c>.</c>
               <S/>
            </s>
            <s>
               <w msd="Kbvmmr" lemma="prvi">Prvih</w>
               <S/>
               <w msd="Kbg-mt" lemma="šest">šest</w>
               <S/>
               <w msd="Do" lemma="z">z</w>
               <S/>
               <w msd="Ppsseo" lemma="velik">največjim</w>
               <S/>
               <w msd="Soseo" lemma="število">številom</w>
               <S/>
               <w msd="Sozmr" lemma="točka">točk</w>
               <S/>
               <w msd="Zp------k" lemma="se">se</w>
               <S/>
               <w msd="Ggdste" lemma="uvrstiti">uvrsti</w>
               <S/>
               <w msd="Dt" lemma="v">v</w>
               <S/>
               <w msd="Sozet" lemma="ekipa">ekipo</w>
               <c>.</c>
               <S/>
            </s>
            <s>
               <w msd="Ggdvpm" lemma="povedati">Povejmo</w>
               <c>,</c>
               <S/>
               <w msd="Vd" lemma="da">da</w>
               <S/>
               <w msd="Gp-ste-n" lemma="biti">je</w>
               <S/>
               <w msd="Ggnd-em" lemma="imeti">imel</w>
               <S/>
               <w msd="Slmei" lemma="Jure">Jure</w>
               <S/>
               <w msd="Rsn" lemma="lani">lani</w>
               <S/>
               <w msd="Vp" lemma="in">in</w>
               <S/>
               <w msd="Rsn" lemma="letos">letos</w>
               <S/>
               <w msd="Rss" lemma="največ">največ</w>
               <S/>
               <w msd="Sozmr" lemma="točka">točk</w>
               <S/>
               <w msd="Do" lemma="med">med</w>
               <S/>
               <w msd="Zc-mmo" lemma="ves">vsemi</w>
               <S/>
               <w msd="Sommo" lemma="udeleženec">udeleženci</w>
               <c>.</c>
               <S/>
            </s>
            <s>
               <w msd="Rsn" lemma="letos">Letos</w>
               <S/>
               <w msd="Zp---d--k" lemma="se">si</w>
               <S/>
               <w msd="Gp-ste-n" lemma="biti">je</w>
               <S/>
               <w msd="Sozet" lemma="udeležba">udeležbo</w>
               <S/>
               <w msd="Ggdd-em" lemma="zagotoviti">zagotovil</w>
               <S/>
               <w msd="L" lemma="že">že</w>
               <S/>
               <w msd="Do" lemma="pred">pred</w>
               <S/>
               <w msd="Ppnseo" lemma="državen">državnim</w>
               <S/>
               <w msd="Soseo" lemma="tekmovanje">tekmovanjem</w>
               <S/>
               <w msd="Do" lemma="z">z</w>
               <S/>
               <w msd="Ppnmmo" lemma="uspešen">uspešnimi</w>
               <S/>
               <w msd="Sommo" lemma="rezultat">rezultati</w>
               <S/>
               <w msd="Ppnmmr" lemma="izbiren">izbirnih</w>
               <S/>
               <w msd="Sommr" lemma="test">testov</w>
               <c>.</c>
               <S/>
            </s>
            <s>
               <w msd="Slmei" lemma="Jure">Jure</w>
               <S/>
               <w msd="Vp" lemma="pa">pa</w>
               <S/>
               <w msd="Gp-ste-d" lemma="biti">ni</w>
               <S/>
               <w msd="L" lemma="samo">samo</w>
               <S/>
               <w msd="Ppnmein" lemma="dober">dober</w>
               <S/>
               <w msd="Somei" lemma="matematik">matematik</w>
               <c>,</c>
               <S/>
               <w msd="Vp" lemma="saj">saj</w>
               <S/>
               <w msd="Gp-ste-n" lemma="biti">je</w>
               <S/>
               <w msd="Rsn" lemma="vseskozi">vseskozi</w>
               <S/>
               <w msd="Ppnmein" lemma="odličen">odličen</w>
               <S/>
               <w msd="Somei" lemma="učenec">učenec</w>
               <S/>
               <w msd="Vp" lemma="in">in</w>
               <S/>
               <w msd="Rsn" lemma="uspešno">uspešno</w>
               <S/>
               <w msd="Ggnste" lemma="tekmovati">tekmuje</w>
               <S/>
               <w msd="L" lemma="tudi">tudi</w>
               <S/>
               <w msd="Dm" lemma="v">v</w>
               <S/>
               <w msd="Sosem" lemma="znanje">znanju</w>
               <S/>
               <w msd="Dr" lemma="iz">iz</w>
               <S/>
               <w msd="Sozer" lemma="fizika">fizike</w>
               <c>,</c>
               <S/>
               <w msd="Sozer" lemma="kemija">kemije</w>
               <c>,</c>
               <S/>
               <w msd="Sozer" lemma="logika">logike</w>
               <c>.</c>
               <S/>
            </s>
            <s>
               <w msd="Dm" lemma="v">V</w>
               <S/>
               <w msd="Ppnmem" lemma="prost">prostem</w>
               <S/>
               <w msd="Somem" lemma="čas">času</w>
               <S/>
               <w msd="Rsn" lemma="rad">rad</w>
               <S/>
               <w msd="Ggdste" lemma="sesti">sede</w>
               <S/>
               <w msd="Dt" lemma="za">za</w>
               <S/>
               <w msd="Sometn" lemma="računalnik">računalnik</w>
               <S/>
               <w msd="Vp" lemma="ali">ali</w>
               <S/>
               <w msd="Ggnste" lemma="spremljati">spremlja</w>
               <S/>
               <w msd="Ppnmmt" lemma="športen">športne</w>
               <S/>
               <w msd="Sommt" lemma="prenos">prenose</w>
               <S/>
               <w msd="Dm" lemma="ob">ob</w>
               <S/>
               <w msd="Somei" lemma="TV">TV</w>
               <c>-</c>
               <w msd="Somem" lemma="sprejemnik">sprejemniku</w>
               <c>.</c>
               <S/>
            </s>
            <s>
               <w msd="L" lemma="seveda">Seveda</w>
               <S/>
               <w msd="Vp" lemma="pa">pa</w>
               <S/>
               <w msd="Zp------k" lemma="se">se</w>
               <S/>
               <w msd="L" lemma="tudi">tudi</w>
               <S/>
               <w msd="Ggnste" lemma="ukvarjati">ukvarja</w>
               <S/>
               <w msd="Do" lemma="z">s</w>
               <S/>
               <w msd="Someo" lemma="šport">športom</w>
               <c>,</c>
               <S/>
               <w msd="L" lemma="še">še</w>
               <S/>
               <w msd="L" lemma="zlasti">zlasti</w>
               <S/>
               <w msd="Rsn" lemma="rad">rad</w>
               <S/>
               <w msd="Ggnste" lemma="igrati">igra</w>
               <S/>
               <w msd="Sometn" lemma="tenis">tenis</w>
               <S/>
               <w msd="Vp" lemma="in">in</w>
               <S/>
               <w msd="Sozet" lemma="košarka">košarko</w>
               <c>.</c>
            </s>
         </p>
         <p xml:id="F0001951.001114">
            <s>
               <w msd="Zl-mei" lemma="nihče">Nihče</w>
               <S/>
               <w msd="Zod-md" lemma="ti">vam</w>
               <S/>
               <w msd="L" lemma="ne">ne</w>
               <S/>
               <w msd="Gp-pte-n" lemma="biti">bo</w>
               <S/>
               <w msd="Ggdd-em" lemma="nadomestiti">nadomestil</w>
               <S/>
               <w msd="Sozer" lemma="oseba">osebe</w>
               <c>,</c>
               <S/>
               <w msd="Vd" lemma="ki">ki</w>
               <S/>
               <w msd="Gp-sdm-n" lemma="biti">ste</w>
               <S/>
               <w msd="Zotzet--k" lemma="on">jo</w>
               <S/>
               <w msd="Rsn" lemma="grobo">grobo</w>
               <S/>
               <w msd="Ggdd-mm" lemma="zapustiti">zapustili</w>
               <c>.</c>
               <S/>
            </s>
            <s>
               <w msd="Vp" lemma="zato">Zato</w>
               <S/>
               <w msd="Rsr" lemma="raje">raje</w>
               <S/>
               <w msd="Ggdvdm" lemma="pozabiti">pozabite</w>
               <S/>
               <w msd="Dt" lemma="na">na</w>
               <S/>
               <w msd="Sozet" lemma="preteklost">preteklost</w>
               <S/>
               <w msd="Vp" lemma="in">in</w>
               <S/>
               <w msd="Zp------k" lemma="se">se</w>
               <S/>
               <w msd="Ggdvdm" lemma="usmeriti">usmerite</w>
               <S/>
               <w msd="Dt" lemma="v">v</w>
               <S/>
               <w msd="Sozet" lemma="prihodnost">prihodnost</w>
               <c>,</c>
               <S/>
               <w msd="Vp" lemma="saj">saj</w>
               <S/>
               <w msd="Ggnste-n" lemma="imeti">ima</w>
               <S/>
               <w msd="L" lemma="tudi">tudi</w>
               <S/>
               <w msd="Zp-zmt" lemma="svoj">svoje</w>
               <S/>
               <w msd="Ppnzmt" lemma="dober">dobre</w>
               <S/>
               <w msd="Sozmt" lemma="stran">strani</w>
               <c>.</c>
            </s>
         </p>
         <p xml:id="F0001951.001155">
            <s>
               <w msd="Sozmi" lemma="mlekarna">Mlekarne</w>
               <c>,</c>
               <S/>
               <w msd="Vd" lemma="ki">ki</w>
               <S/>
               <w msd="Gp-ptm-n" lemma="biti">bodo</w>
               <S/>
               <w msd="Ggdd-mz" lemma="znižati">znižale</w>
               <S/>
               <w msd="Ppnzmi" lemma="odkupen">odkupne</w>
               <S/>
               <w msd="Sozer" lemma="cena">cene</w>
               <S/>
               <w msd="Soser" lemma="mleko">mleka</w>
               <c>,</c>
               <S/>
               <w msd="L" lemma="ne">ne</w>
               <S/>
               <w msd="Gp-ptm-n" lemma="biti">bodo</w>
               <S/>
               <w msd="Ggdd-mz" lemma="dobiti">dobile</w>
               <S/>
               <w msd="Ppnzmi" lemma="državen">državne</w>
               <S/>
               <w msd="Sozer" lemma="pomoč">pomoči</w>
               <S/>
               <c>-</c>
               <S/>
               <w msd="Sozmi" lemma="razmera">Razmere</w>
               <S/>
               <w msd="Dm" lemma="v">v</w>
               <S/>
               <w msd="Sozem" lemma="prašičereja">prašičereji</w>
               <S/>
               <w msd="Zp------k" lemma="se">se</w>
               <S/>
               <w msd="Ggnstm" lemma="umirjati">umirjajo</w>
               <S/>
               <c>-</c>
               <S/>
               <w msd="Dm" lemma="v">V</w>
               <S/>
               <w msd="Ppnzem" lemma="slovenski">slovenski</w>
               <S/>
               <w msd="Sozem" lemma="krma">krmi</w>
               <S/>
               <w msd="Dt" lemma="za">za</w>
               <S/>
               <w msd="Sommt" lemma="piščanec">piščance</w>
               <S/>
               <w msd="Gp-ste-d" lemma="biti">ni</w>
               <S/>
               <w msd="Ppnmer" lemma="kancerogen">kancerogenega</w>
               <S/>
               <w msd="Somer" lemma="dioksin">dioksina</w>
            </s>
         </p>
         <p xml:id="F0001951.001372">
            <s>
               <w msd="Vp" lemma="ali">Ali</w>
               <S/>
               <w msd="Gp-stm-n" lemma="biti">so</w>
               <S/>
               <w msd="Slmmi" lemma="Slovenec">Slovenci</w>
               <S/>
               <w msd="Dm" lemma="na">na</w>
               <S/>
               <w msd="Somem" lemma="začetek">začetku</w>
               <S/>
               <w msd="Ggnd-mm" lemma="manjkati">manjkali</w>
               <c>?</c>
               <S/>
            </s>
            <s>
               <w msd="Rsn" lemma="tako">Tako</w>
               <S/>
               <w msd="L" lemma="vsaj">vsaj</w>
               <S/>
               <w msd="Gp-ste-n" lemma="biti">je</w>
               <S/>
               <w msd="Ggnd-es" lemma="kazati">kazalo</w>
               <S/>
               <w msd="Kbvmmr" lemma="prvi">prvih</w>
               <S/>
               <w msd="Kbg-mt" lemma="šest">šest</w>
               <S/>
               <w msd="Sozmr" lemma="minuta">minut</w>
               <S/>
               <w msd="Sozer" lemma="tekma">tekme</w>
               <c>,</c>
               <S/>
               <w msd="Vd" lemma="ko">ko</w>
               <S/>
               <w msd="Kbvzei" lemma="prvi">prva</w>
               <S/>
               <w msd="Sozei" lemma="peterka">peterka</w>
               <S/>
               <c>(</c>
               <w msd="Slmei" lemma="Dragšič">Dragšič</w>
               <c>,</c>
               <S/>
               <w msd="Slmei" lemma="Zdovc">Zdovc</w>
               <c>,</c>
               <S/>
               <w msd="Somei" lemma="tovornik">Tovornik</w>
               <c>,</c>
               <S/>
               <w msd="Slmei" lemma="Jurković">Jurković</w>
               <c>,</c>
               <S/>
               <w msd="Slmei" lemma="Nesterović">Nesterović</w>
               <c>)</c>
               <S/>
               <w msd="L" lemma="sploh">sploh</w>
               <S/>
               <w msd="Gp-ste-d" lemma="biti">ni</w>
               <S/>
               <w msd="Ggdd-ez" lemma="zadeti">zadela</w>
               <S/>
               <w msd="Somer" lemma="koš">koša</w>
               <c>.</c>
               <S/>
            </s>
            <s>
               <w msd="Dm" lemma="pri">Pri</w>
               <S/>
               <w msd="Slmmm" lemma="Rus">Rusih</w>
               <S/>
               <w msd="Gp-ste-n" lemma="biti">je</w>
               <S/>
               <w msd="Rsn" lemma="odlično">odlično</w>
               <S/>
               <w msd="Ggdd-em" lemma="začeti">začel</w>
               <S/>
               <w msd="Slmei" lemma="Kudelin">Kudelin</w>
               <c>,</c>
               <S/>
               <w msd="Vd" lemma="ki">ki</w>
               <S/>
               <w msd="Gp-ste-n" lemma="biti">je</w>
               <S/>
               <w msd="Ggdd-em" lemma="doseči">dosegel</w>
               <S/>
               <w msd="Kbvzmr" lemma="prvi">prvih</w>
               <S/>
               <w msd="Kbg-mt" lemma="pet">pet</w>
               <S/>
               <w msd="Sozmr" lemma="točka">točk</w>
               <c>,</c>
               <S/>
               <w msd="L" lemma="šele">šele</w>
               <S/>
               <w msd="Dm" lemma="pri">pri</w>
               <S/>
               <w msd="Somem" lemma="zaostanek">zaostanku</w>
               <S/>
               <w msd="Kbg-mr" lemma="enajst">enajstih</w>
               <S/>
               <w msd="Sozmr" lemma="točka">točk</w>
               <S/>
               <w msd="Vp" lemma="pa">pa</w>
               <S/>
               <w msd="Gp-stm-n" lemma="biti">so</w>
               <S/>
               <w msd="Ppnmmi" lemma="slovenski">slovenski</w>
               <S/>
               <w msd="Sommi" lemma="košarkar">košarkarji</w>
               <S/>
               <c>(</c>
               <w msd="Slmei" lemma="Zdovc">Zdovc</w>
               <c>)</c>
               <S/>
               <w msd="Rsn" lemma="prvič">prvič</w>
               <S/>
               <w msd="Ggdd-mm" lemma="zadeti">zadeli</w>
               <c>.</c>
               <S/>
            </s>
            <s>
               <w msd="Vp" lemma="toda">Toda</w>
               <S/>
               <w msd="Zk-sei" lemma="ta">to</w>
               <S/>
               <w msd="Gp-ste-d" lemma="biti">ni</w>
               <S/>
               <w msd="Gp-d-ez" lemma="biti">bila</w>
               <S/>
               <w msd="Sozei" lemma="napoved">napoved</w>
               <S/>
               <w msd="Somer" lemma="preobrat">preobrata</w>
               <c>,</c>
               <S/>
               <w msd="L" lemma="le">le</w>
               <S/>
               <w msd="Sosei" lemma="nadaljevanje">nadaljevanje</w>
               <S/>
               <w msd="Ppnzer" lemma="nedomiseln">nedomiselne</w>
               <S/>
               <w msd="Sozer" lemma="igra">igre</w>
               <S/>
               <w msd="Dm" lemma="v">v</w>
               <S/>
               <w msd="Somem" lemma="napad">napadu</w>
               <c>,</c>
               <S/>
               <w msd="Vd" lemma="kjer">kjer</w>
               <S/>
               <w msd="Gp-ste-n" lemma="biti">je</w>
               <S/>
               <w msd="Gp-d-es" lemma="biti">bilo</w>
               <S/>
               <w msd="Rsn" lemma="premalo">premalo</w>
               <S/>
               <w msd="Soser" lemma="gibanje">gibanja</w>
               <c>,</c>
               <S/>
               <w msd="Vp" lemma="in">in</w>
               <S/>
               <w msd="Sosei" lemma="pomanjkanje">pomanjkanje</w>
               <S/>
               <w msd="Sommr" lemma="skok">skokov</w>
               <S/>
               <w msd="Do" lemma="pod">pod</w>
               <S/>
               <w msd="Somdo" lemma="obroč">obročema</w>
               <c>.</c>
            </s>
         </p>
         <p xml:id="F0001951.001508">
            <s>
               <w msd="Dr" lemma="od">Od</w>
               <S/>
               <w msd="Somei" lemma="Č">Č</w>
               <S/>
               <w msd="Dr" lemma="do">do</w>
               <S/>
               <w msd="Somei" lemma="F">F</w>
               <c>:</c>
            </s>
         </p>
         <p xml:id="F0001951.001650">
            <s>
               <w msd="Dm" lemma="v">V</w>
               <S/>
               <w msd="Ppnmmm" lemma="prihodnji">prihodnjih</w>
               <S/>
               <w msd="Sommm" lemma="dan">dneh</w>
               <c>:</c>
               <S/>
               <w msd="Dt" lemma="v">V</w>
               <S/>
               <w msd="Sozet" lemma="sreda">sredo</w>
               <S/>
               <w msd="Gp-pte-n" lemma="biti">bo</w>
               <S/>
               <w msd="Rsn" lemma="pretežno">pretežno</w>
               <S/>
               <w msd="Rsn" lemma="jasno">jasno</w>
               <c>,</c>
               <S/>
               <w msd="Rsn" lemma="zjutraj">zjutraj</w>
               <S/>
               <w msd="Gp-pte-n" lemma="biti">bo</w>
               <S/>
               <w msd="Rsn" lemma="precej">precej</w>
               <S/>
               <w msd="Rsn" lemma="hladno">hladno</w>
               <c>.</c>
               <S/>
            </s>
            <s>
               <w msd="Dt" lemma="v">V</w>
               <S/>
               <w msd="Sometn" lemma="četrtek">četrtek</w>
               <S/>
               <w msd="Gp-pte-n" lemma="biti">bo</w>
               <S/>
               <w msd="Rsn" lemma="delno">delno</w>
               <S/>
               <w msd="Ppnsei" lemma="jasen">jasno</w>
               <S/>
               <w msd="Vp" lemma="in">in</w>
               <S/>
               <w msd="Ppnsei" lemma="suh">suho</w>
               <S/>
               <w msd="Sosei" lemma="vreme">vreme</w>
               <c>.</c>
            </s>
         </p>
      </body>
   </text>
</TEI>