<?xml version="1.0" encoding="UTF-8"?>
<TEI xmlns="http://www.tei-c.org/ns/1.0" xml:id="F0001074" xml:lang="sl">
   <teiHeader>
      <fileDesc>
         <titleStmt>
            <title>ccKRES: Državni zbor Republike Slovenije. ZPSto. (1997)</title>
            <funder>Operacijo delno financira Evropska unija iz Evropskega socialnega sklada ter Ministrstvo za šolstvo in šport. Operacija se izvaja v okviru Operativnega programa razvoja človeških virov za obdobje 2007-2013, razvojne prioritete: razvoj človeških virov in vseživljenjskega učenja; prednostne usmeritve: izboljšanje kakovosti in učinkovitosti sistemov izobraževanja in usposabljanja 2007-2013.</funder>
         </titleStmt>
         <editionStmt>
            <edition>1.0</edition>
         </editionStmt>
         <extent>487 besed</extent>
         <publicationStmt>
            <idno>A0050926</idno>
            <availability status="free">
               <p xml:lang="sl">Avtorske pravice za to izdajo ureja licenca <ref target="http://creativecommons.org/licenses/by-nc/2.5/si/">Creative Commons Priznanje avtorstva-Nekomercialno 2.5 Slovenija</ref>.</p>
               <p xml:lang="en">This work is licenced under the <ref target="http://creativecommons.org/licenses/by-nc/2.5/si/deed.en">Creative Commons Attribution-Noncommercial 2.5 Slovenia</ref>.</p>
            </availability>
            <date>2012-05-06</date>
         </publicationStmt>
         <sourceDesc>
            <bibl>
               <pubPlace>Ljubljana</pubPlace>
               <title>ZPSto</title>
               <author>Državni zbor Republike Slovenije</author>
               <date>1997</date>
               <publisher n="Državni zbor Republike Slovenije">Državni zbor Republike Slovenije</publisher>
               <note type="sourceLang"/>
            </bibl>
         </sourceDesc>
      </fileDesc>
      <encodingDesc>
         <projectDesc>
            <p xml:lang="sl">Glej <ref target="http://www.korpus-kres.net/">www.korpus-kres.net</ref> oz. <ref target="http://nl.ijs.si/ssj/">nl.ijs.si/ssj</ref>.</p>
            <p xml:lang="en">See <ref target="http://www.korpus-kres.net/">www.korpus-kres.net</ref> or <ref target="http://nl.ijs.si/ssj/">nl.ijs.si/ssj</ref>.</p>
         </projectDesc>
         <samplingDecl>
            <p xml:lang="sl">
            Besedila in odstavki v korpusu KRES so bili vzorčeni iz
            Gigafide tako, da smo dobili 100-milijonski referenčni
            korpus, v katerem so besedila uravnotežena po vnaprej
            določenih taksonomskih deležih in po podatkih o branosti
            vira (časopisi, revije, novičarski portali).  Korpus
            ccKRES nato, z namenom, da je lahko dostopen po licenci CC,
            vsebuje 10 % naključno vzorčenih odstavkov besedil iz
            korpusa KRES, torej 10 milijonov besed.
	    Več o sestavi korpusa lahko preberete na 
            <ref target="http://www.korpus-kres.net/">www.korpus-kres.net</ref> oz.
            <ref target="http://nl.ijs.si/ssj/">nl.ijs.si/ssj</ref>.
	  </p>
            <p xml:lang="en">
            Texts and paragraphs in the KRES corpus have been sampled from the 
	    Gigafida corpus. The result of the sampling is a 100-million-word 
	    reference corpus. The texts in KRES are balanced according to the 
	    predetermined categories, with particular consideration being paid to 
	    the data on the popularity of the source (newspapers, magazines, 
	    Internet news sites). 
	    To enable free (CC) distribution of the corpus, the ccKRES corpus contains 
	    10% of randomly sampled paragraphs from KRES, i.e. contains 10 million words.
	    For more information about the contents of the corpus, 
	    see <ref target="http://www.korpus-kres.net/">www.korpus-kres.net</ref>
	    and <ref target="http://nl.ijs.si/ssj/">nl.ijs.si/ssj</ref>.
	  </p>
         </samplingDecl>
         <tagsDecl>
            <namespace name="http://www.tei-c.org/ns/1.0">
               <tagUsage gi="p" occurs="23"/>
               <tagUsage gi="s" occurs="25"/>
               <tagUsage gi="S" occurs="473"/>
               <tagUsage gi="w" occurs="487"/>
               <tagUsage gi="c" occurs="96"/>
            </namespace>
         </tagsDecl>
         <classDecl>
            <taxonomy xml:id="SSJ">
               <category xml:id="SSJ.T">
                  <catDesc>tisk</catDesc>
                  <category xml:id="SSJ.T.K">
                     <catDesc>knjižno</catDesc>
                     <category xml:id="SSJ.T.K.L">
                        <catDesc>leposlovno</catDesc>
                     </category>
                     <category xml:id="SSJ.T.K.S">
                        <catDesc>strokovno</catDesc>
                     </category>
                  </category>
                  <category xml:id="SSJ.T.P">
                     <catDesc>periodično</catDesc>
                     <category xml:id="SSJ.T.P.C">
                        <catDesc>časopis</catDesc>
                     </category>
                     <category xml:id="SSJ.T.P.R">
                        <catDesc>revija</catDesc>
                     </category>
                  </category>
                  <category xml:id="SSJ.T.D">
                     <catDesc>drugo</catDesc>
                  </category>
               </category>
               <category xml:id="SSJ.I">
                  <catDesc>internet</catDesc>
               </category>
            </taxonomy>
         </classDecl>
      </encodingDesc>
      <profileDesc>
         <textClass>
            <catRef target="#SSJ.T.D"/>
         </textClass>
      </profileDesc>
   </teiHeader>
   <text xml:id="F0001074." xml:lang="sl">
      <body>
         <p xml:id="F0001074.000010">
            <s>
               <c>-</c>
               <S/>
               <w msd="Ppnzer" lemma="pisemski">pisemske</w>
               <S/>
               <w msd="Sozmi" lemma="pošiljka">pošiljke</w>
               <S/>
               <w msd="Gp-stm-n" lemma="biti">so</w>
               <S/>
               <w msd="Pdnsmi" lemma="standardiziran">standardizirana</w>
               <S/>
               <w msd="Vp" lemma="in">in</w>
               <S/>
               <w msd="Ppnsmi" lemma="navaden">navadna</w>
               <S/>
               <w msd="Sosmt" lemma="pismo">pisma</w>
               <c>,</c>
               <S/>
               <w msd="Pdnzmi" lemma="standardiziran">standardizirane</w>
               <S/>
               <w msd="Vp" lemma="in">in</w>
               <S/>
               <w msd="Ppnzer" lemma="navaden">navadne</w>
               <S/>
               <w msd="Sozer" lemma="dopisnica">dopisnice</w>
               <c>,</c>
               <S/>
               <w msd="Sozmi" lemma="tiskovina">tiskovine</w>
               <S/>
               <w msd="Vp" lemma="in">in</w>
               <S/>
               <w msd="Sommi" lemma="odtis">odtisi</w>
               <S/>
               <w msd="Dt" lemma="za">za</w>
               <S/>
               <w msd="Ppnmmt" lemma="slep">slepe</w>
               <c>,</c>
            </s>
         </p>
         <p xml:id="F0001074.000024">
            <s>
               <c>-</c>
               <S/>
               <w msd="Ppnmeid" lemma="mednaroden">mednarodni</w>
               <S/>
               <w msd="Sommi" lemma="kupon">kuponi</w>
               <S/>
               <w msd="Dt" lemma="za">za</w>
               <S/>
               <w msd="Sometn" lemma="odgovor">odgovor</w>
               <S/>
               <w msd="Gp-stm-n" lemma="biti">so</w>
               <S/>
               <w msd="Sozer" lemma="vrednotnica">vrednotnice</w>
               <c>,</c>
               <S/>
               <w msd="Ppnzmi" lemma="zamenljiv">zamenljive</w>
               <S/>
               <w msd="Dt" lemma="za">za</w>
               <S/>
               <w msd="Ppnzet" lemma="pošten">poštno</w>
               <S/>
               <w msd="Sozet" lemma="znamka">znamko</w>
               <S/>
               <w msd="Dm" lemma="v">v</w>
               <S/>
               <w msd="Sozem" lemma="vrednost">vrednosti</w>
               <S/>
               <w msd="Sozer" lemma="poštnina">poštnine</w>
               <S/>
               <w msd="Dt" lemma="za">za</w>
               <S/>
               <w msd="Sometn" lemma="prenos">prenos</w>
               <S/>
               <w msd="Ppnser" lemma="navaden">navadnega</w>
               <S/>
               <w msd="Ppnser" lemma="letalski">letalskega</w>
               <S/>
               <w msd="Soser" lemma="pismo">pisma</w>
               <S/>
               <w msd="Dr" lemma="do">do</w>
               <S/>
               <w msd="Sozer" lemma="masa">mase</w>
               <S/>
               <w msd="Kag" lemma="20">20</w>
               <S/>
               <w msd="Somei" lemma="g">g</w>
               <S/>
               <w msd="Dt" lemma="za">za</w>
               <S/>
               <w msd="Sozet" lemma="tujina">tujino</w>
               <c>,</c>
            </s>
         </p>
         <p xml:id="F0001074.000029">
            <s>
               <w msd="Kav" lemma="4.">4.</w>
               <S/>
               <w msd="Somei" lemma="člen">člen</w>
               <S/>
               <c>(</c>
               <w msd="Ppnzei" lemma="gospodarski">gospodarska</w>
               <S/>
               <w msd="Ppnzei" lemma="javen">javna</w>
               <S/>
               <w msd="Sozei" lemma="služba">služba</w>
               <c>)</c>
            </s>
         </p>
         <p xml:id="F0001074.000067">
            <s>
               <c>(</c>
               <w msd="Kag" lemma="1">1</w>
               <c>)</c>
               <S/>
               <w msd="Ppnsei" lemma="javen">Javno</w>
               <S/>
               <w msd="Sosei" lemma="podjetje">podjetje</w>
               <S/>
               <w msd="Ggnste" lemma="morati">mora</w>
               <S/>
               <w msd="Do" lemma="med">med</w>
               <S/>
               <w msd="Sozeo" lemma="stavka">stavko</w>
               <S/>
               <w msd="Ggdn" lemma="zagotoviti">zagotoviti</w>
               <S/>
               <w msd="Sometn" lemma="prenos">prenos</w>
               <c>:</c>
            </s>
         </p>
         <p xml:id="F0001074.000068">
            <s>
               <c>-</c>
               <S/>
               <w msd="Ppnzmr" lemma="nujen">nujnih</w>
               <S/>
               <w msd="Ppnzmr" lemma="pisemski">pisemskih</w>
               <S/>
               <w msd="Sozmr" lemma="pošiljka">pošiljk</w>
               <S/>
               <w msd="Vp" lemma="in">in</w>
               <S/>
               <w msd="Ppnmmr" lemma="nujen">nujnih</w>
               <S/>
               <w msd="Ppnsmr" lemma="telegrafski">telegrafskih</w>
               <S/>
               <w msd="Sosmr" lemma="sporočilo">sporočil</w>
               <c>,</c>
            </s>
         </p>
         <p xml:id="F0001074.000075">
            <s>
               <w msd="Ppnsei" lemma="javen">Javno</w>
               <S/>
               <w msd="Sosei" lemma="podjetje">podjetje</w>
               <S/>
               <w msd="Ggnste" lemma="opravljati">opravlja</w>
               <S/>
               <w msd="Sozmt" lemma="storitev">storitve</w>
               <S/>
               <w msd="Somer" lemma="prenos">prenosa</w>
               <S/>
               <w msd="Sommr" lemma="odtis">odtisov</w>
               <S/>
               <w msd="Dt" lemma="za">za</w>
               <S/>
               <w msd="Ppnmmt" lemma="slep">slepe</w>
               <S/>
               <w msd="Rsn" lemma="brezplačno">brezplačno</w>
               <S/>
               <w msd="Dt" lemma="na">na</w>
               <S/>
               <w msd="Sometn" lemma="način">način</w>
               <c>,</c>
               <S/>
               <w msd="Pdnmein" lemma="določen">določen</w>
               <S/>
               <w msd="Do" lemma="z">s</w>
               <S/>
               <w msd="Someo" lemma="pravilnik">pravilnikom</w>
               <S/>
               <w msd="Dm" lemma="o">o</w>
               <S/>
               <w msd="Ppnmmm" lemma="splošen">splošnih</w>
               <S/>
               <w msd="Sommm" lemma="pogoj">pogojih</w>
               <S/>
               <w msd="Dt" lemma="za">za</w>
               <S/>
               <w msd="Soset" lemma="opravljanje">opravljanje</w>
               <S/>
               <w msd="Ppnzmr" lemma="pošten">poštnih</w>
               <S/>
               <w msd="Sozmr" lemma="storitev">storitev</w>
               <c>.</c>
            </s>
         </p>
         <p xml:id="F0001074.000091">
            <s>
               <c>-</c>
               <S/>
               <w msd="Sommt" lemma="postopek">postopke</w>
               <S/>
               <w msd="Soser" lemma="reševanje">reševanja</w>
               <S/>
               <w msd="Sozmr" lemma="reklamacija">reklamacij</w>
               <S/>
               <w msd="Sommr" lemma="uporabnik">uporabnikov</w>
               <S/>
               <w msd="Ppnzmr" lemma="pošten">poštnih</w>
               <S/>
               <w msd="Sozmr" lemma="storitev">storitev</w>
               <c>,</c>
            </s>
         </p>
         <p xml:id="F0001074.000096">
            <s>
               <c>-</c>
               <S/>
               <w msd="Sozet" lemma="organizacija">organizacijo</w>
               <S/>
               <w msd="Ppnser" lemma="pošten">poštnega</w>
               <S/>
               <w msd="Soser" lemma="omrežje">omrežja</w>
               <c>,</c>
               <S/>
               <w msd="Do" lemma="z">s</w>
               <S/>
               <w msd="Zv-zeo" lemma="kateri">katero</w>
               <S/>
               <w msd="Zp------k" lemma="se">se</w>
               <S/>
               <w msd="Ggnstm" lemma="določati">določajo</w>
               <S/>
               <w msd="Sosmt" lemma="merilo">merila</w>
               <S/>
               <w msd="Dt" lemma="za">za</w>
               <S/>
               <w msd="Soset" lemma="odpiranje">odpiranje</w>
               <S/>
               <w msd="Sozmr" lemma="pošta">pošt</w>
               <S/>
               <w msd="Vp" lemma="in">in</w>
               <S/>
               <w msd="Soset" lemma="določanje">določanje</w>
               <S/>
               <w msd="Ppnmmr" lemma="pošten">poštnih</w>
               <S/>
               <w msd="Sommr" lemma="okoliš">okolišev</w>
               <S/>
               <w msd="Vp" lemma="ter">ter</w>
               <S/>
               <w msd="Sosmt" lemma="merilo">merila</w>
               <S/>
               <w msd="Dt" lemma="za">za</w>
               <S/>
               <w msd="Soset" lemma="določanje">določanje</w>
               <S/>
               <w msd="Ppnmer" lemma="deloven">delovnega</w>
               <S/>
               <w msd="Somer" lemma="čas">časa</w>
               <c>,</c>
               <S/>
               <w msd="Vd" lemma="ko">ko</w>
               <S/>
               <w msd="Ggvste" lemma="iti">gre</w>
               <S/>
               <w msd="Dt" lemma="za">za</w>
               <S/>
               <w msd="Ppnset" lemma="neposreden">neposredno</w>
               <S/>
               <w msd="Soset" lemma="delo">delo</w>
               <S/>
               <w msd="Do" lemma="z">z</w>
               <S/>
               <w msd="Sommo" lemma="uporabnik">uporabniki</w>
               <S/>
               <w msd="Ppnzmr" lemma="pošten">poštnih</w>
               <S/>
               <w msd="Sozmr" lemma="storitev">storitev</w>
               <c>.</c>
            </s>
         </p>
         <p xml:id="F0001074.000101">
            <s>
               <c>(</c>
               <w msd="Kag" lemma="2">2</w>
               <c>)</c>
               <S/>
               <w msd="Dr" lemma="od">Od</w>
               <S/>
               <w msd="Soser" lemma="načelo">načela</w>
               <S/>
               <w msd="Soser" lemma="varovanje">varovanja</w>
               <S/>
               <w msd="Sozer" lemma="tajnost">tajnosti</w>
               <S/>
               <w msd="Ppnzmr" lemma="pošten">poštnih</w>
               <S/>
               <w msd="Sozmr" lemma="pošiljka">pošiljk</w>
               <S/>
               <w msd="Vp" lemma="in">in</w>
               <S/>
               <w msd="Ppnsmr" lemma="telegrafski">telegrafskih</w>
               <S/>
               <w msd="Sosmr" lemma="sporočilo">sporočil</w>
               <S/>
               <w msd="Zp------k" lemma="se">se</w>
               <S/>
               <w msd="Ggnste" lemma="smeti">sme</w>
               <S/>
               <w msd="Ggdn" lemma="odstopiti">odstopiti</w>
               <S/>
               <w msd="L" lemma="samo">samo</w>
               <S/>
               <w msd="Dm" lemma="na">na</w>
               <S/>
               <w msd="Sozem" lemma="podlaga">podlagi</w>
               <S/>
               <w msd="Ppnzer" lemma="soden">sodne</w>
               <S/>
               <w msd="Sozer" lemma="odločba">odločbe</w>
               <c>.</c>
            </s>
         </p>
         <p xml:id="F0001074.000102">
            <s>
               <c>(</c>
               <w msd="Kag" lemma="3">3</w>
               <c>)</c>
               <S/>
               <w msd="Sommd" lemma="delavec">Delavcem</w>
               <S/>
               <w msd="Somer" lemma="izvajalec">izvajalca</w>
               <S/>
               <w msd="Gp-ste-n" lemma="biti">je</w>
               <S/>
               <w msd="Pdnsei" lemma="prepovedan">prepovedano</w>
               <c>:</c>
            </s>
         </p>
         <p xml:id="F0001074.000103">
            <s>
               <c>-</c>
               <S/>
               <w msd="Dt" lemma="na">na</w>
               <S/>
               <w msd="Ppnmetn" lemma="neupravičen">neupravičen</w>
               <S/>
               <w msd="Sometn" lemma="način">način</w>
               <S/>
               <w msd="Ggdn" lemma="izvedeti">izvedeti</w>
               <S/>
               <w msd="Dt" lemma="za">za</w>
               <S/>
               <w msd="Sozet" lemma="vsebina">vsebino</w>
               <S/>
               <w msd="Ppnmmr" lemma="pošten">poštnih</w>
               <S/>
               <w msd="Vp" lemma="in">in</w>
               <S/>
               <w msd="Ppnsmr" lemma="telegrafski">telegrafskih</w>
               <S/>
               <w msd="Sosmr" lemma="sporočilo">sporočil</w>
               <S/>
               <w msd="Vp" lemma="ali">ali</w>
               <S/>
               <w msd="Ggdn" lemma="zadržati">zadržati</w>
               <S/>
               <w msd="Vp" lemma="ali">ali</w>
               <S/>
               <w msd="Ggdn" lemma="prikriti">prikriti</w>
               <S/>
               <w msd="Vp" lemma="ali">ali</w>
               <S/>
               <w msd="Ppnzet" lemma="pošten">poštno</w>
               <S/>
               <w msd="Sozet" lemma="pošiljka">pošiljko</w>
               <S/>
               <w msd="Vp" lemma="ali">ali</w>
               <S/>
               <w msd="Ppnset" lemma="telegrafski">telegrafsko</w>
               <S/>
               <w msd="Soset" lemma="sporočilo">sporočilo</w>
               <S/>
               <w msd="Ggdn" lemma="izročiti">izročiti</w>
               <S/>
               <w msd="Ppnzem" lemma="neupravičen">neupravičeni</w>
               <S/>
               <w msd="Sozem" lemma="oseba">osebi</w>
               <c>;</c>
            </s>
         </p>
         <p xml:id="F0001074.000104">
            <s>
               <c>-</c>
               <S/>
               <w msd="Ggdn" lemma="sporočiti">sporočiti</w>
               <S/>
               <w msd="Ppnzmd" lemma="neupravičen">neupravičenim</w>
               <S/>
               <w msd="Sozmd" lemma="oseba">osebam</w>
               <S/>
               <w msd="Rsn" lemma="znano">znano</w>
               <S/>
               <w msd="Zotmmd--k" lemma="on">jim</w>
               <S/>
               <w msd="Sozet" lemma="vsebina">vsebino</w>
               <S/>
               <w msd="Ppnzer" lemma="pošten">poštne</w>
               <S/>
               <w msd="Sozer" lemma="pošiljka">pošiljke</w>
               <c>,</c>
               <S/>
               <w msd="Somei" lemma="čas">čas</w>
               <c>,</c>
               <S/>
               <w msd="Vd" lemma="ko">ko</w>
               <S/>
               <w msd="Gp-ste-n" lemma="biti">je</w>
               <S/>
               <w msd="Gp-d-ez" lemma="biti">bila</w>
               <S/>
               <w msd="Ppnzei" lemma="pošten">poštna</w>
               <S/>
               <w msd="Sozei" lemma="pošiljka">pošiljka</w>
               <S/>
               <w msd="Pdnzei" lemma="oddan">oddana</w>
               <S/>
               <w msd="Vp" lemma="ali">ali</w>
               <S/>
               <w msd="Gp-ste-n" lemma="biti">je</w>
               <S/>
               <w msd="Ggdd-ez" lemma="prispeti">prispela</w>
               <c>,</c>
               <S/>
               <w msd="Zv-mei" lemma="kdo">kdo</w>
               <S/>
               <w msd="Gp-ste-n" lemma="biti">je</w>
               <S/>
               <w msd="Somei" lemma="pošiljatelj">pošiljatelj</w>
               <S/>
               <w msd="Vp" lemma="oziroma">oziroma</w>
               <S/>
               <w msd="Somei" lemma="naslovnik">naslovnik</w>
               <c>,</c>
               <S/>
               <w msd="Sozet" lemma="velikost">velikost</w>
               <S/>
               <w msd="Vp" lemma="in">in</w>
               <S/>
               <w msd="Sozet" lemma="masa">maso</w>
               <S/>
               <w msd="Ppnzer" lemma="pošten">poštne</w>
               <S/>
               <w msd="Sozmi" lemma="pošiljka">pošiljke</w>
               <c>,</c>
               <S/>
               <w msd="Rsn" lemma="znano">znano</w>
               <S/>
               <w msd="Zotmmd--k" lemma="on">jim</w>
               <S/>
               <w msd="Sozet" lemma="vsebina">vsebino</w>
               <S/>
               <w msd="Pdnmer" lemma="prejet">prejetega</w>
               <S/>
               <w msd="Vp" lemma="ali">ali</w>
               <S/>
               <w msd="Pdnmer" lemma="odpravljen">odpravljenega</w>
               <S/>
               <w msd="Ppnser" lemma="telegrafski">telegrafskega</w>
               <S/>
               <w msd="Soser" lemma="sporočilo">sporočila</w>
               <c>,</c>
               <S/>
               <w msd="Dr" lemma="od">od</w>
               <S/>
               <w msd="Zv-met" lemma="kdo">koga</w>
               <S/>
               <w msd="Vp" lemma="ali">ali</w>
               <S/>
               <w msd="Rsn" lemma="kdaj">kdaj</w>
               <S/>
               <w msd="Gp-ste-n" lemma="biti">je</w>
               <S/>
               <w msd="Gp-d-es" lemma="biti">bilo</w>
               <S/>
               <w msd="Ppnsei" lemma="telegrafski">telegrafsko</w>
               <S/>
               <w msd="Sosei" lemma="sporočilo">sporočilo</w>
               <S/>
               <w msd="Pdnsei" lemma="prejet">prejeto</w>
               <S/>
               <w msd="Vp" lemma="oziroma">oziroma</w>
               <S/>
               <w msd="Zv-med" lemma="kdo">komu</w>
               <S/>
               <w msd="Vp" lemma="ali">ali</w>
               <S/>
               <w msd="Rsn" lemma="kdaj">kdaj</w>
               <S/>
               <w msd="Gp-ste-n" lemma="biti">je</w>
               <S/>
               <w msd="Gp-d-es" lemma="biti">bilo</w>
               <S/>
               <w msd="Pdnsei" lemma="dostavljen">dostavljeno</w>
               <c>;</c>
            </s>
         </p>
         <p xml:id="F0001074.000114">
            <s>
               <c>(</c>
               <w msd="Kag" lemma="2">2</w>
               <c>)</c>
               <S/>
               <w msd="Ppnzer" lemma="pošten">Poštne</w>
               <S/>
               <w msd="Sozmi" lemma="pošiljka">pošiljke</w>
               <c>,</c>
               <S/>
               <w msd="Vd" lemma="ki">ki</w>
               <S/>
               <w msd="Ggnstm" lemma="vsebovati">vsebujejo</w>
               <S/>
               <w msd="Sommt" lemma="predmet">predmete</w>
               <S/>
               <w msd="Dr" lemma="iz">iz</w>
               <S/>
               <w msd="Ppnmer" lemma="prejšnji">prejšnjega</w>
               <S/>
               <w msd="Somer" lemma="odstavek">odstavka</w>
               <c>,</c>
               <S/>
               <w msd="Zp------k" lemma="se">se</w>
               <S/>
               <w msd="Dm" lemma="v">v</w>
               <S/>
               <w msd="Zl-mem" lemma="noben">nobenem</w>
               <S/>
               <w msd="Somem" lemma="primer">primeru</w>
               <S/>
               <w msd="L" lemma="ne">ne</w>
               <S/>
               <w msd="Ggnstm" lemma="pošiljati">pošiljajo</w>
               <S/>
               <w msd="Dt" lemma="na">na</w>
               <S/>
               <w msd="Sometn" lemma="cilj">cilj</w>
               <c>,</c>
               <S/>
               <w msd="L" lemma="niti">niti</w>
               <S/>
               <w msd="Zp------k" lemma="se">se</w>
               <S/>
               <w msd="L" lemma="ne">ne</w>
               <S/>
               <w msd="Ggnstm" lemma="vročati">vročajo</w>
               <S/>
               <w msd="Sommd" lemma="naslovnik">naslovnikom</w>
               <c>,</c>
               <S/>
               <w msd="Vp" lemma="niti">niti</w>
               <S/>
               <w msd="Zp------k" lemma="se">se</w>
               <S/>
               <w msd="L" lemma="ne">ne</w>
               <S/>
               <w msd="Ggnstm" lemma="vračati">vračajo</w>
               <S/>
               <w msd="Dt" lemma="v">v</w>
               <S/>
               <w msd="Ppnmetd" lemma="odhoden">odhodni</w>
               <S/>
               <w msd="Sometn" lemma="kraj">kraj</w>
               <c>.</c>
               <S/>
            </s>
            <s>
               <w msd="Vd" lemma="če">Če</w>
               <S/>
               <w msd="Zp------k" lemma="se">se</w>
               <S/>
               <w msd="Rsn" lemma="utemeljeno">utemeljeno</w>
               <S/>
               <w msd="Ggnste" lemma="sumiti">sumi</w>
               <c>,</c>
               <S/>
               <w msd="Vd" lemma="da">da</w>
               <S/>
               <w msd="Ggnste" lemma="vsebovati">vsebuje</w>
               <S/>
               <w msd="Ppnzei" lemma="pošten">poštna</w>
               <S/>
               <w msd="Sozei" lemma="pošiljka">pošiljka</w>
               <S/>
               <w msd="Pdnmmt" lemma="naveden">navedene</w>
               <S/>
               <w msd="Sommt" lemma="predmet">predmete</w>
               <c>,</c>
               <S/>
               <w msd="Ggnste" lemma="morati">mora</w>
               <S/>
               <w msd="Somei" lemma="izvajalec">izvajalec</w>
               <S/>
               <w msd="Rsn" lemma="komisijsko">komisijsko</w>
               <S/>
               <w msd="Ggdn" lemma="pregledati">pregledati</w>
               <S/>
               <w msd="Sozet" lemma="vsebina">vsebino</w>
               <S/>
               <w msd="Ppnzer" lemma="pošten">poštne</w>
               <S/>
               <w msd="Sozer" lemma="pošiljka">pošiljke</w>
               <S/>
               <w msd="Vp" lemma="in">in</w>
               <S/>
               <w msd="Do" lemma="z">z</w>
               <S/>
               <w msd="Zotzeo" lemma="on">njo</w>
               <S/>
               <w msd="Ggnn" lemma="ravnati">ravnati</w>
               <S/>
               <w msd="Dm" lemma="v">v</w>
               <S/>
               <w msd="Somem" lemma="sklad">skladu</w>
               <S/>
               <w msd="Do" lemma="z">s</w>
               <S/>
               <w msd="Someo" lemma="pravilnik">pravilnikom</w>
               <S/>
               <w msd="Dm" lemma="o">o</w>
               <S/>
               <w msd="Ppnmmm" lemma="splošen">splošnih</w>
               <S/>
               <w msd="Sommm" lemma="pogoj">pogojih</w>
               <S/>
               <w msd="Dt" lemma="za">za</w>
               <S/>
               <w msd="Soset" lemma="opravljanje">opravljanje</w>
               <S/>
               <w msd="Ppnzmr" lemma="pošten">poštnih</w>
               <S/>
               <w msd="Sozmr" lemma="storitev">storitev</w>
               <c>.</c>
            </s>
         </p>
         <p xml:id="F0001074.000135">
            <s>
               <c>(</c>
               <w msd="Kag" lemma="2">2</w>
               <c>)</c>
               <S/>
               <w msd="L" lemma="ne">Ne</w>
               <S/>
               <w msd="Rsn" lemma="glede">glede</w>
               <S/>
               <w msd="Dt" lemma="na">na</w>
               <S/>
               <w msd="Ppnmetd" lemma="prejšnji">prejšnji</w>
               <S/>
               <w msd="Sometn" lemma="odstavek">odstavek</w>
               <S/>
               <w msd="Zp------k" lemma="se">se</w>
               <S/>
               <w msd="Ggnstm" lemma="smeti">smejo</w>
               <c>:</c>
            </s>
         </p>
         <p xml:id="F0001074.000143">
            <s>
               <c>(</c>
               <w msd="Kag" lemma="2">2</w>
               <c>)</c>
               <S/>
               <w msd="Vd" lemma="če">Če</w>
               <S/>
               <w msd="Soser" lemma="pisanje">pisanja</w>
               <S/>
               <w msd="Gp-ste-d" lemma="biti">ni</w>
               <S/>
               <w msd="Ppnsei" lemma="mogoč">mogoče</w>
               <S/>
               <w msd="Ggdn" lemma="vročiti">vročiti</w>
               <S/>
               <w msd="Sozmd" lemma="oseba">osebam</w>
               <S/>
               <w msd="Dr" lemma="iz">iz</w>
               <S/>
               <w msd="Ppnmer" lemma="prejšnji">prejšnjega</w>
               <S/>
               <w msd="Somer" lemma="odstavek">odstavka</w>
               <c>,</c>
               <S/>
               <w msd="Zp------k" lemma="se">se</w>
               <S/>
               <w msd="Somed" lemma="naslovnik">naslovniku</w>
               <S/>
               <w msd="Ggdste" lemma="pustiti">pusti</w>
               <S/>
               <w msd="Soset" lemma="sporočilo">sporočilo</w>
               <S/>
               <w msd="Dm" lemma="o">o</w>
               <S/>
               <w msd="Pdnzem" lemma="prispel">prispeli</w>
               <S/>
               <w msd="Sozem" lemma="pošiljka">pošiljki</w>
               <S/>
               <w msd="Do" lemma="z">z</w>
               <S/>
               <w msd="Soseo" lemma="obvestilo">obvestilom</w>
               <c>,</c>
               <S/>
               <w msd="Dm" lemma="v">v</w>
               <S/>
               <w msd="Zv-zem" lemma="kateri">kateri</w>
               <S/>
               <w msd="Sozem" lemma="enota">enoti</w>
               <S/>
               <w msd="Somer" lemma="izvajalec">izvajalca</w>
               <S/>
               <w msd="Vp" lemma="in">in</w>
               <S/>
               <w msd="Dm" lemma="v">v</w>
               <S/>
               <w msd="Zv-sem" lemma="kateri">katerem</w>
               <S/>
               <w msd="Somem" lemma="rok">roku</w>
               <S/>
               <w msd="Rsn" lemma="lahko">lahko</w>
               <S/>
               <w msd="Ggdste" lemma="prevzeti">prevzame</w>
               <S/>
               <w msd="Soset" lemma="pisanje">pisanje</w>
               <c>.</c>
               <S/>
            </s>
            <s>
               <w msd="Sosei" lemma="pisanje">Pisanje</w>
               <c>,</c>
               <S/>
               <w msd="Vd" lemma="ki">ki</w>
               <S/>
               <w msd="Dm" lemma="v">v</w>
               <S/>
               <w msd="Pdnmem" lemma="določen">določenem</w>
               <S/>
               <w msd="Somem" lemma="rok">roku</w>
               <S/>
               <w msd="Gp-ste-d" lemma="biti">ni</w>
               <S/>
               <w msd="Pdnsei" lemma="prevzet">prevzeto</w>
               <c>,</c>
               <S/>
               <w msd="Zp------k" lemma="se">se</w>
               <S/>
               <w msd="Ggdste" lemma="vrniti">vrne</w>
               <c>.</c>
            </s>
         </p>
         <p xml:id="F0001074.000144">
            <s>
               <c>(</c>
               <w msd="Kag" lemma="3">3</w>
               <c>)</c>
               <S/>
               <w msd="Vd" lemma="če">Če</w>
               <S/>
               <w msd="Zp------k" lemma="se">se</w>
               <S/>
               <w msd="Ggdste" lemma="ugotoviti">ugotovi</w>
               <c>,</c>
               <S/>
               <w msd="Vd" lemma="da">da</w>
               <S/>
               <w msd="Gp-ste-n" lemma="biti">je</w>
               <S/>
               <w msd="Zk-mei" lemma="tisti">tisti</w>
               <c>,</c>
               <S/>
               <w msd="Vd" lemma="ki">ki</w>
               <S/>
               <w msd="Gp-g" lemma="biti">bi</w>
               <S/>
               <w msd="Zotmed--k" lemma="on">mu</w>
               <S/>
               <w msd="Gp-d-es" lemma="biti">bilo</w>
               <S/>
               <w msd="Rsn" lemma="treba">treba</w>
               <S/>
               <w msd="Ggdn" lemma="vročiti">vročiti</w>
               <S/>
               <w msd="Soset" lemma="pisanje">pisanje</w>
               <c>,</c>
               <S/>
               <w msd="Ppnmein" lemma="odsoten">odsoten</w>
               <S/>
               <w msd="Vp" lemma="in">in</w>
               <S/>
               <w msd="Vd" lemma="da">da</w>
               <S/>
               <w msd="Zotmed--k" lemma="on">mu</w>
               <S/>
               <w msd="Dr" lemma="zaradi">zaradi</w>
               <S/>
               <w msd="Zk-ser" lemma="ta">tega</w>
               <S/>
               <w msd="Sozer" lemma="oseba">osebe</w>
               <S/>
               <w msd="Dr" lemma="iz">iz</w>
               <S/>
               <w msd="Kbvmer" lemma="prvi">prvega</w>
               <S/>
               <w msd="Somer" lemma="odstavek">odstavka</w>
               <S/>
               <w msd="Zk-mer" lemma="ta">tega</w>
               <S/>
               <w msd="Somer" lemma="člen">člena</w>
               <S/>
               <w msd="Soser" lemma="pisanje">pisanja</w>
               <S/>
               <w msd="L" lemma="ne">ne</w>
               <S/>
               <w msd="Gp-g" lemma="biti">bi</w>
               <S/>
               <w msd="Ggnd-mz" lemma="moči">mogle</w>
               <S/>
               <w msd="Rsn" lemma="pravočasno">pravočasno</w>
               <S/>
               <w msd="Ggdn" lemma="izročiti">izročiti</w>
               <c>,</c>
               <S/>
               <w msd="Zp------k" lemma="se">se</w>
               <S/>
               <w msd="Sosei" lemma="pisanje">pisanje</w>
               <S/>
               <w msd="Ggdste" lemma="vrniti">vrne</w>
               <S/>
               <w msd="Do" lemma="z">z</w>
               <S/>
               <w msd="Sozeo" lemma="navedba">navedbo</w>
               <c>,</c>
               <S/>
               <w msd="Rsn" lemma="kje">kje</w>
               <S/>
               <w msd="Gp-ste-n" lemma="biti">je</w>
               <S/>
               <w msd="Ppnmmi" lemma="odsoten">odsotni</w>
               <c>.</c>
            </s>
         </p>
         <p xml:id="F0001074.000173">
            <s>
               <c>-</c>
               <S/>
               <w msd="Rsn" lemma="navadno">navadno</w>
               <S/>
               <w msd="Ppnzet" lemma="pisemski">pisemsko</w>
               <S/>
               <w msd="Sozet" lemma="pošiljka">pošiljko</w>
               <c>,</c>
               <S/>
               <w msd="Vd" lemma="ki">ki</w>
               <S/>
               <w msd="Ggnste" lemma="vsebovati">vsebuje</w>
               <S/>
               <w msd="L" lemma="samo">samo</w>
               <S/>
               <w msd="Ppnsmt" lemma="pisen">pisna</w>
               <S/>
               <w msd="Sosmt" lemma="sporočilo">sporočila</w>
               <c>,</c>
               <S/>
               <w msd="Rsn" lemma="takoj">takoj</w>
               <S/>
               <w msd="Rsn" lemma="komisijsko">komisijsko</w>
               <S/>
               <w msd="Ggdn" lemma="uničiti">uničiti</w>
               <c>,</c>
            </s>
         </p>
         <p xml:id="F0001074.000175">
            <s>
               <c>(</c>
               <w msd="Kag" lemma="3">3</w>
               <c>)</c>
               <S/>
               <w msd="Ppnsei" lemma="pošten">Poštno</w>
               <S/>
               <w msd="Vp" lemma="in">in</w>
               <S/>
               <w msd="Ppnzet" lemma="telegrafski">telegrafsko</w>
               <S/>
               <w msd="Sozet" lemma="nakaznica">nakaznico</w>
               <c>,</c>
               <S/>
               <w msd="Dt" lemma="za">za</w>
               <S/>
               <w msd="Zv-zet" lemma="kateri">katero</w>
               <S/>
               <w msd="Zp------k" lemma="se">se</w>
               <S/>
               <w msd="Ggdste" lemma="ugotoviti">ugotovi</w>
               <c>,</c>
               <S/>
               <w msd="Vd" lemma="da">da</w>
               <S/>
               <w msd="Gp-ste-n" lemma="biti">je</w>
               <S/>
               <w msd="Gp-ste-d" lemma="biti">ni</w>
               <S/>
               <w msd="Ppnsei" lemma="mogoč">mogoče</w>
               <S/>
               <w msd="Ggvn" lemma="izplačati">izplačati</w>
               <c>,</c>
               <S/>
               <w msd="Ggnste" lemma="morati">mora</w>
               <S/>
               <w msd="Somei" lemma="izvajalec">izvajalec</w>
               <S/>
               <w msd="Ggnn" lemma="hraniti">hraniti</w>
               <S/>
               <w msd="Kbgsmt" lemma="trije">tri</w>
               <S/>
               <w msd="Sosmt" lemma="leto">leta</w>
               <S/>
               <w msd="Dr" lemma="od">od</w>
               <S/>
               <w msd="Somer" lemma="dan">dneva</w>
               <c>,</c>
               <S/>
               <w msd="Vd" lemma="ko">ko</w>
               <S/>
               <w msd="Gp-ste-n" lemma="biti">je</w>
               <S/>
               <w msd="Gp-d-ez" lemma="biti">bila</w>
               <S/>
               <w msd="Pdnzei" lemma="ugotovljen">ugotovljena</w>
               <S/>
               <w msd="Zstzeiez" lemma="njen">njena</w>
               <S/>
               <w msd="Sozei" lemma="nevročljivost">nevročljivost</w>
               <c>.</c>
            </s>
         </p>
         <p xml:id="F0001074.000180">
            <s>
               <w msd="Kav" lemma="35.">35.</w>
               <S/>
               <w msd="Somei" lemma="člen">člen</w>
               <S/>
               <c>(</c>
               <w msd="Sozei" lemma="reklamacija">reklamacija</w>
               <c>)</c>
            </s>
         </p>
         <p xml:id="F0001074.000195">
            <s>
               <c>(</c>
               <w msd="Kag" lemma="3">3</w>
               <c>)</c>
               <S/>
               <w msd="Somei" lemma="izvajalec">Izvajalec</w>
               <S/>
               <w msd="Gp-ste-n" lemma="biti">je</w>
               <S/>
               <w msd="Pdnmein" lemma="oproščen">oproščen</w>
               <S/>
               <w msd="Sozer" lemma="odgovornost">odgovornosti</w>
               <c>,</c>
               <S/>
               <w msd="Vd" lemma="če">če</w>
               <S/>
               <w msd="Ggdste" lemma="dokazati">dokaže</w>
               <c>,</c>
               <S/>
               <w msd="Vd" lemma="da">da</w>
               <S/>
               <w msd="Gp-ste-n" lemma="biti">je</w>
               <S/>
               <w msd="Dr" lemma="do">do</w>
               <S/>
               <w msd="Sommr" lemma="dogodek">dogodkov</w>
               <S/>
               <w msd="Dr" lemma="iz">iz</w>
               <S/>
               <w msd="Ppnmmr" lemma="prejšnji">prejšnjih</w>
               <S/>
               <w msd="Sommr" lemma="odstavek">odstavkov</w>
               <S/>
               <w msd="Zk-mer" lemma="ta">tega</w>
               <S/>
               <w msd="Somer" lemma="člen">člena</w>
               <S/>
               <w msd="Ggdd-es" lemma="priti">prišlo</w>
               <S/>
               <w msd="Dr" lemma="zaradi">zaradi</w>
               <S/>
               <w msd="Ppnmmr" lemma="zunanji">zunanjih</w>
               <S/>
               <w msd="Sommr" lemma="vzrok">vzrokov</w>
               <c>,</c>
               <S/>
               <w msd="Vd" lemma="ki">ki</w>
               <S/>
               <w msd="Zotmmt--k" lemma="on">jih</w>
               <S/>
               <w msd="Gp-ste-d" lemma="biti">ni</w>
               <S/>
               <w msd="Ggnd-em" lemma="moči">mogel</w>
               <S/>
               <w msd="Ggdn" lemma="predvideti">predvideti</w>
               <S/>
               <w msd="Vp" lemma="in">in</w>
               <S/>
               <w msd="Zp------k" lemma="se">se</w>
               <S/>
               <w msd="Zotmmd--k" lemma="on">jim</w>
               <S/>
               <w msd="L" lemma="tudi">tudi</w>
               <S/>
               <w msd="L" lemma="ne">ne</w>
               <S/>
               <w msd="Ggdn" lemma="izogniti">izogniti</w>
               <S/>
               <w msd="Vp" lemma="ali">ali</w>
               <S/>
               <w msd="Zotzmt--k" lemma="on">jih</w>
               <S/>
               <w msd="Ggdn" lemma="odvrniti">odvrniti</w>
               <S/>
               <w msd="Dr" lemma="zaradi">zaradi</w>
               <S/>
               <w msd="Sozer" lemma="narava">narave</w>
               <S/>
               <w msd="Sozer" lemma="pošiljka">pošiljke</w>
               <c>,</c>
               <S/>
               <w msd="Vp" lemma="ali">ali</w>
               <S/>
               <w msd="Dm" lemma="po">po</w>
               <S/>
               <w msd="Psnzem" lemma="pošiljateljev">pošiljateljevi</w>
               <S/>
               <w msd="Sozem" lemma="krivda">krivdi</w>
               <c>.</c>
            </s>
         </p>
         <p xml:id="F0001074.000209">
            <s>
               <c>(</c>
               <w msd="Kag" lemma="2">2</w>
               <c>)</c>
               <S/>
               <w msd="Dm" lemma="v">V</w>
               <S/>
               <w msd="Sommm" lemma="primer">primerih</w>
               <S/>
               <w msd="Dr" lemma="iz">iz</w>
               <S/>
               <w msd="Kbvzer" lemma="prvi">prve</w>
               <S/>
               <w msd="Vp" lemma="in">in</w>
               <S/>
               <w msd="Kbzzmt" lemma="drug">druge</w>
               <S/>
               <w msd="Sozer" lemma="točka">točke</w>
               <S/>
               <w msd="Ppnmer" lemma="prejšnji">prejšnjega</w>
               <S/>
               <w msd="Somer" lemma="odstavek">odstavka</w>
               <S/>
               <w msd="Ggnste" lemma="morati">mora</w>
               <S/>
               <w msd="Somei" lemma="izvajalec">izvajalec</w>
               <S/>
               <w msd="Dr" lemma="poleg">poleg</w>
               <S/>
               <w msd="Sozer" lemma="odškodnina">odškodnine</w>
               <S/>
               <w msd="Ggdn" lemma="vrniti">vrniti</w>
               <S/>
               <w msd="L" lemma="tudi">tudi</w>
               <S/>
               <w msd="Pdnzet" lemma="plačan">plačano</w>
               <S/>
               <w msd="Sozet" lemma="poštnina">poštnino</w>
               <S/>
               <w msd="Dt" lemma="za">za</w>
               <S/>
               <w msd="Sometn" lemma="prenos">prenos</w>
               <S/>
               <w msd="Sozer" lemma="pošiljka">pošiljke</w>
               <c>,</c>
               <S/>
               <w msd="Dr" lemma="razen">razen</w>
               <S/>
               <w msd="Soser" lemma="delo">dela</w>
               <S/>
               <w msd="Sozer" lemma="poštnina">poštnine</w>
               <c>,</c>
               <S/>
               <w msd="Vd" lemma="ki">ki</w>
               <S/>
               <w msd="Gp-ste-n" lemma="biti">je</w>
               <S/>
               <w msd="Gp-d-ez" lemma="biti">bila</w>
               <S/>
               <w msd="Pdnzei" lemma="plačan">plačana</w>
               <S/>
               <w msd="Dt" lemma="za">za</w>
               <S/>
               <w msd="Soset" lemma="zavarovanje">zavarovanje</w>
               <S/>
               <w msd="Sozer" lemma="pošiljka">pošiljke</w>
               <c>.</c>
            </s>
         </p>
         <p xml:id="F0001074.000234">
            <s>
               <w msd="Kav" lemma="44.">44.</w>
               <S/>
               <w msd="Somei" lemma="člen">člen</w>
               <S/>
               <c>(</c>
               <w msd="Ppnzei" lemma="izključen">izključna</w>
               <S/>
               <w msd="Sozei" lemma="pravica">pravica</w>
               <S/>
               <w msd="Dr" lemma="do">do</w>
               <S/>
               <w msd="Soser" lemma="izdajanje">izdajanja</w>
               <S/>
               <w msd="Ppnzmr" lemma="pošten">poštnih</w>
               <S/>
               <w msd="Sozmr" lemma="znamka">znamk</w>
               <c>)</c>
            </s>
         </p>
         <p xml:id="F0001074.000241">
            <s>
               <c>-</c>
               <S/>
               <w msd="Ggnste" lemma="izvažati">izvaža</w>
               <S/>
               <w msd="Ppnzer" lemma="pošten">poštne</w>
               <S/>
               <w msd="Sozer" lemma="znamka">znamke</w>
               <c>.</c>
            </s>
         </p>
      </body>
   </text>
</TEI>