<?xml version="1.0" encoding="UTF-8"?>
<TEI xmlns="http://www.tei-c.org/ns/1.0" xml:id="F0001727" xml:lang="sl">
   <teiHeader>
      <fileDesc>
         <titleStmt>
            <title>ccKRES: Joker (2006-08-01)</title>
            <funder>Operacijo delno financira Evropska unija iz Evropskega socialnega sklada ter Ministrstvo za šolstvo in šport. Operacija se izvaja v okviru Operativnega programa razvoja človeških virov za obdobje 2007-2013, razvojne prioritete: razvoj človeških virov in vseživljenjskega učenja; prednostne usmeritve: izboljšanje kakovosti in učinkovitosti sistemov izobraževanja in usposabljanja 2007-2013.</funder>
         </titleStmt>
         <editionStmt>
            <edition>1.0</edition>
         </editionStmt>
         <extent>962 besed</extent>
         <publicationStmt>
            <idno>A0000455</idno>
            <availability status="free">
               <p xml:lang="sl">Avtorske pravice za to izdajo ureja licenca <ref target="http://creativecommons.org/licenses/by-nc/2.5/si/">Creative Commons Priznanje avtorstva-Nekomercialno 2.5 Slovenija</ref>.</p>
               <p xml:lang="en">This work is licenced under the <ref target="http://creativecommons.org/licenses/by-nc/2.5/si/deed.en">Creative Commons Attribution-Noncommercial 2.5 Slovenia</ref>.</p>
            </availability>
            <date>2012-05-06</date>
         </publicationStmt>
         <sourceDesc>
            <bibl>
               <title>Joker</title>
               <author n="???">neznani novinar</author>
               <date>2006-08-01</date>
               <publisher n="drugo">Alpress</publisher>
               <note type="sourceLang">sl</note>
            </bibl>
         </sourceDesc>
      </fileDesc>
      <encodingDesc>
         <projectDesc>
            <p xml:lang="sl">Glej <ref target="http://www.korpus-kres.net/">www.korpus-kres.net</ref> oz. <ref target="http://nl.ijs.si/ssj/">nl.ijs.si/ssj</ref>.</p>
            <p xml:lang="en">See <ref target="http://www.korpus-kres.net/">www.korpus-kres.net</ref> or <ref target="http://nl.ijs.si/ssj/">nl.ijs.si/ssj</ref>.</p>
         </projectDesc>
         <samplingDecl>
            <p xml:lang="sl">
            Besedila in odstavki v korpusu KRES so bili vzorčeni iz
            Gigafide tako, da smo dobili 100-milijonski referenčni
            korpus, v katerem so besedila uravnotežena po vnaprej
            določenih taksonomskih deležih in po podatkih o branosti
            vira (časopisi, revije, novičarski portali).  Korpus
            ccKRES nato, z namenom, da je lahko dostopen po licenci CC,
            vsebuje 10 % naključno vzorčenih odstavkov besedil iz
            korpusa KRES, torej 10 milijonov besed.
	    Več o sestavi korpusa lahko preberete na 
            <ref target="http://www.korpus-kres.net/">www.korpus-kres.net</ref> oz.
            <ref target="http://nl.ijs.si/ssj/">nl.ijs.si/ssj</ref>.
	  </p>
            <p xml:lang="en">
            Texts and paragraphs in the KRES corpus have been sampled from the 
	    Gigafida corpus. The result of the sampling is a 100-million-word 
	    reference corpus. The texts in KRES are balanced according to the 
	    predetermined categories, with particular consideration being paid to 
	    the data on the popularity of the source (newspapers, magazines, 
	    Internet news sites). 
	    To enable free (CC) distribution of the corpus, the ccKRES corpus contains 
	    10% of randomly sampled paragraphs from KRES, i.e. contains 10 million words.
	    For more information about the contents of the corpus, 
	    see <ref target="http://www.korpus-kres.net/">www.korpus-kres.net</ref>
	    and <ref target="http://nl.ijs.si/ssj/">nl.ijs.si/ssj</ref>.
	  </p>
         </samplingDecl>
         <tagsDecl>
            <namespace name="http://www.tei-c.org/ns/1.0">
               <tagUsage gi="c" occurs="195"/>
               <tagUsage gi="p" occurs="51"/>
               <tagUsage gi="s" occurs="83"/>
               <tagUsage gi="S" occurs="915"/>
               <tagUsage gi="w" occurs="962"/>
            </namespace>
         </tagsDecl>
         <classDecl>
            <taxonomy xml:id="SSJ">
               <category xml:id="SSJ.T">
                  <catDesc>tisk</catDesc>
                  <category xml:id="SSJ.T.K">
                     <catDesc>knjižno</catDesc>
                     <category xml:id="SSJ.T.K.L">
                        <catDesc>leposlovno</catDesc>
                     </category>
                     <category xml:id="SSJ.T.K.S">
                        <catDesc>strokovno</catDesc>
                     </category>
                  </category>
                  <category xml:id="SSJ.T.P">
                     <catDesc>periodično</catDesc>
                     <category xml:id="SSJ.T.P.C">
                        <catDesc>časopis</catDesc>
                     </category>
                     <category xml:id="SSJ.T.P.R">
                        <catDesc>revija</catDesc>
                     </category>
                  </category>
                  <category xml:id="SSJ.T.D">
                     <catDesc>drugo</catDesc>
                  </category>
               </category>
               <category xml:id="SSJ.I">
                  <catDesc>internet</catDesc>
               </category>
            </taxonomy>
         </classDecl>
      </encodingDesc>
      <profileDesc>
         <textClass>
            <catRef target="#SSJ.T.P.R"/>
         </textClass>
      </profileDesc>
   </teiHeader>
   <text xml:id="F0001727." xml:lang="sl">
      <body>
         <p xml:id="F0001727.000022">
            <s>
               <w msd="Sosei" lemma="igrovje">IGROVJE</w>
            </s>
         </p>
         <p xml:id="F0001727.000029">
            <s>
               <w msd="Sozer" lemma="stran">strani</w>
               <S/>
               <c>[</c>
               <w msd="Kag" lemma="3">3</w>
               <c>]</c>
               <c>:</c>
               <S/>
               <w msd="Kag" lemma="1">1</w>
               <S/>
               <w msd="Kag" lemma="2">2</w>
               <S/>
               <w msd="Kag" lemma="3">3</w>
            </s>
         </p>
         <p xml:id="F0001727.000165">
            <s>
               <w msd="Sozei" lemma="naročilnica">naročilnica</w>
            </s>
         </p>
         <p xml:id="F0001727.000328">
            <s>
               <w msd="Slmei" lemma="multinovela">multinovela</w>
            </s>
         </p>
         <p xml:id="F0001727.000335">
            <s>
               <w msd="Rsn" lemma="domov">domov</w>
               <S/>
               <c>"</c>
               <S/>
               <w msd="Sosei" lemma="igrovje">igrovje</w>
               <S/>
               <c>"</c>
               <S/>
               <w msd="Slmei" lemma="playstation">playstation</w>
               <S/>
               <w msd="Kag" lemma="2">2</w>
               <S/>
               <c>"</c>
               <S/>
               <w msd="Slmei" lemma="Enthusia">Enthusia</w>
            </s>
         </p>
         <p xml:id="F0001727.000361">
            <s>
               <w msd="Sozei" lemma="knjižnica">KNJIŽNICA</w>
            </s>
         </p>
         <p xml:id="F0001727.000444">
            <s>
               <w msd="Slmei" lemma="kazaljko">kazaljko</w>
               <S/>
               <w msd="Sozmr" lemma="vsebina">vsebin</w>
               <c>-</c>
               <c>-</c>
               <c>&gt;</c>
            </s>
         </p>
         <p xml:id="F0001727.000656">
            <s>
               <w msd="Ppnzer" lemma="prejšnji">prejšnje</w>
               <S/>
               <w msd="Sozer" lemma="številka">številke</w>
            </s>
         </p>
         <p xml:id="F0001727.000709">
            <s>
               <w msd="Somei" lemma="kontakt">kontakt</w>
            </s>
         </p>
         <p xml:id="F0001727.000733">
            <s>
               <w msd="Pdnzei" lemma="tekoč">tekoča</w>
               <S/>
               <w msd="Sozei" lemma="številka">številka</w>
            </s>
         </p>
         <p xml:id="F0001727.000743">
            <s>
               <w msd="Slmei" lemma="kazaljko">kazaljko</w>
               <S/>
               <w msd="Sozmr" lemma="vsebina">vsebin</w>
               <c>-</c>
               <c>-</c>
               <c>&gt;</c>
            </s>
         </p>
         <p xml:id="F0001727.000961">
            <s>
               <w msd="Vp" lemma="a">A</w>
               <S/>
               <w msd="Vd" lemma="če">če</w>
               <S/>
               <w msd="Gp-stm-n" lemma="biti">so</w>
               <S/>
               <w msd="Rsn" lemma="lepo">lepo</w>
               <S/>
               <w msd="Pdnmmi" lemma="izdelan">izdelani</w>
               <S/>
               <w msd="Sommi" lemma="lik">liki</w>
               <c>,</c>
               <S/>
               <w msd="Ppnzmt" lemma="pristen">pristne</w>
               <S/>
               <w msd="Sozmt" lemma="poteza">poteze</w>
               <S/>
               <w msd="Vp" lemma="in">in</w>
               <S/>
               <w msd="Ppnzei" lemma="visok">visoka</w>
               <S/>
               <w msd="Sozei" lemma="dinamika">dinamika</w>
               <S/>
               <w msd="Sozer" lemma="simpla">simpl</w>
               <S/>
               <w msd="Sommr" lemma="dvoboj">dvobojev</w>
               <S/>
               <w msd="L" lemma="vsaj">vsaj</w>
               <S/>
               <w msd="Sozei" lemma="paša">paša</w>
               <S/>
               <w msd="Dt" lemma="za">za</w>
               <S/>
               <w msd="Sommt" lemma="čut">čute</w>
               <S/>
               <w msd="Sommr" lemma="ljubitelj">ljubiteljev</w>
               <S/>
               <w msd="Ppnmmr" lemma="ameriški">ameriških</w>
               <S/>
               <w msd="Sommr" lemma="nadmož">nadmož</w>
               <c>,</c>
               <S/>
               <w msd="Zz-sei" lemma="kar">kar</w>
               <S/>
               <w msd="Gp-g" lemma="biti">bi</w>
               <S/>
               <w msd="Ggnd-es" lemma="znati">znalo</w>
               <S/>
               <w msd="Dt" lemma="v">v</w>
               <S/>
               <w msd="Rsn" lemma="tepežkarsko">tepežkarsko</w>
               <S/>
               <w msd="Ppnzem" lemma="nezahteven">nezahtevni</w>
               <S/>
               <w msd="Sozem" lemma="družba">družbi</w>
               <S/>
               <w msd="Vp" lemma="ali">ali</w>
               <S/>
               <w msd="Dm" lemma="po">po</w>
               <S/>
               <w msd="Somem" lemma="splet">spletu</w>
               <S/>
               <c>(</c>
               <w msd="Sozei" lemma="kocka">kocka</w>
               <S/>
               <w msd="Rsn" lemma="žal">žal</w>
               <S/>
               <w msd="L" lemma="ne">ne</w>
               <c>)</c>
               <S/>
               <w msd="Rsn" lemma="vedno">vedno</w>
               <S/>
               <w msd="Ggdn" lemma="upravičiti">upravičiti</w>
               <S/>
               <w msd="Slmei" lemma="seansico">seansico</w>
               <c>,</c>
               <S/>
               <w msd="Gp-ste-n" lemma="biti">je</w>
               <S/>
               <w msd="Ppnzei" lemma="čist">čista</w>
               <S/>
               <w msd="Sozei" lemma="morija">morija</w>
               <S/>
               <w msd="Somei" lemma="način">način</w>
               <S/>
               <w msd="Somei" lemma="story">story</w>
               <c>,</c>
               <S/>
               <w msd="Vd" lemma="ki">ki</w>
               <S/>
               <w msd="Zotmet--k" lemma="on">ga</w>
               <S/>
               <w msd="Gp-ste-n" lemma="biti">je</w>
               <S/>
               <w msd="Rsn" lemma="nujno">nujno</w>
               <S/>
               <w msd="Ggdn" lemma="dokončati">dokončati</w>
               <c>,</c>
               <S/>
               <w msd="Vd" lemma="da">da</w>
               <S/>
               <w msd="Ggdspm" lemma="odkleniti">odklenemo</w>
               <S/>
               <w msd="Pdnmmr" lemma="ostal">ostalih</w>
               <S/>
               <w msd="Kbg-mt" lemma="dvanajst">dvanajst</w>
               <S/>
               <w msd="Sommr" lemma="čudak">čudakov</w>
               <c>.</c>
               <S/>
            </s>
            <s>
               <w msd="Rsn" lemma="tu">Tu</w>
               <S/>
               <w msd="Ggnste" lemma="igrati">igra</w>
               <S/>
               <w msd="Ggdste" lemma="prestopiti">prestopi</w>
               <S/>
               <w msd="Dt" lemma="v">v</w>
               <S/>
               <w msd="Sometn" lemma="sistem">sistem</w>
               <S/>
               <w msd="Ggnste" lemma="hoditi">hodi</w>
               <c>-</c>
               <w msd="Rsn" lemma="okoli">okoli</w>
               <c>-</c>
               <w msd="Vp" lemma="in">in</w>
               <c>-</c>
               <w msd="Ggnn" lemma="tolči">tolči</w>
               <c>-</c>
               <w msd="Sozer" lemma="truma">trume</w>
               <c>-</c>
               <w msd="Ppnmmi" lemma="nebodijihtreba">nebodijihtreba</w>
               <c>,</c>
               <S/>
               <w msd="Vd" lemma="kjer">kjer</w>
               <S/>
               <w msd="Dm" lemma="po">po</w>
               <S/>
               <w msd="Ppnmmm" lemma="monoton">monotonih</w>
               <c>,</c>
               <S/>
               <w msd="Pdnmmm" lemma="ponavljajoč">ponavljajočih</w>
               <S/>
               <w msd="Zp------k" lemma="se">se</w>
               <S/>
               <w msd="Sommm" lemma="nivo">nivojih</w>
               <S/>
               <w msd="Rsn" lemma="rutinsko">rutinsko</w>
               <S/>
               <w msd="Ggnspm" lemma="odstranjevati">odstranjujemo</w>
               <S/>
               <w msd="Ppnzmt" lemma="grd">grde</w>
               <c>,</c>
               <S/>
               <w msd="Ppnzmi" lemma="brezoseben">brezosebne</w>
               <S/>
               <w msd="Vp" lemma="in">in</w>
               <S/>
               <w msd="Ppnmmt" lemma="nemožganski">nemožganske</w>
               <S/>
               <w msd="Sommt" lemma="pajac">pajace</w>
               <c>,</c>
               <S/>
               <w msd="Vd" lemma="ki">ki</w>
               <S/>
               <w msd="Zop-mt" lemma="jaz">nas</w>
               <S/>
               <w msd="Ggnstm" lemma="ubijati">ubijajo</w>
               <S/>
               <w msd="L" lemma="le">le</w>
               <S/>
               <w msd="Dm" lemma="po">po</w>
               <S/>
               <w msd="Sozem" lemma="zasluga">zaslugi</w>
               <S/>
               <w msd="Sozer" lemma="neprilagojenost">neprilagojenosti</w>
               <S/>
               <w msd="Somer" lemma="nadzor">nadzora</w>
               <S/>
               <w msd="Vp" lemma="ter">ter</w>
               <S/>
               <w msd="Sozmt" lemma="kamera">kamere</w>
               <S/>
               <w msd="Dt" lemma="na">na</w>
               <S/>
               <w msd="Ppnset" lemma="grupen">grupno</w>
               <S/>
               <w msd="Soset" lemma="mlatenje">mlatenje</w>
               <c>.</c>
               <S/>
            </s>
            <s>
               <w msd="Ppnmmi" lemma="šefovski">Šefovski</w>
               <S/>
               <w msd="Sommi" lemma="spopad">spopadi</w>
               <S/>
               <w msd="Kbzmei" lemma="eden">eden</w>
               <S/>
               <w msd="Dt" lemma="na">na</w>
               <S/>
               <w msd="Kbzmet" lemma="en">enega</w>
               <c>,</c>
               <S/>
               <w msd="Sosei" lemma="izbiranje">izbiranje</w>
               <S/>
               <w msd="Ppnmer" lemma="vrsten">vrstnega</w>
               <S/>
               <w msd="Somer" lemma="red">reda</w>
               <S/>
               <w msd="Sozmr" lemma="misija">misij</w>
               <S/>
               <w msd="Vp" lemma="in">in</w>
               <S/>
               <w msd="Do" lemma="z">z</w>
               <S/>
               <w msd="Rsn" lemma="nekaj">nekaj</w>
               <S/>
               <w msd="Sommo" lemma="filmček">filmčki</w>
               <S/>
               <w msd="Vp" lemma="ter">ter</w>
               <S/>
               <w msd="Someo" lemma="govor">govorom</w>
               <S/>
               <w msd="Pdnzei" lemma="podprt">podprta</w>
               <c>,</c>
               <S/>
               <w msd="Vd" lemma="četudi">četudi</w>
               <S/>
               <w msd="Pdnzei" lemma="nametan">nametana</w>
               <S/>
               <w msd="Sozei" lemma="štorija">štorija</w>
               <S/>
               <w msd="Zp------k" lemma="se">se</w>
               <S/>
               <w msd="Rsn" lemma="resda">resda</w>
               <S/>
               <w msd="Ggnstm" lemma="truditi">trudijo</w>
               <S/>
               <w msd="Sozmi" lemma="ura">ure</w>
               <S/>
               <w msd="Pdnzet" lemma="trajajoč">trajajočo</w>
               <S/>
               <w msd="Sozet" lemma="kalvarija">kalvarijo</w>
               <S/>
               <w msd="Dm" lemma="o">o</w>
               <c>(</c>
               <w msd="Do" lemma="z">s</w>
               <c>)</c>
               <w msd="Zopmmi" lemma="jaz">mi</w>
               <c>(</c>
               <w msd="Somei" lemma="s">s</w>
               <c>)</c>
               <w msd="Ggnn" lemma="liti">liti</w>
               <c>.</c>
               <S/>
            </s>
            <s>
               <w msd="Vp" lemma="a">A</w>
               <S/>
               <w msd="Somei" lemma="podvig">podvig</w>
               <S/>
               <w msd="L" lemma="ne">ne</w>
               <S/>
               <w msd="Gp-g" lemma="biti">bi</w>
               <S/>
               <w msd="Ggdd-em" lemma="uspeti">uspel</w>
               <c>,</c>
               <S/>
               <w msd="Vd" lemma="če">če</w>
               <S/>
               <w msd="Gp-g" lemma="biti">bi</w>
               <S/>
               <w msd="Ggnd-em" lemma="pisati">pisal</w>
               <S/>
               <w msd="Vp" lemma="in">in</w>
               <S/>
               <w msd="Ggvd-em" lemma="režirati">režiral</w>
               <S/>
               <w msd="Somei" lemma="bog">Bog</w>
               <c>.</c>
               <S/>
            </s>
            <s>
               <w msd="Pdnmeid" lemma="vsiljen">Vsiljeni</w>
               <S/>
               <w msd="Ppnmeid" lemma="enoigralski">enoigralski</w>
               <S/>
               <w msd="Somei" lemma="del">del</w>
               <S/>
               <w msd="Rsn" lemma="tako">tako</w>
               <S/>
               <w msd="Ggdste" lemma="skaziti">skazi</w>
               <S/>
               <w msd="Sozet" lemma="izkušnja">izkušnjo</w>
               <S/>
               <w msd="Vp" lemma="in">in</w>
               <S/>
               <w msd="Rsn" lemma="res">res</w>
               <S/>
               <w msd="Sozei" lemma="škoda">škoda</w>
               <c>,</c>
               <S/>
               <w msd="Vd" lemma="da">da</w>
               <S/>
               <w msd="Dr" lemma="namesto">namesto</w>
               <S/>
               <w msd="Zk-ser" lemma="ta">tega</w>
               <S/>
               <w msd="Sommi" lemma="avtor">avtorji</w>
               <S/>
               <w msd="Gp-stm-d" lemma="biti">niso</w>
               <S/>
               <w msd="Ggdd-mm" lemma="izpiliti">izpilili</w>
               <S/>
               <w msd="Somer" lemma="versus">versusa</w>
               <c>,</c>
               <S/>
               <w msd="Vd" lemma="ki">ki</w>
               <S/>
               <w msd="Ggnste" lemma="skrivati">skriva</w>
               <S/>
               <w msd="Rsn" lemma="veliko">veliko</w>
               <S/>
               <w msd="Somer" lemma="potencial">potenciala</w>
               <c>.</c>
            </s>
         </p>
         <p xml:id="F0001727.001000">
            <s>
               <w msd="Sozem" lemma="stran">strani</w>
               <S/>
               <c>[</c>
               <w msd="Kag" lemma="3">3</w>
               <c>]</c>
               <c>:</c>
               <S/>
               <w msd="Kag" lemma="1">1</w>
               <S/>
               <w msd="Kag" lemma="2">2</w>
               <S/>
               <w msd="Kag" lemma="3">3</w>
            </s>
         </p>
         <p xml:id="F0001727.001229">
            <s>
               <w msd="Ggdn" lemma="sneti">Sneti</w>
               <S/>
               <w msd="Ggdste" lemma="pasti">pade</w>
               <S/>
               <w msd="Dt" lemma="v">v</w>
               <S/>
               <w msd="Soset" lemma="leglo">leglo</w>
               <S/>
               <w msd="Sommr" lemma="n00b">n00bov</w>
               <S/>
               <w msd="Vp" lemma="in">in</w>
               <S/>
               <w msd="Zp---d--k" lemma="se">si</w>
               <S/>
               <w msd="Ggdste" lemma="pognati">požene</w>
               <S/>
               <w msd="Rsn" lemma="kuglo">kuglo</w>
               <S/>
               <w msd="Dt" lemma="v">v</w>
               <S/>
               <w msd="Sozet" lemma="betica">betico</w>
               <c>.</c>
            </s>
         </p>
         <p xml:id="F0001727.001278">
            <s>
               <w msd="Pdnsei" lemma="objavljen">objavljeno</w>
               <c>:</c>
               <S/>
               <w msd="Somei" lemma="joker">Joker</w>
               <S/>
               <w msd="Kag" lemma="149">149</w>
            </s>
         </p>
         <p xml:id="F0001727.001349">
            <s>
               <w msd="N" lemma="the">The</w>
               <S/>
               <w msd="N" lemma="warriors">Warriors</w>
            </s>
         </p>
         <p xml:id="F0001727.001366">
            <s>
               <w msd="Slmei" lemma="playstation">playstation</w>
               <S/>
               <w msd="Kag" lemma="2">2</w>
            </s>
         </p>
         <p xml:id="F0001727.001432">
            <s>
               <w msd="Rsn" lemma="domov">domov</w>
               <S/>
               <c>"</c>
               <S/>
               <w msd="Sosei" lemma="igrovje">igrovje</w>
               <S/>
               <c>"</c>
               <S/>
               <w msd="Slmei" lemma="playstation">playstation</w>
               <S/>
               <w msd="Kag" lemma="2">2</w>
               <S/>
               <c>"</c>
               <S/>
               <w msd="Somei" lemma="R">R</w>
               <c>-</c>
               <w msd="Somei" lemma="type">Type</w>
               <S/>
               <w msd="Sosmr" lemma="finale">Final</w>
            </s>
         </p>
         <p xml:id="F0001727.001441">
            <s>
               <w msd="Somei" lemma="R">R</w>
               <c>-</c>
               <w msd="Somei" lemma="type">Type</w>
               <S/>
               <w msd="Sosmr" lemma="finale">Final</w>
            </s>
         </p>
         <p xml:id="F0001727.001608">
            <s>
               <w msd="Somei" lemma="copyright">Copyright</w>
               <S/>
               <c>©</c>
               <S/>
               <w msd="Somei" lemma="joker">Joker</w>
               <c>,</c>
               <S/>
               <w msd="Kav" lemma="2006.">2006.</w>
               <S/>
               <w msd="Zc-zmt" lemma="ves">Vse</w>
               <S/>
               <w msd="Sozmi" lemma="pravica">pravice</w>
               <S/>
               <w msd="Pdnzmi" lemma="pridržan">pridržane</w>
               <c>.</c>
            </s>
         </p>
         <p xml:id="F0001727.001744">
            <s>
               <w msd="Ppnmeid" lemma="všečen">všečni</w>
               <S/>
               <w msd="Somei" lemma="linolej">linolej</w>
            </s>
         </p>
         <p xml:id="F0001727.001750">
            <s>
               <c>(</c>
               <w msd="Sommi" lemma="palček">Palčki</w>
               <S/>
               <w msd="Ggnstm" lemma="iskati">iščejo</w>
               <S/>
               <w msd="L" lemma="le">le</w>
               <S/>
               <w msd="Kbgmmt" lemma="štirje">štiri</w>
               <c>-</c>
               <S/>
               <w msd="Vp" lemma="ali">ali</w>
               <S/>
               <w msd="Ppnzer" lemma="veččrkoven">veččrkovne</w>
               <S/>
               <w msd="Sozer" lemma="zasnova">zasnove</w>
               <c>.</c>
               <c>)</c>
            </s>
         </p>
         <p xml:id="F0001727.001846">
            <s>
               <w msd="Ggnvdm" lemma="pisati">pišite</w>
               <S/>
               <w msd="Slmei" lemma="nam">nam</w>
               <S/>
               <c>|</c>
               <S/>
               <w msd="Sozei" lemma="revija">revija</w>
               <S/>
               <w msd="Somei" lemma="joker">Joker</w>
            </s>
         </p>
         <p xml:id="F0001727.001903">
            <s>
               <w msd="Somei" lemma="iskalnik">ISKALNIK</w>
               <c>:</c>
            </s>
         </p>
         <p xml:id="F0001727.001969">
            <s>
               <w msd="Sommi" lemma="plošček">ploščki</w>
            </s>
         </p>
         <p xml:id="F0001727.002000">
            <s>
               <w msd="Ppnzei" lemma="prihodnji">prihodnja</w>
               <S/>
               <w msd="Sozei" lemma="številka">številka</w>
            </s>
         </p>
         <p xml:id="F0001727.002143">
            <s>
               <w msd="Vp" lemma="a">A</w>
               <S/>
               <w msd="Dd" lemma="kljub">kljub</w>
               <S/>
               <w msd="Sosed" lemma="dejstvo">dejstvu</w>
               <c>,</c>
               <S/>
               <w msd="Vd" lemma="da">da</w>
               <S/>
               <w msd="Slzei" lemma="RS3">RS3</w>
               <S/>
               <w msd="Gp-ste-d" lemma="biti">ni</w>
               <S/>
               <w msd="Sozei" lemma="konverzija">konverzija</w>
               <S/>
               <w msd="Dr" lemma="z">z</w>
               <S/>
               <w msd="Ppnsmr" lemma="oseben">osebnih</w>
               <S/>
               <w msd="Sosmr" lemma="računalo">računal</w>
               <c>,</c>
               <S/>
               <w msd="Gp-ste-n" lemma="biti">je</w>
               <S/>
               <w msd="Sozei" lemma="sorodnost">sorodnost</w>
               <S/>
               <w msd="Do" lemma="z">s</w>
               <S/>
               <w msd="Sozeo" lemma="serija">serijo</w>
               <S/>
               <w msd="Somei" lemma="r6">R6</w>
               <S/>
               <w msd="Ppnzei" lemma="nespregledljiv">nespregledljiva</w>
               <c>.</c>
               <S/>
            </s>
            <s>
               <w msd="Dm" lemma="v">V</w>
               <S/>
               <w msd="Sosem" lemma="bistvo">bistvu</w>
               <S/>
               <w msd="Ggvste" lemma="iti">gre</w>
               <S/>
               <w msd="Dt" lemma="za">za</w>
               <S/>
               <w msd="Rsn" lemma="nanovo">nanovo</w>
               <S/>
               <w msd="Pdnsei" lemma="zastavljen">zastavljeno</w>
               <S/>
               <w msd="Vp" lemma="in">in</w>
               <S/>
               <w msd="Ppnzet" lemma="popreproščen">popreproščeno</w>
               <S/>
               <w msd="Psnzet" lemma="pecejev">pecejevo</w>
               <S/>
               <w msd="Sozet" lemma="legenda">legendo</w>
               <S/>
               <w msd="Dm" lemma="na">na</w>
               <S/>
               <w msd="Sozmm" lemma="konzola">konzolah</w>
               <c>,</c>
               <S/>
               <w msd="Vd" lemma="ki">ki</w>
               <S/>
               <w msd="Gp-stm-d" lemma="biti">niso</w>
               <S/>
               <w msd="Pdnzmi" lemma="opremljen">opremljene</w>
               <S/>
               <w msd="Do" lemma="z">s</w>
               <S/>
               <w msd="Ppnmeo" lemma="stoinvečgumben">stoinvečgumbnim</w>
               <S/>
               <w msd="Soseo" lemma="tipkalo">tipkalom</w>
               <S/>
               <w msd="Vp" lemma="in">in</w>
               <S/>
               <w msd="Someo" lemma="mišak">mišakom</w>
               <S/>
               <w msd="Vp" lemma="ter">ter</w>
               <S/>
               <c>-</c>
               <S/>
               <w msd="Rsn" lemma="relativno">relativno</w>
               <S/>
               <w msd="Rsn" lemma="gledano">gledano</w>
               <S/>
               <c>-</c>
               <S/>
               <w msd="Ggnstm" lemma="bivati">bivajo</w>
               <S/>
               <w msd="Dm" lemma="v">v</w>
               <S/>
               <w msd="Sommm" lemma="dom">domovih</w>
               <S/>
               <w msd="Rsr" lemma="več">več</w>
               <S/>
               <w msd="Pppmmr" lemma="mlad">mlajših</w>
               <S/>
               <w msd="Sommr" lemma="uporabnik">uporabnikov</w>
               <S/>
               <w msd="Vd" lemma="kot">kot</w>
               <S/>
               <w msd="Ppnmetd" lemma="peršonalen">peršonalni</w>
               <S/>
               <w msd="Somei" lemma="kompjutri">kompjutri</w>
               <c>.</c>
               <S/>
            </s>
            <s>
               <w msd="Vp" lemma="zato">Zato</w>
               <S/>
               <w msd="Gp-ste-n" lemma="biti">je</w>
               <S/>
               <w msd="Slmei" lemma="Rainbow">Rainbow</w>
               <S/>
               <w msd="Somei" lemma="six">Six</w>
               <S/>
               <w msd="Kag" lemma="3">3</w>
               <S/>
               <w msd="Somei" lemma="os">os</w>
            </s>
         </p>
         <p xml:id="F0001727.002151">
            <s>
               <w msd="Somei" lemma="založnik">založnik</w>
               <c>:</c>
               <S/>
               <w msd="Slmei" lemma="Ubisoft">Ubisoft</w>
            </s>
         </p>
         <p xml:id="F0001727.002156">
            <s>
               <w msd="Somei" lemma="copyright">Copyright</w>
               <S/>
               <c>©</c>
               <S/>
               <w msd="Somei" lemma="joker">Joker</w>
               <c>,</c>
               <S/>
               <w msd="Kav" lemma="2006.">2006.</w>
               <S/>
               <w msd="Zc-zmt" lemma="ves">Vse</w>
               <S/>
               <w msd="Sozmi" lemma="pravica">pravice</w>
               <S/>
               <w msd="Pdnzmi" lemma="pridržan">pridržane</w>
               <c>.</c>
            </s>
         </p>
         <p xml:id="F0001727.002193">
            <s>
               <w msd="Slmei" lemma="playstation">playstation</w>
               <S/>
               <w msd="Kag" lemma="2">2</w>
            </s>
         </p>
         <p xml:id="F0001727.002215">
            <s>
               <w msd="Dm" lemma="po">po</w>
               <S/>
               <w msd="Sozem" lemma="vsebina">vsebini</w>
               <S/>
               <w msd="Dm" lemma="po">po</w>
               <S/>
               <w msd="Sosem" lemma="idje">idju</w>
            </s>
         </p>
         <p xml:id="F0001727.002402">
            <s>
               <w msd="Ppnmeid" lemma="domač">Domači</w>
               <S/>
               <w msd="Somei" lemma="samuraj">samuraj</w>
            </s>
         </p>
         <p xml:id="F0001727.002593">
            <s>
               <w msd="Sommi" lemma="komentator">Komentatorji</w>
               <S/>
               <w msd="Gp-stm-n" lemma="biti">so</w>
               <S/>
               <w msd="Ppnmmi" lemma="patetičen">patetični</w>
               <c>,</c>
               <S/>
               <w msd="Dm" lemma="na">na</w>
               <S/>
               <w msd="Somem" lemma="štadion">štadionu</w>
               <S/>
               <w msd="Gp-sdm-n" lemma="biti">ste</w>
               <S/>
               <w msd="Ppnmein" lemma="razen">razen</w>
               <S/>
               <w msd="Dm" lemma="pri">pri</w>
               <S/>
               <w msd="Sommm" lemma="tek">tekih</w>
               <S/>
               <w msd="Vp" lemma="in">in</w>
               <S/>
               <w msd="Sosem" lemma="plavanje">plavanju</w>
               <S/>
               <w msd="Ppnmmi" lemma="sam">sami</w>
               <c>;</c>
               <S/>
               <w msd="Sommi" lemma="tekmec">tekmeci</w>
               <S/>
               <w msd="Gp-stm-n" lemma="biti">so</w>
               <S/>
               <w msd="Dm" lemma="v">v</w>
               <S/>
               <w msd="Pdnmmm" lemma="ostal">ostalih</w>
               <S/>
               <w msd="Sommm" lemma="primer">primerih</w>
               <S/>
               <w msd="Ppnmmi" lemma="breztelesen">breztelesni</w>
               <S/>
               <w msd="Vp" lemma="in">in</w>
               <S/>
               <w msd="Ppnmmi" lemma="prisoten">prisotni</w>
               <S/>
               <w msd="L" lemma="le">le</w>
               <S/>
               <w msd="Dm" lemma="po">po</w>
               <S/>
               <w msd="Sommm" lemma="rezultat">rezultatih</w>
               <c>,</c>
               <S/>
               <w msd="Vd" lemma="ki">ki</w>
               <S/>
               <w msd="Zp------k" lemma="se">se</w>
               <S/>
               <w msd="Ggdstm" lemma="pokazati">pokažejo</w>
               <S/>
               <w msd="Dm" lemma="po">po</w>
               <S/>
               <w msd="Zsdmemm" lemma="vaš">vašem</w>
               <S/>
               <w msd="Somem" lemma="nastop">nastopu</w>
               <c>.</c>
               <S/>
            </s>
            <s>
               <w msd="Sozmi" lemma="disciplina">Discipline</w>
               <S/>
               <w msd="Gp-stm-n" lemma="biti">so</w>
               <S/>
               <w msd="Ppnzmi" lemma="kratek">kratke</w>
               <S/>
               <w msd="Vp" lemma="in">in</w>
               <S/>
               <w msd="Ppnzmi" lemma="nepovezan">nepovezane</w>
               <c>,</c>
               <S/>
               <w msd="Rsn" lemma="dodatno">dodatno</w>
               <S/>
               <w msd="Zotmmt--k" lemma="on">jih</w>
               <S/>
               <w msd="Ggnstm" lemma="deliti">delijo</w>
               <S/>
               <w msd="Soset" lemma="včitavanje">včitavanje</w>
               <S/>
               <w msd="Vp" lemma="in">in</w>
               <S/>
               <w msd="Ppnset" lemma="stalen">stalno</w>
               <S/>
               <w msd="Soset" lemma="snemanje">snemanje</w>
               <S/>
               <w msd="Sommr" lemma="izid">izidov</w>
               <S/>
               <w msd="Dt" lemma="na">na</w>
               <S/>
               <w msd="Sozet" lemma="kartica">kartico</w>
               <c>,</c>
               <S/>
               <w msd="Rsn" lemma="zategadelj">zategadelj</w>
               <S/>
               <w msd="Gp-ste-n" lemma="biti">je</w>
               <S/>
               <w msd="Somei" lemma="občutek">občutek</w>
               <S/>
               <w msd="Ppnser" lemma="velik">velikega</w>
               <S/>
               <w msd="Soser" lemma="tekmovanje">tekmovanja</w>
               <S/>
               <w msd="Ppnmein" lemma="ničen">ničen</w>
               <c>.</c>
               <S/>
            </s>
            <s>
               <w msd="Somei" lemma="vtis">Vtis</w>
               <S/>
               <w msd="Ggdste" lemma="ostati">ostane</w>
               <S/>
               <w msd="Ppnmein" lemma="nespremenjen">nespremenjen</w>
               <S/>
               <w msd="L" lemma="ne">ne</w>
               <S/>
               <w msd="Rsn" lemma="glede">glede</w>
               <S/>
               <w msd="Dt" lemma="na">na</w>
               <S/>
               <w msd="Zk-set" lemma="ta">to</w>
               <c>,</c>
               <S/>
               <w msd="Vd" lemma="če">če</w>
               <S/>
               <w msd="Ggdsdm" lemma="izbrati">izberete</w>
               <S/>
               <w msd="Sozet" lemma="vaja">vajo</w>
               <c>,</c>
               <S/>
               <w msd="Ppnmetd" lemma="arkaden">arkadni</w>
               <S/>
               <w msd="Sometn" lemma="način">način</w>
               <S/>
               <w msd="Vp" lemma="ali">ali</w>
               <S/>
               <w msd="Sommt" lemma="združek">združke</w>
               <S/>
               <w msd="Sosmr" lemma="tekmovanje">tekmovanj</w>
               <S/>
               <c>(</c>
               <w msd="Somei" lemma="dekatlon">dekatlon</w>
               <c>,</c>
               <S/>
               <w msd="Somei" lemma="heptatlon">heptatlon</w>
               <c>,</c>
               <S/>
               <w msd="Ppnzmi" lemma="tematski">tematske</w>
               <S/>
               <w msd="Sozer" lemma="serija">serije</w>
               <S/>
               <c>-</c>
               <S/>
               <w msd="Sozei" lemma="gimastika">gimastika</w>
               <c>,</c>
               <S/>
               <w msd="Sozei" lemma="atletika">atletika</w>
               <c>,</c>
               <S/>
               <w msd="Sosei" lemma="plavanje">plavanje</w>
               <S/>
               <c>.</c>
               <c>.</c>
               <c>.</c>
               <c>,</c>
               <S/>
               <w msd="Zc-met" lemma="ves">ves</w>
               <S/>
               <w msd="Sometn" lemma="opus">opus</w>
               <c>,</c>
               <S/>
               <w msd="Somei" lemma="seznam">seznam</w>
               <S/>
               <w msd="Dm" lemma="po">po</w>
               <S/>
               <w msd="Sozem" lemma="želja">želji</w>
               <c>)</c>
               <S/>
               <w msd="Vp" lemma="oziroma">oziroma</w>
               <S/>
               <w msd="Kbzmet" lemma="en">enega</w>
               <S/>
               <w msd="Dr" lemma="od">od</w>
               <S/>
               <w msd="Ppnmmr" lemma="večigralski">večigralskih</w>
               <S/>
               <w msd="Sommr" lemma="modus">modusov</w>
               <c>,</c>
               <S/>
               <w msd="Vd" lemma="kot">kot</w>
               <S/>
               <w msd="Gp-ste-n" lemma="biti">je</w>
               <S/>
               <w msd="Zotmmi" lemma="on">oni</w>
               <c>,</c>
               <S/>
               <w msd="Pdnmein" lemma="namenjen">namenjen</w>
               <S/>
               <w msd="Somei" lemma="dance">dance</w>
               <S/>
               <w msd="Sommd" lemma="pad">padom</w>
               <c>.</c>
               <S/>
            </s>
            <s>
               <w msd="Rsn" lemma="mar">Mar</w>
               <S/>
               <w msd="Gp-g" lemma="biti">bi</w>
               <S/>
               <w msd="Slmei" lemma="Eurocom">Eurocom</w>
               <S/>
               <w msd="Ggdd-em" lemma="vdelati">vdelal</w>
               <S/>
               <w msd="Soset" lemma="tekmovanje">tekmovanje</w>
               <S/>
               <w msd="Sommr" lemma="narod">narodov</w>
               <c>!</c>
               <S/>
            </s>
            <s>
               <w msd="Rsn" lemma="mlačno">Mlačno</w>
               <c>,</c>
               <S/>
               <w msd="Rsn" lemma="mlačno">mlačno</w>
               <S/>
               <w msd="Vp" lemma="in">in</w>
               <S/>
               <w msd="L" lemma="še">še</w>
               <S/>
               <w msd="Rsn" lemma="enkrat">enkrat</w>
               <S/>
               <w msd="Rsn" lemma="mlačno">mlačno</w>
               <c>.</c>
            </s>
         </p>
         <p xml:id="F0001727.002661">
            <s>
               <w msd="Somei" lemma="preostalnik">PREOSTALNIK</w>
            </s>
         </p>
         <p xml:id="F0001727.002735">
            <s>
               <w msd="Sommi" lemma="plošček">ploščki</w>
            </s>
         </p>
         <p xml:id="F0001727.002758">
            <s>
               <w msd="Kag" lemma="69">69</w>
            </s>
         </p>
         <p xml:id="F0001727.002791">
            <s>
               <w msd="Do" lemma="med">Med</w>
               <S/>
               <w msd="Sommo" lemma="pretep">pretepi</w>
               <S/>
               <w msd="Rsn" lemma="lahko">lahko</w>
               <S/>
               <w msd="Ppnmmt" lemma="slab">slabe</w>
               <S/>
               <w msd="Sommt" lemma="fant">fante</w>
               <S/>
               <w msd="Ggdsdm" lemma="zapresti">zapredete</w>
               <S/>
               <w msd="Dt" lemma="v">v</w>
               <S/>
               <w msd="Sozet" lemma="mreža">mrežo</w>
               <S/>
               <w msd="Vp" lemma="in">in</w>
               <S/>
               <w msd="Zotmmt--k" lemma="on">jih</w>
               <S/>
               <w msd="Rsn" lemma="nato">nato</w>
               <S/>
               <w msd="Ggnste" lemma="premužgati">premužgate</w>
               <c>.</c>
               <S/>
            </s>
            <s>
               <w msd="Rsn" lemma="dokaj">Dokaj</w>
               <S/>
               <w msd="Rsn" lemma="netežavno">netežavno</w>
               <S/>
               <w msd="Ggvste" lemma="iti">gre</w>
               <S/>
               <w msd="L" lemma="tudi">tudi</w>
               <S/>
               <w msd="Dr" lemma="brez">brez</w>
               <S/>
               <w msd="N" lemma="tega.da">tega.da</w>
               <S/>
               <w msd="Gp-g" lemma="biti">bi</w>
               <S/>
               <w msd="Rsn" lemma="enkrat">enkrat</w>
               <S/>
               <w msd="Ggdd-mm" lemma="zagledati">zagledali</w>
               <S/>
               <w msd="Sometn" lemma="zaslon">zaslon</w>
               <S/>
               <w msd="Dt" lemma="za">za</w>
               <S/>
               <w msd="Soset" lemma="včitavanje">včitavanje</w>
               <c>,</c>
               <S/>
               <w msd="Zz-sei" lemma="kar">kar</w>
               <S/>
               <w msd="Gp-ste-n" lemma="biti">je</w>
               <S/>
               <w msd="Dm" lemma="ob">ob</w>
               <S/>
               <w msd="Rsn" lemma="razumno">razumno</w>
               <S/>
               <w msd="Ppnzem" lemma="podroben">podrobni</w>
               <S/>
               <w msd="Sozem" lemma="grafika">grafiki</w>
               <S/>
               <w msd="Rsn" lemma="nič">nič</w>
               <S/>
               <w msd="Rsr" lemma="manj">manj</w>
               <S/>
               <w msd="Vd" lemma="kot">kot</w>
               <S/>
               <w msd="Ppnmeid" lemma="tehnološki">tehnološki</w>
               <S/>
               <w msd="Somei" lemma="podvig">podvig</w>
               <c>.</c>
               <S/>
            </s>
            <s>
               <w msd="Sosei" lemma="mesto">Mesto</w>
               <S/>
               <w msd="Gp-ste-n" lemma="biti">je</w>
               <S/>
               <w msd="Rsn" lemma="dobesedno">dobesedno</w>
               <S/>
               <w msd="Pdnsei" lemma="naphan">naphano</w>
               <S/>
               <w msd="Do" lemma="z">z</w>
               <S/>
               <w msd="Sommo" lemma="ducat">ducati</w>
               <S/>
               <w msd="Zk-zmr" lemma="tak">takih</w>
               <S/>
               <w msd="Vp" lemma="in">in</w>
               <S/>
               <w msd="Ppnzmr" lemma="drugačen">drugačnih</w>
               <S/>
               <w msd="Ppnzmr" lemma="stranski">stranskih</w>
               <S/>
               <w msd="Sozmr" lemma="naloga">nalog</w>
               <c>,</c>
               <S/>
               <w msd="Vd" lemma="ki">ki</w>
               <S/>
               <w msd="Ggvstm" lemma="zahtevati">zahtevajo</w>
               <S/>
               <w msd="Ppnset" lemma="junaški">junaško</w>
               <S/>
               <w msd="Soset" lemma="posredovanje">posredovanje</w>
               <S/>
               <w msd="Vp" lemma="in">in</w>
               <S/>
               <w msd="Ggnstm" lemma="zajemati">zajemajo</w>
               <S/>
               <w msd="Soset" lemma="reševanje">reševanje</w>
               <S/>
               <w msd="Dr" lemma="z">z</w>
               <S/>
               <w msd="Somer" lemma="rob">roba</w>
               <S/>
               <w msd="Sozmr" lemma="stavba">stavb</w>
               <S/>
               <w msd="Pdnmmr" lemma="viseč">visečih</w>
               <S/>
               <w msd="Sommr" lemma="človek">ljudi</w>
               <c>,</c>
               <S/>
               <w msd="Sosei" lemma="odnašanje">odnašanje</w>
               <S/>
               <w msd="Sommr" lemma="ranjenec">ranjencev</w>
               <S/>
               <w msd="Dt" lemma="v">v</w>
               <S/>
               <w msd="Sozet" lemma="bolnišnica">bolnišnico</w>
               <S/>
               <w msd="Vp" lemma="in">in</w>
               <S/>
               <w msd="Soset" lemma="grabljenje">grabljenje</w>
               <S/>
               <w msd="Ppnmmr" lemma="raznorazen">raznoraznih</w>
               <S/>
               <w msd="Sommr" lemma="kriminalec">kriminalcev</w>
               <S/>
               <w msd="Dt" lemma="za">za</w>
               <S/>
               <w msd="Sommt" lemma="kravateljc">kravateljce</w>
               <c>.</c>
               <S/>
            </s>
            <s>
               <w msd="Zk-smi" lemma="ta">Ta</w>
               <S/>
               <w msd="Sosmi" lemma="opravilo">opravila</w>
               <S/>
               <w msd="Ggnstm" lemma="dajati">dajejo</w>
               <S/>
               <w msd="Ppnzmt" lemma="herojski">herojske</w>
               <S/>
               <w msd="Sozmt" lemma="točka">točke</w>
               <c>,</c>
               <S/>
               <w msd="Vd" lemma="ki">ki</w>
               <S/>
               <w msd="Zotzmt--k" lemma="on">jih</w>
               <S/>
               <w msd="Gp-ste-n" lemma="biti">je</w>
               <S/>
               <w msd="Rsn" lemma="treba">treba</w>
               <S/>
               <w msd="Dm" lemma="v">v</w>
               <S/>
               <w msd="Zc-mem" lemma="vsak">vsakem</w>
               <S/>
               <w msd="Sosem" lemma="poglavje">poglavju</w>
               <S/>
               <w msd="Ggdn" lemma="zbrati">zbrati</w>
               <S/>
               <w msd="Pdnset" lemma="določen">določeno</w>
               <S/>
               <w msd="Soset" lemma="število">število</w>
               <c>,</c>
               <S/>
               <w msd="Dr" lemma="poleg">poleg</w>
               <S/>
               <w msd="Zk-ser" lemma="ta">tega</w>
               <c>,</c>
               <S/>
               <w msd="Vd" lemma="da">da</w>
               <S/>
               <w msd="Ggdspm" lemma="opraviti">opravimo</w>
               <S/>
               <w msd="Ppnzet" lemma="glaven">glavno</w>
               <S/>
               <w msd="Sozet" lemma="naloga">nalogo</w>
               <c>.</c>
               <S/>
            </s>
            <s>
               <w msd="Zotmmt--z" lemma="zame">Zanje</w>
               <S/>
               <w msd="Gp-ste-n" lemma="biti">je</w>
               <S/>
               <w msd="Rsn" lemma="moč">moč</w>
               <S/>
               <w msd="Rsn" lemma="takisto">takisto</w>
               <S/>
               <w msd="Ggnn" lemma="kupovati">kupovati</w>
               <S/>
               <w msd="Ppnzmt" lemma="nov">nove</w>
               <S/>
               <w msd="Sozmt" lemma="spretnost">spretnosti</w>
               <c>,</c>
               <S/>
               <w msd="Vd" lemma="kot">kot</w>
               <S/>
               <w msd="Gp-stm-n" lemma="biti">so</w>
               <S/>
               <w msd="Ppnzmi" lemma="tepežkarski">tepežkarske</w>
               <S/>
               <w msd="Sozmi" lemma="kombinacija">kombinacije</w>
               <S/>
               <w msd="Vp" lemma="in">in</w>
               <S/>
               <w msd="Pppsei" lemma="hiter">hitrejše</w>
               <S/>
               <w msd="Soset" lemma="vihtenje">vihtenje</w>
               <S/>
               <w msd="Dm" lemma="po">po</w>
               <S/>
               <w msd="Sosem" lemma="mesto">mestu</w>
               <c>.</c>
               <S/>
            </s>
            <s>
               <w msd="Vp" lemma="in">In</w>
               <S/>
               <w msd="L" lemma="ne">ne</w>
               <S/>
               <w msd="Gp-g" lemma="biti">bi</w>
               <S/>
               <w msd="Zp------k" lemma="se">se</w>
               <S/>
               <w msd="Ggdd-em" lemma="zmotiti">zmotil</w>
               <c>,</c>
               <S/>
               <w msd="Vd" lemma="če">če</w>
               <S/>
               <w msd="Gp-g" lemma="biti">bi</w>
               <S/>
               <w msd="Ggdd-em" lemma="reči">rekel</w>
               <c>,</c>
               <S/>
               <w msd="Vd" lemma="da">da</w>
               <S/>
               <w msd="Gp-ste-n" lemma="biti">je</w>
               <S/>
               <w msd="Ppnsei" lemma="slednji">slednje</w>
               <S/>
               <w msd="Ppnzei" lemma="glaven">glavna</w>
               <S/>
               <w msd="Sozei" lemma="privlačnost">privlačnost</w>
               <S/>
               <w msd="Slmei" lemma="Spider">Spider</w>
               <c>-</c>
               <w msd="Slzei" lemma="Mana">Mana</w>
               <S/>
               <w msd="Kag" lemma="2">2</w>
               <c>.</c>
               <S/>
            </s>
            <s>
               <w msd="Sommi" lemma="ustvarjalec">Ustvarjalci</w>
               <S/>
               <w msd="L" lemma="naj">naj</w>
               <S/>
               <w msd="Gp-g" lemma="biti">bi</w>
               <S/>
               <w msd="Dt" lemma="za">za</w>
               <S/>
               <w msd="Soset" lemma="piljenje">piljenje</w>
               <S/>
               <w msd="Ppnser" lemma="mrežast">mrežastega</w>
               <S/>
               <w msd="Soser" lemma="premikanje">premikanja</w>
               <S/>
               <w msd="Ggdd-mm" lemma="porabiti">porabili</w>
               <S/>
               <w msd="Rsn" lemma="kar">kar</w>
               <S/>
               <w msd="Rsn" lemma="pol">pol</w>
               <S/>
               <w msd="Soser" lemma="leto">leta</w>
               <c>,</c>
               <S/>
               <w msd="Rsn" lemma="kar">kar</w>
               <S/>
               <w msd="Zp------k" lemma="se">se</w>
               <S/>
               <w msd="Ggnste" lemma="poznati">pozna</w>
               <c>:</c>
               <S/>
               <w msd="Sometn" lemma="občutek">občutek</w>
               <c>,</c>
               <S/>
               <w msd="Vd" lemma="ko">ko</w>
               <S/>
               <w msd="Zp------k" lemma="se">se</w>
               <S/>
               <w msd="Do" lemma="z">s</w>
               <S/>
               <w msd="Someo" lemma="pljunek">pljunkom</w>
               <S/>
               <w msd="Soser" lemma="zapestje">zapestja</w>
               <S/>
               <w msd="Ggnsde" lemma="pripenjati">pripenjaš</w>
               <S/>
               <w msd="Dt" lemma="na">na</w>
               <S/>
               <w msd="Sommt" lemma="vrh">vrhove</w>
               <S/>
               <w msd="Sozmr" lemma="stavba">stavb</w>
               <S/>
               <w msd="Dm" lemma="ob">ob</w>
               <S/>
               <w msd="Sozmm" lemma="avenija">avenijah</w>
               <S/>
               <w msd="Vp" lemma="in">in</w>
               <S/>
               <w msd="Sozmm" lemma="ulica">ulicah</w>
               <c>,</c>
               <S/>
               <w msd="Gp-ste-n" lemma="biti">je</w>
               <S/>
               <w msd="Dd" lemma="kljub">kljub</w>
               <S/>
               <w msd="Rsn" lemma="malce">malce</w>
               <S/>
               <w msd="Ppnzed" lemma="neubogljiv">neubogljivi</w>
               <S/>
               <w msd="Sozed" lemma="kamera">kameri</w>
               <S/>
               <w msd="Ppnmein" lemma="fantastičen">fantastičen</w>
               <S/>
               <w msd="Vp" lemma="in">in</w>
               <S/>
               <w msd="Gp-ste-n" lemma="biti">je</w>
               <S/>
               <w msd="Ppnmein" lemma="sam">sam</w>
               <S/>
               <w msd="Dm" lemma="po">po</w>
               <S/>
               <w msd="Zp---m" lemma="se">sebi</w>
               <S/>
               <w msd="Zn-zei" lemma="nekakšen">nekakšna</w>
               <S/>
               <w msd="Ppnzei" lemma="mini">mini</w>
               <S/>
               <w msd="Sozei" lemma="igra">igra</w>
               <c>,</c>
               <S/>
               <w msd="Ppnzei" lemma="vreden">vredna</w>
               <S/>
               <w msd="Soser" lemma="mojstrovanje">mojstrovanja</w>
               <c>.</c>
               <S/>
            </s>
            <s>
               <w msd="Dm" lemma="po">Po</w>
               <S/>
               <w msd="Ppnmem" lemma="nov">Novem</w>
               <S/>
               <w msd="Somem" lemma="jorek">Jorku</w>
               <S/>
               <w msd="Zp------k" lemma="se">se</w>
               <S/>
               <w msd="Gp-ste-n" lemma="biti">je</w>
               <S/>
               <w msd="Rsn" lemma="moč">moč</w>
               <S/>
               <w msd="Ggnn" lemma="premikati">premikati</w>
               <S/>
               <w msd="L" lemma="tudi">tudi</w>
               <S/>
               <w msd="Do" lemma="z">s</w>
               <S/>
               <w msd="Someo" lemma="tek">tekom</w>
               <S/>
               <w msd="Vp" lemma="ali">ali</w>
               <S/>
               <w msd="Soseo" lemma="skakanje">skakanjem</w>
               <c>,</c>
               <S/>
               <w msd="Vd" lemma="ki">ki</w>
               <S/>
               <w msd="Vp" lemma="pa">pa</w>
               <S/>
               <w msd="Rsn" lemma="zopet">zopet</w>
               <S/>
               <w msd="Ggvste" lemma="zahtevati">zahteva</w>
               <S/>
               <w msd="Rsn" lemma="nekaj">nekaj</w>
               <S/>
               <w msd="Sozmr" lemma="spretnost">spretnosti</w>
               <S/>
               <w msd="Do" lemma="z">s</w>
               <S/>
               <w msd="Soseo" lemma="polnjenje">polnjenjem</w>
               <S/>
               <w msd="Somer" lemma="pokazatelj">pokazatelja</w>
               <S/>
               <w msd="Sozer" lemma="moč">moči</w>
               <c>.</c>
               <S/>
            </s>
            <s>
               <w msd="L" lemma="kakopak">Kakopak</w>
               <S/>
               <w msd="Rsn" lemma="lahko">lahko</w>
               <S/>
               <w msd="Ggnsdm" lemma="plezati">plezate</w>
               <S/>
               <w msd="Dm" lemma="po">po</w>
               <S/>
               <w msd="Sozmm" lemma="stavba">stavbah</w>
               <c>,</c>
               <S/>
               <w msd="Vd" lemma="kot">kot</w>
               <S/>
               <w msd="Ppnmein" lemma="dodaten">dodaten</w>
               <S/>
               <w msd="Somei" lemma="izziv">izziv</w>
               <S/>
               <w msd="Vp" lemma="pa">pa</w>
               <S/>
               <w msd="Ggnste" lemma="igrati">igra</w>
               <S/>
               <w msd="Ggvste" lemma="servirati">servira</w>
               <S/>
               <w msd="Soset" lemma="raznašanje">raznašanje</w>
               <S/>
               <w msd="Sozmr" lemma="pica">pic</w>
               <S/>
               <w msd="Vp" lemma="in">in</w>
               <S/>
               <w msd="Soset" lemma="prevažanje">prevažanje</w>
               <S/>
               <w msd="Dt" lemma="skozi">skozi</w>
               <S/>
               <w msd="Sommt" lemma="prstan">prstane</w>
               <c>.</c>
            </s>
         </p>
         <p xml:id="F0001727.002799">
            <s>
               <w msd="Slmei" lemma="playstation">playstation</w>
               <S/>
               <w msd="Kag" lemma="2">2</w>
            </s>
         </p>
         <p xml:id="F0001727.002863">
            <s>
               <w msd="Sozei" lemma="formula">Formula</w>
               <S/>
               <w msd="Slmei" lemma="One">One</w>
               <S/>
               <w msd="Kag" lemma="04">04</w>
            </s>
         </p>
         <p xml:id="F0001727.002900">
            <s>
               <w msd="Rsn" lemma="domov">domov</w>
               <S/>
               <c>"</c>
               <S/>
               <w msd="Sosei" lemma="igrovje">igrovje</w>
               <S/>
               <c>"</c>
               <S/>
               <w msd="Slmei" lemma="playstation">playstation</w>
               <S/>
               <w msd="Kag" lemma="2">2</w>
               <S/>
               <c>"</c>
               <S/>
               <w msd="N" lemma="the">The</w>
               <S/>
               <w msd="Sozei" lemma="omega">Omega</w>
               <S/>
               <w msd="N" lemma="strain">Strain</w>
            </s>
         </p>
         <p xml:id="F0001727.002982">
            <s>
               <w msd="Ppnmetd" lemma="grafičen">Grafični</w>
               <S/>
               <w msd="Sometn" lemma="pogon">pogon</w>
               <S/>
               <w msd="Gp-stm-n" lemma="biti">so</w>
               <S/>
               <w msd="Rsn" lemma="malce">malce</w>
               <S/>
               <w msd="Ggdd-mm" lemma="nadgraditi">nadgradili</w>
               <c>,</c>
               <S/>
               <w msd="Vp" lemma="ampak">ampak</w>
               <S/>
               <w msd="Zv-mer" lemma="kak">kakega</w>
               <S/>
               <w msd="Ppnmer" lemma="poseben">posebnega</w>
               <S/>
               <w msd="Somer" lemma="trud">truda</w>
               <S/>
               <w msd="Gp-ste-d" lemma="biti">ni</w>
               <S/>
               <w msd="Gp-d-es" lemma="biti">bilo</w>
               <S/>
               <w msd="L" lemma="niti">niti</w>
               <S/>
               <w msd="Dm" lemma="na">na</w>
               <S/>
               <w msd="Zk-sem" lemma="ta">tem</w>
               <S/>
               <w msd="Sosem" lemma="področje">področju</w>
               <c>.</c>
               <w msd="Pdnser" lemma="vzhajajoč">vzhajajočega</w>
               <S/>
               <w msd="Soser" lemma="sonce">sonca</w>
               <S/>
               <w msd="Ggdd-mm" lemma="spraviti">spravili</w>
               <S/>
               <w msd="Dt" lemma="v">v</w>
               <S/>
               <w msd="Sometn" lemma="promet">promet</w>
               <S/>
               <w msd="Dm" lemma="v">v</w>
               <S/>
               <w msd="Ppnmmm" lemma="dober">dobrih</w>
               <S/>
               <w msd="Kag" lemma="1.400.000">1.400.000</w>
               <S/>
               <w msd="Sommm" lemma="izvod">izvodih</w>
               <S/>
               <c>-</c>
               <S/>
               <w msd="Zstzerez" lemma="njen">njene</w>
               <S/>
               <w msd="Ppnzer" lemma="samurajski">samurajske</w>
               <S/>
               <w msd="Sozer" lemma="inačica">inačice</w>
               <S/>
               <w msd="Vp" lemma="pa">pa</w>
               <S/>
               <w msd="Dt" lemma="v">v</w>
               <S/>
               <w msd="Sometn" lemma="par">par</w>
               <S/>
               <w msd="Sommm" lemma="mesec">mesecih</w>
               <S/>
               <w msd="Somei" lemma="milijonček">milijonček</w>
               <c>.</c>
               <S/>
            </s>
            <s>
               <w msd="Somei" lemma="bum">Bum</w>
               <S/>
               <w msd="Somei" lemma="tresk">tresk</w>
               <S/>
               <w msd="Somei" lemma="aua">aua</w>
               <c>.</c>
            </s>
         </p>
         <p xml:id="F0001727.003109">
            <s>
               <w msd="Slmei" lemma="playstation">playstation</w>
               <S/>
               <w msd="Kag" lemma="2">2</w>
            </s>
         </p>
         <p xml:id="F0001727.003248">
            <s>
               <w msd="Somei" lemma="kontakt">kontakt</w>
            </s>
         </p>
         <p xml:id="F0001727.003295">
            <s>
               <w msd="Somei" lemma="zakon">Zakon</w>
               <S/>
               <w msd="Sozei" lemma="risanka">risanka</w>
               <c>,</c>
               <S/>
               <w msd="Rsn" lemma="hudo">hudo</w>
               <S/>
               <w msd="Ppnzei" lemma="povprečen">povprečna</w>
               <S/>
               <w msd="Vp" lemma="in">in</w>
               <S/>
               <w msd="Ppnzei" lemma="nevznemirljiv">nevznemirljiva</w>
               <S/>
               <w msd="Sozei" lemma="igra">igra</w>
               <c>.</c>
               <S/>
            </s>
            <s>
               <w msd="Slzei" lemma="Ekola">Ekola</w>
               <c>,</c>
               <S/>
               <w msd="Vp" lemma="in">in</w>
               <S/>
               <w msd="Somei" lemma="opis">opis</w>
               <S/>
               <w msd="Gp-ste-n" lemma="biti">je</w>
               <S/>
               <w msd="Pdnmein" lemma="narejen">narejen</w>
               <c>.</c>
               <S/>
            </s>
            <s>
               <w msd="Slmei" lemma="Čavči">Čavči</w>
               <c>,</c>
               <S/>
               <w msd="Rsn" lemma="lepo">lepo</w>
               <S/>
               <w msd="Ggdste" lemma="pančiti">panči</w>
               <S/>
               <w msd="Vp" lemma="pa">pa</w>
               <S/>
               <w msd="Rsn" lemma="kaj">kej</w>
               <S/>
               <w msd="Rsn" lemma="lepga">lepga</w>
               <S/>
               <w msd="Sozem" lemma="sanča">sanči</w>
               <c>!</c>
               <S/>
            </s>
            <s>
               <w msd="Somei" lemma="plok">Plok</w>
               <c>!</c>
               <S/>
            </s>
            <s>
               <w msd="M" lemma="eh">Eh</w>
               <c>,</c>
               <S/>
               <w msd="Vd" lemma="ko">ko</w>
               <S/>
               <w msd="Gp-g" lemma="biti">bi</w>
               <S/>
               <w msd="L" lemma="le">le</w>
               <S/>
               <w msd="Gp-d-es" lemma="biti">bilo</w>
               <S/>
               <w msd="Rsn" lemma="tako">tako</w>
               <S/>
               <w msd="Rsn" lemma="lahko">lahko</w>
               <S/>
               <w msd="Vp" lemma="in">in</w>
               <S/>
               <w msd="Gp-g" lemma="biti">bi</w>
            </s>
         </p>
         <p xml:id="F0001727.003345">
            <s>
               <w msd="Somei" lemma="copyright">Copyright</w>
               <S/>
               <c>©</c>
               <S/>
               <w msd="Somei" lemma="joker">Joker</w>
               <c>,</c>
               <S/>
               <w msd="Kav" lemma="2006.">2006.</w>
               <S/>
               <w msd="Zc-zmt" lemma="ves">Vse</w>
               <S/>
               <w msd="Sozmi" lemma="pravica">pravice</w>
               <S/>
               <w msd="Pdnzmi" lemma="pridržan">pridržane</w>
               <c>.</c>
            </s>
         </p>
         <p xml:id="F0001727.003374">
            <s>
               <w msd="Vd" lemma="kakor">Kakor</w>
               <S/>
               <w msd="Ggnste" lemma="velevati">veleva</w>
               <S/>
               <w msd="Sozei" lemma="štorija">štorija</w>
               <S/>
               <w msd="Dr" lemma="iz">iz</w>
               <S/>
               <w msd="Sozer" lemma="risanka">risanke</w>
               <c>,</c>
               <S/>
               <w msd="Slmei" lemma="Jakec">Jakec</w>
               <S/>
               <w msd="Ggnste" lemma="iskati">išče</w>
               <S/>
               <w msd="Kbg-mt" lemma="dvanajst">dvanajst</w>
               <S/>
               <w msd="Sommr" lemma="kamen">kamnov</w>
               <c>,</c>
               <S/>
               <w msd="Vd" lemma="ki">ki</w>
               <S/>
               <w msd="Ggnstm-n" lemma="imeti">imajo</w>
               <S/>
               <w msd="Sozet" lemma="moč">moč</w>
               <S/>
               <w msd="Sozmr" lemma="žival">živali</w>
               <S/>
               <w msd="Dr" lemma="iz">iz</w>
               <S/>
               <w msd="Ppnmer" lemma="kitajski">kitajskega</w>
               <S/>
               <w msd="Somer" lemma="horoskop">horoskopa</w>
               <c>.</c>
               <S/>
            </s>
            <s>
               <w msd="Zc-mei" lemma="vsak">Vsak</w>
               <S/>
               <w msd="Pdnmein" lemma="dobljen">dobljen</w>
               <S/>
               <w msd="Sometn" lemma="kos">kos</w>
               <S/>
               <w msd="Sozer" lemma="skala">skale</w>
               <S/>
               <w msd="Vd" lemma="da">da</w>
               <S/>
               <w msd="Ppnzmt" lemma="dodaten">dodatne</w>
               <S/>
               <w msd="Sozmt" lemma="spretnost">spretnosti</w>
               <S/>
               <c>(</c>
               <w msd="Somei" lemma="zajec">zajec</w>
               <S/>
               <w msd="Ggdvpm" lemma="deti">denimo</w>
               <S/>
               <w msd="Ggdste" lemma="povišati">poviša</w>
               <S/>
               <w msd="Sozet" lemma="hitrost">hitrost</w>
               <c>)</c>
               <c>,</c>
               <S/>
               <w msd="L" lemma="le">le</w>
               <S/>
               <w msd="Vd" lemma="da">da</w>
               <S/>
               <w msd="Zp------k" lemma="se">se</w>
               <S/>
               <w msd="Zod-md" lemma="ti">vam</w>
               <c>,</c>
               <S/>
               <w msd="Vd" lemma="dokler">dokler</w>
               <S/>
               <w msd="Pdnmein" lemma="določen">določen</w>
               <S/>
               <w msd="Somei" lemma="kamen">kamen</w>
               <S/>
               <w msd="Ggnsdm" lemma="uporabljati">uporabljate</w>
               <c>,</c>
               <S/>
               <w msd="Ggnste" lemma="zmanjševati">zmanjšuje</w>
               <S/>
               <w msd="Sozei" lemma="energija">energija</w>
               <S/>
               <c>(</c>
               <w msd="Vd" lemma="ko">ko</w>
               <S/>
               <w msd="Gp-ste-n" lemma="biti">je</w>
               <S/>
               <w msd="Ggdste" lemma="zmanjkati">zmanjka</w>
               <c>,</c>
               <S/>
               <w msd="Gp-ste-n" lemma="biti">je</w>
               <S/>
               <w msd="Do" lemma="z">s</w>
               <S/>
               <w msd="Ppnzmo" lemma="poseben">posebnimi</w>
               <S/>
               <w msd="Sozmo" lemma="moč">močmi</w>
               <S/>
               <w msd="Somei" lemma="konec">konec</w>
               <c>,</c>
               <S/>
               <w msd="Gp-stm-d" lemma="biti">niso</w>
               <S/>
               <w msd="Vp" lemma="pa">pa</w>
               <S/>
               <w msd="Zk-set" lemma="ta">to</w>
               <S/>
               <w msd="Ppnzmt" lemma="življenjski">življenjske</w>
               <S/>
               <w msd="Sozmt" lemma="točka">točke</w>
               <c>)</c>
               <c>.</c>
               <S/>
            </s>
            <s>
               <w msd="L" lemma="no">No</w>
               <c>,</c>
               <S/>
               <w msd="Sozer" lemma="energija">energije</w>
               <S/>
               <w msd="Gp-ste-n" lemma="biti">je</w>
               <S/>
               <w msd="Dm" lemma="v">v</w>
               <S/>
               <w msd="Ppnzmm" lemma="številen">številnih</w>
               <S/>
               <w msd="Sozmm" lemma="posoda">posodah</w>
               <S/>
               <w msd="Vp" lemma="in">in</w>
               <S/>
               <w msd="Sozmm" lemma="skrinja">skrinjah</w>
               <S/>
               <w msd="Rsn" lemma="tako">tako</w>
               <S/>
               <w msd="Vp" lemma="ali">ali</w>
               <S/>
               <w msd="Rsn" lemma="tako">tako</w>
               <S/>
               <w msd="Rsn" lemma="desetkrat">desetkrat</w>
               <S/>
               <w msd="Rsn" lemma="preveč">preveč</w>
               <c>.</c>
            </s>
         </p>
         <p xml:id="F0001727.003419">
            <s>
               <w msd="Pdnsei" lemma="objavljen">objavljeno</w>
               <c>:</c>
               <S/>
               <w msd="Somei" lemma="joker">Joker</w>
               <S/>
               <w msd="Kag" lemma="135">135</w>
            </s>
         </p>
         <p xml:id="F0001727.003531">
            <s>
               <w msd="Ppnmein" lemma="pohvalen">Pohvalen</w>
               <S/>
               <w msd="Gp-ste-n" lemma="biti">je</w>
               <S/>
               <w msd="Ppnmein" lemma="raznolik">raznolik</w>
               <S/>
               <w msd="Somei" lemma="nabor">nabor</w>
               <S/>
               <w msd="Sommr" lemma="nasprotnik">nasprotnikov</w>
               <c>,</c>
               <S/>
               <w msd="Vd" lemma="ki">ki</w>
               <S/>
               <w msd="Ggdstm" lemma="preizkusiti">preizkusijo</w>
               <S/>
               <w msd="Ppnzet" lemma="sleheren">sleherno</w>
               <S/>
               <w msd="Sozet" lemma="plat">plat</w>
               <S/>
               <w msd="Zsdmmre" lemma="tvoj">tvojih</w>
               <S/>
               <w msd="Ppnzmr" lemma="napadalen">napadalnih</w>
               <S/>
               <w msd="Vp" lemma="in">in</w>
               <S/>
               <w msd="Ppnzmr" lemma="obramben">obrambnih</w>
               <S/>
               <w msd="Sozmr" lemma="spretnost">spretnosti</w>
               <c>.</c>
            </s>
            <s>
               <w msd="Rsn" lemma="medtem">Medtem</w>
               <S/>
               <w msd="Vd" lemma="ko">ko</w>
               <S/>
               <w msd="Ggnsdm" lemma="nadzorovati">nadzorujete</w>
               <S/>
               <w msd="Zp-met" lemma="svoj">svoj</w>
               <S/>
               <w msd="Sometn" lemma="lik">lik</w>
               <c>,</c>
               <S/>
               <w msd="Dt" lemma="za">za</w>
               <S/>
               <w msd="Pdnset" lemma="ostal">ostalo</w>
               <S/>
               <w msd="Sozet" lemma="dvojica">dvojico</w>
               <S/>
               <w msd="Ggnste" lemma="skrbeti">skrbi</w>
               <S/>
               <w msd="Ppnzei" lemma="umeten">umetna</w>
               <S/>
               <w msd="Sozet" lemma="pamet">pamet</w>
               <c>,</c>
               <S/>
               <w msd="Vd" lemma="ki">ki</w>
               <S/>
               <w msd="Ggnste" lemma="znati">zna</w>
               <S/>
               <w msd="Rsn" lemma="dobro">dobro</w>
               <S/>
               <w msd="Ggnn" lemma="napadati">napadati</w>
               <c>,</c>
               <S/>
               <w msd="Ggnste-n" lemma="imeti">ima</w>
               <S/>
               <w msd="Vp" lemma="pa">pa</w>
               <S/>
               <w msd="Rsn" lemma="nekaj">nekaj</w>
               <S/>
               <w msd="Sozmr" lemma="težava">težav</w>
               <S/>
               <w msd="Do" lemma="z">z</w>
               <S/>
               <w msd="Sozeo" lemma="obramba">obrambo</w>
               <S/>
               <w msd="Vp" lemma="in">in</w>
               <S/>
               <w msd="Soseo" lemma="zdravljenje">zdravljenjem</w>
               <c>.</c>
               <S/>
            </s>
            <s>
               <w msd="Somem" lemma="silicij">Siliciju</w>
               <S/>
               <w msd="Rsn" lemma="lahko">lahko</w>
               <S/>
               <w msd="Ggdsdm" lemma="določiti">določite</w>
               <S/>
               <w msd="Kbzzet" lemma="en">eno</w>
               <S/>
               <w msd="Dr" lemma="od">od</w>
               <S/>
               <w msd="Kbg-mr" lemma="šest">šestih</w>
               <S/>
               <w msd="Ppnzmr" lemma="vedenjski">vedenjskih</w>
               <S/>
               <w msd="Sozmr" lemma="oblika">oblik</w>
               <c>,</c>
               <S/>
               <w msd="Vd" lemma="čeravno">čeravno</w>
               <S/>
               <w msd="Rsn" lemma="dodobra">dodobra</w>
               <S/>
               <w msd="Ppnzei" lemma="obramben">obrambna</w>
               <S/>
               <w msd="Somer" lemma="manjko">manjka</w>
               <c>.</c>
               <S/>
            </s>
            <s>
               <w msd="Sommr" lemma="sovražnik">Sovražnikov</w>
               <S/>
               <w msd="Gp-ste-n" lemma="biti">je</w>
               <S/>
               <w msd="Rsn" lemma="ogromno">ogromno</w>
               <S/>
               <w msd="Ppnzmr" lemma="različen">različnih</w>
               <S/>
               <w msd="Sozmr" lemma="vrsta">vrst</w>
               <S/>
               <w msd="Vp" lemma="in">in</w>
               <S/>
               <w msd="Ggnstm" lemma="uporabljati">uporabljajo</w>
               <S/>
               <w msd="Ppnzmt" lemma="raznovrsten">raznovrstne</w>
               <S/>
               <w msd="Sozmt" lemma="taktika">taktike</w>
               <c>,</c>
               <S/>
               <w msd="Vp" lemma="tako">tako</w>
               <S/>
               <w msd="Vd" lemma="da">da</w>
               <S/>
               <w msd="Rsn" lemma="levelupanje">levelupanje</w>
               <S/>
               <w msd="Gp-ste-d" lemma="biti">ni</w>
               <S/>
               <w msd="Rsn" lemma="dolgočasno">dolgočasno</w>
               <c>,</c>
               <S/>
               <w msd="Vd" lemma="dočim">dočim</w>
               <S/>
               <w msd="Gp-stm-n" lemma="biti">so</w>
               <S/>
               <w msd="Sosmi" lemma="srečanje">srečanja</w>
               <S/>
               <w msd="Do" lemma="z">s</w>
               <S/>
               <w msd="Sommo" lemma="šef">šefi</w>
               <S/>
               <w msd="Ppnzei" lemma="pogost">pogosta</w>
               <c>.</c>
               <S/>
            </s>
            <s>
               <w msd="Do" lemma="pred">Pred</w>
               <S/>
               <w msd="Zotmmo" lemma="on">njimi</w>
               <S/>
               <w msd="Gp-stm-n" lemma="biti">so</w>
               <S/>
               <w msd="Pdnzmi" lemma="postavljen">postavljene</w>
               <S/>
               <w msd="Ppnzmi" lemma="snemalen">snemalne</w>
               <S/>
               <w msd="Vp" lemma="in">in</w>
               <S/>
               <w msd="Ppnzmi" lemma="zdravilen">zdravilne</w>
               <S/>
               <w msd="Sozmt" lemma="točka">točke</w>
               <S/>
               <w msd="Vp" lemma="in">in</w>
               <S/>
               <w msd="Vd" lemma="čeprav">čeprav</w>
               <S/>
               <w msd="Zn-zmi" lemma="nekateri">nekatere</w>
               <S/>
               <w msd="Sozmi" lemma="temnica">temnice</w>
               <S/>
               <w msd="Ggnstm" lemma="znati">znajo</w>
               <S/>
               <w msd="Ggnn" lemma="delovati">delovati</w>
               <S/>
               <w msd="Pdnzmi" lemma="raztegnjen">raztegnjene</w>
               <S/>
               <w msd="Vp" lemma="in">in</w>
               <S/>
               <w msd="Ppnzmi" lemma="naporen">naporne</w>
               <c>,</c>
               <S/>
               <w msd="L" lemma="zlasti">zlasti</w>
               <S/>
               <w msd="Dm" lemma="ob">ob</w>
               <S/>
               <w msd="Sozem" lemma="omejitev">omejitvi</w>
               <S/>
               <w msd="Sozer" lemma="nošnja">nošnje</w>
               <S/>
               <w msd="Rss" lemma="največ">največ</w>
               <S/>
               <w msd="Kbg-mr" lemma="dvajset">dvajsetih</w>
               <S/>
               <w msd="Sommr" lemma="predmet">predmetov</w>
               <S/>
               <w msd="Zn-zer" lemma="isti">iste</w>
               <S/>
               <w msd="Sozer" lemma="vrsta">vrste</w>
               <c>,</c>
               <S/>
               <w msd="Gp-ste-n" lemma="biti">je</w>
               <S/>
               <w msd="Sozei" lemma="razpostavitev">razpostavitev</w>
               <S/>
               <w msd="Ppnmmr" lemma="nadaljevalen">nadaljevalnih</w>
               <S/>
               <w msd="Sommr" lemma="punkt">punktov</w>
               <S/>
               <w msd="Pdnzei" lemma="premišljen">premišljena</w>
               <c>.</c>
               <S/>
            </s>
            <s>
               <w msd="Zv-med" lemma="kdo">Komu</w>
               <S/>
               <w msd="Zp------k" lemma="se">se</w>
               <S/>
               <w msd="Gp-pte-n" lemma="biti">bo</w>
               <S/>
               <w msd="L" lemma="morda">morda</w>
               <S/>
               <w msd="Ggnd-es" lemma="zdeti">zdelo</w>
               <c>,</c>
               <S/>
               <w msd="Vd" lemma="da">da</w>
               <S/>
               <w msd="Gp-stm-n" lemma="biti">so</w>
               <S/>
               <w msd="Do" lemma="med">med</w>
               <S/>
               <w msd="Zotzmo" lemma="on">njimi</w>
               <S/>
               <w msd="Ppnsmi" lemma="prevelik">prevelika</w>
               <S/>
               <w msd="Soser" lemma="prostranstvo">prostranstva</w>
               <c>,</c>
               <S/>
               <w msd="Vp" lemma="vendar">vendar</w>
               <S/>
               <w msd="N" lemma="till">Till</w>
               <S/>
               <w msd="N" lemma="the">the</w>
               <S/>
               <w msd="Somei" lemma="end">End</w>
               <S/>
               <w msd="N" lemma="of">of</w>
               <S/>
               <w msd="Slmei" lemma="Time">Time</w>
               <S/>
               <w msd="L" lemma="pač">pač</w>
               <S/>
               <w msd="Gp-ste-d" lemma="biti">ni</w>
               <S/>
               <w msd="Ppnmein" lemma="lahkoten">lahkoten</w>
               <S/>
               <w msd="Somei" lemma="frp">frp</w>
               <c>.</c>
               <S/>
            </s>
            <s>
               <w msd="Do" lemma="z">Z</w>
               <S/>
               <w msd="Rsr" lemma="več">več</w>
               <S/>
               <w msd="Vd" lemma="kot">kot</w>
               <S/>
               <w msd="Kbg-mo" lemma="štirideset">štiridesetimi</w>
               <S/>
               <w msd="Sozmo" lemma="ura">urami</w>
               <S/>
               <w msd="Sozer" lemma="vsebina">vsebine</w>
               <S/>
               <w msd="Dm" lemma="pri">pri</w>
               <S/>
               <w msd="Ppnsem" lemma="brzopet">brzopetem</w>
               <S/>
               <w msd="Sosem" lemma="preigravanje">preigravanju</w>
               <S/>
               <w msd="Vp" lemma="oziroma">oziroma</w>
               <S/>
               <w msd="Kbg-mo" lemma="osemdeset">osemdesetimi</w>
               <S/>
               <w msd="Dm" lemma="pri">pri</w>
               <S/>
               <w msd="Sosem" lemma="lovljenje">lovljenju</w>
               <S/>
               <w msd="Zc-ser" lemma="ves">vsega</w>
               <c>,</c>
               <S/>
               <w msd="Soseo" lemma="mnoštvo">mnoštvom</w>
               <S/>
               <w msd="Soser" lemma="predmetovje">predmetovja</w>
               <S/>
               <w msd="Vp" lemma="in">in</w>
               <S/>
               <w msd="Soser" lemma="oroževje">oroževja</w>
               <c>,</c>
               <S/>
               <w msd="Pdnmeo" lemma="razvejan">razvejanim</w>
               <S/>
               <w msd="Someo" lemma="sistem">sistemom</w>
               <S/>
               <w msd="Soser" lemma="napredovanje">napredovanja</w>
               <S/>
               <c>(</c>
               <w msd="Vd" lemma="čeprav">čeprav</w>
               <S/>
               <w msd="Gp-ste-n" lemma="biti">je</w>
               <S/>
               <w msd="Ggnd-em" lemma="imeti">imel</w>
               <S/>
               <w msd="Somei" lemma="izvirnik">izvirnik</w>
               <S/>
               <w msd="L" lemma="še">še</w>
               <S/>
               <w msd="Pppmer" lemma="dober">boljšega</w>
               <c>)</c>
               <c>,</c>
               <S/>
               <w msd="Ppnseo" lemma="pustolovski">pustolovskim</w>
               <S/>
               <w msd="Soseo" lemma="raziskovanje">raziskovanjem</w>
               <c>,</c>
               <S/>
               <w msd="Ppnzmo" lemma="dodaten">dodatnimi</w>
               <S/>
               <w msd="Sozmo" lemma="veščina">veščinami</w>
               <c>,</c>
               <S/>
               <w msd="Rsn" lemma="ogromno">ogromno</w>
               <S/>
               <w msd="Sozmo" lemma="skrivnost">skrivnostmi</w>
               <S/>
               <c>(</c>
               <w msd="Do" lemma="med">med</w>
               <S/>
               <w msd="Zotmmo" lemma="on">njimi</w>
               <S/>
               <w msd="Sozer" lemma="obleka">obleke</w>
               <c>,</c>
               <S/>
               <w msd="Pdnmmt" lemma="skrit">skrite</w>
               <S/>
               <w msd="Sozer" lemma="ječa">ječe</w>
               <c>,</c>
               <S/>
               <w msd="Ppnzmt" lemma="frišen">frišne</w>
               <S/>
               <w msd="Ppnzer" lemma="težavnosten">težavnostne</w>
               <S/>
               <w msd="Sozer" lemma="stopnja">stopnje</w>
               <S/>
               <w msd="Vp" lemma="in">in</w>
               <S/>
               <w msd="Sometn" lemma="način">način</w>
               <S/>
               <w msd="Dt" lemma="za">za</w>
               <S/>
               <w msd="Kbgmdt" lemma="dva">dva</w>
               <c>)</c>
               <S/>
               <w msd="Vp" lemma="ter">ter</w>
               <S/>
               <w msd="Sozmo" lemma="trofeja">trofejami</w>
               <S/>
               <w msd="Dr" lemma="iz">iz</w>
               <S/>
               <w msd="Sozmr" lemma="bitka">bitk</w>
               <S/>
               <w msd="Vp" lemma="in">in</w>
               <S/>
               <w msd="L" lemma="več">več</w>
               <S/>
               <w msd="Sommo" lemma="konec">konci</w>
               <S/>
               <w msd="Gp-ste-n" lemma="biti">je</w>
               <S/>
               <w msd="Zk-sei" lemma="ta">to</w>
               <S/>
               <w msd="Somei" lemma="špil">špil</w>
               <S/>
               <w msd="Dt" lemma="za">za</w>
               <S/>
               <w msd="Zk-mmt" lemma="tisti">tiste</w>
               <c>,</c>
               <S/>
               <w msd="Vd" lemma="ki">ki</w>
               <S/>
               <w msd="Ggnstm" lemma="poznati">poznajo</w>
               <S/>
               <c>(</c>
               <w msd="Slzer" lemma="japonska">japonske</w>
               <c>)</c>
               <S/>
               <w msd="Sosei" lemma="frpje">frpje</w>
               <c>.</c>
               <S/>
            </s>
            <s>
               <w msd="Dr" lemma="od">Od</w>
               <S/>
               <w msd="Rsn" lemma="tu">tu</w>
               <S/>
               <w msd="Sozei" lemma="varovalka">varovalka</w>
               <c>:</c>
               <S/>
               <w msd="Vd" lemma="če">če</w>
               <S/>
               <w msd="Gp-sdm-d" lemma="biti">niste</w>
               <S/>
               <w msd="Ggvd-mm" lemma="razumeti">razumeli</w>
               <S/>
               <w msd="Rsn" lemma="nalašč">nalašč</w>
               <S/>
               <w msd="Pdnmmr" lemma="nerazložen">nerazloženih</w>
               <S/>
               <w msd="Ppnmmr" lemma="strokoven">strokovnih</w>
               <S/>
               <w msd="Sommr" lemma="pojem">pojmov</w>
               <S/>
               <w msd="Dm" lemma="v">v</w>
               <S/>
               <w msd="Zk-mem" lemma="ta">tem</w>
               <S/>
               <w msd="Somem" lemma="opis">opisu</w>
               <c>,</c>
               <S/>
               <w msd="Zp------k" lemma="se">se</w>
               <S/>
               <w msd="Rsr" lemma="raje">raje</w>
               <S/>
               <w msd="Ggdsdm" lemma="lotiti">lotite</w>
               <S/>
               <w msd="Zv-mer" lemma="kak">kakega</w>
               <S/>
               <w msd="Slmei" lemma="Arc">Arc</w>
               <S/>
               <w msd="N" lemma="the">the</w>
               <S/>
               <w msd="Slmetd" lemma="Lado">Lada</w>
               <c>.</c>
            </s>
         </p>
         <p xml:id="F0001727.003554">
            <s>
               <w msd="Sommi" lemma="kronik">kroniki</w>
            </s>
         </p>
         <p xml:id="F0001727.003555">
            <s>
               <w msd="Somei" lemma="preostalnik">PREOSTALNIK</w>
            </s>
         </p>
         <p xml:id="F0001727.003657">
            <s>
               <w msd="Pdnzei" lemma="tekoč">tekoča</w>
               <S/>
               <w msd="Sozei" lemma="številka">številka</w>
            </s>
         </p>
      </body>
   </text>
</TEI>