<?xml version="1.0" encoding="UTF-8"?>
<TEI xmlns="http://www.tei-c.org/ns/1.0" xml:id="F0000953" xml:lang="sl">
   <teiHeader>
      <fileDesc>
         <titleStmt>
            <title>ccKRES: Dnevnik (1997-03-12)</title>
            <funder>Operacijo delno financira Evropska unija iz Evropskega socialnega sklada ter Ministrstvo za šolstvo in šport. Operacija se izvaja v okviru Operativnega programa razvoja človeških virov za obdobje 2007-2013, razvojne prioritete: razvoj človeških virov in vseživljenjskega učenja; prednostne usmeritve: izboljšanje kakovosti in učinkovitosti sistemov izobraževanja in usposabljanja 2007-2013.</funder>
         </titleStmt>
         <editionStmt>
            <edition>1.0</edition>
         </editionStmt>
         <extent>94 besed</extent>
         <publicationStmt>
            <idno>A0003541</idno>
            <availability status="free">
               <p xml:lang="sl">Avtorske pravice za to izdajo ureja licenca <ref target="http://creativecommons.org/licenses/by-nc/2.5/si/">Creative Commons Priznanje avtorstva-Nekomercialno 2.5 Slovenija</ref>.</p>
               <p xml:lang="en">This work is licenced under the <ref target="http://creativecommons.org/licenses/by-nc/2.5/si/deed.en">Creative Commons Attribution-Noncommercial 2.5 Slovenia</ref>.</p>
            </availability>
            <date>2012-05-06</date>
         </publicationStmt>
         <sourceDesc>
            <bibl>
               <title>Dnevnik</title>
               <author n="???">neznani novinar</author>
               <date>1997-03-12</date>
               <publisher n="Dnevnik">Dnevnik</publisher>
               <note type="sourceLang">sl</note>
            </bibl>
         </sourceDesc>
      </fileDesc>
      <encodingDesc>
         <projectDesc>
            <p xml:lang="sl">Glej <ref target="http://www.korpus-kres.net/">www.korpus-kres.net</ref> oz. <ref target="http://nl.ijs.si/ssj/">nl.ijs.si/ssj</ref>.</p>
            <p xml:lang="en">See <ref target="http://www.korpus-kres.net/">www.korpus-kres.net</ref> or <ref target="http://nl.ijs.si/ssj/">nl.ijs.si/ssj</ref>.</p>
         </projectDesc>
         <samplingDecl>
            <p xml:lang="sl">
            Besedila in odstavki v korpusu KRES so bili vzorčeni iz
            Gigafide tako, da smo dobili 100-milijonski referenčni
            korpus, v katerem so besedila uravnotežena po vnaprej
            določenih taksonomskih deležih in po podatkih o branosti
            vira (časopisi, revije, novičarski portali).  Korpus
            ccKRES nato, z namenom, da je lahko dostopen po licenci CC,
            vsebuje 10 % naključno vzorčenih odstavkov besedil iz
            korpusa KRES, torej 10 milijonov besed.
	    Več o sestavi korpusa lahko preberete na 
            <ref target="http://www.korpus-kres.net/">www.korpus-kres.net</ref> oz.
            <ref target="http://nl.ijs.si/ssj/">nl.ijs.si/ssj</ref>.
	  </p>
            <p xml:lang="en">
            Texts and paragraphs in the KRES corpus have been sampled from the 
	    Gigafida corpus. The result of the sampling is a 100-million-word 
	    reference corpus. The texts in KRES are balanced according to the 
	    predetermined categories, with particular consideration being paid to 
	    the data on the popularity of the source (newspapers, magazines, 
	    Internet news sites). 
	    To enable free (CC) distribution of the corpus, the ccKRES corpus contains 
	    10% of randomly sampled paragraphs from KRES, i.e. contains 10 million words.
	    For more information about the contents of the corpus, 
	    see <ref target="http://www.korpus-kres.net/">www.korpus-kres.net</ref>
	    and <ref target="http://nl.ijs.si/ssj/">nl.ijs.si/ssj</ref>.
	  </p>
         </samplingDecl>
         <tagsDecl>
            <namespace name="http://www.tei-c.org/ns/1.0">
               <tagUsage gi="p" occurs="2"/>
               <tagUsage gi="s" occurs="5"/>
               <tagUsage gi="w" occurs="94"/>
               <tagUsage gi="S" occurs="94"/>
               <tagUsage gi="c" occurs="23"/>
            </namespace>
         </tagsDecl>
         <classDecl>
            <taxonomy xml:id="SSJ">
               <category xml:id="SSJ.T">
                  <catDesc>tisk</catDesc>
                  <category xml:id="SSJ.T.K">
                     <catDesc>knjižno</catDesc>
                     <category xml:id="SSJ.T.K.L">
                        <catDesc>leposlovno</catDesc>
                     </category>
                     <category xml:id="SSJ.T.K.S">
                        <catDesc>strokovno</catDesc>
                     </category>
                  </category>
                  <category xml:id="SSJ.T.P">
                     <catDesc>periodično</catDesc>
                     <category xml:id="SSJ.T.P.C">
                        <catDesc>časopis</catDesc>
                     </category>
                     <category xml:id="SSJ.T.P.R">
                        <catDesc>revija</catDesc>
                     </category>
                  </category>
                  <category xml:id="SSJ.T.D">
                     <catDesc>drugo</catDesc>
                  </category>
               </category>
               <category xml:id="SSJ.I">
                  <catDesc>internet</catDesc>
               </category>
            </taxonomy>
         </classDecl>
      </encodingDesc>
      <profileDesc>
         <textClass>
            <catRef target="#SSJ.T.P.C"/>
         </textClass>
      </profileDesc>
   </teiHeader>
   <text xml:id="F0000953." xml:lang="sl">
      <body>
         <p xml:id="F0000953.001376">
            <s>
               <c>"</c>
               <w msd="Gp-spe-d" lemma="biti">Nisem</w>
               <S/>
               <w msd="Zk-zer" lemma="tisti">tiste</w>
               <S/>
               <w msd="Sozer" lemma="vrsta">vrste</w>
               <S/>
               <w msd="Sommr" lemma="športnik">športnikov</w>
               <c>,</c>
               <S/>
               <w msd="Vd" lemma="ki">ki</w>
               <S/>
               <w msd="Gp-g" lemma="biti">bi</w>
               <S/>
               <w msd="Rsn" lemma="rad">radi</w>
               <S/>
               <w msd="Ggnd-mm" lemma="biti">bili</w>
               <S/>
               <w msd="Dm" lemma="na">na</w>
               <S/>
               <w msd="Rsn" lemma="čim">čim</w>
               <S/>
               <w msd="Rsr" lemma="več">več</w>
               <S/>
               <w msd="Sosmm" lemma="tekmovanje">tekmovanjih</w>
               <c>,</c>
               <S/>
               <w msd="Vd" lemma="da">da</w>
               <S/>
               <w msd="Gp-g" lemma="biti">bi</w>
               <S/>
               <w msd="Ggdd-mm" lemma="dobiti">dobili</w>
               <S/>
               <w msd="Dr" lemma="od">od</w>
               <S/>
               <w msd="Sommr" lemma="organizator">organizatorjev</w>
               <S/>
               <w msd="Rsn" lemma="čim">čim</w>
               <S/>
               <w msd="Rsr" lemma="več">več</w>
               <S/>
               <w msd="Somer" lemma="denar">denarja</w>
               <c>.</c>
               <S/>
            </s>
            <s>
               <w msd="L" lemma="tudi">Tudi</w>
               <S/>
               <w msd="Dm" lemma="v">v</w>
               <S/>
               <w msd="Ppnzem" lemma="zadnji">zadnji</w>
               <S/>
               <w msd="Sozem" lemma="sezona">sezoni</w>
               <S/>
               <w msd="Gp-g" lemma="biti">bi</w>
               <S/>
               <w msd="Rsn" lemma="rad">rad</w>
               <S/>
               <w msd="Gp-d-em" lemma="biti">bil</w>
               <S/>
               <w msd="Ppnmein" lemma="konkurenčen">konkurenčen</w>
               <S/>
               <w msd="Vp" lemma="in">in</w>
               <S/>
               <w msd="Ggnspe" lemma="upati">upam</w>
               <c>,</c>
               <S/>
               <w msd="Vd" lemma="da">da</w>
               <S/>
               <w msd="Zop-ed--k" lemma="jaz">mi</w>
               <S/>
               <w msd="Gp-pte-n" lemma="biti">bo</w>
               <S/>
               <w msd="Ggdd-es" lemma="uspeti">uspelo</w>
               <c>.</c>
               <S/>
            </s>
            <s>
               <w msd="L" lemma="sicer">Sicer</w>
               <S/>
               <w msd="Vp" lemma="pa">pa</w>
               <S/>
               <w msd="Gp-ste-n" lemma="biti">je</w>
               <S/>
               <w msd="Sozei" lemma="preteklost">preteklost</w>
               <S/>
               <w msd="Ggdd-ez" lemma="pokazati">pokazala</w>
               <c>,</c>
               <S/>
               <w msd="Vd" lemma="da">da</w>
               <S/>
               <w msd="Dm" lemma="v">v</w>
               <S/>
               <w msd="Ppnsmm" lemma="poolimpijski">poolimpijskih</w>
               <S/>
               <w msd="Sosmm" lemma="leto">letih</w>
               <S/>
               <w msd="Rsn" lemma="nikoli">nikoli</w>
               <S/>
               <w msd="Gp-spe-d" lemma="biti">nisem</w>
               <S/>
               <w msd="Gp-d-em" lemma="biti">bil</w>
               <S/>
               <w msd="Dm" lemma="v">v</w>
               <S/>
               <w msd="Sozem" lemma="forma">formi</w>
               <S/>
               <w msd="Dt" lemma="za">za</w>
               <S/>
               <w msd="Ppnmmt" lemma="svetoven">svetovne</w>
               <S/>
               <w msd="Sommt" lemma="rekord">rekorde</w>
               <c>.</c>
               <c>"</c>
            </s>
         </p>
         <p xml:id="F0000953.001541">
            <s>
               <c>"</c>
               <w msd="Ggdd-em" lemma="napisati">Napisal</w>
               <S/>
               <w msd="Gp-ppe-n" lemma="biti">bom</w>
               <S/>
               <w msd="Sometn" lemma="katalog">katalog</w>
               <S/>
               <w msd="Vp" lemma="in">in</w>
               <S/>
               <w msd="L" lemma="tudi">tudi</w>
               <S/>
               <w msd="Somei" lemma="uvod">uvod</w>
               <S/>
               <w msd="Gp-ppe-n" lemma="biti">bom</w>
               <S/>
               <w msd="Ggdd-em" lemma="napisati">napisal</w>
               <c>,</c>
               <S/>
               <w msd="Somei" lemma="general">general</w>
               <c>.</c>
               <S/>
            </s>
            <s>
               <w msd="Vd" lemma="ko">Ko</w>
               <S/>
               <w msd="Gp-ppe-n" lemma="biti">bom</w>
               <S/>
               <w msd="Ggdd-em" lemma="priti">prišel</w>
               <S/>
               <w msd="Dr" lemma="do">do</w>
               <S/>
               <w msd="Somer" lemma="sir">sira</w>
               <S/>
               <w msd="Slmer" lemma="Roderick">Rodericka</w>
               <c>,</c>
               <S/>
               <w msd="Gp-ppe-n" lemma="biti">bom</w>
               <S/>
               <w msd="Ggdd-em" lemma="dejati">dejal</w>
               <S/>
               <w msd="Rsn" lemma="takole">takole</w>
               <c>:</c>
               <S/>
               <c>-</c>
               <S/>
               <w msd="Gp-ste-d" lemma="biti">Ni</w>
               <S/>
               <w msd="Gp-d-em" lemma="biti">bil</w>
               <S/>
               <w msd="L" lemma="samo">samo</w>
               <S/>
               <w msd="Somei" lemma="norec">norec</w>
               <c>,</c>
               <S/>
               <w msd="Vd" lemma="ki">ki</w>
               <S/>
               <w msd="Gp-ste-n" lemma="biti">je</w>
               <S/>
               <w msd="Ggdd-em" lemma="dovoliti">dovolil</w>
               <c>,</c>
               <S/>
               <w msd="Vd" lemma="da">da</w>
               <S/>
               <w msd="Gp-stm-n" lemma="biti">so</w>
               <S/>
               <w msd="Zotmed--k" lemma="on">mu</w>
               <S/>
               <w msd="Dm" lemma="po">po</w>
               <S/>
               <w msd="Ppnsem" lemma="neumen">neumnem</w>
               <S/>
               <w msd="Ggdd-mm" lemma="poklati">poklali</w>
               <S/>
               <w msd="Sommt" lemma="vojak">vojake</w>
               <c>,</c>
               <S/>
               <w msd="Vp" lemma="temveč">temveč</w>
               <S/>
               <w msd="Gp-ste-n" lemma="biti">je</w>
               <S/>
               <w msd="Gp-d-em" lemma="biti">bil</w>
               <S/>
               <w msd="L" lemma="tudi">tudi</w>
               <S/>
               <w msd="Somei" lemma="strahopetec">strahopetec</w>
               <c>,</c>
               <S/>
               <w msd="Vd" lemma="ker">ker</w>
               <S/>
               <w msd="Gp-ste-n" lemma="biti">je</w>
               <S/>
               <w msd="Ggnd-em" lemma="poskušati">poskušal</w>
               <S/>
               <w msd="Ggdn" lemma="zapustiti">zapustiti</w>
               <S/>
               <w msd="Zp-set" lemma="svoj">svoje</w>
               <S/>
               <w msd="Sommt" lemma="soborec">soborce</w>
               <c>.</c>
               <c>.</c>
               <c>.</c>
               <S/>
               <c>"</c>
            </s>
         </p>
      </body>
   </text>
</TEI>