<?xml version="1.0" encoding="UTF-8"?>
<TEI xmlns="http://www.tei-c.org/ns/1.0" xml:id="F0002239" xml:lang="sl">
   <teiHeader>
      <fileDesc>
         <titleStmt>
            <title>ccKRES: Gea (2005-01)</title>
            <funder>Operacijo delno financira Evropska unija iz Evropskega socialnega sklada ter Ministrstvo za šolstvo in šport. Operacija se izvaja v okviru Operativnega programa razvoja človeških virov za obdobje 2007-2013, razvojne prioritete: razvoj človeških virov in vseživljenjskega učenja; prednostne usmeritve: izboljšanje kakovosti in učinkovitosti sistemov izobraževanja in usposabljanja 2007-2013.</funder>
         </titleStmt>
         <editionStmt>
            <edition>1.0</edition>
         </editionStmt>
         <extent>622 besed</extent>
         <publicationStmt>
            <idno>gea1_05</idno>
            <availability status="free">
               <p xml:lang="sl">Avtorske pravice za to izdajo ureja licenca <ref target="http://creativecommons.org/licenses/by-nc/2.5/si/">Creative Commons Priznanje avtorstva-Nekomercialno 2.5 Slovenija</ref>.</p>
               <p xml:lang="en">This work is licenced under the <ref target="http://creativecommons.org/licenses/by-nc/2.5/si/deed.en">Creative Commons Attribution-Noncommercial 2.5 Slovenia</ref>.</p>
            </availability>
            <date>2012-05-06</date>
         </publicationStmt>
         <sourceDesc>
            <bibl>
               <title>Gea</title>
               <author n="???">neznani novinar</author>
               <date>2005-01</date>
               <publisher n="drugo">Mladinska knjiga Založba</publisher>
               <note type="sourceLang">sl</note>
            </bibl>
         </sourceDesc>
      </fileDesc>
      <encodingDesc>
         <projectDesc>
            <p xml:lang="sl">Glej <ref target="http://www.korpus-kres.net/">www.korpus-kres.net</ref> oz. <ref target="http://nl.ijs.si/ssj/">nl.ijs.si/ssj</ref>.</p>
            <p xml:lang="en">See <ref target="http://www.korpus-kres.net/">www.korpus-kres.net</ref> or <ref target="http://nl.ijs.si/ssj/">nl.ijs.si/ssj</ref>.</p>
         </projectDesc>
         <samplingDecl>
            <p xml:lang="sl">
            Besedila in odstavki v korpusu KRES so bili vzorčeni iz
            Gigafide tako, da smo dobili 100-milijonski referenčni
            korpus, v katerem so besedila uravnotežena po vnaprej
            določenih taksonomskih deležih in po podatkih o branosti
            vira (časopisi, revije, novičarski portali).  Korpus
            ccKRES nato, z namenom, da je lahko dostopen po licenci CC,
            vsebuje 10 % naključno vzorčenih odstavkov besedil iz
            korpusa KRES, torej 10 milijonov besed.
	    Več o sestavi korpusa lahko preberete na 
            <ref target="http://www.korpus-kres.net/">www.korpus-kres.net</ref> oz.
            <ref target="http://nl.ijs.si/ssj/">nl.ijs.si/ssj</ref>.
	  </p>
            <p xml:lang="en">
            Texts and paragraphs in the KRES corpus have been sampled from the 
	    Gigafida corpus. The result of the sampling is a 100-million-word 
	    reference corpus. The texts in KRES are balanced according to the 
	    predetermined categories, with particular consideration being paid to 
	    the data on the popularity of the source (newspapers, magazines, 
	    Internet news sites). 
	    To enable free (CC) distribution of the corpus, the ccKRES corpus contains 
	    10% of randomly sampled paragraphs from KRES, i.e. contains 10 million words.
	    For more information about the contents of the corpus, 
	    see <ref target="http://www.korpus-kres.net/">www.korpus-kres.net</ref>
	    and <ref target="http://nl.ijs.si/ssj/">nl.ijs.si/ssj</ref>.
	  </p>
         </samplingDecl>
         <tagsDecl>
            <namespace name="http://www.tei-c.org/ns/1.0">
               <tagUsage gi="p" occurs="17"/>
               <tagUsage gi="s" occurs="41"/>
               <tagUsage gi="S" occurs="609"/>
               <tagUsage gi="w" occurs="622"/>
               <tagUsage gi="c" occurs="89"/>
            </namespace>
         </tagsDecl>
         <classDecl>
            <taxonomy xml:id="SSJ">
               <category xml:id="SSJ.T">
                  <catDesc>tisk</catDesc>
                  <category xml:id="SSJ.T.K">
                     <catDesc>knjižno</catDesc>
                     <category xml:id="SSJ.T.K.L">
                        <catDesc>leposlovno</catDesc>
                     </category>
                     <category xml:id="SSJ.T.K.S">
                        <catDesc>strokovno</catDesc>
                     </category>
                  </category>
                  <category xml:id="SSJ.T.P">
                     <catDesc>periodično</catDesc>
                     <category xml:id="SSJ.T.P.C">
                        <catDesc>časopis</catDesc>
                     </category>
                     <category xml:id="SSJ.T.P.R">
                        <catDesc>revija</catDesc>
                     </category>
                  </category>
                  <category xml:id="SSJ.T.D">
                     <catDesc>drugo</catDesc>
                  </category>
               </category>
               <category xml:id="SSJ.I">
                  <catDesc>internet</catDesc>
               </category>
            </taxonomy>
         </classDecl>
      </encodingDesc>
      <profileDesc>
         <textClass>
            <catRef target="#SSJ.T.P.R"/>
         </textClass>
      </profileDesc>
   </teiHeader>
   <text xml:id="F0002239." xml:lang="sl">
      <body>
         <p xml:id="F0002239.000135">
            <s>
               <w msd="Somei" lemma="zmrzovalnik">Zmrzovalnik</w>
            </s>
         </p>
         <p xml:id="F0002239.000147">
            <s>
               <w msd="Dt" lemma="za">za</w>
               <S/>
               <w msd="Ppnzet" lemma="dodaten">dodatno</w>
               <S/>
               <w msd="Sozet" lemma="osvetlitev">osvetlitev</w>
               <S/>
               <w msd="Vp" lemma="in">in</w>
               <S/>
               <w msd="Ppnzet" lemma="delen">delno</w>
               <S/>
               <w msd="Sozet" lemma="zamrznitev">zamrznitev</w>
               <S/>
               <w msd="Somer" lemma="udarec">udarca</w>
               <S/>
               <w msd="L" lemma="še">še</w>
               <S/>
               <w msd="Sozei" lemma="bliskavica">bliskavica</w>
               <S/>
               <c>-</c>
               <w msd="Kag" lemma="11">11</w>
               <c>/</c>
               <w msd="Kag" lemma="3">3</w>
               <S/>
               <w msd="Sozmt" lemma="stopnja">stopnje</w>
            </s>
         </p>
         <p xml:id="F0002239.000185">
            <s>
               <w msd="Kav" lemma="16.">16.</w>
               <S/>
               <w msd="Kag" lemma="1">1</w>
               <c>.</c>
               <S/>
            </s>
            <s>
               <w msd="Somei" lemma="PD">PD</w>
               <S/>
               <w msd="Slzei" lemma="Blagovica">Blagovica</w>
               <S/>
               <w msd="Ggnste" lemma="prirejati">prireja</w>
               <S/>
               <w msd="Ppnmeid" lemma="tradicionalen">tradicionalni</w>
               <S/>
               <w msd="Ppnmetd" lemma="zimski">zimski</w>
               <S/>
               <w msd="Somei" lemma="pohod">pohod</w>
               <S/>
               <w msd="Slmei" lemma="Golčajšpilk">GolčajŠpilk</w>
               <c>.</c>
               <S/>
            </s>
            <s>
               <w msd="Kag" lemma="041">041</w>
               <S/>
               <w msd="Kag" lemma="710">710</w>
               <S/>
               <w msd="Kag" lemma="681">681</w>
            </s>
         </p>
         <p xml:id="F0002239.000261">
            <s>
               <w msd="Somei" lemma="kachchh">Kachchh</w>
               <S/>
               <w msd="Gp-ste-n" lemma="biti">je</w>
               <S/>
               <w msd="Ppsmeid" lemma="zahoden">najzahodnejši</w>
               <S/>
               <w msd="Somei" lemma="del">del</w>
               <S/>
               <w msd="Ppnzer" lemma="zvezen">zvezne</w>
               <S/>
               <w msd="Sozer" lemma="država">države</w>
               <S/>
               <w msd="Slmei" lemma="Gudžarat">Gudžarat</w>
               <S/>
               <w msd="Vp" lemma="in">in</w>
               <S/>
               <w msd="Rsn" lemma="tako">tako</w>
               <S/>
               <w msd="L" lemma="tudi">tudi</w>
               <S/>
               <w msd="Zc-zmi" lemma="ves">vse</w>
               <S/>
               <w msd="Slzer" lemma="Indija">Indije</w>
               <c>.</c>
               <S/>
            </s>
            <s>
               <w msd="Rsn" lemma="geografsko">Geografsko</w>
               <S/>
               <w msd="Gp-ste-n" lemma="biti">je</w>
               <S/>
               <w msd="Rsn" lemma="izjemno">izjemno</w>
               <S/>
               <w msd="Pdnsei" lemma="izoliran">izolirano</w>
               <S/>
               <w msd="Soset" lemma="območje">območje</w>
               <c>.</c>
               <S/>
            </s>
            <s>
               <w msd="Dm" lemma="na">Na</w>
               <S/>
               <w msd="Somem" lemma="zahod">zahodu</w>
               <S/>
               <w msd="Vp" lemma="in">in</w>
               <S/>
               <w msd="Somem" lemma="jug">jugu</w>
               <S/>
               <w msd="Zotmet--k" lemma="on">ga</w>
               <S/>
               <w msd="Ggnste" lemma="obdajati">obdaja</w>
               <S/>
               <w msd="Ppnmeid" lemma="indijski">Indijski</w>
               <S/>
               <w msd="Somei" lemma="ocean">ocean</w>
               <c>,</c>
               <S/>
               <w msd="Dm" lemma="na">na</w>
               <S/>
               <w msd="Somem" lemma="sever">severu</w>
               <S/>
               <w msd="Rsn" lemma="veliko">veliko</w>
               <S/>
               <w msd="Vp" lemma="in">in</w>
               <S/>
               <w msd="L" lemma="skorajda">skorajda</w>
               <S/>
               <w msd="Ppnsei" lemma="neprehoden">neprehodno</w>
               <S/>
               <w msd="Sosei" lemma="območje">območje</w>
               <S/>
               <w msd="Ppnzer" lemma="slan">slane</w>
               <S/>
               <w msd="Sozer" lemma="puščava">puščave</w>
               <c>,</c>
               <S/>
               <w msd="Vd" lemma="kjer">kjer</w>
               <S/>
               <w msd="Gp-ste-n" lemma="biti">je</w>
               <S/>
               <w msd="Gp-d-es" lemma="biti">bilo</w>
               <S/>
               <w msd="Rsn" lemma="nekdaj">nekdaj</w>
               <S/>
               <w msd="Sosei" lemma="morje">morje</w>
               <S/>
               <c>(</c>
               <w msd="Slmei" lemma="Great">Great</w>
               <S/>
               <w msd="Slmei" lemma="Rann">Rann</w>
               <S/>
               <w msd="N" lemma="of">of</w>
               <S/>
               <w msd="N" lemma="kachchh">Kachchh</w>
               <c>)</c>
               <c>,</c>
               <S/>
               <w msd="Vd" lemma="ki">ki</w>
               <S/>
               <w msd="Zp------k" lemma="se">se</w>
               <S/>
               <w msd="Rsn" lemma="potem">potem</w>
               <S/>
               <w msd="Ggnste" lemma="nadaljevati">nadaljuje</w>
               <S/>
               <w msd="Dt" lemma="v">v</w>
               <S/>
               <w msd="Ppnzet" lemma="pakistanski">pakistansko</w>
               <S/>
               <w msd="Sozet" lemma="provinca">provinco</w>
               <S/>
               <w msd="Slmei" lemma="Sind">Sind</w>
               <c>,</c>
               <S/>
               <w msd="Dm" lemma="na">na</w>
               <S/>
               <w msd="Somem" lemma="vzhod">vzhodu</w>
               <S/>
               <w msd="Vp" lemma="pa">pa</w>
               <S/>
               <w msd="Zotmet--k" lemma="on">ga</w>
               <S/>
               <w msd="Ggnste" lemma="obdajati">obdaja</w>
               <S/>
               <w msd="L" lemma="še">še</w>
               <S/>
               <w msd="Kbzmet" lemma="en">en</w>
               <S/>
               <w msd="Slmei" lemma="Rann">Rann</w>
               <c>,</c>
               <S/>
               <w msd="L" lemma="prav">prav</w>
               <S/>
               <w msd="Rsn" lemma="tako">tako</w>
               <S/>
               <w msd="Rsn" lemma="nekoč">nekoč</w>
               <S/>
               <w msd="Soset" lemma="morje">morje</w>
               <c>,</c>
               <S/>
               <w msd="Rsn" lemma="danes">danes</w>
               <S/>
               <w msd="Vp" lemma="pa">pa</w>
               <S/>
               <w msd="Ppnsei" lemma="močvirski">močvirsko</w>
               <S/>
               <w msd="Ppnsei" lemma="slan">slano</w>
               <S/>
               <w msd="Sosei" lemma="območje">območje</w>
               <S/>
               <c>(</c>
               <w msd="Slmei" lemma="Little">Little</w>
               <S/>
               <w msd="Slmei" lemma="Rann">Rann</w>
               <S/>
               <w msd="N" lemma="of">of</w>
               <S/>
               <w msd="N" lemma="kachchh">Kachchh</w>
               <c>)</c>
               <c>.</c>
               <S/>
            </s>
            <s>
               <w msd="Do" lemma="z">S</w>
               <S/>
               <w msd="Pdnseo" lemma="preostal">preostalim</w>
               <S/>
               <w msd="Soseo" lemma="delo">delom</w>
               <S/>
               <w msd="Sozer" lemma="država">države</w>
               <S/>
               <w msd="Gp-ste-n" lemma="biti">je</w>
               <S/>
               <w msd="Rsn" lemma="kachchh">Kachchh</w>
               <S/>
               <w msd="Pdnmein" lemma="povezan">povezan</w>
               <S/>
               <w msd="L" lemma="le">le</w>
               <S/>
               <w msd="Do" lemma="z">z</w>
               <S/>
               <w msd="Rsn" lemma="nekaj">nekaj</w>
               <S/>
               <w msd="Sommr" lemma="kilometer">kilometrov</w>
               <S/>
               <w msd="Ppnmeo" lemma="dolg">dolgim</w>
               <S/>
               <w msd="Someo" lemma="most">mostom</w>
               <S/>
               <w msd="Dt" lemma="čez">čez</w>
               <S/>
               <w msd="Slzet" lemma="mali">mali</w>
               <S/>
               <w msd="Slmei" lemma="Rann">Rann</w>
               <c>.</c>
               <S/>
            </s>
            <s>
               <w msd="Zk-sei" lemma="ta">To</w>
               <S/>
               <w msd="Ppnsei" lemma="slan">slano</w>
               <S/>
               <w msd="Sosei" lemma="močvirje">močvirje</w>
               <c>,</c>
               <S/>
               <w msd="Vd" lemma="ki">ki</w>
               <S/>
               <w msd="Zp------k" lemma="se">se</w>
               <S/>
               <w msd="Rsr" lemma="izdatno">izdatneje</w>
               <S/>
               <w msd="Ggdste" lemma="napolniti">napolni</w>
               <S/>
               <w msd="Do" lemma="z">z</w>
               <S/>
               <w msd="Sozeo" lemma="voda">vodo</w>
               <S/>
               <w msd="L" lemma="le">le</w>
               <S/>
               <w msd="Dm" lemma="ob">ob</w>
               <S/>
               <w msd="Ppnsem" lemma="monsunski">monsunskem</w>
               <S/>
               <w msd="Sosem" lemma="deževje">deževju</w>
               <S/>
               <w msd="Vp" lemma="in">in</w>
               <S/>
               <w msd="Gp-ste-n" lemma="biti">je</w>
               <S/>
               <w msd="Dt" lemma="za">za</w>
               <S/>
               <w msd="Sommt" lemma="človek">ljudi</w>
               <S/>
               <w msd="Rsn" lemma="popolnoma">popolnoma</w>
               <S/>
               <w msd="Rsn" lemma="neprehodno">neprehodno</w>
               <S/>
               <w msd="Vp" lemma="in">in</w>
               <S/>
               <w msd="Rsn" lemma="neprimerno">neprimerno</w>
               <S/>
               <w msd="Dt" lemma="za">za</w>
               <S/>
               <w msd="Sozet" lemma="poselitev">poselitev</w>
               <c>,</c>
               <S/>
               <w msd="Gp-ste-n" lemma="biti">je</w>
               <S/>
               <w msd="Ppnmein" lemma="odličen">odličen</w>
               <S/>
               <w msd="Somei" lemma="kraj">kraj</w>
               <S/>
               <w msd="Dt" lemma="za">za</w>
               <S/>
               <w msd="Sommt" lemma="ljubitelj">ljubitelje</w>
               <S/>
               <w msd="Ppnzmr" lemma="divji">divjih</w>
               <S/>
               <w msd="Sozmr" lemma="žival">živali</w>
               <c>,</c>
               <S/>
               <w msd="Vp" lemma="saj">saj</w>
               <S/>
               <w msd="Dr" lemma="zaradi">zaradi</w>
               <S/>
               <w msd="Ppnmer" lemma="poseben">posebnega</w>
               <S/>
               <w msd="Somer" lemma="ekosistem">ekosistema</w>
               <S/>
               <w msd="Rsn" lemma="tu">tu</w>
               <S/>
               <w msd="Ggnstm" lemma="živeti">živijo</w>
               <S/>
               <w msd="Ppnzmi" lemma="številen">številne</w>
               <S/>
               <w msd="Ppnzmi" lemma="endemičen">endemične</w>
               <S/>
               <w msd="Ppnzmt" lemma="živalski">živalske</w>
               <S/>
               <w msd="Sozer" lemma="vrsta">vrste</w>
               <c>.</c>
               <S/>
            </s>
            <s>
               <w msd="L" lemma="še">Še</w>
               <S/>
               <w msd="Rsn" lemma="posebej">posebej</w>
               <S/>
               <w msd="Ppnmein" lemma="bogat">bogat</w>
               <S/>
               <w msd="Gp-ste-n" lemma="biti">je</w>
               <S/>
               <w msd="Do" lemma="z">s</w>
               <S/>
               <w msd="Sozmo" lemma="ptica">pticami</w>
               <c>,</c>
               <S/>
               <w msd="L" lemma="predvsem">predvsem</w>
               <S/>
               <w msd="Sommi" lemma="plamenec">plamenci</w>
               <c>,</c>
               <S/>
               <w msd="Vp" lemma="in">in</w>
               <S/>
               <w msd="Ppnzmo" lemma="redek">redkimi</w>
               <S/>
               <w msd="Sozmo" lemma="vrsta">vrstami</w>
               <S/>
               <w msd="Sommr" lemma="sesalec">sesalcev</w>
               <c>.</c>
               <S/>
            </s>
            <s>
               <w msd="Sommi" lemma="prebivalec">Prebivalci</w>
               <S/>
               <w msd="Gp-stm-n" lemma="biti">so</w>
               <S/>
               <w msd="Ppnmmi" lemma="ponosen">ponosni</w>
               <S/>
               <w msd="Dt" lemma="na">na</w>
               <S/>
               <w msd="Rsn" lemma="izjemno">izjemno</w>
               <S/>
               <w msd="Rsn" lemma="redko">redko</w>
               <S/>
               <w msd="Vp" lemma="in">in</w>
               <S/>
               <w msd="Pdnzet" lemma="ogrožen">ogroženo</w>
               <S/>
               <w msd="Sozet" lemma="vrsta">vrsto</w>
               <S/>
               <w msd="Ppnmmr" lemma="divji">divjih</w>
               <S/>
               <w msd="Sommr" lemma="konj">konj</w>
               <c>,</c>
               <S/>
               <w msd="Vd" lemma="ki">ki</w>
               <S/>
               <w msd="Zotzmt--k" lemma="on">jih</w>
               <S/>
               <w msd="Gp-ste-n" lemma="biti">je</w>
               <S/>
               <w msd="Rsn" lemma="moč">moč</w>
               <S/>
               <w msd="Ggdn" lemma="opaziti">opaziti</w>
               <S/>
               <w msd="L" lemma="le">le</w>
               <S/>
               <w msd="Dm" lemma="v">v</w>
               <S/>
               <w msd="Ppnmem" lemma="mali">malem</w>
               <S/>
               <w msd="Somem" lemma="rann">Rannu</w>
               <c>.</c>
               <S/>
            </s>
            <s>
               <w msd="Vd" lemma="ko">Ko</w>
               <S/>
               <w msd="Dr" lemma="od">od</w>
               <S/>
               <w msd="Zk-mer" lemma="ta">tega</w>
               <S/>
               <w msd="Rsn" lemma="kar">kar</w>
               <S/>
               <w msd="Ppnmer" lemma="zajeten">zajetnega</w>
               <S/>
               <w msd="Somer" lemma="kos">kosa</w>
               <S/>
               <w msd="Sozer" lemma="zemlja">zemlje</w>
               <S/>
               <c>(</c>
               <w msd="Dt" lemma="za">za</w>
               <S/>
               <w msd="Kbgzdt" lemma="dva">dve</w>
               <S/>
               <w msd="Slzem" lemma="Slovenija">Sloveniji</w>
               <S/>
               <w msd="Zotmet--k" lemma="on">ga</w>
               <S/>
               <w msd="Gp-ste-n" lemma="biti">je</w>
               <c>)</c>
               <S/>
               <w msd="Ggdspm" lemma="odšteti">odštejemo</w>
               <S/>
               <w msd="Dt" lemma="za">za</w>
               <S/>
               <w msd="Sozet" lemma="poselitev">poselitev</w>
               <S/>
               <w msd="Rsn" lemma="popolnoma">popolnoma</w>
               <S/>
               <w msd="Ppnmmi" lemma="neprimeren">neprimerni</w>
               <S/>
               <w msd="Ppnmeid" lemma="slan">slani</w>
               <S/>
               <w msd="Sosmo" lemma="območje">območji</w>
               <S/>
               <w msd="Slmei" lemma="Rann">Rann</w>
               <c>,</c>
               <S/>
               <w msd="L" lemma="ne">ne</w>
               <S/>
               <w msd="Ggdste" lemma="ostati">ostane</w>
               <S/>
               <w msd="L" lemma="prav">prav</w>
               <S/>
               <w msd="Rsn" lemma="veliko">veliko</w>
               <c>.</c>
               <S/>
            </s>
            <s>
               <w msd="Vp" lemma="pa">Pa</w>
               <S/>
               <w msd="L" lemma="še">še</w>
               <S/>
               <w msd="Zk-sei" lemma="ta">to</w>
               <S/>
               <w msd="Gp-ste-n" lemma="biti">je</w>
               <S/>
               <w msd="Rsn" lemma="zelo">zelo</w>
               <S/>
               <w msd="Ppnzei" lemma="suh">suha</w>
               <S/>
               <w msd="Vp" lemma="in">in</w>
               <S/>
               <w msd="Ppnzei" lemma="pust">pusta</w>
               <S/>
               <w msd="Ppnzei" lemma="polpuščavski">polpuščavska</w>
               <S/>
               <w msd="Sozei" lemma="pokrajina">pokrajina</w>
               <c>,</c>
               <S/>
               <w msd="Vd" lemma="ki">ki</w>
               <S/>
               <w msd="Rsn" lemma="veliko">veliko</w>
               <S/>
               <w msd="Sozmt" lemma="možnost">možnosti</w>
               <S/>
               <w msd="Dt" lemma="za">za</w>
               <S/>
            </s>
         </p>
         <p xml:id="F0002239.000338">
            <s>
               <w msd="Sommi" lemma="mamutovec">Mamutovci</w>
               <S/>
               <w msd="L" lemma="tudi">tudi</w>
               <S/>
               <w msd="Dm" lemma="v">v</w>
               <S/>
               <w msd="Slzem" lemma="Slovenija">Sloveniji</w>
            </s>
         </p>
         <p xml:id="F0002239.000354">
            <s>
               <w msd="Sozei" lemma="gradnja">Gradnja</w>
               <S/>
               <w msd="Rsr" lemma="več">več</w>
               <S/>
               <w msd="Vd" lemma="kot">kot</w>
               <S/>
               <w msd="Kag" lemma="70">70</w>
               <S/>
               <w msd="Somei" lemma="km">km</w>
               <S/>
               <w msd="Ppnzer" lemma="dolg">dolge</w>
               <S/>
               <w msd="Sozer" lemma="cesta">ceste</w>
               <c>,</c>
               <S/>
               <w msd="Vd" lemma="ki">ki</w>
               <S/>
               <w msd="Gp-ste-n" lemma="biti">je</w>
               <S/>
               <w msd="Ggnd-ez" lemma="potekati">potekala</w>
               <S/>
               <w msd="Do" lemma="med">med</w>
               <S/>
               <w msd="Sosdo" lemma="leto">letoma</w>
               <S/>
               <w msd="Kag" lemma="1921">1921</w>
               <S/>
               <w msd="Vp" lemma="in">in</w>
               <S/>
               <w msd="Kag" lemma="1934">1934</w>
               <c>,</c>
               <S/>
               <w msd="Gp-ste-n" lemma="biti">je</w>
               <S/>
               <w msd="Gp-d-ez" lemma="biti">bila</w>
               <S/>
               <w msd="Rsn" lemma="tehnično">tehnično</w>
               <S/>
               <w msd="Ppnzei" lemma="zahteven">zahtevna</w>
               <c>,</c>
               <S/>
               <w msd="Ppnzei" lemma="drag">draga</w>
               <S/>
               <w msd="Vp" lemma="in">in</w>
               <S/>
               <w msd="Ppnzei" lemma="dolgotrajen">dolgotrajna</w>
               <c>;</c>
               <S/>
               <w msd="L" lemma="še">še</w>
               <S/>
               <w msd="Ggdd-ez" lemma="podaljšati">podaljšala</w>
               <S/>
               <w msd="Zp------k" lemma="se">se</w>
               <S/>
               <w msd="Gp-ste-n" lemma="biti">je</w>
               <S/>
               <w msd="Dr" lemma="zaradi">zaradi</w>
               <S/>
               <w msd="Ppnzer" lemma="gospodarski">gospodarske</w>
               <S/>
               <w msd="Sozer" lemma="kriza">krize</w>
               <c>,</c>
               <S/>
               <w msd="Vd" lemma="ki">ki</w>
               <S/>
               <w msd="Gp-ste-n" lemma="biti">je</w>
               <S/>
               <w msd="Ggdd-ez" lemma="izbruhniti">izbruhnila</w>
               <S/>
               <w msd="Do" lemma="med">med</w>
               <S/>
               <w msd="Zotzeo" lemma="on">njo</w>
               <c>.</c>
               <S/>
            </s>
            <s>
               <w msd="Dm" lemma="v">V</w>
               <S/>
               <w msd="Sommm" lemma="gozd">gozdovih</w>
               <c>,</c>
               <S/>
               <w msd="Vd" lemma="ki">ki</w>
               <S/>
               <w msd="Zotmmt--k" lemma="on">jih</w>
               <S/>
               <w msd="Sozei" lemma="cesta">cesta</w>
               <S/>
               <w msd="Ggnste" lemma="povezovati">povezuje</w>
               <c>,</c>
               <S/>
               <w msd="Rsn" lemma="takrat">takrat</w>
               <S/>
               <w msd="L" lemma="že">že</w>
               <S/>
               <w msd="Rsn" lemma="nekaj">nekaj</w>
               <S/>
               <w msd="Somer" lemma="čas">časa</w>
               <S/>
               <w msd="Gp-stm-d" lemma="biti">niso</w>
               <S/>
               <w msd="Rsr" lemma="več">več</w>
               <S/>
               <w msd="Ggnd-mm" lemma="sekati">sekali</w>
               <c>,</c>
               <S/>
               <w msd="Vp" lemma="zato">zato</w>
               <S/>
               <w msd="Gp-ste-n" lemma="biti">je</w>
               <S/>
               <w msd="Ppnsei" lemma="jasen">jasno</w>
               <c>,</c>
               <S/>
               <w msd="Vd" lemma="da">da</w>
               <S/>
               <w msd="Ppnmeid" lemma="glaven">glavni</w>
               <S/>
               <w msd="Somei" lemma="razlog">razlog</w>
               <S/>
               <w msd="Dt" lemma="za">za</w>
               <S/>
               <w msd="Sozet" lemma="gradnja">gradnjo</w>
               <S/>
               <w msd="Gp-ste-d" lemma="biti">ni</w>
               <S/>
               <w msd="Gp-d-em" lemma="biti">bil</w>
               <S/>
               <w msd="Ppnmeid" lemma="ekonomski">ekonomski</w>
               <S/>
               <w msd="Somei" lemma="učinek">učinek</w>
               <c>.</c>
               <S/>
            </s>
            <s>
               <w msd="Ggvd-es" lemma="iti">Šlo</w>
               <S/>
               <w msd="Gp-ste-n" lemma="biti">je</w>
               <S/>
               <w msd="L" lemma="pač">pač</w>
               <S/>
               <w msd="Dt" lemma="za">za</w>
               <S/>
               <w msd="Rsn" lemma="nacionalno">nacionalno</w>
               <S/>
               <w msd="Ppnmein" lemma="pomemben">pomemben</w>
               <S/>
               <w msd="Sometn" lemma="projekt">projekt</w>
               <c>,</c>
               <S/>
               <w msd="Vd" lemma="ki">ki</w>
               <S/>
               <w msd="Zotmet--k" lemma="on">ga</w>
               <S/>
               <w msd="Gp-ste-n" lemma="biti">je</w>
               <S/>
               <w msd="Gp-d-es" lemma="biti">bilo</w>
               <S/>
               <w msd="Rsn" lemma="treba">treba</w>
               <S/>
               <w msd="Dt" lemma="za">za</w>
               <S/>
               <w msd="Zc-zet" lemma="vsak">vsako</w>
               <S/>
               <w msd="Sozet" lemma="cena">ceno</w>
               <S/>
               <w msd="Ggdn" lemma="končati">končati</w>
               <c>.</c>
               <S/>
            </s>
            <s>
               <w msd="L" lemma="le">Le</w>
               <S/>
               <w msd="Zv-sei" lemma="kaj">kaj</w>
               <S/>
               <w msd="Gp-g" lemma="biti">bi</w>
               <S/>
               <w msd="Rsn" lemma="lahko">lahko</w>
               <S/>
               <w msd="Dm" lemma="v">v</w>
               <S/>
               <w msd="Ppnmmm" lemma="krizen">kriznih</w>
               <S/>
               <w msd="Sommm" lemma="čas">časih</w>
               <S/>
               <w msd="Rsn" lemma="narodno">narodno</w>
               <S/>
               <w msd="Sozet" lemma="zavest">zavest</w>
               <S/>
               <w msd="Slmmr" lemma="Američan">Američanov</w>
               <S/>
               <w msd="Vp" lemma="in">in</w>
               <S/>
               <w msd="Sozet" lemma="predstava">predstavo</w>
               <S/>
               <w msd="Dm" lemma="o">o</w>
               <S/>
               <w msd="Ppnzem" lemma="ameriški">ameriški</w>
               <S/>
               <w msd="Sozem" lemma="veličina">veličini</w>
               <S/>
               <w msd="Dm" lemma="v">v</w>
               <S/>
               <w msd="Somem" lemma="svet">svetu</w>
               <S/>
               <w msd="Rsr" lemma="bolj">bolj</w>
               <S/>
               <w msd="Ggdd-es" lemma="utrditi">utrdilo</w>
               <S/>
               <w msd="Vd" lemma="kot">kot</w>
               <S/>
               <w msd="Dt" lemma="za">za</w>
               <S/>
               <w msd="Zc-met" lemma="vsakdo">vsakogar</w>
               <S/>
               <w msd="Ppnmein" lemma="udoben">udoben</w>
               <S/>
               <w msd="Vp" lemma="in">in</w>
               <S/>
               <w msd="Ppnmein" lemma="hiter">hiter</w>
               <S/>
               <w msd="Sometn" lemma="dostop">dostop</w>
               <S/>
               <w msd="Dr" lemma="do">do</w>
               <S/>
               <w msd="Dm" lemma="v">v</w>
               <S/>
               <w msd="Kbzmmm" lemma="drug">drugih</w>
               <S/>
               <w msd="Sommm" lemma="del">delih</w>
               <S/>
               <w msd="Somer" lemma="svet">sveta</w>
               <S/>
               <w msd="Ppnmmr" lemma="nepredstavljiv">nepredstavljivih</w>
               <S/>
               <w msd="Sommr" lemma="orjak">orjakov</w>
               <S/>
               <w msd="Dm" lemma="v">v</w>
               <S/>
               <w msd="Sosem" lemma="osrčje">osrčju</w>
               <S/>
               <w msd="Kbzmer" lemma="drug">drugega</w>
               <S/>
               <w msd="Ppsmer" lemma="star">najstarejšega</w>
               <S/>
               <w msd="Ppnmer" lemma="naroden">narodnega</w>
               <S/>
               <w msd="Somer" lemma="park">parka</w>
               <S/>
               <w msd="Dm" lemma="v">v</w>
               <S/>
               <w msd="Slzmm" lemma="ZDA">ZDA</w>
               <c>,</c>
               <S/>
               <w msd="Pdnmer" lemma="ustanovljen">ustanovljenega</w>
               <S/>
               <w msd="L" lemma="že">že</w>
               <S/>
               <w msd="Soser" lemma="leto">leta</w>
               <S/>
               <w msd="Kag" lemma="1890">1890</w>
               <c>?</c>
               <S/>
            </s>
            <s>
               <w msd="Dt" lemma="v">V</w>
               <S/>
               <w msd="Sozet" lemma="zgodba">zgodbo</w>
               <S/>
               <w msd="Zp------k" lemma="se">se</w>
               <S/>
               <w msd="Rsn" lemma="lepo">lepo</w>
               <S/>
               <w msd="Ggnstd" lemma="vključevati">vključujeta</w>
               <S/>
               <w msd="L" lemma="tudi">tudi</w>
               <S/>
               <w msd="Sosmo" lemma="ime">imeni</w>
               <S/>
               <w msd="Ppsmmr" lemma="velik">največjih</w>
               <S/>
               <w msd="Sommr" lemma="mamutovec">mamutovcev</w>
               <c>.</c>
               <S/>
            </s>
            <s>
               <w msd="Ppssei" lemma="velik">Največje</w>
               <S/>
               <w msd="Sosei" lemma="drevo">drevo</w>
               <S/>
               <w msd="Dm" lemma="na">na</w>
               <S/>
               <w msd="Somem" lemma="svet">svetu</w>
               <c>,</c>
               <S/>
               <w msd="Slmei" lemma="general">general</w>
               <S/>
               <w msd="Slmei" lemma="Sherman">Sherman</w>
               <S/>
               <w msd="Gp-ste-n" lemma="biti">je</w>
               <S/>
               <w msd="Ggdd-es" lemma="dobiti">dobilo</w>
               <S/>
               <w msd="Sosei" lemma="ime">ime</w>
               <S/>
               <w msd="Dm" lemma="po">po</w>
               <S/>
               <w msd="Ppsmem" lemma="nasilen">najnasilnejšem</w>
               <S/>
               <w msd="Somem" lemma="general">generalu</w>
               <S/>
               <w msd="Dm" lemma="v">v</w>
               <S/>
               <w msd="Ppnzem" lemma="državljanski">državljanski</w>
               <S/>
               <w msd="Sozem" lemma="vojna">vojni</w>
               <S/>
               <w msd="Do" lemma="med">med</w>
               <S/>
               <w msd="Someo" lemma="sever">severom</w>
               <S/>
               <w msd="Vp" lemma="in">in</w>
               <S/>
               <w msd="Someo" lemma="jug">jugom</w>
               <c>,</c>
               <S/>
               <w msd="Kbzsei" lemma="drug">drugo</w>
               <S/>
               <w msd="Ppszer" lemma="velik">največje</w>
               <S/>
               <w msd="Vp" lemma="pa">pa</w>
               <S/>
               <w msd="Dm" lemma="po">po</w>
               <S/>
               <w msd="Somem" lemma="general">generalu</w>
               <S/>
               <w msd="Slmem" lemma="Grant">Grantu</w>
               <c>,</c>
               <S/>
               <w msd="Ppnmem" lemma="vrhoven">vrhovnem</w>
               <S/>
               <w msd="Somem" lemma="poveljnik">poveljniku</w>
               <S/>
               <w msd="Ppnzer" lemma="severnjaški">severnjaške</w>
               <S/>
               <w msd="Sozer" lemma="vojska">vojske</w>
               <S/>
               <w msd="Vp" lemma="in">in</w>
               <S/>
               <w msd="Rsr" lemma="pozno">pozneje</w>
               <S/>
               <w msd="Somed" lemma="predsednik">predsedniku</w>
               <S/>
               <w msd="Slzmr" lemma="ZDA">ZDA</w>
               <c>.</c>
               <S/>
            </s>
         </p>
         <p xml:id="F0002239.000365">
            <s>
               <c>(</c>
               <w msd="Sozei" lemma="opomba">OPOMBA</w>
               <c>:</c>
               <S/>
               <w msd="Ppnzei" lemma="majhen">majhna</w>
               <S/>
               <w msd="Sozei" lemma="fotka">fotka</w>
               <c>,</c>
               <S/>
               <w msd="Rsn" lemma="nekako">nekako</w>
               <S/>
               <w msd="Pdnzei" lemma="pridružen">pridružena</w>
               <S/>
               <w msd="Vp" lemma="ali">ali</w>
               <S/>
               <w msd="Vp" lemma="pa">pa</w>
               <S/>
               <w msd="Pdnzei" lemma="postavljen">postavljena</w>
               <S/>
               <w msd="Rsn" lemma="zelo">zelo</w>
               <S/>
               <w msd="Dr" lemma="blizu">blizu</w>
               <S/>
               <w msd="Sozed" lemma="fotka">fotki</w>
               <S/>
               <w msd="O" lemma="št.">št.</w>
               <S/>
               <w msd="Kag" lemma="2">2</w>
               <c>.</c>
               <S/>
            </s>
            <s>
               <w msd="Ppnzei" lemma="zgornji">Zgornja</w>
               <S/>
               <w msd="Sozei" lemma="tretjina">tretjina</w>
               <S/>
               <w msd="Zk-zer" lemma="ta">te</w>
               <S/>
               <w msd="Sozer" lemma="fotografija">fotografije</w>
               <S/>
               <w msd="Gp-ste-n" lemma="biti">je</w>
               <S/>
               <w msd="Rsn" lemma="lahko">lahko</w>
               <S/>
               <w msd="Pdnzei" lemma="odrezan">odrezana</w>
               <c>)</c>
               <S/>
            </s>
         </p>
         <p xml:id="F0002239.000396">
            <s>
               <w msd="Ggnste" lemma="priporočati">Priporoča</w>
               <S/>
               <w msd="Zp------k" lemma="se">se</w>
               <S/>
               <w msd="Sosei" lemma="cepljenje">cepljenje</w>
               <S/>
               <w msd="Dd" lemma="proti">proti</w>
               <S/>
               <w msd="Somed" lemma="hepatitis">hepatitisu</w>
               <S/>
               <w msd="Vp" lemma="a">A</w>
               <S/>
               <c>(</c>
               <w msd="Kbvmei" lemma="prvi">prvi</w>
               <S/>
               <w msd="Somei" lemma="odmerek">odmerek</w>
               <S/>
               <w msd="Kag" lemma="14">14</w>
               <S/>
               <w msd="Sommr" lemma="dan">dni</w>
               <S/>
               <w msd="Do" lemma="pred">pred</w>
               <S/>
               <w msd="Soseo" lemma="potovanje">potovanjem</w>
               <c>,</c>
               <S/>
               <w msd="Kbzmeid" lemma="drug">drugi</w>
               <S/>
               <w msd="Dt" lemma="čez">čez</w>
               <S/>
               <w msd="Kag" lemma="6">6</w>
               <c>-</c>
               <w msd="Kag" lemma="12">12</w>
               <S/>
               <w msd="Sommr" lemma="mesec">mesecev</w>
               <c>.</c>
               <S/>
            </s>
            <s>
               <w msd="Rsn" lemma="tako">Tako</w>
               <S/>
               <w msd="Pdnzei" lemma="pridobljen">pridobljena</w>
               <S/>
               <w msd="Sozei" lemma="imunost">imunost</w>
               <S/>
               <w msd="Ggnste" lemma="trajati">traja</w>
               <S/>
               <w msd="Dr" lemma="do">do</w>
               <S/>
               <w msd="Kag" lemma="20">20</w>
               <S/>
               <w msd="Sosmr" lemma="leto">let</w>
               <c>.</c>
               <c>)</c>
            </s>
         </p>
         <p xml:id="F0002239.000626">
            <s>
               <w msd="Somei" lemma="reaktor">reaktor</w>
               <S/>
               <w msd="Somei" lemma="prerez">prerez</w>
            </s>
         </p>
         <p xml:id="F0002239.000684">
            <s>
               <w msd="Kag" lemma="56">56</w>
            </s>
         </p>
         <p xml:id="F0002239.000710">
            <s>
               <w msd="Do" lemma="z">z</w>
               <S/>
               <w msd="Slzeo" lemma="gea">geo</w>
               <S/>
               <w msd="Dr" lemma="do">do</w>
               <S/>
               <w msd="Sozer" lemma="nagrada">nagrade</w>
            </s>
         </p>
         <p xml:id="F0002239.000764">
            <s>
               <w msd="Slmei" lemma="Boris">Boris</w>
            </s>
         </p>
         <p xml:id="F0002239.000822">
            <s>
               <w msd="Kav" lemma="2.">2.</w>
               <S/>
            </s>
            <s>
               <w msd="Somei" lemma="zemljevid">Zemljevid</w>
               <S/>
               <w msd="Soser" lemma="preseljevanje">preseljevanja</w>
               <S/>
               <w msd="Sosmr" lemma="ljudstvo">ljudstev</w>
               <S/>
               <w msd="Dm" lemma="v">v</w>
               <S/>
               <w msd="Kav" lemma="4.">4.</w>
               <S/>
               <w msd="Vp" lemma="in">in</w>
               <S/>
               <w msd="Kav" lemma="5.">5.</w>
               <S/>
               <w msd="Sosem" lemma="stoletje">stoletju</w>
               <S/>
               <w msd="Dr" lemma="iz">iz</w>
               <S/>
               <w msd="Ppnmer" lemma="osnovnošolski">osnovnošolskega</w>
               <S/>
               <w msd="Ppnmer" lemma="zemljepisen">zemljepisnega</w>
               <S/>
               <w msd="Somer" lemma="atlas">atlasa</w>
               <S/>
               <w msd="Dr" lemma="iz">iz</w>
               <S/>
               <w msd="Soser" lemma="leto">leta</w>
               <S/>
               <w msd="Kag" lemma="1978">1978</w>
               <c>.</c>
               <S/>
            </s>
            <s>
               <w msd="Somei" lemma="komentar">Komentar</w>
               <c>?</c>
               <S/>
            </s>
            <s>
               <w msd="Sozei" lemma="zgodovina">Zgodovina</w>
               <S/>
               <w msd="Sozer" lemma="zgodovina">zgodovine</w>
               <c>!</c>
            </s>
         </p>
         <p xml:id="F0002239.000866">
            <s>
               <w msd="Kag" lemma="1">1</w>
               <S/>
               <w msd="Dm" lemma="na">Na</w>
               <S/>
               <w msd="Sozem" lemma="pot">poti</w>
               <S/>
               <w msd="Dm" lemma="po">po</w>
               <S/>
               <w msd="Ppnmem" lemma="visok">visokem</w>
               <S/>
               <w msd="Ppnmem" lemma="skalen">skalnem</w>
               <S/>
               <w msd="Somem" lemma="rob">robu</w>
               <S/>
               <w msd="Rsn" lemma="tik">tik</w>
               <S/>
               <w msd="Do" lemma="nad">nad</w>
               <S/>
               <w msd="Soseo" lemma="morje">morjem</w>
               <S/>
               <w msd="Do" lemma="med">med</w>
               <S/>
               <w msd="Slmeo" lemma="Sesljan">Sesljanom</w>
               <S/>
               <w msd="Vp" lemma="in">in</w>
               <S/>
               <w msd="Slmeo" lemma="Devin">Devinom</w>
               <S/>
               <w msd="L" lemma="ne">ne</w>
               <S/>
               <w msd="Ggnste" lemma="manjkati">manjka</w>
               <S/>
               <w msd="Sommr" lemma="razlog">razlogov</w>
               <S/>
               <w msd="Dt" lemma="za">za</w>
               <S/>
               <w msd="Ppnmmt" lemma="poetičen">poetične</w>
               <S/>
               <w msd="Sommt" lemma="postanek">postanke</w>
               <S/>
               <w msd="Vp" lemma="in">in</w>
               <S/>
               <w msd="Ppnmmt" lemma="liričen">lirične</w>
               <S/>
               <w msd="Sommt" lemma="razgled">razglede</w>
               <c>.</c>
            </s>
         </p>
         <p xml:id="F0002239.000893">
            <s>
               <w msd="Sozmi" lemma="lopatica">Lopatice</w>
               <S/>
               <w msd="Sozmr" lemma="turbina">turbin</w>
               <S/>
               <w msd="Gp-stm-n" lemma="biti">so</w>
               <S/>
               <w msd="Dr" lemma="od">od</w>
               <S/>
               <w msd="Dr" lemma="blizu">blizu</w>
               <S/>
               <w msd="Ppnzer" lemma="pravi">prave</w>
               <S/>
               <w msd="Sozer" lemma="lepotica">lepotice</w>
               <S/>
               <w msd="Ppnzer" lemma="gladek">gladke</w>
               <S/>
               <w msd="Vp" lemma="in">in</w>
               <S/>
               <w msd="Rsn" lemma="skrbno">skrbno</w>
               <S/>
               <w msd="Pdnzmi" lemma="obdelan">obdelane</w>
               <S/>
               <w msd="Pdnzmt" lemma="upognjen">upognjene</w>
               <S/>
               <w msd="Sozmt" lemma="solzica">solzice</w>
               <c>,</c>
               <S/>
               <w msd="Vd" lemma="ki">ki</w>
               <S/>
               <w msd="Sommi" lemma="par">pari</w>
               <S/>
               <w msd="Rsn" lemma="postopoma">postopoma</w>
               <S/>
               <w msd="Ggnstm" lemma="krasti">kradejo</w>
               <S/>
               <w msd="Zstzetez" lemma="njen">njeno</w>
               <S/>
               <w msd="Sozet" lemma="energija">energijo</w>
               <c>.</c>
               <S/>
            </s>
         </p>
         <p xml:id="F0002239.000909">
            <s>
               <w msd="Soset" lemma="gorivo">Gorivo</w>
               <S/>
               <w msd="Dt" lemma="za">za</w>
               <S/>
               <w msd="Ppnmetd" lemma="tlačnovoden">tlačnovodni</w>
               <S/>
               <w msd="Ppnmetd" lemma="jedrski">jedrski</w>
               <S/>
               <w msd="Sometn" lemma="reaktor">reaktor</w>
               <S/>
               <w msd="Gp-stm-n" lemma="biti">so</w>
               <S/>
               <w msd="Vd" lemma="kot">kot</w>
               <S/>
               <w msd="Somei" lemma="mezinec">mezinec</w>
               <S/>
               <w msd="Ppnzer" lemma="debel">debele</w>
               <S/>
               <w msd="Pdnzer" lemma="sintran">sintrane</w>
               <S/>
               <w msd="Sozmi" lemma="tableta">tablete</w>
               <c>.</c>
               <S/>
            </s>
            <s>
               <w msd="Pdnzmi" lemma="nameščen">Nameščene</w>
               <S/>
               <w msd="Gp-stm-n" lemma="biti">so</w>
               <S/>
               <w msd="Dt" lemma="v">v</w>
               <S/>
               <w msd="Ppnzmi" lemma="neprepusten">neprepustne</w>
               <S/>
               <w msd="Ppnzer" lemma="jeklen">jeklene</w>
               <S/>
               <w msd="Sozer" lemma="cev">cevi</w>
               <S/>
               <c>-</c>
               <S/>
               <w msd="Ppnzer" lemma="goriven">gorivne</w>
               <S/>
               <w msd="Sozmt" lemma="palica">palice</w>
               <c>,</c>
               <S/>
               <w msd="Vd" lemma="ki">ki</w>
               <S/>
               <w msd="Ggdstm" lemma="preprečiti">preprečijo</w>
               <c>,</c>
               <S/>
               <w msd="Vd" lemma="da">da</w>
               <S/>
               <w msd="Gp-g" lemma="biti">bi</w>
               <S/>
               <w msd="Ppnzmi" lemma="nevaren">nevarne</w>
               <S/>
               <w msd="Ppnzmi" lemma="radioaktiven">radioaktivne</w>
               <S/>
               <w msd="Sozmi" lemma="snov">snovi</w>
               <S/>
               <w msd="Ggdd-mz" lemma="priti">prišle</w>
               <S/>
               <w msd="Dt" lemma="v">v</w>
               <S/>
               <w msd="Ppnmetn" lemma="neposreden">neposreden</w>
               <S/>
               <w msd="Sometn" lemma="stik">stik</w>
               <S/>
               <w msd="Do" lemma="z">z</w>
               <S/>
               <w msd="Sozeo" lemma="voda">vodo</w>
               <c>,</c>
               <S/>
               <w msd="Vd" lemma="ki">ki</w>
               <S/>
               <w msd="Ggnste" lemma="teči">teče</w>
               <S/>
               <w msd="Dt" lemma="skozi">skozi</w>
               <S/>
               <w msd="Sometn" lemma="reaktor">reaktor</w>
               <c>.</c>
               <S/>
            </s>
         </p>
         <p xml:id="F0002239.001024">
            <s>
               <w msd="Dm" lemma="pri">Pri</w>
               <S/>
               <w msd="Sosem" lemma="zapisovanje">zapisovanju</w>
               <S/>
               <w msd="Gp-ste-n" lemma="biti">je</w>
               <S/>
               <w msd="Rsn" lemma="zelo">zelo</w>
               <S/>
               <w msd="Ppnsei" lemma="pomemben">pomembno</w>
               <c>,</c>
               <S/>
               <w msd="Vd" lemma="da">da</w>
               <S/>
               <w msd="Dd" lemma="k">k</w>
               <S/>
               <w msd="Sozed" lemma="zgodba">zgodbi</w>
               <S/>
               <w msd="Ggdspm" lemma="pripisati">pripišemo</w>
               <S/>
               <w msd="Soset" lemma="ime">ime</w>
               <S/>
               <w msd="Vp" lemma="in">in</w>
               <S/>
               <w msd="Sometn" lemma="priimek">priimek</w>
               <S/>
               <w msd="Somer" lemma="pripovedovalec">pripovedovalca</w>
               <c>,</c>
               <S/>
               <w msd="Sosei" lemma="leto">leto</w>
               <S/>
               <w msd="Zstserem" lemma="njegov">njegovega</w>
               <S/>
               <w msd="Soser" lemma="rojstvo">rojstva</w>
               <c>,</c>
               <S/>
               <w msd="Somei" lemma="datum">datum</w>
               <c>,</c>
               <S/>
               <w msd="Rsn" lemma="kdaj">kdaj</w>
               <S/>
               <w msd="Gp-ste-n" lemma="biti">je</w>
               <S/>
               <w msd="Gp-d-ez" lemma="biti">bila</w>
               <S/>
               <w msd="Sozei" lemma="zgodba">zgodba</w>
               <S/>
               <w msd="Pdnzei" lemma="zapisan">zapisana</w>
               <c>,</c>
               <S/>
               <w msd="Vp" lemma="ter">ter</w>
               <S/>
               <w msd="L" lemma="seveda">seveda</w>
               <S/>
               <w msd="Soset" lemma="ime">ime</w>
               <S/>
               <w msd="Vp" lemma="in">in</w>
               <S/>
               <w msd="Somei" lemma="priimek">priimek</w>
               <S/>
               <w msd="Somer" lemma="zapisovalec">zapisovalca</w>
               <c>.</c>
               <S/>
            </s>
            <s>
               <w msd="Dm" lemma="po">Po</w>
               <S/>
               <w msd="Zk-mmm" lemma="ta">teh</w>
               <S/>
               <w msd="Sommm" lemma="podatek">podatkih</w>
               <S/>
               <w msd="Rsn" lemma="lahko">lahko</w>
               <S/>
               <w msd="Sommi" lemma="raziskovalec">raziskovalci</w>
               <S/>
               <w msd="L" lemma="tudi">tudi</w>
               <S/>
               <w msd="Dt" lemma="čez">čez</w>
               <S/>
               <w msd="Sometn" lemma="čas">čas</w>
               <S/>
               <w msd="Ggnstm" lemma="ugotavljati">ugotavljajo</w>
               <c>,</c>
               <S/>
               <w msd="Rsn" lemma="kdaj">kdaj</w>
               <S/>
               <w msd="Vp" lemma="in">in</w>
               <S/>
               <w msd="Rsn" lemma="kje">kje</w>
               <S/>
               <w msd="Gp-ste-n" lemma="biti">je</w>
               <S/>
               <w msd="Gp-d-ez" lemma="biti">bila</w>
               <S/>
               <w msd="Zv-zei" lemma="kak">kaka</w>
               <S/>
               <w msd="Sozei" lemma="zgodba">zgodba</w>
               <S/>
               <w msd="L" lemma="še">še</w>
               <S/>
               <w msd="Ppnzei" lemma="živ">živa</w>
               <c>.</c>
               <S/>
            </s>
            <s>
               <w msd="Vd" lemma="če">Če</w>
               <S/>
               <w msd="Gp-ste-n" lemma="biti">je</w>
               <S/>
               <w msd="Gp-d-em" lemma="biti">bil</w>
               <S/>
               <w msd="Somei" lemma="pripovedovalec">pripovedovalec</w>
               <S/>
               <w msd="Dm" lemma="v">v</w>
               <S/>
               <w msd="Somem" lemma="čas">času</w>
               <S/>
               <w msd="Soser" lemma="pripovedovanje">pripovedovanja</w>
               <S/>
               <w msd="L" lemma="še">še</w>
               <S/>
               <w msd="Ppnmein" lemma="mlad">mlad</w>
               <c>,</c>
               <S/>
               <w msd="Gp-ste-n" lemma="biti">je</w>
               <S/>
               <w msd="Ppnsei" lemma="mogoč">mogoče</w>
               <S/>
               <w msd="Ggnn" lemma="predvidevati">predvidevati</w>
               <c>,</c>
               <S/>
               <w msd="Vd" lemma="da">da</w>
               <S/>
               <w msd="Zotzet--k" lemma="on">jo</w>
               <S/>
               <w msd="Gp-pte-n" lemma="biti">bo</w>
               <S/>
               <w msd="Ggnd-em" lemma="znati">znal</w>
               <S/>
               <w msd="Ggdn" lemma="povedati">povedati</w>
               <S/>
               <w msd="L" lemma="tudi">tudi</w>
               <c>,</c>
               <S/>
               <w msd="Vd" lemma="ko">ko</w>
               <S/>
               <w msd="Gp-pte-n" lemma="biti">bo</w>
               <S/>
               <w msd="L" lemma="že">že</w>
               <S/>
               <w msd="Dm" lemma="v">v</w>
               <S/>
               <w msd="Sosmm" lemma="leto">letih</w>
               <c>.</c>
               <S/>
            </s>
            <s>
               <w msd="Zk-zei" lemma="tak">Taka</w>
               <S/>
               <w msd="Sozei" lemma="zgodba">zgodba</w>
               <S/>
               <w msd="Ggnste-n" lemma="imeti">ima</w>
               <S/>
               <w msd="Rsn" lemma="torej">torej</w>
               <S/>
               <w msd="Ppnzmt" lemma="precejšnji">precejšnje</w>
               <S/>
               <w msd="Sozer" lemma="možnost">možnosti</w>
               <c>,</c>
               <S/>
               <w msd="Vd" lemma="da">da</w>
               <S/>
               <w msd="Zotzet--k" lemma="on">jo</w>
               <S/>
               <w msd="Gp-ptm-n" lemma="biti">bodo</w>
               <S/>
               <w msd="Dt" lemma="v">v</w>
               <S/>
               <w msd="Rsn" lemma="živo">živo</w>
               <S/>
               <w msd="Ggvd-mm" lemma="slišati">slišali</w>
               <S/>
               <w msd="L" lemma="tudi">tudi</w>
               <S/>
               <w msd="Ppnmmi" lemma="prihodnji">prihodnji</w>
               <S/>
               <w msd="Sommi" lemma="rod">rodovi</w>
               <c>.</c>
            </s>
         </p>
      </body>
   </text>
</TEI>