<?xml version="1.0" encoding="UTF-8"?>
<TEI xmlns="http://www.tei-c.org/ns/1.0" xml:id="F0000946" xml:lang="sl">
   <teiHeader>
      <fileDesc>
         <titleStmt>
            <title>ccKRES: Novi tednik NT&amp;RC (1999)</title>
            <funder>Operacijo delno financira Evropska unija iz Evropskega socialnega sklada ter Ministrstvo za šolstvo in šport. Operacija se izvaja v okviru Operativnega programa razvoja človeških virov za obdobje 2007-2013, razvojne prioritete: razvoj človeških virov in vseživljenjskega učenja; prednostne usmeritve: izboljšanje kakovosti in učinkovitosti sistemov izobraževanja in usposabljanja 2007-2013.</funder>
         </titleStmt>
         <editionStmt>
            <edition>1.0</edition>
         </editionStmt>
         <extent>361 besed</extent>
         <publicationStmt>
            <idno>PRET</idno>
            <availability status="free">
               <p xml:lang="sl">Avtorske pravice za to izdajo ureja licenca <ref target="http://creativecommons.org/licenses/by-nc/2.5/si/">Creative Commons Priznanje avtorstva-Nekomercialno 2.5 Slovenija</ref>.</p>
               <p xml:lang="en">This work is licenced under the <ref target="http://creativecommons.org/licenses/by-nc/2.5/si/deed.en">Creative Commons Attribution-Noncommercial 2.5 Slovenia</ref>.</p>
            </availability>
            <date>2012-05-06</date>
         </publicationStmt>
         <sourceDesc>
            <bibl>
               <title>Novi tednik NT&amp;RC</title>
               <author n="???">neznani novinar</author>
               <date>1999</date>
               <publisher n="drugo">Novi tednik</publisher>
               <note type="sourceLang">sl</note>
            </bibl>
         </sourceDesc>
      </fileDesc>
      <encodingDesc>
         <projectDesc>
            <p xml:lang="sl">Glej <ref target="http://www.korpus-kres.net/">www.korpus-kres.net</ref> oz. <ref target="http://nl.ijs.si/ssj/">nl.ijs.si/ssj</ref>.</p>
            <p xml:lang="en">See <ref target="http://www.korpus-kres.net/">www.korpus-kres.net</ref> or <ref target="http://nl.ijs.si/ssj/">nl.ijs.si/ssj</ref>.</p>
         </projectDesc>
         <samplingDecl>
            <p xml:lang="sl">
            Besedila in odstavki v korpusu KRES so bili vzorčeni iz
            Gigafide tako, da smo dobili 100-milijonski referenčni
            korpus, v katerem so besedila uravnotežena po vnaprej
            določenih taksonomskih deležih in po podatkih o branosti
            vira (časopisi, revije, novičarski portali).  Korpus
            ccKRES nato, z namenom, da je lahko dostopen po licenci CC,
            vsebuje 10 % naključno vzorčenih odstavkov besedil iz
            korpusa KRES, torej 10 milijonov besed.
	    Več o sestavi korpusa lahko preberete na 
            <ref target="http://www.korpus-kres.net/">www.korpus-kres.net</ref> oz.
            <ref target="http://nl.ijs.si/ssj/">nl.ijs.si/ssj</ref>.
	  </p>
            <p xml:lang="en">
            Texts and paragraphs in the KRES corpus have been sampled from the 
	    Gigafida corpus. The result of the sampling is a 100-million-word 
	    reference corpus. The texts in KRES are balanced according to the 
	    predetermined categories, with particular consideration being paid to 
	    the data on the popularity of the source (newspapers, magazines, 
	    Internet news sites). 
	    To enable free (CC) distribution of the corpus, the ccKRES corpus contains 
	    10% of randomly sampled paragraphs from KRES, i.e. contains 10 million words.
	    For more information about the contents of the corpus, 
	    see <ref target="http://www.korpus-kres.net/">www.korpus-kres.net</ref>
	    and <ref target="http://nl.ijs.si/ssj/">nl.ijs.si/ssj</ref>.
	  </p>
         </samplingDecl>
         <tagsDecl>
            <namespace name="http://www.tei-c.org/ns/1.0">
               <tagUsage gi="p" occurs="12"/>
               <tagUsage gi="s" occurs="23"/>
               <tagUsage gi="S" occurs="348"/>
               <tagUsage gi="w" occurs="361"/>
               <tagUsage gi="c" occurs="40"/>
            </namespace>
         </tagsDecl>
         <classDecl>
            <taxonomy xml:id="SSJ">
               <category xml:id="SSJ.T">
                  <catDesc>tisk</catDesc>
                  <category xml:id="SSJ.T.K">
                     <catDesc>knjižno</catDesc>
                     <category xml:id="SSJ.T.K.L">
                        <catDesc>leposlovno</catDesc>
                     </category>
                     <category xml:id="SSJ.T.K.S">
                        <catDesc>strokovno</catDesc>
                     </category>
                  </category>
                  <category xml:id="SSJ.T.P">
                     <catDesc>periodično</catDesc>
                     <category xml:id="SSJ.T.P.C">
                        <catDesc>časopis</catDesc>
                     </category>
                     <category xml:id="SSJ.T.P.R">
                        <catDesc>revija</catDesc>
                     </category>
                  </category>
                  <category xml:id="SSJ.T.D">
                     <catDesc>drugo</catDesc>
                  </category>
               </category>
               <category xml:id="SSJ.I">
                  <catDesc>internet</catDesc>
               </category>
            </taxonomy>
         </classDecl>
      </encodingDesc>
      <profileDesc>
         <textClass>
            <catRef target="#SSJ.T.P.C"/>
         </textClass>
      </profileDesc>
   </teiHeader>
   <text xml:id="F0000946." xml:lang="sl">
      <body>
         <p xml:id="F0000946.000002">
            <s>
               <w msd="Ppnset" lemma="letošnji">Letošnje</w>
               <S/>
               <w msd="Ppnset" lemma="devetmesečen">devetmesečno</w>
               <S/>
               <w msd="Soset" lemma="stanje">stanje</w>
               <S/>
               <w msd="Dm" lemma="v">v</w>
               <S/>
               <w msd="Somem" lemma="promet">prometu</w>
               <S/>
               <w msd="Gp-ste-n" lemma="biti">je</w>
               <S/>
               <w msd="Ppnsei" lemma="mogoč">mogoče</w>
               <S/>
               <w msd="Ggdn" lemma="oceniti">oceniti</w>
               <S/>
               <w msd="Vd" lemma="kot">kot</w>
               <S/>
               <w msd="Rsn" lemma="ugodno">ugodno</w>
               <S/>
               <w msd="L" lemma="le">le</w>
               <c>,</c>
               <S/>
               <w msd="Vd" lemma="če">če</w>
               <S/>
               <w msd="Ggnspm-n" lemma="imeti">imamo</w>
               <S/>
               <w msd="Dm" lemma="v">v</w>
               <S/>
               <w msd="Sozmm" lemma="misel">mislih</w>
               <S/>
               <w msd="Ppszmt" lemma="hud">najhujše</w>
               <S/>
               <w msd="Sozer" lemma="nesreča">nesreče</w>
               <c>.</c>
               <S/>
            </s>
            <s>
               <w msd="Dm" lemma="v">V</w>
               <S/>
               <w msd="Sozem" lemma="primerjava">primerjavi</w>
               <S/>
               <w msd="Do" lemma="z">z</w>
               <S/>
               <w msd="Ppnseo" lemma="lanski">lanskim</w>
               <S/>
               <w msd="Soseo" lemma="tričetrtletje">tričetrtletjem</w>
               <S/>
               <w msd="Gp-std-n" lemma="biti">sta</w>
               <S/>
               <w msd="Dm" lemma="na">na</w>
               <S/>
               <w msd="Sozmm" lemma="cesta">cestah</w>
               <S/>
               <w msd="Dm" lemma="na">na</w>
               <S/>
               <w msd="Ppnmem" lemma="celjski">Celjskem</w>
               <S/>
               <w msd="Ggdd-ez" lemma="umreti">umrla</w>
               <S/>
               <w msd="Kbgmdi" lemma="dva">dva</w>
               <S/>
               <w msd="Somdi" lemma="človek">človeka</w>
               <S/>
               <w msd="Rsr" lemma="manj">manj</w>
               <c>,</c>
               <S/>
               <w msd="Rss" lemma="najbolj">najbolj</w>
               <S/>
               <w msd="Vp" lemma="pa">pa</w>
               <S/>
               <w msd="Zp------k" lemma="se">se</w>
               <S/>
               <w msd="Gp-ste-n" lemma="biti">je</w>
               <S/>
               <w msd="Sosei" lemma="število">število</w>
               <S/>
               <w msd="Ppnmmr" lemma="mrtev">mrtvih</w>
               <S/>
               <w msd="Ggdd-es" lemma="povečati">povečalo</w>
               <S/>
               <w msd="Dm" lemma="na">na</w>
               <S/>
               <w msd="Ppnzmm" lemma="regionalen">regionalnih</w>
               <S/>
               <w msd="Sozmm" lemma="cesta">cestah</w>
               <c>.</c>
               <S/>
            </s>
            <s>
               <w msd="Dm" lemma="na">Na</w>
               <S/>
               <w msd="Sozmm" lemma="regionalka">regionalkah</w>
               <S/>
               <w msd="Zp------k" lemma="se">se</w>
               <S/>
               <w msd="Gp-ste-n" lemma="biti">je</w>
               <S/>
               <w msd="Ggdd-es" lemma="povečati">povečalo</w>
               <S/>
               <w msd="L" lemma="tudi">tudi</w>
               <S/>
               <w msd="Sosei" lemma="število">število</w>
               <S/>
               <w msd="Sozmr" lemma="nesreča">nesreč</w>
               <S/>
               <w msd="Do" lemma="z">s</w>
               <S/>
               <w msd="Ppnzmo" lemma="telesen">telesnimi</w>
               <S/>
               <w msd="Sozmo" lemma="poškodba">poškodbami</w>
               <S/>
               <w msd="Sommr" lemma="udeleženec">udeležencev</w>
               <c>.</c>
            </s>
         </p>
         <p xml:id="F0000946.000036">
            <s>
               <w msd="Ppnmmi" lemma="konjiški">Konjiški</w>
               <S/>
               <w msd="Sommi" lemma="policist">policisti</w>
               <S/>
               <w msd="Gp-stm-n" lemma="biti">so</w>
               <S/>
               <w msd="Dm" lemma="na">na</w>
               <S/>
               <w msd="Sozem" lemma="osnova">osnovi</w>
               <S/>
               <w msd="Sozer" lemma="odredba">odredbe</w>
               <S/>
               <w msd="Soser" lemma="sodišče">sodišča</w>
               <S/>
               <w msd="Ggdd-mm" lemma="opraviti">opravili</w>
               <S/>
               <w msd="Ppnzet" lemma="hišen">hišno</w>
               <S/>
               <w msd="Sozet" lemma="preiskava">preiskavo</w>
               <S/>
               <w msd="Dm" lemma="pri">pri</w>
               <S/>
               <w msd="Slmem" lemma="Zvonko">Zvonku</w>
               <S/>
               <w msd="O" lemma="B.">B.</w>
               <S/>
               <w msd="Dm" lemma="v">v</w>
               <S/>
               <w msd="Slzmm" lemma="Loče">Ločah</w>
               <c>,</c>
               <S/>
               <w msd="Vd" lemma="kjer">kjer</w>
               <S/>
               <w msd="Gp-stm-n" lemma="biti">so</w>
               <S/>
               <w msd="Ggdd-mm" lemma="najti">našli</w>
               <S/>
               <w msd="Vp" lemma="in">in</w>
               <S/>
               <w msd="Ggdd-mm" lemma="zaseči">zasegli</w>
               <S/>
               <w msd="Sozet" lemma="pištola">pištolo</w>
               <S/>
               <w msd="Dm" lemma="v">v</w>
               <S/>
               <w msd="Sozem" lemma="oblika">obliki</w>
               <S/>
               <w msd="Ppnser" lemma="naliven">nalivnega</w>
               <S/>
               <w msd="Soser" lemma="pero">peresa</w>
               <c>,</c>
               <S/>
               <w msd="Pdnsei" lemma="prirejen">prirejeno</w>
               <S/>
               <w msd="Dt" lemma="za">za</w>
               <S/>
               <w msd="Soset" lemma="izstreljevanje">izstreljevanje</w>
               <S/>
               <w msd="Ppnmmr" lemma="malokaliberski">malokaliberskih</w>
               <S/>
               <w msd="Sommr" lemma="naboj">nabojev</w>
               <c>.</c>
               <S/>
            </s>
            <s>
               <w msd="Dr" lemma="poleg">Poleg</w>
               <S/>
               <w msd="Sozer" lemma="pištola">pištole</w>
               <S/>
               <w msd="Gp-stm-n" lemma="biti">so</w>
               <S/>
               <w msd="Somem" lemma="lastnik">lastniku</w>
               <S/>
               <w msd="Ggdd-mm" lemma="zaseči">zasegli</w>
               <S/>
               <w msd="L" lemma="še">še</w>
               <S/>
               <w msd="Kag" lemma="350">350</w>
               <S/>
               <w msd="Sommr" lemma="naboj">nabojev</w>
               <S/>
               <w msd="Somer" lemma="kaliber">kalibra</w>
               <S/>
               <w msd="Kag" lemma="7,65">7,65</w>
               <S/>
               <w msd="Somei" lemma="mm">mm</w>
               <c>,</c>
               <S/>
               <w msd="Kag" lemma="4">4</w>
               <S/>
               <w msd="Ppnmmt" lemma="malokaliberski">malokaliberske</w>
               <S/>
               <w msd="Sommt" lemma="naboj">naboje</w>
               <S/>
               <w msd="Vp" lemma="in">in</w>
               <S/>
               <w msd="Sometn" lemma="naboj">naboj</w>
               <S/>
               <w msd="Dt" lemma="za">za</w>
               <S/>
               <w msd="Ppnzet" lemma="lovski">lovsko</w>
               <S/>
               <w msd="Sozet" lemma="puška">puško</w>
               <c>.</c>
               <S/>
            </s>
            <s>
               <w msd="Dr" lemma="zaradi">Zaradi</w>
               <S/>
               <w msd="Ppnzer" lemma="nedovoljen">nedovoljene</w>
               <S/>
               <w msd="Sozer" lemma="posest">posesti</w>
               <S/>
               <w msd="Soser" lemma="orožje">orožja</w>
               <S/>
               <w msd="Vp" lemma="in">in</w>
               <S/>
               <w msd="Soser" lemma="strelivo">streliva</w>
               <S/>
               <w msd="Gp-stm-n" lemma="biti">so</w>
               <S/>
               <w msd="Dt" lemma="zoper">zoper</w>
               <S/>
               <w msd="Slmer" lemma="Zvonko">Zvonka</w>
               <S/>
               <w msd="O" lemma="B.">B.</w>
               <S/>
               <w msd="Ggdd-mm" lemma="napisati">napisali</w>
               <S/>
               <w msd="Sometn" lemma="predlog">predlog</w>
               <S/>
               <w msd="Dt" lemma="za">za</w>
               <S/>
               <w msd="Sozet" lemma="uvedba">uvedbo</w>
               <S/>
               <w msd="Somer" lemma="postopek">postopka</w>
               <S/>
               <w msd="Dm" lemma="pri">pri</w>
               <S/>
               <w msd="Somem" lemma="sodnik">sodniku</w>
               <S/>
               <w msd="Dt" lemma="za">za</w>
               <S/>
               <w msd="Sommt" lemma="prekršek">prekrške</w>
               <c>.</c>
            </s>
         </p>
         <p xml:id="F0000946.000053">
            <s>
               <w msd="Ggdd-em" lemma="vneti">Vnel</w>
               <S/>
               <w msd="Zp------k" lemma="se">se</w>
               <S/>
               <w msd="Gp-ste-n" lemma="biti">je</w>
               <S/>
               <w msd="Somei" lemma="motor">motor</w>
            </s>
         </p>
         <p xml:id="F0000946.000061">
            <s>
               <w msd="Sommi" lemma="preiskovalec">Preiskovalci</w>
               <S/>
               <w msd="Gp-stm-n" lemma="biti">so</w>
               <S/>
               <w msd="Dm" lemma="pri">pri</w>
               <S/>
               <w msd="Somem" lemma="ogled">ogledu</w>
               <S/>
               <w msd="Ggdd-mm" lemma="ugotoviti">ugotovili</w>
               <c>,</c>
               <S/>
               <w msd="Vd" lemma="da">da</w>
               <S/>
               <w msd="Gp-ste-n" lemma="biti">je</w>
               <S/>
               <w msd="Somei" lemma="požar">požar</w>
               <S/>
               <w msd="Ggdd-em" lemma="izbruhniti">izbruhnil</w>
               <S/>
               <w msd="Dm" lemma="v">v</w>
               <S/>
               <w msd="Pdnmem" lemma="zaprt">zaprtem</w>
               <S/>
               <w msd="Somem" lemma="del">delu</w>
               <S/>
               <w msd="Ppnmer" lemma="sortiren">sortirnega</w>
               <S/>
               <w msd="Somer" lemma="bunker">bunkerja</w>
               <c>,</c>
               <S/>
               <w msd="Vd" lemma="kjer">kjer</w>
               <S/>
               <w msd="Kag" lemma="10">10</w>
               <S/>
               <w msd="Sommr" lemma="valj">valjev</w>
               <S/>
               <w msd="Somer" lemma="potisk">potiska</w>
               <S/>
               <w msd="Pdnzet" lemma="zdrobljen">zdrobljeno</w>
               <S/>
               <w msd="Sozet" lemma="iverka">iverko</w>
               <S/>
               <w msd="Dt" lemma="na">na</w>
               <S/>
               <w msd="Pdnmetd" lemma="tekoč">tekoči</w>
               <S/>
               <w msd="Sometn" lemma="trak">trak</w>
               <S/>
               <w msd="Dt" lemma="za">za</w>
               <S/>
               <w msd="Ppnset" lemma="nadaljnji">nadaljnje</w>
               <S/>
               <w msd="Soset" lemma="lepljenje">lepljenje</w>
               <c>.</c>
               <S/>
            </s>
            <s>
               <w msd="Dr" lemma="zaradi">Zaradi</w>
               <S/>
               <w msd="Pppzer" lemma="velik">večje</w>
               <S/>
               <w msd="Sozer" lemma="masa">mase</w>
               <S/>
               <w msd="Ppnzer" lemma="nezdrobljen">nezdrobljene</w>
               <S/>
               <w msd="Sozer" lemma="iverka">iverke</w>
               <S/>
               <w msd="Gp-ste-n" lemma="biti">je</w>
               <S/>
               <w msd="Ggdd-es" lemma="priti">prišlo</w>
               <S/>
               <w msd="Do" lemma="med">med</w>
               <S/>
               <w msd="Sommo" lemma="valj">valji</w>
               <S/>
               <w msd="Dr" lemma="do">do</w>
               <S/>
               <w msd="Soser" lemma="trenje">trenja</w>
               <c>,</c>
               <S/>
               <w msd="Sosei" lemma="trenje">trenje</w>
               <S/>
               <w msd="Vp" lemma="pa">pa</w>
               <S/>
               <w msd="Gp-ste-n" lemma="biti">je</w>
               <S/>
               <w msd="Ggdd-es" lemma="povzročiti">povzročilo</w>
               <S/>
               <w msd="Sosei" lemma="iskrenje">iskrenje</w>
               <S/>
               <w msd="Vp" lemma="in">in</w>
               <S/>
               <w msd="Sometn" lemma="požar">požar</w>
               <c>.</c>
               <S/>
            </s>
            <s>
               <w msd="Ppnmeid" lemma="dežuren">Dežurni</w>
               <S/>
               <w msd="Somei" lemma="gasilec">gasilec</w>
               <S/>
               <w msd="Dm" lemma="v">v</w>
               <S/>
               <w msd="Sozem" lemma="tovarna">tovarni</w>
               <S/>
               <w msd="Gp-ste-n" lemma="biti">je</w>
               <S/>
               <w msd="Somei" lemma="požar">požar</w>
               <S/>
               <w msd="Ppnmein" lemma="sam">sam</w>
               <S/>
               <w msd="Ggdd-em" lemma="pogasiti">pogasil</w>
               <c>,</c>
               <S/>
               <w msd="Ggdd-ez" lemma="nastati">nastala</w>
               <S/>
               <w msd="Ppnzei" lemma="gmoten">gmotna</w>
               <S/>
               <w msd="Sozei" lemma="škoda">škoda</w>
               <S/>
               <w msd="Vp" lemma="pa">pa</w>
               <S/>
               <w msd="Ggnste" lemma="znašati">znaša</w>
               <S/>
               <w msd="Rsn" lemma="okoli">okoli</w>
               <S/>
               <w msd="Rsn" lemma="pol">pol</w>
               <S/>
               <w msd="Somer" lemma="milijon">milijona</w>
               <S/>
               <w msd="Sommr" lemma="tolar">tolarjev</w>
               <c>.</c>
            </s>
         </p>
         <p xml:id="F0000946.000063">
            <s>
               <w msd="Somei" lemma="pogin">Pogin</w>
               <S/>
               <w msd="Sozmr" lemma="riba">rib</w>
            </s>
         </p>
         <p xml:id="F0000946.000064">
            <s>
               <w msd="Dm" lemma="v">V</w>
               <S/>
               <w msd="Sozem" lemma="reka">reki</w>
               <S/>
               <w msd="Slzem" lemma="Paka">Paki</w>
               <S/>
               <w msd="Gp-stm-n" lemma="biti">so</w>
               <S/>
               <w msd="Pdnmetd" lemma="minul">minuli</w>
               <S/>
               <w msd="Sometn" lemma="četrtek">četrtek</w>
               <S/>
               <w msd="Rsn" lemma="popoldne">popoldne</w>
               <S/>
               <w msd="Ggdd-mm" lemma="opaziti">opazili</w>
               <S/>
               <w msd="Pppset" lemma="velik">večje</w>
               <S/>
               <w msd="Soset" lemma="število">število</w>
               <S/>
               <w msd="Pdnzmr" lemma="poginul">poginulih</w>
               <S/>
               <w msd="Sozmr" lemma="riba">rib</w>
               <c>.</c>
            </s>
         </p>
         <p xml:id="F0000946.000065">
            <s>
               <w msd="Somei" lemma="pogin">Pogin</w>
               <S/>
               <w msd="Gp-stm-n" lemma="biti">so</w>
               <S/>
               <w msd="Ggdd-mm" lemma="opaziti">opazili</w>
               <S/>
               <w msd="Dm" lemma="na">na</w>
               <S/>
               <w msd="Sozem" lemma="relacija">relaciji</w>
               <S/>
               <w msd="Dr" lemma="od">od</w>
               <S/>
               <w msd="Zk-zer" lemma="ta">TE</w>
               <S/>
               <w msd="Slmei" lemma="Šoštanj">Šoštanj</w>
               <S/>
               <w msd="Dr" lemma="do">do</w>
               <S/>
               <w msd="Ppnzer" lemma="šoštanjski">šoštanjske</w>
               <S/>
               <w msd="Sozer" lemma="tovarna">tovarne</w>
               <S/>
               <w msd="Soser" lemma="usnje">usnja</w>
               <c>,</c>
               <S/>
               <w msd="Dm" lemma="po">po</w>
               <S/>
               <w msd="Sozem" lemma="dolžina">dolžini</w>
               <S/>
               <w msd="Rsn" lemma="okoli">okoli</w>
               <S/>
               <w msd="Kag" lemma="300">300</w>
               <S/>
               <w msd="Sommr" lemma="meter">metrov</w>
               <c>.</c>
               <S/>
            </s>
            <s>
               <w msd="Dm" lemma="pri">Pri</w>
               <S/>
               <w msd="Somem" lemma="ogled">ogledu</w>
               <S/>
               <w msd="Gp-stm-n" lemma="biti">so</w>
               <S/>
               <w msd="Sommi" lemma="preiskovalec">preiskovalci</w>
               <S/>
               <w msd="Ggdd-mm" lemma="ugotoviti">ugotovili</w>
               <c>,</c>
               <S/>
               <w msd="Vd" lemma="da">da</w>
               <S/>
               <w msd="Gp-ste-n" lemma="biti">je</w>
               <S/>
               <w msd="Somei" lemma="pogin">pogin</w>
               <S/>
               <c>(</c>
               <w msd="Rss" lemma="verjetno">najverjetneje</w>
               <c>)</c>
               <S/>
               <w msd="Ggdd-em" lemma="povzročiti">povzročil</w>
               <S/>
               <w msd="Ppnmetn" lemma="nizek">nizek</w>
               <S/>
               <w msd="Somei" lemma="vodostaj">vodostaj</w>
               <S/>
               <w msd="Sozer" lemma="reka">reke</w>
               <S/>
               <w msd="Vp" lemma="in">in</w>
               <S/>
               <w msd="Do" lemma="z">s</w>
               <S/>
               <w msd="Zk-seo" lemma="ta">tem</w>
               <S/>
               <w msd="Sosei" lemma="pomanjkanje">pomanjkanje</w>
               <S/>
               <w msd="Somer" lemma="kisik">kisika</w>
               <S/>
               <w msd="Dm" lemma="v">v</w>
               <S/>
               <w msd="Sozem" lemma="voda">vodi</w>
               <c>.</c>
               <S/>
            </s>
            <s>
               <w msd="Ggdd-es" lemma="poginiti">Poginilo</w>
               <S/>
               <w msd="Gp-ste-n" lemma="biti">je</w>
               <S/>
               <w msd="Rsn" lemma="okoli">okoli</w>
               <S/>
               <w msd="Kag" lemma="5">5</w>
               <S/>
               <w msd="Kbg-mt" lemma="tisoč">tisoč</w>
               <S/>
               <w msd="Ppnzmr" lemma="različen">različnih</w>
               <S/>
               <w msd="Sozmr" lemma="vrsta">vrst</w>
               <S/>
               <w msd="Sozmr" lemma="riba">rib</w>
               <c>,</c>
               <S/>
               <w msd="Sommi" lemma="ribič">ribiči</w>
               <S/>
               <w msd="Vp" lemma="pa">pa</w>
               <S/>
               <w msd="Pdnzet" lemma="nastal">nastalo</w>
               <S/>
               <w msd="Sozet" lemma="škoda">škodo</w>
               <S/>
               <w msd="Ggnstm" lemma="ocenjevati">ocenjujejo</w>
               <S/>
               <w msd="Dt" lemma="na">na</w>
               <S/>
               <w msd="Rsn" lemma="približno">približno</w>
               <S/>
               <w msd="Rsn" lemma="pol">pol</w>
               <S/>
               <w msd="Somer" lemma="milijon">milijona</w>
               <S/>
               <w msd="Sommr" lemma="tolar">tolarjev</w>
               <c>.</c>
            </s>
         </p>
         <p xml:id="F0000946.000070">
            <s>
               <w msd="Dt" lemma="v">v</w>
               <S/>
               <w msd="Sometn" lemma="torek">torek</w>
               <c>,</c>
               <S/>
               <w msd="Kav" lemma="4.">4.</w>
               <S/>
               <w msd="Somer" lemma="november">novembra</w>
               <S/>
               <w msd="Rsn" lemma="zjutraj">zjutraj</w>
               <S/>
               <w msd="Dm" lemma="na">na</w>
               <S/>
               <w msd="Sosem" lemma="območje">območju</w>
               <S/>
               <w msd="Slser" lemma="Šmarje">Šmarja</w>
               <c>,</c>
               <S/>
               <w msd="Dm" lemma="v">v</w>
               <S/>
               <w msd="Ppnmem" lemma="dopoldanski">dopoldanskem</w>
               <S/>
               <w msd="Somem" lemma="čas">času</w>
               <S/>
               <w msd="Vp" lemma="pa">pa</w>
               <S/>
               <w msd="Dm" lemma="na">na</w>
               <S/>
               <w msd="Sosem" lemma="območje">območju</w>
               <S/>
               <w msd="Slmer" lemma="Šentjur">Šentjurja</w>
               <S/>
               <w msd="Vp" lemma="in">in</w>
               <S/>
               <w msd="Ppnzer" lemma="rogaški">Rogaške</w>
               <S/>
               <w msd="Sozer" lemma="slatina">Slatine</w>
               <c>,</c>
            </s>
         </p>
         <p xml:id="F0000946.000081">
            <s>
               <w msd="Dt" lemma="v">V</w>
               <S/>
               <w msd="Sozet" lemma="nedelja">nedeljo</w>
               <S/>
               <w msd="Rsn" lemma="opoldne">opoldne</w>
               <S/>
               <w msd="Gp-ste-n" lemma="biti">je</w>
               <S/>
               <w msd="Slmei" lemma="Milan">Milan</w>
               <S/>
               <w msd="O" lemma="K.">K.</w>
               <S/>
               <w msd="Ggdd-em" lemma="prijaviti">prijavil</w>
               <c>,</c>
               <S/>
               <w msd="Vd" lemma="da">da</w>
               <S/>
               <w msd="Zotmet--k" lemma="on">ga</w>
               <S/>
               <w msd="Gp-ste-n" lemma="biti">je</w>
               <S/>
               <w msd="Do" lemma="pred">pred</w>
               <S/>
               <w msd="Sozeo" lemma="trgovina">trgovino</w>
               <S/>
               <w msd="Ggnstm" lemma="teči">Teko</w>
               <S/>
               <w msd="Ggdd-em" lemma="udariti">udaril</w>
               <S/>
               <w msd="Ppnmeid" lemma="neznan">neznani</w>
               <S/>
               <w msd="Slmei" lemma="grobjan">grobjan</w>
               <c>.</c>
               <S/>
            </s>
            <s>
               <w msd="Sommi" lemma="policist">Policisti</w>
               <S/>
               <w msd="Gp-stm-n" lemma="biti">so</w>
               <S/>
               <w msd="Ggdd-mm" lemma="ugotoviti">ugotovili</w>
               <c>,</c>
               <S/>
               <w msd="Vd" lemma="da">da</w>
               <S/>
               <w msd="Gp-ste-n" lemma="biti">je</w>
               <S/>
               <w msd="Gp-d-em" lemma="biti">bil</w>
               <S/>
               <w msd="Somei" lemma="napadalec">napadalec</w>
               <S/>
               <w msd="Zk-mei" lemma="tisti">tisti</w>
               <c>,</c>
               <S/>
               <w msd="Vd" lemma="ki">ki</w>
               <S/>
               <w msd="Gp-ste-n" lemma="biti">je</w>
               <S/>
               <w msd="Ggdd-em" lemma="prijaviti">prijavil</w>
               <S/>
               <w msd="Somei" lemma="napad">napad</w>
               <c>,</c>
               <S/>
               <w msd="Vp" lemma="torej">torej</w>
               <S/>
               <w msd="Slmei" lemma="Milan">Milan</w>
               <S/>
               <w msd="O" lemma="K.">K.</w>
               <c>,</c>
               <S/>
               <w msd="Zstzeiem" lemma="njegov">njegova</w>
               <S/>
               <w msd="Sozei" lemma="žrtev">žrtev</w>
               <S/>
               <w msd="Vp" lemma="pa">pa</w>
               <S/>
               <w msd="Gp-ste-n" lemma="biti">je</w>
               <S/>
               <w msd="Gp-d-em" lemma="biti">bil</w>
               <S/>
               <w msd="Slmei" lemma="Zijad">Zijad</w>
               <S/>
               <w msd="O" lemma="K.">K.</w>
            </s>
         </p>
         <p xml:id="F0000946.000086">
            <s>
               <w msd="O" lemma="M.">M.</w>
            </s>
            <s>
               <w msd="O" lemma="A.">A.</w>
            </s>
         </p>
         <p xml:id="F0000946.000087">
            <s>
               <w msd="Ppnzer" lemma="deloven">DELOVNE</w>
               <S/>
               <w msd="Sozer" lemma="nezgoda">NEZGODE</w>
            </s>
         </p>
         <p xml:id="F0000946.000093">
            <s>
               <w msd="Sommi" lemma="policist">Policisti</w>
               <S/>
               <w msd="Slzei" lemma="PP">PP</w>
               <S/>
               <w msd="Slsei" lemma="Šmarje">Šmarje</w>
               <S/>
               <w msd="Dm" lemma="pri">pri</w>
               <S/>
               <w msd="Slzmm" lemma="Jelše">Jelšah</w>
               <S/>
               <w msd="Gp-stm-n" lemma="biti">so</w>
               <S/>
               <w msd="Dm" lemma="pri">pri</w>
               <S/>
               <w msd="Somem" lemma="ogled">ogledu</w>
               <S/>
               <w msd="Somer" lemma="kraj">kraja</w>
               <S/>
               <w msd="Sozer" lemma="nezgoda">nezgode</w>
               <S/>
               <w msd="Ggdd-mm" lemma="ugotoviti">ugotovili</w>
               <c>,</c>
               <S/>
               <w msd="Vd" lemma="da">da</w>
               <S/>
               <w msd="Gp-ste-n" lemma="biti">je</w>
               <S/>
               <w msd="Ppnmeid" lemma="mladoleten">mladoletni</w>
               <S/>
               <w msd="Slmei" lemma="Branko">Branko</w>
               <S/>
               <w msd="O" lemma="V.">V.</w>
               <S/>
               <w msd="Dr" lemma="iz">iz</w>
               <S/>
               <w msd="Ppnzer" lemma="vršen">Vršne</w>
               <S/>
               <w msd="Sozer" lemma="vas">vasi</w>
               <S/>
               <w msd="Do" lemma="z">s</w>
               <S/>
               <w msd="Someo" lemma="traktor">traktorjem</w>
               <S/>
               <w msd="Ggnd-em" lemma="orati">oral</w>
               <S/>
               <w msd="Ppnzeo" lemma="domač">domačo</w>
               <S/>
               <w msd="Sozet" lemma="njiva">njivo</w>
               <S/>
               <w msd="Dm" lemma="na">na</w>
               <S/>
               <w msd="Ppnsem" lemma="strm">strmem</w>
               <S/>
               <w msd="Sosem" lemma="pobočje">pobočju</w>
               <c>.</c>
               <S/>
            </s>
            <s>
               <w msd="Do" lemma="med">Med</w>
               <S/>
               <w msd="Ppnzeo" lemma="vzvraten">vzvratno</w>
               <S/>
               <w msd="Sozeo" lemma="vožnja">vožnjo</w>
               <S/>
               <w msd="Vp" lemma="pa">pa</w>
               <S/>
               <w msd="Zp------k" lemma="se">se</w>
               <S/>
               <w msd="Gp-ste-n" lemma="biti">je</w>
               <S/>
               <w msd="Somei" lemma="traktor">traktor</w>
               <S/>
               <w msd="Ggdd-em" lemma="prevrniti">prevrnil</w>
               <c>,</c>
               <S/>
               <w msd="Somei" lemma="voznik">voznik</w>
               <S/>
               <w msd="Vp" lemma="pa">pa</w>
               <S/>
               <w msd="Gp-ste-n" lemma="biti">je</w>
               <S/>
               <w msd="Ggdd-em" lemma="pasti">padel</w>
               <S/>
               <w msd="Dr" lemma="z">s</w>
               <S/>
               <w msd="Somer" lemma="sedež">sedeža</w>
               <S/>
               <w msd="Vp" lemma="in">in</w>
               <S/>
               <w msd="Zp------k" lemma="se">se</w>
               <S/>
               <w msd="Rsn" lemma="hudo">hudo</w>
               <S/>
               <w msd="Rsn" lemma="telesno">telesno</w>
               <S/>
               <w msd="Ggdd-em" lemma="poškodovati">poškodoval</w>
               <c>.</c>
            </s>
         </p>
      </body>
   </text>
</TEI>