<?xml version="1.0" encoding="UTF-8"?>
<TEI xmlns="http://www.tei-c.org/ns/1.0" xml:id="F0000038" xml:lang="sl">
   <teiHeader>
      <fileDesc>
         <titleStmt>
            <title>ccKRES: Kmečki glas (1999-02)</title>
            <funder>Operacijo delno financira Evropska unija iz Evropskega socialnega sklada ter Ministrstvo za šolstvo in šport. Operacija se izvaja v okviru Operativnega programa razvoja človeških virov za obdobje 2007-2013, razvojne prioritete: razvoj človeških virov in vseživljenjskega učenja; prednostne usmeritve: izboljšanje kakovosti in učinkovitosti sistemov izobraževanja in usposabljanja 2007-2013.</funder>
         </titleStmt>
         <editionStmt>
            <edition>1.0</edition>
         </editionStmt>
         <extent>648 besed</extent>
         <publicationStmt>
            <idno>7_99</idno>
            <availability status="free">
               <p xml:lang="sl">Avtorske pravice za to izdajo ureja licenca <ref target="http://creativecommons.org/licenses/by-nc/2.5/si/">Creative Commons Priznanje avtorstva-Nekomercialno 2.5 Slovenija</ref>.</p>
               <p xml:lang="en">This work is licenced under the <ref target="http://creativecommons.org/licenses/by-nc/2.5/si/deed.en">Creative Commons Attribution-Noncommercial 2.5 Slovenia</ref>.</p>
            </availability>
            <date>2012-05-06</date>
         </publicationStmt>
         <sourceDesc>
            <bibl>
               <title>Kmečki glas</title>
               <author n="???">neznani novinar</author>
               <date>1999-02</date>
               <publisher n="drugo">Kmečki glas</publisher>
               <note type="sourceLang">sl</note>
            </bibl>
         </sourceDesc>
      </fileDesc>
      <encodingDesc>
         <projectDesc>
            <p xml:lang="sl">Glej <ref target="http://www.korpus-kres.net/">www.korpus-kres.net</ref> oz. <ref target="http://nl.ijs.si/ssj/">nl.ijs.si/ssj</ref>.</p>
            <p xml:lang="en">See <ref target="http://www.korpus-kres.net/">www.korpus-kres.net</ref> or <ref target="http://nl.ijs.si/ssj/">nl.ijs.si/ssj</ref>.</p>
         </projectDesc>
         <samplingDecl>
            <p xml:lang="sl">
            Besedila in odstavki v korpusu KRES so bili vzorčeni iz
            Gigafide tako, da smo dobili 100-milijonski referenčni
            korpus, v katerem so besedila uravnotežena po vnaprej
            določenih taksonomskih deležih in po podatkih o branosti
            vira (časopisi, revije, novičarski portali).  Korpus
            ccKRES nato, z namenom, da je lahko dostopen po licenci CC,
            vsebuje 10 % naključno vzorčenih odstavkov besedil iz
            korpusa KRES, torej 10 milijonov besed.
	    Več o sestavi korpusa lahko preberete na 
            <ref target="http://www.korpus-kres.net/">www.korpus-kres.net</ref> oz.
            <ref target="http://nl.ijs.si/ssj/">nl.ijs.si/ssj</ref>.
	  </p>
            <p xml:lang="en">
            Texts and paragraphs in the KRES corpus have been sampled from the 
	    Gigafida corpus. The result of the sampling is a 100-million-word 
	    reference corpus. The texts in KRES are balanced according to the 
	    predetermined categories, with particular consideration being paid to 
	    the data on the popularity of the source (newspapers, magazines, 
	    Internet news sites). 
	    To enable free (CC) distribution of the corpus, the ccKRES corpus contains 
	    10% of randomly sampled paragraphs from KRES, i.e. contains 10 million words.
	    For more information about the contents of the corpus, 
	    see <ref target="http://www.korpus-kres.net/">www.korpus-kres.net</ref>
	    and <ref target="http://nl.ijs.si/ssj/">nl.ijs.si/ssj</ref>.
	  </p>
         </samplingDecl>
         <tagsDecl>
            <namespace name="http://www.tei-c.org/ns/1.0">
               <tagUsage gi="p" occurs="15"/>
               <tagUsage gi="s" occurs="38"/>
               <tagUsage gi="c" occurs="85"/>
               <tagUsage gi="S" occurs="633"/>
               <tagUsage gi="w" occurs="648"/>
            </namespace>
         </tagsDecl>
         <classDecl>
            <taxonomy xml:id="SSJ">
               <category xml:id="SSJ.T">
                  <catDesc>tisk</catDesc>
                  <category xml:id="SSJ.T.K">
                     <catDesc>knjižno</catDesc>
                     <category xml:id="SSJ.T.K.L">
                        <catDesc>leposlovno</catDesc>
                     </category>
                     <category xml:id="SSJ.T.K.S">
                        <catDesc>strokovno</catDesc>
                     </category>
                  </category>
                  <category xml:id="SSJ.T.P">
                     <catDesc>periodično</catDesc>
                     <category xml:id="SSJ.T.P.C">
                        <catDesc>časopis</catDesc>
                     </category>
                     <category xml:id="SSJ.T.P.R">
                        <catDesc>revija</catDesc>
                     </category>
                  </category>
                  <category xml:id="SSJ.T.D">
                     <catDesc>drugo</catDesc>
                  </category>
               </category>
               <category xml:id="SSJ.I">
                  <catDesc>internet</catDesc>
               </category>
            </taxonomy>
         </classDecl>
      </encodingDesc>
      <profileDesc>
         <textClass>
            <catRef target="#SSJ.T.P.C"/>
         </textClass>
      </profileDesc>
   </teiHeader>
   <text xml:id="F0000038." xml:lang="sl">
      <body>
         <p xml:id="F0000038.000508">
            <s>
               <w msd="Somei" lemma="file">File</w>
               <c>:</c>
               <w msd="Somei" lemma="izjt07">izjt07</w>
            </s>
         </p>
         <p xml:id="F0000038.000617">
            <s>
               <w msd="Dm" lemma="ob">Ob</w>
               <S/>
               <w msd="Zk-sem" lemma="ta">tem</w>
               <S/>
               <w msd="Ggnspm" lemma="morati">moramo</w>
               <S/>
               <w msd="Ggvn" lemma="upoštevati">upoštevati</w>
               <c>,</c>
               <S/>
               <w msd="Vd" lemma="da">da</w>
               <S/>
               <w msd="Gp-spm-d" lemma="biti">nismo</w>
               <S/>
               <w msd="Zc-mmi" lemma="ves">vsi</w>
               <S/>
               <w msd="Rsn" lemma="enako">enako</w>
               <S/>
               <w msd="Ppnzmi" lemma="krepek">krepke</w>
               <S/>
               <w msd="Sozer" lemma="postava">postave</w>
               <c>:</c>
               <S/>
               <w msd="Kbzmmi" lemma="en">eni</w>
               <S/>
               <w msd="Ggnstm-n" lemma="imeti">imajo</w>
               <S/>
               <w msd="Rsn" lemma="močno">močno</w>
               <S/>
               <w msd="Soset" lemma="okostje">okostje</w>
               <S/>
               <w msd="Vp" lemma="in">in</w>
               <S/>
               <w msd="Ppnzer" lemma="debel">debele</w>
               <S/>
               <w msd="Sozer" lemma="kost">kosti</w>
               <S/>
               <w msd="Vp" lemma="in">in</w>
               <S/>
               <w msd="Gp-stm-n" lemma="biti">so</w>
               <S/>
               <w msd="L" lemma="že">že</w>
               <S/>
               <w msd="Dr" lemma="od">od</w>
               <S/>
               <w msd="Ppnmer" lemma="mali">malega</w>
               <S/>
               <w msd="Pppmeid" lemma="krepek">krepkejši</w>
               <c>;</c>
               <S/>
               <w msd="Sozei" lemma="večina">večina</w>
               <S/>
               <w msd="Gp-ste-n" lemma="biti">je</w>
               <S/>
               <w msd="Rsn" lemma="nekje">nekje</w>
               <S/>
               <w msd="Dm" lemma="v">v</w>
               <S/>
               <w msd="Sozem" lemma="sreda">sredi</w>
               <c>;</c>
               <S/>
               <w msd="Dm" lemma="na">na</w>
               <S/>
               <w msd="Kbzzem" lemma="drug">drugi</w>
               <S/>
               <w msd="Sozem" lemma="stran">strani</w>
               <S/>
               <w msd="Vp" lemma="pa">pa</w>
               <S/>
               <w msd="Gp-stm-n" lemma="biti">so</w>
               <S/>
               <w msd="Ppnmmi" lemma="pravi">pravi</w>
               <S/>
               <w msd="Sommi" lemma="suhec">suhci</w>
               <c>,</c>
               <S/>
               <w msd="Vd" lemma="ki">ki</w>
               <S/>
               <w msd="Vp" lemma="pa">pa</w>
               <S/>
               <w msd="Rsn" lemma="zato">zato</w>
               <S/>
               <w msd="Gp-stm-d" lemma="biti">niso</w>
               <S/>
               <w msd="Rsn" lemma="nič">nič</w>
               <S/>
               <w msd="Rsr" lemma="manj">manj</w>
               <S/>
               <w msd="Ppnmmi" lemma="zdrav">zdravi</w>
               <c>,</c>
               <S/>
               <w msd="L" lemma="morda">morda</w>
               <S/>
               <w msd="L" lemma="še">še</w>
               <S/>
               <w msd="Rsr" lemma="bolj">bolj</w>
               <S/>
               <w msd="Vp" lemma="saj">saj</w>
               <S/>
               <w msd="Ggnsdm" lemma="vedeti">veste</w>
               <S/>
               <w msd="Dt" lemma="za">za</w>
               <S/>
               <w msd="Sometn" lemma="pregovor">pregovor</w>
               <c>,</c>
               <S/>
               <w msd="Vd" lemma="da">da</w>
               <S/>
               <w msd="Ppnmmr" lemma="debel">debelih</w>
               <S/>
               <w msd="Sommr" lemma="starec">starcev</w>
               <S/>
               <w msd="Gp-ste-d" lemma="biti">ni</w>
               <c>!</c>
            </s>
         </p>
         <p xml:id="F0000038.000785">
            <s>
               <w msd="Slmei" lemma="Rudi">Rudi</w>
               <S/>
               <w msd="Slmei" lemma="Trobiš">Trobiš</w>
               <S/>
            </s>
         </p>
         <p xml:id="F0000038.000958">
            <s>
               <w msd="Kbg-mi" lemma="štirinajst">Štirinajst</w>
               <S/>
               <w msd="Sozmr" lemma="članica">članic</w>
               <S/>
               <w msd="Dr" lemma="iz">iz</w>
               <S/>
               <w msd="Ppnzer" lemma="pomurski">pomurske</w>
               <S/>
               <w msd="Sozer" lemma="regija">regije</w>
               <c>,</c>
               <S/>
               <w msd="Do" lemma="med">med</w>
               <S/>
               <w msd="Zotzmo" lemma="on">njimi</w>
               <S/>
               <w msd="Gp-stm-n" lemma="biti">so</w>
               <S/>
               <w msd="Gp-d-ms" lemma="biti">bila</w>
               <S/>
               <w msd="Ppnsmi" lemma="kmetijski">kmetijska</w>
               <S/>
               <w msd="Sosmi" lemma="podjetje">podjetja</w>
               <c>,</c>
               <S/>
               <w msd="Sozem" lemma="banka">banki</w>
               <c>,</c>
               <S/>
               <w msd="Ppnzmi" lemma="lokalen">lokalne</w>
               <S/>
               <w msd="Sozmi" lemma="skupnost">skupnosti</w>
               <c>,</c>
               <S/>
               <w msd="Ppnsmi" lemma="inženirinški">inženirinška</w>
               <S/>
               <w msd="Sosmi" lemma="podjetje">podjetja</w>
               <S/>
               <w msd="Vp" lemma="ter">ter</w>
               <S/>
               <w msd="Ppnsei" lemma="živinorejski">Živinorejsko</w>
               <c>-</c>
               <w msd="Ppnmeid" lemma="veterinarski">veterinarski</w>
               <S/>
               <w msd="Somei" lemma="zavod">zavod</w>
               <S/>
               <w msd="Dt" lemma="za">za</w>
               <S/>
               <w msd="Slsei" lemma="Pomurje">Pomurje</w>
               <S/>
               <w msd="Vd" lemma="kot">kot</w>
               <S/>
               <w msd="Ppnzei" lemma="strokoven">strokovna</w>
               <S/>
               <w msd="Sozei" lemma="inštitucija">inštitucija</w>
               <S/>
               <w msd="Dt" lemma="za">za</w>
               <S/>
               <w msd="Soset" lemma="področje">področje</w>
               <S/>
               <w msd="Soser" lemma="kmetijstvo">kmetijstva</w>
               <c>,</c>
               <S/>
               <w msd="Gp-ste-n" lemma="biti">je</w>
               <S/>
               <w msd="Dr" lemma="konec">konec</w>
               <S/>
               <w msd="Soser" lemma="leto">leta</w>
               <S/>
               <w msd="Kag" lemma="1994">1994</w>
               <S/>
               <w msd="Do" lemma="z">z</w>
               <S/>
               <w msd="Someo" lemma="namen">namenom</w>
               <S/>
               <w msd="Ppnser" lemma="postopen">postopnega</w>
               <S/>
               <w msd="Soser" lemma="uvajanje">uvajanja</w>
               <S/>
               <w msd="Ppnmer" lemma="namakalen">namakalnega</w>
               <S/>
               <w msd="Somer" lemma="sistem">sistema</w>
               <S/>
               <w msd="L" lemma="tudi">tudi</w>
               <S/>
               <w msd="Dt" lemma="na">na</w>
               <S/>
               <w msd="Ppnzmt" lemma="pomurski">pomurske</w>
               <S/>
               <w msd="Ppnzer" lemma="kmetijski">kmetijske</w>
               <S/>
               <w msd="Sozer" lemma="površina">površine</w>
               <S/>
               <w msd="Ggdd-es" lemma="ustanoviti">ustanovilo</w>
               <S/>
               <w msd="Ppnmetd" lemma="pomurski">Pomurski</w>
               <S/>
               <w msd="Ppnmetd" lemma="namakalen">namakalni</w>
               <S/>
               <w msd="Somei" lemma="konzorcij">konzorcij</w>
               <c>.</c>
               <S/>
            </s>
            <s>
               <w msd="Somei" lemma="izziv">Izziv</w>
               <S/>
               <w msd="Gp-ste-n" lemma="biti">je</w>
               <S/>
               <w msd="Gp-d-em" lemma="biti">bil</w>
               <S/>
               <w msd="Dt" lemma="za">za</w>
               <S/>
               <w msd="Rsn" lemma="vse">vse</w>
               <S/>
               <w msd="Ppnmein" lemma="velik">velik</w>
               <c>,</c>
               <S/>
               <w msd="Vp" lemma="saj">saj</w>
               <S/>
               <w msd="Dm" lemma="v">v</w>
               <S/>
               <w msd="Ppnzem" lemma="pomurski">pomurski</w>
               <S/>
               <w msd="Sozem" lemma="regija">regiji</w>
               <S/>
               <w msd="Vd" lemma="kot">kot</w>
               <S/>
               <w msd="Rsn" lemma="izrazito">izrazito</w>
               <S/>
               <w msd="Ppnsem" lemma="kmetijski">kmetijskem</w>
               <S/>
               <w msd="Sosem" lemma="območje">območju</w>
               <S/>
               <w msd="Dr" lemma="do">do</w>
               <S/>
               <w msd="Rsn" lemma="takrat">takrat</w>
               <S/>
               <w msd="L" lemma="skorajda">skorajda</w>
               <S/>
               <w msd="Gp-stm-d" lemma="biti">niso</w>
               <S/>
               <w msd="Ggnd-mm" lemma="namakati">namakali</w>
               <S/>
               <w msd="Sozmr" lemma="površina">površin</w>
               <c>.</c>
               <S/>
            </s>
         </p>
         <p xml:id="F0000038.001344">
            <s>
               <w msd="L" lemma="prav">Prav</w>
               <S/>
               <w msd="Rsn" lemma="tako">tako</w>
               <S/>
               <w msd="Vp" lemma="pa">pa</w>
               <S/>
               <w msd="Somei" lemma="zakon">zakon</w>
               <S/>
               <w msd="Ggnste" lemma="določati">določa</w>
               <S/>
               <w msd="L" lemma="tudi">tudi</w>
               <S/>
               <w msd="Sommt" lemma="primer">primere</w>
               <c>,</c>
               <S/>
               <w msd="Vd" lemma="ko">ko</w>
               <S/>
               <w msd="Sozei" lemma="odobritev">odobritev</w>
               <S/>
               <w msd="Ppnzer" lemma="upraven">upravne</w>
               <S/>
               <w msd="Sozer" lemma="enota">enote</w>
               <S/>
               <w msd="Gp-ste-d" lemma="biti">ni</w>
               <S/>
               <w msd="Ppnzei" lemma="potreben">potrebna</w>
               <c>.</c>
               <S/>
            </s>
            <s>
               <w msd="Ppnzei" lemma="upraven">Upravna</w>
               <S/>
               <w msd="Sozei" lemma="enota">enota</w>
               <S/>
               <w msd="Rsn" lemma="tako">tako</w>
               <S/>
               <w msd="L" lemma="ne">ne</w>
               <S/>
               <w msd="Ggnste" lemma="preverjati">preverja</w>
               <S/>
               <w msd="Sozer" lemma="dopustnost">dopustnosti</w>
               <S/>
               <w msd="Ppnmer" lemma="praven">pravnega</w>
               <S/>
               <w msd="Somer" lemma="posel">posla</w>
               <S/>
               <w msd="Dm" lemma="v">v</w>
               <S/>
               <w msd="Somem" lemma="okvir">okviru</w>
               <S/>
               <w msd="Ppnmmr" lemma="kmetijski">kmetijskih</w>
               <S/>
               <w msd="Rsn" lemma="prostorsko">prostorsko</w>
               <S/>
               <w msd="Ppnzmr" lemma="ureditven">ureditvenih</w>
               <S/>
               <w msd="Sozmr" lemma="operacija">operacij</w>
               <c>,</c>
               <S/>
               <w msd="Vd" lemma="če">če</w>
               <S/>
               <w msd="Ggvste" lemma="iti">gre</w>
               <S/>
               <w msd="Dt" lemma="za">za</w>
               <S/>
               <w msd="Sozet" lemma="pridobitev">pridobitev</w>
               <S/>
               <w msd="Ppnser" lemma="kmetijski">kmetijskega</w>
               <S/>
               <w msd="Soser" lemma="zemljišče">zemljišča</w>
               <S/>
               <w msd="Vp" lemma="ali">ali</w>
               <S/>
               <w msd="Somer" lemma="gozd">gozda</w>
               <S/>
               <w msd="Do" lemma="med">med</w>
               <S/>
               <w msd="Somdo" lemma="zakonec">zakoncema</w>
               <c>,</c>
               <S/>
               <w msd="Dm" lemma="pri">pri</w>
               <S/>
               <w msd="Ppnsem" lemma="zakonit">zakonitem</w>
               <S/>
               <w msd="Sosem" lemma="dedovanje">dedovanju</w>
               <c>,</c>
               <S/>
               <w msd="Dm" lemma="v">v</w>
               <S/>
               <w msd="Somem" lemma="primer">primeru</w>
               <S/>
               <w msd="Sozer" lemma="gradnja">gradnje</w>
               <S/>
               <w msd="Ppnmmr" lemma="infrastrukturen">infrastrukturnih</w>
               <S/>
               <w msd="Sommr" lemma="objekt">objektov</w>
               <S/>
               <w msd="Vp" lemma="in">in</w>
               <S/>
               <w msd="Sozmr" lemma="naprava">naprav</w>
               <c>.</c>
               <S/>
            </s>
            <s>
               <w msd="Somei" lemma="zakonodajalec">Zakonodajalec</w>
               <S/>
               <w msd="Gp-ste-n" lemma="biti">je</w>
               <S/>
               <w msd="Rsn" lemma="verjetno">verjetno</w>
               <S/>
               <w msd="Ggdd-em" lemma="oceniti">ocenil</w>
               <c>,</c>
               <S/>
               <w msd="Vd" lemma="da">da</w>
               <S/>
               <w msd="Dm" lemma="v">v</w>
               <S/>
               <w msd="Zk-zmm" lemma="ta">teh</w>
               <S/>
               <w msd="Sozmm" lemma="situacija">situacijah</w>
               <S/>
               <w msd="Ppnzei" lemma="državen">državna</w>
               <S/>
               <w msd="Sozei" lemma="kontrola">kontrola</w>
               <S/>
               <w msd="Gp-ste-d" lemma="biti">ni</w>
               <S/>
               <w msd="Ppnzei" lemma="potreben">potrebna</w>
               <c>.</c>
            </s>
         </p>
         <p xml:id="F0000038.001422">
            <s>
               <w msd="Dm" lemma="v">V</w>
               <S/>
               <w msd="Somem" lemma="sklad">skladu</w>
               <S/>
               <w msd="Do" lemma="z">z</w>
               <S/>
               <w msd="Someo" lemma="namen">namenom</w>
               <S/>
               <w msd="Sozer" lemma="komasacija">komasacije</w>
               <S/>
               <w msd="Ggdstm" lemma="dobiti">dobijo</w>
               <S/>
               <w msd="Ppnmmi" lemma="komasacijski">komasacijski</w>
               <S/>
               <w msd="Sommi" lemma="udeleženec">udeleženci</w>
               <S/>
               <w msd="Rsn" lemma="čim">čim</w>
               <S/>
               <w msd="Rsr" lemma="bolj">bolj</w>
               <S/>
               <w msd="Pdnsei" lemma="zaokrožen">zaokroženo</w>
               <S/>
               <w msd="Soset" lemma="zemljišče">zemljišče</w>
               <S/>
               <w msd="Rsn" lemma="približno">približno</w>
               <S/>
               <w msd="Zn-zmi" lemma="enak">enake</w>
               <S/>
               <w msd="Ppnzer" lemma="skupen">skupne</w>
               <S/>
               <w msd="Sozer" lemma="vrednost">vrednosti</w>
               <c>.</c>
               <S/>
            </s>
            <s>
               <w msd="Sozei" lemma="razlika">Razlika</w>
               <S/>
               <w msd="Do" lemma="med">med</w>
               <S/>
               <w msd="Pdnmmo" lemma="vložen">vloženimi</w>
               <S/>
               <w msd="Sosmo" lemma="zemljišče">zemljišči</w>
               <S/>
               <w msd="Vp" lemma="in">in</w>
               <S/>
               <w msd="Pdnseo" lemma="dobljen">dobljenim</w>
               <S/>
               <w msd="Gp-ste-n" lemma="biti">je</w>
               <S/>
               <w msd="Rsn" lemma="lahko">lahko</w>
               <S/>
               <w msd="Rss" lemma="največ">največ</w>
               <S/>
               <w msd="Kag" lemma="5">5</w>
               <c>%</c>
               <S/>
               <w msd="Sozer" lemma="vrednost">vrednosti</w>
               <S/>
               <w msd="Vp" lemma="ali">ali</w>
               <S/>
               <w msd="Kag" lemma="15">15</w>
               <c>%</c>
               <S/>
               <w msd="Sozer" lemma="površina">površine</w>
               <S/>
               <w msd="Soser" lemma="zemljišče">zemljišča</w>
               <c>.</c>
               <S/>
            </s>
            <s>
               <w msd="Somei" lemma="zakonodajalec">Zakonodajalec</w>
               <S/>
               <w msd="Gp-ste-n" lemma="biti">je</w>
               <S/>
               <w msd="Ggdd-em" lemma="opustiti">opustil</w>
               <S/>
               <w msd="Ppnset" lemma="dosedanji">dosedanje</w>
               <S/>
               <w msd="Soset" lemma="stanje">stanje</w>
               <c>,</c>
               <S/>
               <w msd="Vd" lemma="da">da</w>
               <S/>
               <w msd="Gp-g" lemma="biti">bi</w>
               <S/>
               <w msd="Sommi" lemma="udeleženec">udeleženci</w>
               <S/>
               <w msd="Ggdd-mm" lemma="dobiti">dobili</w>
               <S/>
               <w msd="Sosmt" lemma="zemljišče">zemljišča</w>
               <S/>
               <w msd="Zn-zmi" lemma="enak">enake</w>
               <S/>
               <w msd="Ppnzer" lemma="katastrski">katastrske</w>
               <S/>
               <w msd="Sozer" lemma="kultura">kulture</w>
               <S/>
               <w msd="Vp" lemma="in">in</w>
               <S/>
               <w msd="Rsn" lemma="približno">približno</w>
               <S/>
               <w msd="Zn-zmi" lemma="enak">enake</w>
               <S/>
               <w msd="Sozer" lemma="lega">lege</w>
               <S/>
               <w msd="Vd" lemma="kot">kot</w>
               <S/>
               <w msd="Do" lemma="pred">pred</w>
               <S/>
               <w msd="Sozeo" lemma="vložitev">vložitvijo</w>
               <S/>
               <w msd="Sosmr" lemma="zemljišče">zemljišč</w>
               <S/>
               <w msd="Dt" lemma="v">v</w>
               <S/>
               <w msd="Ppnmetd" lemma="komasacijski">komasacijski</w>
               <S/>
               <w msd="Sometn" lemma="sklad">sklad</w>
               <c>.</c>
               <S/>
            </s>
            <s>
               <w msd="Sozei" lemma="ohranitev">Ohranitev</w>
               <S/>
               <w msd="Zk-ser" lemma="takšen">takšnega</w>
               <S/>
               <w msd="Soser" lemma="stanje">stanja</w>
               <S/>
               <w msd="L" lemma="ne">ne</w>
               <S/>
               <w msd="Gp-g" lemma="biti">bi</w>
               <S/>
               <w msd="Ggdd-ez" lemma="prinesti">prinesla</w>
               <S/>
               <w msd="Pdnmmr" lemma="željen">željenih</w>
               <S/>
               <w msd="Sozmr" lemma="sprememba">sprememb</w>
               <c>,</c>
               <S/>
               <w msd="Dr" lemma="zaradi">zaradi</w>
               <S/>
               <w msd="Zv-zmr" lemma="kateri">katerih</w>
               <S/>
               <w msd="Gp-ste-n" lemma="biti">je</w>
               <S/>
               <w msd="Pdnzei" lemma="predlagan">predlagana</w>
               <S/>
               <w msd="Zk-zei" lemma="ta">ta</w>
               <S/>
               <w msd="Ppnzei" lemma="agraren">agrarna</w>
               <S/>
               <w msd="Sozei" lemma="operacija">operacija</w>
               <c>.</c>
               <S/>
            </s>
         </p>
         <p xml:id="F0000038.001467">
            <s>
               <w msd="Rsn" lemma="pohvalno">Pohvalno</w>
               <S/>
               <w msd="Vp" lemma="pa">pa</w>
               <S/>
               <w msd="Gp-ste-n" lemma="biti">je</w>
               <S/>
               <w msd="Sosei" lemma="dejstvo">dejstvo</w>
               <c>,</c>
               <S/>
               <w msd="Vd" lemma="da">da</w>
               <S/>
               <w msd="Gp-ste-n" lemma="biti">je</w>
               <S/>
               <w msd="Dt" lemma="v">v</w>
               <S/>
               <w msd="Sometn" lemma="zakon">zakon</w>
               <S/>
               <w msd="Ppnzei" lemma="vnešen">vnešena</w>
               <S/>
               <w msd="Rsr" lemma="bolj">bolj</w>
               <S/>
               <w msd="Ppnzei" lemma="jasen">jasna</w>
               <S/>
               <w msd="Sozei" lemma="določba">določba</w>
               <S/>
               <w msd="Dm" lemma="o">o</w>
               <S/>
               <w msd="Sosem" lemma="preprečevanje">preprečevanju</w>
               <S/>
               <w msd="Soser" lemma="onesnaževanje">onesnaževanja</w>
               <S/>
               <w msd="Ppnsmr" lemma="kmetijski">kmetijskih</w>
               <S/>
               <w msd="Sosmr" lemma="zemljišče">zemljišč</w>
               <c>.</c>
               <S/>
            </s>
            <s>
               <w msd="L" lemma="tudi">Tudi</w>
               <S/>
               <w msd="Dt" lemma="na">na</w>
               <S/>
               <w msd="Zk-met" lemma="ta">ta</w>
               <S/>
               <w msd="Sometn" lemma="način">način</w>
               <S/>
               <w msd="Zp------k" lemma="se">se</w>
               <S/>
               <w msd="Soser" lemma="zemljišče">zemljišča</w>
               <S/>
               <w msd="Ggnstm" lemma="varovati">varujejo</w>
               <S/>
               <w msd="Vp" lemma="in">in</w>
               <S/>
               <w msd="Dm" lemma="v">v</w>
               <S/>
               <w msd="Somem" lemma="zakon">zakonu</w>
               <S/>
               <w msd="Gp-g" lemma="biti">bi</w>
               <S/>
               <w msd="Ggnd-em" lemma="morati">moral</w>
               <S/>
               <w msd="Gp-n" lemma="biti">biti</w>
               <S/>
               <w msd="Somei" lemma="dan">dan</w>
               <S/>
               <w msd="L" lemma="še">še</w>
               <S/>
               <w msd="Pppmeid" lemma="velik">večji</w>
               <S/>
               <w msd="Somei" lemma="poudarek">poudarek</w>
               <S/>
               <w msd="Zk-med" lemma="ta">temu</w>
               <c>.</c>
               <S/>
            </s>
            <s>
               <w msd="Dm" lemma="o">O</w>
               <S/>
               <w msd="Ppnsem" lemma="ekološki">ekološkem</w>
               <S/>
               <w msd="Sosem" lemma="kmetijstvo">kmetijstvu</w>
               <S/>
               <w msd="Dm" lemma="v">v</w>
               <S/>
               <w msd="Slzem" lemma="Slovenija">Sloveniji</w>
               <S/>
               <w msd="L" lemma="še">še</w>
               <S/>
               <w msd="Gp-ste-d" lemma="biti">ni</w>
               <S/>
               <w msd="Somer" lemma="govor">govora</w>
               <c>,</c>
               <S/>
               <w msd="Vp" lemma="zato">zato</w>
               <S/>
               <w msd="Vp" lemma="pa">pa</w>
               <S/>
               <w msd="Gp-ste-n" lemma="biti">je</w>
               <S/>
               <w msd="Rsn" lemma="potrebno">potrebno</w>
               <S/>
               <w msd="Ggnn" lemma="ohranjevati">ohranjevati</w>
               <S/>
               <w msd="Sozet" lemma="rast">rast</w>
               <S/>
               <w msd="Vp" lemma="in">in</w>
               <S/>
               <w msd="Sometn" lemma="razvoj">razvoj</w>
               <S/>
               <w msd="Sozmr" lemma="rastlina">rastlin</w>
               <S/>
               <w msd="L" lemma="vsaj">vsaj</w>
               <S/>
               <w msd="Dm" lemma="na">na</w>
               <S/>
               <w msd="Ppnzem" lemma="sedanji">sedanji</w>
               <S/>
               <w msd="Sozem" lemma="stopnja">stopnji</w>
               <c>.</c>
               <S/>
            </s>
            <s>
               <w msd="Dm" lemma="v">V</w>
               <S/>
               <w msd="Ppnzem" lemma="sosednji">sosednji</w>
               <S/>
               <w msd="Slzem" lemma="Avstrija">Avstriji</w>
               <S/>
               <w msd="Zp------k" lemma="se">se</w>
               <S/>
               <w msd="Ggdstm" lemma="pohvaliti">pohvalijo</w>
               <S/>
               <w msd="Do" lemma="z">z</w>
               <S/>
               <w msd="L" lemma="že">že</w>
               <S/>
               <w msd="Dr" lemma="preko">preko</w>
               <S/>
               <w msd="Kag" lemma="20.000">20.000</w>
               <S/>
               <w msd="Rsn" lemma="ekološko">ekološko</w>
               <S/>
               <w msd="Pdnzmo" lemma="usmerjen">usmerjenimi</w>
               <S/>
               <w msd="Sozmo" lemma="kmetija">kmetijami</w>
               <c>.</c>
               <S/>
            </s>
            <s>
               <w msd="Sosmi" lemma="pravilo">Pravila</w>
               <S/>
               <w msd="Dt" lemma="za">za</w>
               <S/>
               <w msd="Ppnset" lemma="ekološki">ekološko</w>
               <S/>
               <w msd="Soset" lemma="kmetijstvo">kmetijstvo</w>
               <S/>
               <w msd="Gp-stm-n" lemma="biti">so</w>
               <S/>
               <w msd="Ppnsmi" lemma="strog">stroga</w>
               <c>.</c>
               <S/>
            </s>
            <s>
               <w msd="Pdnzei" lemma="prepovedan">Prepovedana</w>
               <S/>
               <w msd="Gp-ste-n" lemma="biti">je</w>
               <S/>
               <w msd="Sozei" lemma="uporaba">uporaba</w>
               <S/>
               <w msd="Ppnzmr" lemma="kemičen">kemičnih</w>
               <S/>
               <w msd="Ppnsmr" lemma="sistetičen">sistetičnih</w>
               <S/>
               <w msd="Sosmr" lemma="gnojilo">gnojil</w>
               <S/>
               <w msd="Vp" lemma="in">in</w>
               <S/>
               <w msd="Sommr" lemma="pesticid">pesticidov</w>
               <c>.</c>
               <S/>
            </s>
            <s>
               <w msd="Sozei" lemma="krma">Krma</w>
               <S/>
               <w msd="Ggnste" lemma="morati">mora</w>
               <S/>
               <w msd="Gp-n" lemma="biti">biti</w>
               <S/>
               <w msd="Ppnser" lemma="ekološki">ekološkega</w>
               <S/>
               <w msd="Soser" lemma="poreklo">porekla</w>
               <c>.</c>
               <S/>
            </s>
            <s>
               <w msd="Zc-zmi" lemma="ves">Vse</w>
               <S/>
               <w msd="Sozmt" lemma="žival">živali</w>
               <S/>
               <w msd="Gp-ste-n" lemma="biti">je</w>
               <S/>
               <w msd="Rsn" lemma="treba">treba</w>
               <S/>
               <w msd="Dr" lemma="iz">iz</w>
               <S/>
               <w msd="Somer" lemma="hlev">hleva</w>
               <S/>
               <w msd="Ggdn" lemma="izpustiti">izpustiti</w>
               <S/>
               <w msd="Rss" lemma="najmanj">najmanj</w>
               <S/>
               <w msd="Kag" lemma="180">180</w>
               <S/>
               <w msd="Sommr" lemma="dan">dni</w>
               <S/>
               <w msd="Dt" lemma="na">na</w>
               <S/>
               <w msd="Soset" lemma="leto">leto</w>
               <c>.</c>
               <S/>
            </s>
            <s>
               <w msd="Sozei" lemma="njiva">Njiva</w>
               <S/>
               <w msd="L" lemma="naj">naj</w>
               <S/>
               <w msd="Gp-g" lemma="biti">bi</w>
               <S/>
               <w msd="Gp-d-ez" lemma="biti">bila</w>
               <S/>
               <w msd="Rsn" lemma="vedno">vedno</w>
               <S/>
               <w msd="Ppnzei" lemma="zelen">zelena</w>
               <S/>
               <c>(</c>
               <w msd="Sommi" lemma="podsevek">podsevki</w>
               <c>,</c>
               <S/>
               <w msd="Ppnmmi" lemma="vmesen">vmesni</w>
               <S/>
               <w msd="Sommi" lemma="posevek">posevki</w>
               <c>)</c>
               <c>.</c>
               <S/>
            </s>
            <s>
               <w msd="Rsn" lemma="tako">Tako</w>
               <S/>
               <w msd="Gp-g" lemma="biti">bi</w>
               <S/>
               <w msd="Zp------k" lemma="se">se</w>
               <S/>
               <w msd="Ggnd-ez" lemma="pridelovati">pridelovala</w>
               <S/>
               <w msd="Vp" lemma="in">in</w>
               <S/>
               <w msd="Ggnd-ez" lemma="rediti">redila</w>
               <S/>
               <w msd="Sosmt" lemma="bioživilo">bioživila</w>
               <c>,</c>
               <S/>
               <w msd="Vd" lemma="ki">ki</w>
               <S/>
               <w msd="Zp------k" lemma="se">se</w>
               <S/>
               <w msd="Ggvstm" lemma="odlikovati">odlikujejo</w>
               <S/>
               <w msd="Dm" lemma="po">po</w>
               <S/>
               <w msd="Zp-zem" lemma="svoj">svoji</w>
               <S/>
               <w msd="Sozem" lemma="kvaliteta">kvaliteti</w>
               <S/>
               <w msd="Vp" lemma="in">in</w>
               <S/>
               <w msd="Sozer" lemma="neškodljivost">neškodljivosti</w>
               <c>.</c>
               <S/>
            </s>
            <s>
               <w msd="Dr" lemma="zaradi">Zaradi</w>
               <S/>
               <w msd="Pdnmmr" lemma="omenjen">omenjenih</w>
               <S/>
               <w msd="Sommr" lemma="razlog">razlogov</w>
               <S/>
               <w msd="Vp" lemma="in">in</w>
               <S/>
               <w msd="Dm" lemma="na">na</w>
               <S/>
               <w msd="Sozem" lemma="podlaga">podlagi</w>
               <S/>
               <w msd="Pdnser" lemma="zastrašujoč">zastrašujočega</w>
               <S/>
               <w msd="Soser" lemma="dejstvo">dejstva</w>
               <c>,</c>
               <S/>
               <w msd="Vd" lemma="da">da</w>
               <S/>
               <w msd="Sozei" lemma="večina">večina</w>
               <S/>
               <w msd="Ppnmmr" lemma="slovenski">slovenskih</w>
               <S/>
               <w msd="Sommr" lemma="kmet">kmetov</w>
               <S/>
               <w msd="Dt" lemma="na">na</w>
               <S/>
               <w msd="Rsn" lemma="splošno">splošno</w>
               <S/>
               <w msd="L" lemma="ne">ne</w>
               <S/>
               <w msd="Ggvste" lemma="upoštevati">upošteva</w>
               <S/>
               <w msd="Sozer" lemma="nevarnost">nevarnosti</w>
               <S/>
               <w msd="Ppnzer" lemma="prevelik">prevelike</w>
               <S/>
               <w msd="Sozer" lemma="uporaba">uporabe</w>
               <S/>
               <w msd="Sommr" lemma="pesticid">pesticidov</w>
               <S/>
               <w msd="Vp" lemma="in">in</w>
               <S/>
               <w msd="Sosmr" lemma="gnojilo">gnojil</w>
               <c>,</c>
               <S/>
               <w msd="Gp-g" lemma="biti">bi</w>
               <S/>
               <w msd="Gp-d-es" lemma="biti">bilo</w>
               <S/>
               <w msd="Rsn" lemma="nujno">nujno</w>
               <S/>
               <w msd="Ggdn" lemma="začeti">začeti</w>
               <S/>
               <w msd="Ggnn" lemma="usmerjati">usmerjati</w>
               <S/>
               <w msd="Soset" lemma="kmetijstvo">kmetijstvo</w>
               <S/>
               <w msd="Dt" lemma="v">v</w>
               <S/>
               <w msd="Zk-zet" lemma="ta">to</w>
               <S/>
               <w msd="Sozet" lemma="smer">smer</w>
               <c>.</c>
               <S/>
            </s>
            <s>
               <w msd="L" lemma="tudi">Tudi</w>
               <S/>
               <w msd="Somei" lemma="pogoj">pogoj</w>
               <S/>
               <w msd="Dr" lemma="glede">glede</w>
               <S/>
               <w msd="Ppnzer" lemma="kmetijski">kmetijske</w>
               <S/>
               <w msd="Sozer" lemma="usposobljenost">usposobljenosti</w>
               <S/>
               <w msd="Dm" lemma="pri">pri</w>
               <S/>
               <w msd="Somem" lemma="promet">prometu</w>
               <S/>
               <w msd="Do" lemma="z">s</w>
               <S/>
               <w msd="Ppnsmo" lemma="kmetijski">kmetijskimi</w>
               <S/>
               <w msd="Sosmo" lemma="zemljišče">zemljišči</w>
               <S/>
               <w msd="Dm" lemma="v">v</w>
               <S/>
               <w msd="Ppnmem" lemma="sedanji">sedanjem</w>
               <S/>
               <w msd="Somem" lemma="zakon">zakonu</w>
               <S/>
               <w msd="Gp-g" lemma="biti">bi</w>
               <S/>
               <w msd="Gp-d-em" lemma="biti">bil</w>
               <S/>
               <w msd="Rsn" lemma="precej">precej</w>
               <S/>
               <w msd="Rsr" lemma="bolj">bolj</w>
               <S/>
               <w msd="Ppnmein" lemma="opravičljiv">opravičljiv</w>
               <c>.</c>
               <S/>
            </s>
            <s>
               <c>"</c>
               <w msd="Somei" lemma="biokmet">Biokmet</w>
               <c>"</c>
               <S/>
               <w msd="Gp-g" lemma="biti">bi</w>
               <S/>
               <w msd="Gp-d-em" lemma="biti">bil</w>
               <S/>
               <w msd="Rsn" lemma="tako">tako</w>
               <S/>
               <w msd="Pdnmein" lemma="cenjen">cenjen</w>
               <S/>
               <w msd="Vp" lemma="in">in</w>
               <S/>
               <w msd="Dm" lemma="na">na</w>
               <S/>
               <w msd="Somem" lemma="trg">trgu</w>
               <S/>
               <w msd="Gp-g" lemma="biti">bi</w>
               <S/>
               <w msd="Ggdd-es" lemma="priti">prišlo</w>
               <S/>
               <w msd="Dr" lemma="do">do</w>
               <S/>
               <w msd="Ppnzer" lemma="zdrav">zdrave</w>
               <S/>
               <w msd="Sozer" lemma="konkurenca">konkurence</w>
               <c>.</c>
               <S/>
            </s>
            <s>
               <w msd="Ppnmmi" lemma="strog">Strogi</w>
               <S/>
               <w msd="Sommi" lemma="pogoj">pogoji</w>
               <S/>
               <w msd="Sozer" lemma="prodaja">prodaje</w>
               <S/>
               <w msd="Sosmr" lemma="zemljišče">zemljišč</w>
               <S/>
               <w msd="Gp-g" lemma="biti">bi</w>
               <S/>
               <w msd="Ggdd-mm" lemma="postati">postali</w>
               <S/>
               <w msd="Rsr" lemma="bolj">bolj</w>
               <S/>
               <w msd="Ppnmmi" lemma="sorazmeren">sorazmerni</w>
               <S/>
               <w msd="Sommd" lemma="ukrep">ukrepom</w>
               <c>,</c>
               <S/>
               <w msd="Vd" lemma="ki">ki</w>
               <S/>
               <w msd="Gp-stm-n" lemma="biti">so</w>
               <S/>
               <w msd="Ppnmmi" lemma="potreben">potrebni</w>
               <S/>
               <w msd="Dt" lemma="za">za</w>
               <S/>
               <w msd="Soset" lemma="varovanje">varovanje</w>
               <S/>
               <w msd="Ppnsmr" lemma="kmetijski">kmetijskih</w>
               <S/>
               <w msd="Sosmr" lemma="zemljišče">zemljišč</w>
               <S/>
               <w msd="Dm" lemma="po">po</w>
               <S/>
               <w msd="Kav" lemma="2.">2.</w>
               <S/>
               <w msd="Somem" lemma="odstavek">odstavku</w>
               <S/>
               <w msd="Kav" lemma="71.">71.</w>
               <S/>
               <w msd="Somer" lemma="člen">člena</w>
               <S/>
               <w msd="Sozer" lemma="ustava">Ustave</w>
               <c>.</c>
            </s>
         </p>
         <p xml:id="F0000038.001495">
            <s>
               <w msd="L" lemma="tudi">Tudi</w>
               <S/>
               <w msd="Rsn" lemma="sodobno">sodobno</w>
               <S/>
               <w msd="Pdnmmi" lemma="oblečen">oblečeni</w>
               <S/>
               <w msd="Sommi" lemma="otrok">otroci</w>
               <S/>
               <w msd="Ggnstm" lemma="opravljati">opravljajo</w>
               <S/>
               <w msd="Sozet" lemma="vloga">vlogo</w>
               <S/>
               <w msd="Sommr" lemma="kolednik">kolednikov</w>
               <c>.</c>
               <S/>
            </s>
            <s>
               <w msd="Rsn" lemma="res">Res</w>
               <S/>
               <w msd="Gp-ste-n" lemma="biti">je</w>
               <c>,</c>
               <S/>
               <w msd="Vd" lemma="da">da</w>
               <S/>
               <w msd="Dt" lemma="za">za</w>
               <S/>
               <w msd="Sommt" lemma="dar">darove</w>
               <S/>
               <w msd="Rsn" lemma="navadno">navadno</w>
               <S/>
               <w msd="Gp-stm-d" lemma="biti">niso</w>
               <S/>
               <w msd="Ggnd-mm" lemma="prositi">prosili</w>
               <S/>
               <w msd="Do" lemma="z">s</w>
               <S/>
               <w msd="Sozeo" lemma="pesem">pesmijo</w>
               <c>,</c>
               <S/>
               <w msd="Vp" lemma="marveč">marveč</w>
               <S/>
               <w msd="Gp-stm-n" lemma="biti">so</w>
               <S/>
               <w msd="Ggnd-mm" lemma="hoditi">hodili</w>
               <S/>
               <w msd="Dr" lemma="od">od</w>
               <S/>
               <w msd="Sometn" lemma="vrat">vrat</w>
               <S/>
               <w msd="Dr" lemma="do">do</w>
               <S/>
               <w msd="Sosmr" lemma="vrata">vrat</w>
               <S/>
               <w msd="Vp" lemma="in">in</w>
               <S/>
               <w msd="Ggnd-mm" lemma="spraševati">spraševali</w>
               <c>:</c>
               <S/>
               <c>»</c>
               <w msd="Slmei" lemma="Mate">Mate</w>
               <S/>
               <w msd="Rsn" lemma="kaj">kej</w>
               <S/>
               <w msd="Dt" lemma="za">za</w>
               <S/>
               <w msd="Sommt" lemma="maškorad">maškorade</w>
               <c>?</c>
               <c>«</c>
               <S/>
            </s>
            <s>
               <w msd="Dm" lemma="ob">Ob</w>
               <S/>
               <w msd="Rsn" lemma="tako">tako</w>
               <S/>
               <w msd="Ppnsem" lemma="prisrčen">prisrčnem</w>
               <S/>
               <w msd="Sosem" lemma="vprašanje">vprašanju</w>
               <S/>
               <w msd="Zotmmd--k" lemma="on">jim</w>
               <S/>
               <w msd="Gp-ste-n" lemma="biti">je</w>
               <S/>
               <w msd="Zc-mei" lemma="vsakdo">vsakdo</w>
               <S/>
               <w msd="Ggdd-em" lemma="nameniti">namenil</w>
               <S/>
               <w msd="Rsn" lemma="nekaj">nekaj</w>
               <S/>
               <w msd="Sommr" lemma="krof">krofov</w>
               <S/>
               <w msd="Vp" lemma="ali">ali</w>
               <S/>
               <w msd="Sommr" lemma="flancat">flancatov</w>
               <c>.</c>
               <S/>
            </s>
            <s>
               <w msd="Vp" lemma="in">In</w>
               <S/>
               <w msd="Rsn" lemma="tako">tako</w>
               <S/>
               <w msd="Ggnste" lemma="ostajati">ostaja</w>
               <S/>
               <w msd="Somei" lemma="pust">pust</w>
               <S/>
               <w msd="Ppnmmr" lemma="masten">mastnih</w>
               <S/>
               <w msd="Vp" lemma="in">in</w>
               <S/>
               <w msd="Ppnmmr" lemma="vesel">veselih</w>
               <S/>
               <w msd="Sosmr" lemma="usta">ust</w>
               <c>.</c>
            </s>
         </p>
         <p xml:id="F0000038.001560">
            <s>
               <w msd="Ppnzei" lemma="gornji">Gornja</w>
               <S/>
               <w msd="Slzei" lemma="Radgona">Radgona</w>
               <S/>
               <w msd="Kag" lemma="19">19</w>
               <c>.</c>
            </s>
         </p>
         <p xml:id="F0000038.001598">
            <s>
               <w msd="Somei" lemma="krompir">krompir</w>
               <S/>
               <w msd="Kag" lemma="4570">4570</w>
            </s>
         </p>
         <p xml:id="F0000038.001764">
            <s>
               <w msd="Vp" lemma="a">a</w>
               <S/>
               <w msd="L" lemma="še">še</w>
               <S/>
               <w msd="Ppnzmt" lemma="čist">čiste</w>
               <S/>
               <w msd="Sozmt" lemma="roka">roke</w>
               <S/>
               <w msd="Ggnsde-n" lemma="imeti">imaš</w>
               <c>.</c>
            </s>
         </p>
         <p xml:id="F0000038.002191">
            <s>
               <w msd="Kag" lemma="1433">1433</w>
               <S/>
               <w msd="Ppnmmi" lemma="skupen">Skupni</w>
               <S/>
               <w msd="Sommi" lemma="namen">nameni</w>
               <c>:</c>
               <S/>
               <w msd="Sosei" lemma="nadomestilo">Nadomestilo</w>
               <S/>
               <w msd="Dm" lemma="pri">pri</w>
               <S/>
               <w msd="Sozmm" lemma="cena">cenah</w>
               <S/>
               <w msd="Ppnmmr" lemma="kmetijski">kmetijskih</w>
               <S/>
               <w msd="Sommr" lemma="proizvod">proizvodov</w>
               <S/>
               <w msd="Vp" lemma="in">in</w>
               <S/>
               <w msd="Ppnmmi" lemma="intervencijski">intervencijski</w>
               <S/>
               <w msd="Sommi" lemma="nakup">nakupi</w>
               <S/>
               <c>(</c>
               <w msd="Ppnmeid" lemma="interventen">Interventni</w>
               <S/>
               <w msd="Somei" lemma="odkup">odkup</w>
               <S/>
               <w msd="Soser" lemma="vino">vina</w>
               <S/>
               <w msd="Dm" lemma="v">v</w>
               <S/>
               <w msd="Sosem" lemma="leto">letu</w>
               <S/>
               <w msd="Kag" lemma="1998">1998</w>
               <c>,</c>
               <S/>
               <w msd="Sozei" lemma="podpora">Podpora</w>
               <S/>
               <w msd="Somed" lemma="odkup">odkupu</w>
               <S/>
               <w msd="Sozer" lemma="koruza">koruze</w>
               <S/>
               <w msd="Dt" lemma="za">za</w>
               <S/>
               <w msd="Soset" lemma="zrnje">zrnje</w>
               <S/>
               <w msd="Sozer" lemma="letina">letine</w>
               <S/>
               <w msd="Kag" lemma="1998">1998</w>
               <c>,</c>
               <S/>
               <w msd="Sosei" lemma="pokrivanje">Pokrivanje</w>
               <S/>
               <w msd="Sozer" lemma="razlika">razlike</w>
               <S/>
               <w msd="Dm" lemma="pri">pri</w>
               <S/>
               <w msd="Ppnzem" lemma="odkupen">odkupni</w>
               <S/>
               <w msd="Sozem" lemma="cena">ceni</w>
               <S/>
               <w msd="Ppnzer" lemma="sladkoren">sladkorne</w>
               <S/>
               <w msd="Sozer" lemma="pesa">pese</w>
               <S/>
               <w msd="Sozer" lemma="letina">letine</w>
               <S/>
               <w msd="Kag" lemma="1998">1998</w>
               <c>,</c>
               <S/>
               <w msd="Sosei" lemma="sofinanciranje">Sofinanciranje</w>
               <S/>
               <w msd="Ppnzer" lemma="nabaven">nabavne</w>
               <S/>
               <w msd="Sozer" lemma="cena">cene</w>
               <S/>
               <w msd="Somer" lemma="sladkor">sladkorja</w>
               <S/>
               <w msd="Dt" lemma="za">za</w>
               <S/>
               <w msd="Ppnset" lemma="zimski">zimsko</w>
               <S/>
               <w msd="Soset" lemma="krmljenje">krmljenje</w>
               <S/>
               <w msd="Sozmr" lemma="čebela">čebel</w>
               <c>,</c>
               <S/>
               <w msd="Soset" lemma="pokrivanje">pokrivanje</w>
               <S/>
               <w msd="Sommr" lemma="strošek">stroškov</w>
               <S/>
               <w msd="Dt" lemma="za">za</w>
               <S/>
               <w msd="Sozet" lemma="uporaba">uporabo</w>
               <S/>
               <w msd="Pdnmer" lemma="koncentriran">koncentriranega</w>
               <S/>
               <w msd="Ppnmer" lemma="grozden">grozdnega</w>
               <S/>
               <w msd="Somer" lemma="mošt">mošta</w>
               <S/>
               <w msd="Dt" lemma="za">za</w>
               <S/>
               <w msd="Sozet" lemma="obogatitev">obogatitev</w>
               <S/>
               <w msd="Soser" lemma="vino">vina</w>
               <c>)</c>
            </s>
         </p>
         <p xml:id="F0000038.002251">
            <s>
               <w msd="Kag" lemma="2447">2447</w>
               <S/>
               <w msd="Ppnmmi" lemma="skupen">Skupni</w>
               <S/>
               <w msd="Sommi" lemma="namen">nameni</w>
               <c>:</c>
               <S/>
               <w msd="Sozei" lemma="podpora">Podpora</w>
               <S/>
               <w msd="Dm" lemma="pri">pri</w>
               <S/>
               <w msd="Sosem" lemma="usposabljanje">usposabljanju</w>
               <S/>
               <w msd="Sommr" lemma="laboratorij">laboratorijev</w>
               <S/>
               <w msd="Dm" lemma="v">v</w>
               <S/>
               <w msd="Sosem" lemma="kmetijstvo">kmetijstvu</w>
               <S/>
               <w msd="Vp" lemma="in">in</w>
               <S/>
               <w msd="Sosem" lemma="živilstvo">živilstvu</w>
            </s>
         </p>
         <p xml:id="F0000038.002362">
            <s>
               <w msd="Ppnmmi" lemma="slovenski">Slovenski</w>
               <S/>
               <w msd="Sommi" lemma="vinogradnik">vinogradniki</w>
               <S/>
               <w msd="Zp------k" lemma="se">se</w>
               <S/>
               <w msd="Do" lemma="pred">pred</w>
               <S/>
               <w msd="Someo" lemma="začetek">začetkom</w>
               <S/>
               <w msd="Ppnsmr" lemma="spomladanski">spomladanskih</w>
               <S/>
               <w msd="Sosmr" lemma="delo">del</w>
               <S/>
               <w msd="Ggnstm" lemma="odločati">odločajo</w>
               <S/>
               <w msd="L" lemma="tudi">tudi</w>
               <S/>
               <w msd="Dt" lemma="za">za</w>
               <S/>
               <w msd="Sozmt" lemma="obnova">obnove</w>
               <c>,</c>
               <S/>
               <w msd="Vp" lemma="vendar">vendar</w>
               <S/>
               <w msd="Gp-stm-n" lemma="biti">so</w>
               <S/>
               <w msd="Dm" lemma="v">v</w>
               <S/>
               <w msd="Ppnsmm" lemma="vinogradniški">vinogradniških</w>
               <S/>
               <w msd="Sosmm" lemma="društvo">društvih</w>
               <S/>
               <w msd="Rsn" lemma="upravičeno">upravičeno</w>
               <S/>
               <w msd="Pdnmmi" lemma="zaskrbljen">zaskrbljeni</w>
               <c>,</c>
               <S/>
               <w msd="Vd" lemma="da">da</w>
               <S/>
               <w msd="Zotmmt--k" lemma="on">jih</w>
               <S/>
               <w msd="Gp-pte-n" lemma="biti">bo</w>
               <S/>
               <w msd="Dr" lemma="zaradi">zaradi</w>
               <S/>
               <w msd="Sozer" lemma="kriza">krize</w>
               <S/>
               <w msd="Dm" lemma="pri">pri</w>
               <S/>
               <w msd="Sozem" lemma="prodaja">prodaji</w>
               <S/>
               <w msd="Soser" lemma="vino">vina</w>
               <S/>
               <w msd="Rsn" lemma="bistveno">bistveno</w>
               <S/>
               <w msd="Rsr" lemma="manj">manj</w>
               <S/>
               <w msd="Vd" lemma="kot">kot</w>
               <S/>
               <w msd="Ppnsmt" lemma="prejšnji">prejšnja</w>
               <S/>
               <w msd="Sosmt" lemma="leto">leta</w>
               <c>.</c>
               <S/>
            </s>
            <s>
               <w msd="Sozet" lemma="večina">Večino</w>
               <S/>
               <w msd="Sozer" lemma="razprava">razprave</w>
               <S/>
               <w msd="Dm" lemma="o">o</w>
               <S/>
               <w msd="Somem" lemma="položaj">položaju</w>
               <S/>
               <w msd="Dm" lemma="na">na</w>
               <S/>
               <w msd="Ppnmem" lemma="slovenski">slovenskem</w>
               <S/>
               <w msd="Ppnmem" lemma="vinski">vinskem</w>
               <S/>
               <w msd="Somem" lemma="trg">trgu</w>
               <S/>
               <w msd="Gp-stm-n" lemma="biti">so</w>
               <S/>
               <w msd="Ggdd-mm" lemma="nameniti">namenili</w>
               <S/>
               <w msd="L" lemma="tudi">tudi</w>
               <S/>
               <w msd="Dm" lemma="na">na</w>
               <S/>
               <w msd="Psnmem" lemma="Švabov">Švabovem</w>
               <S/>
               <w msd="Dm" lemma="v">v</w>
               <S/>
               <w msd="Slzmm" lemma="Haloze">Halozah</w>
               <c>,</c>
               <S/>
               <w msd="Vd" lemma="kjer">kjer</w>
               <S/>
               <w msd="Gp-stm-n" lemma="biti">so</w>
               <S/>
               <w msd="Zp------k" lemma="se">se</w>
               <S/>
               <w msd="Ggdd-mm" lemma="zbrati">zbrali</w>
               <S/>
               <w msd="Sommi" lemma="predsednik">predsedniki</w>
               <S/>
               <w msd="Ppnsmr" lemma="slovenski">slovenskih</w>
               <S/>
               <w msd="Ppnsmr" lemma="vinogradniški">vinogradniških</w>
               <S/>
               <w msd="Sosmr" lemma="društvo">društev</w>
               <S/>
               <w msd="Dm" lemma="na">na</w>
               <S/>
               <w msd="Ppnzem" lemma="reden">redni</w>
               <S/>
               <w msd="Ppnzem" lemma="leten">letni</w>
               <S/>
               <w msd="Sozem" lemma="skupščina">skupščini</w>
               <S/>
               <w msd="Sozer" lemma="zveza">Zveze</w>
               <S/>
               <w msd="Sosmr" lemma="društvo">društev</w>
               <S/>
               <w msd="Sommr" lemma="vinogradnik">vinogradnikov</w>
               <S/>
               <w msd="Slmei" lemma="Vinis">Vinis</w>
               <c>.</c>
            </s>
         </p>
         <p xml:id="F0000038.002437">
            <s>
               <w msd="Slzei" lemma="SLOVENIJA">SLOVENIJA</w>
               <S/>
               <w msd="Somei" lemma="E">E</w>
               <c>-</c>
               <w msd="Somei" lemma="mail">mail</w>
               <c>:</c>
               <S/>
               <w msd="N" lemma="wravoržwravor.si">wravorŽwravor.si</w>
            </s>
         </p>
      </body>
   </text>
</TEI>