<?xml version="1.0" encoding="UTF-8"?>
<TEI xmlns="http://www.tei-c.org/ns/1.0" xml:id="F0000999" xml:lang="sl">
   <teiHeader>
      <fileDesc>
         <titleStmt>
            <title>ccKRES: Playboy (2004-03)</title>
            <funder>Operacijo delno financira Evropska unija iz Evropskega socialnega sklada ter Ministrstvo za šolstvo in šport. Operacija se izvaja v okviru Operativnega programa razvoja človeških virov za obdobje 2007-2013, razvojne prioritete: razvoj človeških virov in vseživljenjskega učenja; prednostne usmeritve: izboljšanje kakovosti in učinkovitosti sistemov izobraževanja in usposabljanja 2007-2013.</funder>
         </titleStmt>
         <editionStmt>
            <edition>1.0</edition>
         </editionStmt>
         <extent>410 besed</extent>
         <publicationStmt>
            <idno>plb3_04</idno>
            <availability status="free">
               <p xml:lang="sl">Avtorske pravice za to izdajo ureja licenca <ref target="http://creativecommons.org/licenses/by-nc/2.5/si/">Creative Commons Priznanje avtorstva-Nekomercialno 2.5 Slovenija</ref>.</p>
               <p xml:lang="en">This work is licenced under the <ref target="http://creativecommons.org/licenses/by-nc/2.5/si/deed.en">Creative Commons Attribution-Noncommercial 2.5 Slovenia</ref>.</p>
            </availability>
            <date>2012-05-06</date>
         </publicationStmt>
         <sourceDesc>
            <bibl>
               <title>Playboy</title>
               <author n="???">neznani novinar</author>
               <date>2004-03</date>
               <publisher n="drugo">Motomedia</publisher>
               <note type="sourceLang">sl</note>
            </bibl>
         </sourceDesc>
      </fileDesc>
      <encodingDesc>
         <projectDesc>
            <p xml:lang="sl">Glej <ref target="http://www.korpus-kres.net/">www.korpus-kres.net</ref> oz. <ref target="http://nl.ijs.si/ssj/">nl.ijs.si/ssj</ref>.</p>
            <p xml:lang="en">See <ref target="http://www.korpus-kres.net/">www.korpus-kres.net</ref> or <ref target="http://nl.ijs.si/ssj/">nl.ijs.si/ssj</ref>.</p>
         </projectDesc>
         <samplingDecl>
            <p xml:lang="sl">
            Besedila in odstavki v korpusu KRES so bili vzorčeni iz
            Gigafide tako, da smo dobili 100-milijonski referenčni
            korpus, v katerem so besedila uravnotežena po vnaprej
            določenih taksonomskih deležih in po podatkih o branosti
            vira (časopisi, revije, novičarski portali).  Korpus
            ccKRES nato, z namenom, da je lahko dostopen po licenci CC,
            vsebuje 10 % naključno vzorčenih odstavkov besedil iz
            korpusa KRES, torej 10 milijonov besed.
	    Več o sestavi korpusa lahko preberete na 
            <ref target="http://www.korpus-kres.net/">www.korpus-kres.net</ref> oz.
            <ref target="http://nl.ijs.si/ssj/">nl.ijs.si/ssj</ref>.
	  </p>
            <p xml:lang="en">
            Texts and paragraphs in the KRES corpus have been sampled from the 
	    Gigafida corpus. The result of the sampling is a 100-million-word 
	    reference corpus. The texts in KRES are balanced according to the 
	    predetermined categories, with particular consideration being paid to 
	    the data on the popularity of the source (newspapers, magazines, 
	    Internet news sites). 
	    To enable free (CC) distribution of the corpus, the ccKRES corpus contains 
	    10% of randomly sampled paragraphs from KRES, i.e. contains 10 million words.
	    For more information about the contents of the corpus, 
	    see <ref target="http://www.korpus-kres.net/">www.korpus-kres.net</ref>
	    and <ref target="http://nl.ijs.si/ssj/">nl.ijs.si/ssj</ref>.
	  </p>
         </samplingDecl>
         <tagsDecl>
            <namespace name="http://www.tei-c.org/ns/1.0">
               <tagUsage gi="p" occurs="9"/>
               <tagUsage gi="s" occurs="30"/>
               <tagUsage gi="S" occurs="404"/>
               <tagUsage gi="w" occurs="410"/>
               <tagUsage gi="c" occurs="87"/>
            </namespace>
         </tagsDecl>
         <classDecl>
            <taxonomy xml:id="SSJ">
               <category xml:id="SSJ.T">
                  <catDesc>tisk</catDesc>
                  <category xml:id="SSJ.T.K">
                     <catDesc>knjižno</catDesc>
                     <category xml:id="SSJ.T.K.L">
                        <catDesc>leposlovno</catDesc>
                     </category>
                     <category xml:id="SSJ.T.K.S">
                        <catDesc>strokovno</catDesc>
                     </category>
                  </category>
                  <category xml:id="SSJ.T.P">
                     <catDesc>periodično</catDesc>
                     <category xml:id="SSJ.T.P.C">
                        <catDesc>časopis</catDesc>
                     </category>
                     <category xml:id="SSJ.T.P.R">
                        <catDesc>revija</catDesc>
                     </category>
                  </category>
                  <category xml:id="SSJ.T.D">
                     <catDesc>drugo</catDesc>
                  </category>
               </category>
               <category xml:id="SSJ.I">
                  <catDesc>internet</catDesc>
               </category>
            </taxonomy>
         </classDecl>
      </encodingDesc>
      <profileDesc>
         <textClass>
            <catRef target="#SSJ.T.P.R"/>
         </textClass>
      </profileDesc>
   </teiHeader>
   <text xml:id="F0000999." xml:lang="sl">
      <body>
         <p xml:id="F0000999.000004">
            <s>
               <c>»</c>
               <w msd="Vp" lemma="ali">Ali</w>
               <S/>
               <w msd="Gp-ste-n" lemma="biti">je</w>
               <S/>
               <w msd="Somei" lemma="greh">greh</w>
               <S/>
               <w msd="Somei" lemma="seks">seks</w>
               <S/>
               <w msd="Dr" lemma="iz">iz</w>
               <S/>
               <w msd="Ppnmer" lemma="čist">čistega</w>
               <S/>
               <w msd="Somer" lemma="užitek">užitka</w>
               <c>?</c>
               <c>!</c>
               <S/>
            </s>
            <s>
               <w msd="Do" lemma="med">Med</w>
               <S/>
               <w msd="Sommo" lemma="igralec">igralci</w>
               <S/>
               <w msd="Gp-ste-n" lemma="biti">je</w>
               <S/>
               <w msd="Zk-ser" lemma="ta">tega</w>
               <S/>
               <w msd="Rsn" lemma="veliko">veliko</w>
               <S/>
               <w msd="Dm" lemma="na">na</w>
               <S/>
               <w msd="Sommm" lemma="seminar">seminarjih</w>
               <c>,</c>
               <S/>
               <w msd="Vd" lemma="ko">ko</w>
               <S/>
               <w msd="Zp------k" lemma="se">se</w>
               <S/>
               <w msd="Zc-mmi" lemma="ves">vsi</w>
               <S/>
               <w msd="Ggdstm" lemma="sprostiti">sprostijo</w>
               <S/>
               <w msd="Rsn" lemma="nekdaj">nekdaj</w>
               <S/>
               <w msd="Gp-spm-n" lemma="biti">smo</w>
               <S/>
               <w msd="Zk-sed" lemma="ta">temu</w>
               <S/>
               <w msd="Ggdd-mm" lemma="reči">rekli</w>
               <S/>
               <w msd="Ppnmetd" lemma="sindikalen">sindikalni</w>
               <S/>
               <w msd="Somei" lemma="seks">seks</w>
               <c>.</c>
               <S/>
            </s>
            <s>
               <w msd="Sozet" lemma="pohota">Pohoto</w>
               <S/>
               <w msd="Ggvspe" lemma="razumeti">razumem</w>
               <S/>
               <w msd="Vd" lemma="kot">kot</w>
               <S/>
               <w msd="Ppnzet" lemma="stalen">stalno</w>
               <S/>
               <w msd="Sozet" lemma="želja">željo</w>
               <S/>
               <w msd="Dm" lemma="po">po</w>
               <S/>
               <w msd="Sozem" lemma="erekcija">erekciji</w>
               <c>.</c>
               <S/>
            </s>
            <s>
               <w msd="L" lemma="le">Le</w>
               <S/>
               <w msd="Somed" lemma="človek">človeku</w>
               <S/>
               <w msd="Vp" lemma="in">in</w>
               <S/>
               <w msd="Zn-mmd" lemma="nekateri">nekaterim</w>
               <S/>
               <w msd="Sommd" lemma="primat">primatom</w>
               <S/>
               <w msd="Gp-ste-n" lemma="biti">je</w>
               <S/>
               <w msd="Somei" lemma="seks">seks</w>
               <S/>
               <w msd="Somei" lemma="užitek">užitek</w>
               <c>!</c>
               <S/>
            </s>
            <s>
               <w msd="Dm" lemma="v">V</w>
               <S/>
               <w msd="Ppnmem" lemma="berlinski">berlinskem</w>
               <S/>
               <w msd="Ppnmem" lemma="živalski">živalskem</w>
               <S/>
               <w msd="Somem" lemma="vrt">vrtu</w>
               <S/>
               <w msd="Gp-spe-n" lemma="biti">sem</w>
               <S/>
               <w msd="Ggvd-em" lemma="videti">videl</w>
               <S/>
               <w msd="Somer" lemma="šimpanz">šimpanza</w>
               <c>,</c>
               <S/>
               <w msd="Vd" lemma="ki">ki</w>
               <S/>
               <w msd="Zp---d--k" lemma="se">si</w>
               <S/>
               <w msd="Gp-ste-n" lemma="biti">je</w>
               <S/>
               <w msd="Ggdd-em" lemma="vzeti">vzel</w>
               <S/>
               <w msd="Dm" lemma="v">v</w>
               <S/>
               <w msd="Zn-mem" lemma="isti">istem</w>
               <S/>
               <w msd="Somem" lemma="dan">dnevu</w>
               <S/>
               <w msd="Rsn" lemma="toliko">toliko</w>
               <S/>
               <w msd="Sozmr" lemma="samica">samic</w>
               <c>,</c>
               <S/>
               <w msd="Vd" lemma="da">da</w>
               <S/>
               <w msd="Gp-ste-n" lemma="biti">je</w>
               <S/>
               <w msd="Gp-d-em" lemma="biti">bil</w>
               <S/>
               <c>'</c>
               <w msd="Ppnmein" lemma="pohoten">pohoten</w>
               <c>'</c>
               <c>.</c>
               <S/>
            </s>
            <s>
               <w msd="Dm" lemma="pri">Pri</w>
               <S/>
               <w msd="Somem" lemma="človek">človeku</w>
               <S/>
               <w msd="Zk-med" lemma="ta">temu</w>
               <S/>
               <w msd="Ggdspe" lemma="reči">rečem</w>
               <S/>
               <w msd="Sozet" lemma="razbrzdanost">razbrzdanost</w>
               <c>.</c>
               <S/>
            </s>
            <s>
               <w msd="Rsn" lemma="danes">Danes</w>
               <S/>
               <w msd="Gp-spe-n" lemma="biti">sem</w>
               <S/>
               <w msd="Ggnd-em" lemma="packati">packal</w>
               <c>,</c>
               <S/>
               <w msd="Ggvstm" lemma="praviti">pravijo</w>
               <S/>
               <w msd="Zn-mmi" lemma="nekateri">nekateri</w>
               <S/>
               <w msd="Sommi" lemma="moški">moški</w>
               <c>,</c>
               <S/>
               <w msd="Vd" lemma="če">če</w>
               <S/>
               <w msd="Ggvstm" lemma="iti">gredo</w>
               <S/>
               <w msd="Dt" lemma="čez">čez</w>
               <S/>
               <w msd="Zk-zet" lemma="tisti">tisto</w>
               <S/>
               <w msd="Sozet" lemma="meja">mejo</w>
               <c>,</c>
               <S/>
               <w msd="Vd" lemma="ko">ko</w>
               <S/>
               <w msd="Ggdspm" lemma="reči">rečemo</w>
               <S/>
               <w msd="Zn-sed" lemma="nekaj">nečemu</w>
               <S/>
               <w msd="L" lemma="že">že</w>
               <S/>
               <w msd="Ppnzei" lemma="seksualen">seksualna</w>
               <S/>
               <w msd="Sozei" lemma="perverzija">perverzija</w>
               <c>.</c>
               <S/>
            </s>
            <s>
               <w msd="Vp" lemma="ampak">Ampak</w>
               <S/>
               <w msd="Sosmi" lemma="merilo">merila</w>
               <S/>
               <w msd="Dt" lemma="za">za</w>
               <S/>
               <w msd="O" lemma="t.">t.</w>
               <S/>
               <w msd="O" lemma="i.">i.</w>
               <S/>
               <w msd="Ppnsei" lemma="odklonski">odklonsko</w>
               <S/>
               <w msd="Sosei" lemma="vedenje">vedenje</w>
               <S/>
               <w msd="Dm" lemma="v">v</w>
               <S/>
               <w msd="Sozem" lemma="spolnost">spolnosti</w>
               <S/>
               <w msd="Gp-stm-n" lemma="biti">so</w>
               <S/>
               <w msd="Ppnzei" lemma="subjektiven">subjektivna</w>
               <S/>
               <c>(</c>
               <w msd="Dr" lemma="razen">razen</w>
               <S/>
               <w msd="Vd" lemma="če">če</w>
               <S/>
               <w msd="L" lemma="ne">ne</w>
               <S/>
               <w msd="Ggvste" lemma="iti">gre</w>
               <S/>
               <w msd="Dt" lemma="za">za</w>
               <S/>
               <w msd="Sozet" lemma="nekrofilija">nekrofilijo</w>
               <c>,</c>
               <S/>
               <w msd="Sozet" lemma="pedofilija">pedofilijo</w>
               <S/>
               <w msd="O" lemma="ipd.">ipd.</w>
               <c>)</c>
               <c>.</c>
               <S/>
            </s>
            <s>
               <w msd="L" lemma="sicer">Sicer</w>
               <S/>
               <w msd="Vp" lemma="pa">pa</w>
               <S/>
               <w msd="Dm" lemma="o">o</w>
               <S/>
               <w msd="Somem" lemma="seks">seksu</w>
               <S/>
               <w msd="L" lemma="itak">itak</w>
               <S/>
               <w msd="Rsn" lemma="preveč">preveč</w>
               <S/>
               <w msd="Ggnspm" lemma="razpravljati">razpravljamo</w>
               <c>!</c>
               <S/>
            </s>
            <s>
               <w msd="Zop-ed" lemma="jaz">Meni</w>
               <S/>
               <w msd="Gp-ste-n" lemma="biti">je</w>
               <S/>
               <w msd="Rsn" lemma="všeč">všeč</w>
               <S/>
               <w msd="Pdnzei" lemma="prikrit">prikrita</w>
               <S/>
               <w msd="Sozei" lemma="erotika">erotika</w>
               <c>.</c>
               <c>«</c>
            </s>
         </p>
         <p xml:id="F0000999.000050">
            <s>
               <w msd="Somei" lemma="red">Red</w>
               <S/>
               <w msd="Dt" lemma="na">na</w>
               <S/>
               <w msd="Rsn" lemma="okroglo">okroglo</w>
            </s>
         </p>
         <p xml:id="F0000999.000076">
            <s>
               <w msd="Ppnzer" lemma="starosten">Starostne</w>
               <S/>
               <w msd="Sozer" lemma="skupina">skupine</w>
               <c>:</c>
               <S/>
               <w msd="Kag" lemma="1829">1829</w>
               <S/>
               <w msd="Sosmr" lemma="leto">let</w>
               <S/>
               <w msd="Kag" lemma="6">6</w>
               <S/>
               <c>%</c>
               <c>,</c>
               <S/>
               <w msd="Kag" lemma="3039">3039</w>
               <S/>
               <w msd="Somei" lemma="let">let</w>
               <S/>
               <w msd="Kag" lemma="40">40</w>
               <c>%</c>
               <c>,</c>
               <S/>
               <w msd="Kag" lemma="4049">4049</w>
               <S/>
               <w msd="Somei" lemma="let">let</w>
               <S/>
               <w msd="Kag" lemma="42">42</w>
               <S/>
               <c>%</c>
               <c>,</c>
               <S/>
               <w msd="Kag" lemma="5065">5065</w>
               <S/>
               <w msd="Somei" lemma="let">let</w>
               <c>:</c>
               <S/>
               <w msd="Kag" lemma="12">12</w>
               <S/>
               <c>%</c>
            </s>
         </p>
         <p xml:id="F0000999.000360">
            <s>
               <w msd="Kav" lemma="12.">12.</w>
               <S/>
            </s>
            <s>
               <w msd="Slmei" lemma="Palazzo">Palazzo</w>
               <S/>
               <w msd="Slmei" lemma="Sasso">Sasso</w>
               <c>,</c>
               <S/>
               <w msd="Slmei" lemma="Ravello">Ravello</w>
               <c>,</c>
               <S/>
               <w msd="Slzei" lemma="Italija">Italija</w>
               <S/>
               <c>(</c>
               <w msd="N" lemma="www.palazzosasso.com">www.palazzosasso.com</w>
               <c>)</c>
            </s>
         </p>
         <p xml:id="F0000999.000531">
            <s>
               <w msd="Somei" lemma="version">version</w>
               <c>=</c>
               <w msd="Kag" lemma="1">1</w>
            </s>
         </p>
         <p xml:id="F0000999.000656">
            <s>
               <w msd="Ppnzei" lemma="popoln">Popolna</w>
               <S/>
               <w msd="Sozei" lemma="nega">nega</w>
               <S/>
               <w msd="Dt" lemma="za">za</w>
               <S/>
               <w msd="Soset" lemma="prhanje">prhanje</w>
               <S/>
               <w msd="Vp" lemma="in">in</w>
               <S/>
               <w msd="Soset" lemma="kopanje">kopanje</w>
               <c>,</c>
               <S/>
               <w msd="Pdnzei" lemma="namenjen">namenjena</w>
               <S/>
               <w msd="Rsn" lemma="izključno">izključno</w>
               <S/>
               <w msd="Ppnmmd" lemma="moški">moškim</w>
               <S/>
               <w msd="Sommd" lemma="uporabnik">uporabnikom</w>
               <c>:</c>
               <S/>
               <w msd="Slzei" lemma="NIVEA">NIVEA</w>
               <S/>
               <w msd="Slmei" lemma="Bath">Bath</w>
               <S/>
               <w msd="Slmei" lemma="Care">Care</w>
               <S/>
               <w msd="Somei" lemma="vitalisant">Vitalisant</w>
               <S/>
               <w msd="Dt" lemma="za">za</w>
               <S/>
               <w msd="Soset" lemma="razvajanje">razvajanje</w>
               <S/>
               <w msd="Dm" lemma="v">v</w>
               <S/>
               <w msd="Pdnzem" lemma="peneč">peneči</w>
               <S/>
               <w msd="Sozem" lemma="kopel">kopeli</w>
               <c>,</c>
               <S/>
               <w msd="Slzei" lemma="NIVEA">NIVEA</w>
               <S/>
               <w msd="Slmei" lemma="Hair">Hair</w>
               <S/>
               <w msd="Slmei" lemma="Care">Care</w>
               <S/>
               <w msd="Somei" lemma="šampon">šampon</w>
               <S/>
               <w msd="Dt" lemma="za">za</w>
               <S/>
               <w msd="Soset" lemma="utrjevanje">utrjevanje</w>
               <S/>
               <w msd="Slmei" lemma="las">las</w>
               <c>,</c>
               <S/>
               <w msd="Slzei" lemma="NIVEA">NIVEA</w>
               <S/>
               <w msd="Slmei" lemma="Shower">Shower</w>
               <S/>
               <w msd="Slmei" lemma="Sensation">Sensation</w>
               <S/>
               <w msd="Pdnzei" lemma="poživljajoč">poživljajoča</w>
               <S/>
               <w msd="Sozei" lemma="pena">pena</w>
               <S/>
               <w msd="Dt" lemma="za">za</w>
               <S/>
               <w msd="Soset" lemma="prhanje">prhanje</w>
               <S/>
               <w msd="Vp" lemma="in">in</w>
               <S/>
               <w msd="Slzei" lemma="NIVEA">NIVEA</w>
               <S/>
               <w msd="Somei" lemma="q10">Q10</w>
               <S/>
               <w msd="Ppnzei" lemma="energijski">energijska</w>
               <S/>
               <w msd="Sozei" lemma="krema">krema</w>
               <S/>
               <w msd="Dt" lemma="za">za</w>
               <S/>
               <w msd="Sozet" lemma="osvežitev">osvežitev</w>
               <S/>
               <w msd="Somer" lemma="obraz">obraza</w>
               <c>.</c>
               <S/>
            </s>
         </p>
         <p xml:id="F0000999.000709">
            <s>
               <w msd="L" lemma="ne">Ne</w>
               <c>.</c>
               <S/>
            </s>
            <s>
               <w msd="Somei" lemma="interes">Interes</w>
               <c>,</c>
               <S/>
               <w msd="Vd" lemma="čeprav">čeprav</w>
               <S/>
               <w msd="Slmei" lemma="majhen">majhen</w>
               <c>,</c>
               <S/>
               <w msd="Gp-ste-n" lemma="biti">je</w>
               <S/>
               <w msd="L" lemma="sicer">sicer</w>
               <S/>
               <w msd="Ggnd-em" lemma="biti">bil</w>
               <c>,</c>
               <S/>
               <w msd="Vp" lemma="vendar">vendar</w>
               <S/>
               <w msd="Gp-ste-n" lemma="biti">je</w>
               <S/>
               <w msd="Slzei" lemma="Slovenija">Slovenija</w>
               <S/>
               <w msd="Ppnmein" lemma="premajhen">premajhen</w>
               <S/>
               <w msd="Somei" lemma="trg">trg</w>
               <S/>
               <w msd="Dt" lemma="za">za</w>
               <S/>
               <w msd="Zk-zer" lemma="takšen">takšne</w>
               <S/>
               <w msd="Sozmt" lemma="reč">reči</w>
               <c>.</c>
               <S/>
            </s>
            <s>
               <w msd="Zopmmi" lemma="jaz">Mi</w>
               <S/>
               <w msd="L" lemma="ne">ne</w>
               <S/>
               <w msd="Rsn" lemma="nazadnje">nazadnje</w>
               <S/>
               <w msd="Ggnspm" lemma="delati">delamo</w>
               <S/>
               <w msd="Sommt" lemma="čip">čipe</w>
               <S/>
               <w msd="Dm" lemma="po">po</w>
               <S/>
               <w msd="Sosem" lemma="naročilo">naročilu</w>
               <c>.</c>
               <S/>
            </s>
            <s>
               <w msd="Ggnspd" lemma="govoriti">Govoriva</w>
               <S/>
               <w msd="Dm" lemma="o">o</w>
               <S/>
               <w msd="Sosem" lemma="naročilo">naročilu</w>
               <S/>
               <w msd="Rss" lemma="najmanj">najmanj</w>
               <S/>
               <w msd="Kbg-mt" lemma="sto">sto</w>
               <S/>
               <w msd="Kbg-mt" lemma="tisoč">tisoč</w>
               <S/>
               <w msd="Sommr" lemma="kos">kosov</w>
               <c>,</c>
               <S/>
               <w msd="L" lemma="morda">morda</w>
               <S/>
               <w msd="Gp-g" lemma="biti">bi</w>
               <S/>
               <w msd="Dm" lemma="v">v</w>
               <S/>
               <w msd="Zn-mmm" lemma="nekateri">nekaterih</w>
               <S/>
               <w msd="Sommm" lemma="primer">primerih</w>
               <S/>
               <w msd="Ggvd-es" lemma="iti">šlo</w>
               <S/>
               <w msd="Do" lemma="z">z</w>
               <S/>
               <w msd="Ggdvpm" lemma="reči">recimo</w>
               <S/>
               <w msd="Kbg-mi" lemma="deset">deset</w>
               <c>,</c>
               <S/>
               <w msd="Kbg-mt" lemma="dvajset">dvajset</w>
               <S/>
               <w msd="Kbg-mt" lemma="tisoč">tisoč</w>
               <c>.</c>
               <S/>
            </s>
            <s>
               <w msd="Zopmmi" lemma="jaz">Mi</w>
               <S/>
               <w msd="Gp-spm-n" lemma="biti">smo</w>
               <S/>
               <w msd="Ppnmmi" lemma="majhen">majhni</w>
               <c>,</c>
               <S/>
               <w msd="L" lemma="še">še</w>
               <S/>
               <w msd="Rsn" lemma="vedno">vedno</w>
               <S/>
               <w msd="Vp" lemma="pa">pa</w>
               <S/>
               <w msd="Gp-stm-n" lemma="biti">so</w>
               <S/>
               <w msd="Zc-zmi" lemma="ves">vse</w>
               <S/>
               <w msd="Ppnmmt" lemma="morebiten">morebitne</w>
               <S/>
               <w msd="Ppnzmi" lemma="slovenski">slovenske</w>
               <S/>
               <w msd="Sozer" lemma="stranka">stranke</w>
               <S/>
               <w msd="Dt" lemma="za">za</w>
               <S/>
               <w msd="Zop-mt" lemma="jaz">nas</w>
               <S/>
               <w msd="Ppnmmt" lemma="premajhen">premajhne</w>
               <c>.</c>
               <S/>
            </s>
            <s>
               <w msd="Ggnspm" lemma="delati">Delamo</w>
               <S/>
               <w msd="Ggdvpm" lemma="reči">recimo</w>
               <S/>
               <w msd="Dt" lemma="za">za</w>
               <S/>
               <w msd="Slzet" lemma="Siemens">Siemens</w>
               <c>,</c>
               <S/>
               <w msd="Slmei" lemma="Ericsson">Ericsson</w>
               <S/>
               <w msd="Vp" lemma="in">in</w>
               <S/>
               <w msd="L" lemma="še">še</w>
               <S/>
               <w msd="Zn-zmt" lemma="nekateri">nekatere</w>
               <S/>
               <w msd="Kbzzmt" lemma="drug">druge</w>
               <S/>
               <w msd="Sozmt" lemma="firma">firme</w>
               <c>,</c>
               <S/>
               <w msd="Ggnspm" lemma="upati">upamo</w>
               <S/>
               <w msd="Dt" lemma="na">na</w>
               <S/>
               <w msd="Slzet" lemma="Nokia">Nokio</w>
               <S/>
               <c>.</c>
               <c>.</c>
               <c>.</c>
            </s>
         </p>
         <p xml:id="F0000999.001024">
            <s>
               <w msd="Ggdste" lemma="dati">Da</w>
               <c>,</c>
               <S/>
               <w msd="Ggvste" lemma="imenovati">imenuje</w>
               <S/>
               <w msd="Zp------k" lemma="se">se</w>
               <S/>
               <w msd="Sosei" lemma="pomanjkanje">pomanjkanje</w>
               <S/>
               <w msd="Somer" lemma="samonadzor">samonadzora</w>
               <c>.</c>
               <S/>
            </s>
            <s>
               <w msd="Ggnvdm" lemma="poskušati">Poskušajte</w>
               <S/>
               <w msd="Ggnn" lemma="plesati">plesati</w>
               <S/>
               <w msd="Do" lemma="z">s</w>
               <S/>
               <w msd="Zp-meo" lemma="svoj">svojim</w>
               <S/>
               <w msd="Someo" lemma="fant">fantom</w>
               <c>,</c>
               <S/>
               <w msd="Vd" lemma="če">če</w>
               <S/>
               <w msd="Vp" lemma="pa">pa</w>
               <S/>
               <w msd="L" lemma="že">že</w>
               <S/>
               <w msd="Zk-ser" lemma="ta">tega</w>
               <S/>
               <w msd="L" lemma="ne">ne</w>
               <S/>
               <w msd="Ggdsdm" lemma="zmoči">zmorete</w>
               <c>,</c>
               <S/>
               <w msd="Zotmed--k" lemma="on">mu</w>
               <S/>
               <w msd="L" lemma="vsaj">vsaj</w>
               <S/>
               <w msd="Ggdvdm" lemma="povedati">povejte</w>
               <c>,</c>
               <S/>
               <w msd="Vd" lemma="naj">naj</w>
               <S/>
               <w msd="Ggnste" lemma="prihajati">prihaja</w>
               <S/>
               <w msd="Dt" lemma="po">po</w>
               <S/>
               <w msd="Zod-mt" lemma="ti">vas</w>
               <S/>
               <w msd="Sozet" lemma="ura">uro</w>
               <S/>
               <w msd="Rsr" lemma="pozno">pozneje</w>
               <c>,</c>
               <S/>
               <w msd="Vd" lemma="da">da</w>
               <S/>
               <w msd="L" lemma="ne">ne</w>
               <S/>
               <w msd="Gp-pte-n" lemma="biti">bo</w>
               <S/>
               <w msd="Ggnd-em" lemma="izgubljati">izgubljal</w>
               <S/>
               <w msd="Somer" lemma="čas">časa</w>
               <c>.</c>
            </s>
         </p>
         <p xml:id="F0000999.001121">
            <s>
               <c>»</c>
               <w msd="Kbzmei" lemma="en">En</w>
               <S/>
               <w msd="Zk-mei" lemma="tak">tak</w>
               <S/>
               <w msd="Gp-ste-n" lemma="biti">je</w>
               <c>,</c>
               <S/>
               <w msd="Vd" lemma="ko">ko</w>
               <S/>
               <w msd="Gp-spd-n" lemma="biti">sva</w>
               <S/>
               <w msd="Zp---d--k" lemma="se">si</w>
               <S/>
               <w msd="Ggdd-dm" lemma="zamisliti">zamislila</w>
               <c>,</c>
               <S/>
               <w msd="Vd" lemma="da">da</w>
               <S/>
               <w msd="Gp-ppd-n" lemma="biti">bova</w>
               <S/>
               <w msd="Ggdd-ez" lemma="narediti">naredila</w>
               <S/>
               <w msd="Ppssei" lemma="lahek">najlažje</w>
               <S/>
               <w msd="Soset" lemma="jadro">jadro</w>
               <S/>
               <w msd="Dt" lemma="za">za</w>
               <S/>
               <w msd="Ppnset" lemma="svetoven">svetovno</w>
               <S/>
               <w msd="Soset" lemma="prvenstvo">prvenstvo</w>
               <S/>
               <w msd="Dm" lemma="v">v</w>
               <S/>
               <w msd="Somem" lemma="razred">razredu</w>
               <S/>
               <w msd="Slzet" lemma="finn">finn</w>
               <S/>
               <w msd="Dm" lemma="v">v</w>
               <S/>
               <w msd="Slmem" lemma="Melbourne">Melbournu</w>
               <c>.</c>
               <S/>
            </s>
            <s>
               <w msd="Ggdd-dm" lemma="narediti">Naredila</w>
               <S/>
               <w msd="Gp-spd-n" lemma="biti">sva</w>
               <S/>
               <w msd="Kag" lemma="2,5">2,5</w>
               <c>-</c>
               <w msd="Rsn" lemma="krat">krat</w>
               <S/>
               <w msd="Rsr" lemma="lahko">lažje</w>
               <S/>
               <w msd="Soset" lemma="jadro">jadro</w>
               <c>,</c>
               <S/>
               <w msd="Vd" lemma="kot">kot</w>
               <S/>
               <w msd="Gp-ste-n" lemma="biti">je</w>
               <S/>
               <w msd="L" lemma="sicer">sicer</w>
               <c>,</c>
               <S/>
               <w msd="Vp" lemma="a">a</w>
               <S/>
               <w msd="Zk-ser" lemma="ta">tega</w>
               <S/>
               <w msd="Gp-spd-d" lemma="biti">nisva</w>
               <S/>
               <w msd="Ggdd-ez" lemma="povedati">povedala</w>
               <S/>
               <w msd="Zl-med" lemma="noben">nobenemu</w>
               <S/>
               <w msd="Dr" lemma="od">od</w>
               <S/>
               <w msd="Sommr" lemma="tekmovalec">tekmovalcev</w>
               <c>.</c>
               <S/>
            </s>
            <s>
               <w msd="L" lemma="še">Še</w>
               <S/>
               <w msd="Zk-mmd" lemma="tisti">tistim</w>
               <c>,</c>
               <S/>
               <w msd="Vd" lemma="ki">ki</w>
               <S/>
               <w msd="Zotmmd--k" lemma="on">jim</w>
               <S/>
               <w msd="Gp-ste-n" lemma="biti">je</w>
               <S/>
               <w msd="Gp-d-es" lemma="biti">bilo</w>
               <S/>
               <w msd="Sosei" lemma="jadro">jadro</w>
               <S/>
               <w msd="Pdnsei" lemma="namenjen">namenjeno</w>
               <c>,</c>
               <S/>
               <w msd="Gp-spd-n" lemma="biti">sva</w>
               <S/>
               <w msd="Ggdd-dm" lemma="povedati">povedala</w>
               <S/>
               <w msd="L" lemma="le">le</w>
               <c>,</c>
               <S/>
               <w msd="Vd" lemma="da">da</w>
               <S/>
               <w msd="Gp-pte-n" lemma="biti">bo</w>
               <S/>
               <w msd="Zk-sei" lemma="ta">to</w>
               <S/>
               <w msd="Ppnsei" lemma="ultralahek">ultralahko</w>
               <S/>
               <w msd="Sosei" lemma="jadro">jadro</w>
               <c>,</c>
               <S/>
               <w msd="Vp" lemma="a">a</w>
               <S/>
               <w msd="Zotmet--k" lemma="on">ga</w>
               <S/>
               <w msd="Gp-ptm-n" lemma="biti">bodo</w>
               <S/>
               <w msd="Ggdd-mm" lemma="dobiti">dobili</w>
               <S/>
               <w msd="L" lemma="šele">šele</w>
               <S/>
               <w msd="Kbgmdt" lemma="dva">dva</w>
               <S/>
               <w msd="Somdt" lemma="dan">dni</w>
               <S/>
               <w msd="Do" lemma="pred">pred</w>
               <S/>
               <w msd="Someo" lemma="začetek">začetkom</w>
               <S/>
               <w msd="Soser" lemma="prvenstvo">prvenstva</w>
               <c>.</c>
               <S/>
            </s>
            <s>
               <w msd="L" lemma="sicer">Sicer</w>
               <S/>
               <w msd="Sommi" lemma="tekmovalec">tekmovalci</w>
               <S/>
               <w msd="Ggnstm" lemma="želeti">želijo</w>
               <S/>
               <w msd="Ggdn" lemma="preizkusiti">preizkusiti</w>
               <S/>
               <w msd="Ppnsmt" lemma="nov">nova</w>
               <S/>
               <w msd="Sosmt" lemma="jadro">jadra</w>
               <S/>
               <w msd="Kbgmdt" lemma="dva">dva</w>
               <S/>
               <w msd="Somdt" lemma="mesec">meseca</w>
               <S/>
               <w msd="Rsr" lemma="prej">prej</w>
               <c>,</c>
               <S/>
               <w msd="Zop-dd" lemma="jaz">nama</w>
               <S/>
               <w msd="Vp" lemma="pa">pa</w>
               <S/>
               <w msd="Gp-stm-n" lemma="biti">so</w>
               <S/>
               <w msd="Ggvd-mm" lemma="zaupati">zaupali</w>
               <S/>
               <w msd="Vp" lemma="in">in</w>
               <S/>
               <w msd="Zk-sei" lemma="tisti">tisto</w>
               <S/>
               <w msd="Sosei" lemma="jadro">jadro</w>
               <S/>
               <w msd="Gp-ste-n" lemma="biti">je</w>
               <S/>
               <w msd="Gp-d-es" lemma="biti">bilo</w>
               <S/>
               <w msd="Rsn" lemma="takrat">takrat</w>
               <S/>
               <w msd="Ppnmeid" lemma="pravi">pravi</w>
               <S/>
               <w msd="Somei" lemma="bum">bum</w>
               <c>.</c>
               <S/>
            </s>
            <s>
               <w msd="Kbzmeid" lemma="drug">Drugi</w>
               <S/>
               <w msd="Zk-met" lemma="takšen">takšen</w>
               <S/>
               <w msd="Somei" lemma="projekt">projekt</w>
               <S/>
               <w msd="Vp" lemma="pa">pa</w>
               <S/>
               <w msd="Gp-stm-n" lemma="biti">so</w>
               <S/>
               <w msd="Ggnste" lemma="jadrati">jadra</w>
               <S/>
               <w msd="Dt" lemma="za">za</w>
               <S/>
               <w msd="Slzet" lemma="Gaia">Gaio</w>
               <S/>
               <w msd="Sozmr" lemma="legenda">Legend</w>
               <c>,</c>
               <S/>
               <w msd="Vd" lemma="ker">ker</w>
               <S/>
               <w msd="Gp-spm-n" lemma="biti">smo</w>
               <S/>
               <w msd="Do" lemma="z">s</w>
               <S/>
               <w msd="Ppnzeo" lemma="slovenski">slovensko</w>
               <S/>
               <w msd="Sozeo" lemma="zastava">zastavo</w>
               <S/>
               <w msd="Dm" lemma="na">na</w>
               <S/>
               <w msd="Sozem" lemma="krma">krmi</w>
               <S/>
               <w msd="Vp" lemma="in">in</w>
               <S/>
               <w msd="Do" lemma="z">z</w>
               <S/>
               <w msd="Ppnzeo" lemma="domač">domačo</w>
               <S/>
               <w msd="Sozeo" lemma="ekipa">ekipo</w>
               <S/>
               <w msd="Rsn" lemma="trikrat">trikrat</w>
               <S/>
               <w msd="Ggdd-mm" lemma="zmagati">zmagali</w>
               <S/>
               <w msd="Dm" lemma="na">na</w>
               <S/>
               <w msd="Ppnzem" lemma="tržaški">tržaški</w>
               <S/>
               <w msd="Sozem" lemma="barcolan">Barcolani</w>
               <S/>
               <w msd="Vp" lemma="in">in</w>
               <S/>
               <w msd="Rsn" lemma="dvakrat">dvakrat</w>
               <S/>
               <w msd="Dt" lemma="na">na</w>
               <S/>
               <w msd="Ppszem" lemma="dolg">najdaljši</w>
               <S/>
               <w msd="Ppnzem" lemma="jadranski">jadranski</w>
               <S/>
               <w msd="Sozem" lemma="regata">regati</w>
               <S/>
               <w msd="Slmei" lemma="Riminikrfrimini">RiminiKrfRimini</w>
               <c>.</c>
               <S/>
            </s>
            <s>
               <w msd="Do" lemma="z">Z</w>
               <S/>
               <w msd="Zspmmod" lemma="najin">najinimi</w>
               <S/>
               <w msd="Sosmo" lemma="jadro">jadri</w>
               <S/>
               <w msd="Gp-stm-n" lemma="biti">so</w>
               <S/>
               <w msd="Do" lemma="z">z</w>
               <S/>
               <w msd="Sozeo" lemma="lahkota">lahkoto</w>
               <S/>
               <w msd="Ggdd-mm" lemma="pomesti">pometli</w>
               <S/>
               <w msd="Do" lemma="z">z</w>
               <S/>
               <w msd="Ppnzeo" lemma="italijanski">italijansko</w>
               <S/>
               <w msd="Sozeo" lemma="konkurenca">konkurenco</w>
               <c>,</c>
               <S/>
               <w msd="Vp" lemma="in">in</w>
               <S/>
               <w msd="Vd" lemma="ko">ko</w>
               <S/>
               <w msd="Gp-stm-n" lemma="biti">so</w>
               <S/>
               <w msd="Zotmmt--k" lemma="on">jih</w>
               <S/>
               <w msd="Ggdd-mm" lemma="zamenjati">zamenjali</w>
               <c>,</c>
               <S/>
               <w msd="Gp-ste-n" lemma="biti">je</w>
               <S/>
               <w msd="Gp-d-es" lemma="biti">bilo</w>
               <S/>
               <w msd="L" lemma="tudi">tudi</w>
               <S/>
               <w msd="Sozmr" lemma="zmaga">zmag</w>
               <S/>
               <w msd="Sometn" lemma="konec">konec</w>
               <c>.</c>
               <c>«</c>
            </s>
         </p>
      </body>
   </text>
</TEI>