<?xml version="1.0" encoding="UTF-8"?>
<TEI xmlns="http://www.tei-c.org/ns/1.0" xml:id="F0001949" xml:lang="sl">
   <teiHeader>
      <fileDesc>
         <titleStmt>
            <title>ccKRES: Jana (2004-11)</title>
            <funder>Operacijo delno financira Evropska unija iz Evropskega socialnega sklada ter Ministrstvo za šolstvo in šport. Operacija se izvaja v okviru Operativnega programa razvoja človeških virov za obdobje 2007-2013, razvojne prioritete: razvoj človeških virov in vseživljenjskega učenja; prednostne usmeritve: izboljšanje kakovosti in učinkovitosti sistemov izobraževanja in usposabljanja 2007-2013.</funder>
         </titleStmt>
         <editionStmt>
            <edition>1.0</edition>
         </editionStmt>
         <extent>797 besed</extent>
         <publicationStmt>
            <idno>j11_04</idno>
            <availability status="free">
               <p xml:lang="sl">Avtorske pravice za to izdajo ureja licenca <ref target="http://creativecommons.org/licenses/by-nc/2.5/si/">Creative Commons Priznanje avtorstva-Nekomercialno 2.5 Slovenija</ref>.</p>
               <p xml:lang="en">This work is licenced under the <ref target="http://creativecommons.org/licenses/by-nc/2.5/si/deed.en">Creative Commons Attribution-Noncommercial 2.5 Slovenia</ref>.</p>
            </availability>
            <date>2012-05-06</date>
         </publicationStmt>
         <sourceDesc>
            <bibl>
               <title>Jana</title>
               <author n="???">neznani novinar</author>
               <date>2004-11</date>
               <publisher n="drugo">Delo</publisher>
               <note type="sourceLang">sl</note>
            </bibl>
         </sourceDesc>
      </fileDesc>
      <encodingDesc>
         <projectDesc>
            <p xml:lang="sl">Glej <ref target="http://www.korpus-kres.net/">www.korpus-kres.net</ref> oz. <ref target="http://nl.ijs.si/ssj/">nl.ijs.si/ssj</ref>.</p>
            <p xml:lang="en">See <ref target="http://www.korpus-kres.net/">www.korpus-kres.net</ref> or <ref target="http://nl.ijs.si/ssj/">nl.ijs.si/ssj</ref>.</p>
         </projectDesc>
         <samplingDecl>
            <p xml:lang="sl">
            Besedila in odstavki v korpusu KRES so bili vzorčeni iz
            Gigafide tako, da smo dobili 100-milijonski referenčni
            korpus, v katerem so besedila uravnotežena po vnaprej
            določenih taksonomskih deležih in po podatkih o branosti
            vira (časopisi, revije, novičarski portali).  Korpus
            ccKRES nato, z namenom, da je lahko dostopen po licenci CC,
            vsebuje 10 % naključno vzorčenih odstavkov besedil iz
            korpusa KRES, torej 10 milijonov besed.
	    Več o sestavi korpusa lahko preberete na 
            <ref target="http://www.korpus-kres.net/">www.korpus-kres.net</ref> oz.
            <ref target="http://nl.ijs.si/ssj/">nl.ijs.si/ssj</ref>.
	  </p>
            <p xml:lang="en">
            Texts and paragraphs in the KRES corpus have been sampled from the 
	    Gigafida corpus. The result of the sampling is a 100-million-word 
	    reference corpus. The texts in KRES are balanced according to the 
	    predetermined categories, with particular consideration being paid to 
	    the data on the popularity of the source (newspapers, magazines, 
	    Internet news sites). 
	    To enable free (CC) distribution of the corpus, the ccKRES corpus contains 
	    10% of randomly sampled paragraphs from KRES, i.e. contains 10 million words.
	    For more information about the contents of the corpus, 
	    see <ref target="http://www.korpus-kres.net/">www.korpus-kres.net</ref>
	    and <ref target="http://nl.ijs.si/ssj/">nl.ijs.si/ssj</ref>.
	  </p>
         </samplingDecl>
         <tagsDecl>
            <namespace name="http://www.tei-c.org/ns/1.0">
               <tagUsage gi="p" occurs="17"/>
               <tagUsage gi="s" occurs="62"/>
               <tagUsage gi="S" occurs="782"/>
               <tagUsage gi="w" occurs="797"/>
               <tagUsage gi="c" occurs="150"/>
            </namespace>
         </tagsDecl>
         <classDecl>
            <taxonomy xml:id="SSJ">
               <category xml:id="SSJ.T">
                  <catDesc>tisk</catDesc>
                  <category xml:id="SSJ.T.K">
                     <catDesc>knjižno</catDesc>
                     <category xml:id="SSJ.T.K.L">
                        <catDesc>leposlovno</catDesc>
                     </category>
                     <category xml:id="SSJ.T.K.S">
                        <catDesc>strokovno</catDesc>
                     </category>
                  </category>
                  <category xml:id="SSJ.T.P">
                     <catDesc>periodično</catDesc>
                     <category xml:id="SSJ.T.P.C">
                        <catDesc>časopis</catDesc>
                     </category>
                     <category xml:id="SSJ.T.P.R">
                        <catDesc>revija</catDesc>
                     </category>
                  </category>
                  <category xml:id="SSJ.T.D">
                     <catDesc>drugo</catDesc>
                  </category>
               </category>
               <category xml:id="SSJ.I">
                  <catDesc>internet</catDesc>
               </category>
            </taxonomy>
         </classDecl>
      </encodingDesc>
      <profileDesc>
         <textClass>
            <catRef target="#SSJ.T.P.R"/>
         </textClass>
      </profileDesc>
   </teiHeader>
   <text xml:id="F0001949." xml:lang="sl">
      <body>
         <p xml:id="F0001949.000577">
            <s>
               <w msd="Ppnsei" lemma="nagraden">NAGRADNO</w>
               <S/>
               <w msd="Sosei" lemma="geslo">GESLO</w>
               <c>:</c>
               <S/>
               <w msd="Sozei" lemma="povezava">POVEZAVA</w>
               <S/>
               <w msd="Dr" lemma="brez">BREZ</w>
               <S/>
               <w msd="Sommr" lemma="zaplet">ZAPLETOV</w>
            </s>
         </p>
         <p xml:id="F0001949.000735">
            <s>
               <w msd="Slmer" lemma="Juh">Juha</w>
               <S/>
               <w msd="Dr" lemma="iz">iz</w>
               <S/>
               <w msd="Slmer" lemma="žit">žit</w>
               <S/>
               <w msd="Vp" lemma="in">in</w>
               <S/>
               <w msd="Somer" lemma="paradižnik">paradižnika</w>
            </s>
         </p>
         <p xml:id="F0001949.001233">
            <s>
               <w msd="Sozet" lemma="pevka">Pevko</w>
               <S/>
               <w msd="Zc-mmi" lemma="ves">vsi</w>
               <S/>
               <w msd="Zstmmiez" lemma="njen">njeni</w>
               <S/>
               <w msd="Sommi" lemma="prijatelj">prijatelji</w>
               <S/>
               <w msd="Ggnstm" lemma="poznati">poznajo</w>
               <S/>
               <w msd="L" lemma="tudi">tudi</w>
               <S/>
               <w msd="Dm" lemma="po">po</w>
               <S/>
               <w msd="Zk-sem" lemma="ta">tem</w>
               <c>,</c>
               <S/>
               <w msd="Vd" lemma="da">da</w>
               <S/>
               <w msd="Ggnste-n" lemma="imeti">ima</w>
               <S/>
               <w msd="Ppnzet" lemma="poln">polno</w>
               <S/>
               <w msd="Sozet" lemma="omara">omaro</w>
               <S/>
               <w msd="Ppsmmr" lemma="različen">najrazličnejših</w>
               <S/>
               <w msd="Sommr" lemma="sandal">sandalov</w>
               <c>.</c>
               <S/>
            </s>
            <s>
               <w msd="Sozei" lemma="domišljija">Domišljija</w>
               <S/>
               <w msd="Zstmmrm" lemma="njihov">njihovih</w>
               <S/>
               <w msd="Sommr" lemma="oblikovalec">oblikovalcev</w>
               <S/>
               <w msd="L" lemma="ne">ne</w>
               <S/>
               <w msd="Ggnste" lemma="poznati">pozna</w>
               <S/>
               <w msd="Sozei" lemma="meja">meja</w>
               <c>,</c>
               <S/>
               <w msd="Vp" lemma="zato">zato</w>
               <S/>
               <w msd="Gp-ste-d" lemma="biti">ni</w>
               <S/>
               <w msd="Ppnsei" lemma="čuden">čudno</w>
               <c>,</c>
               <S/>
               <w msd="Vd" lemma="da">da</w>
               <S/>
               <w msd="Zp------k" lemma="se">se</w>
               <S/>
               <w msd="Zotzed--k" lemma="on">ji</w>
               <S/>
               <w msd="Zn-mmi" lemma="nekateri">nekateri</w>
               <S/>
               <w msd="Ggnstm" lemma="zdeti">zdijo</w>
               <S/>
               <w msd="L" lemma="že">že</w>
               <S/>
               <w msd="L" lemma="skoraj">skoraj</w>
               <S/>
               <w msd="Ppnmetd" lemma="umetniški">umetniški</w>
               <S/>
               <w msd="Sometn" lemma="izdelek">izdelek</w>
               <c>.</c>
               <S/>
            </s>
            <s>
               <c>»</c>
               <w msd="Vd" lemma="če">Če</w>
               <S/>
               <w msd="Ggvspe" lemma="videti">vidim</w>
               <S/>
               <w msd="Zv-mmt" lemma="kakšen">kakšne</w>
               <c>,</c>
               <S/>
               <w msd="Vd" lemma="ki">ki</w>
               <S/>
               <w msd="Gp-stm-n" lemma="biti">so</w>
               <S/>
               <w msd="Zop-ed--k" lemma="jaz">mi</w>
               <S/>
               <w msd="Rsn" lemma="všeč">všeč</w>
               <S/>
               <w msd="Vp" lemma="in">in</w>
               <S/>
               <w msd="Gp-ste-n" lemma="biti">je</w>
               <S/>
               <w msd="Zstzeim" lemma="njihov">njihova</w>
               <S/>
               <w msd="Sozei" lemma="cena">cena</w>
               <S/>
               <w msd="Ppnzei" lemma="sprejemljiv">sprejemljiva</w>
               <c>,</c>
               <S/>
               <w msd="Zotmmt--k" lemma="on">jih</w>
               <S/>
               <w msd="Dr" lemma="brez">brez</w>
               <S/>
               <w msd="Somer" lemma="pomislek">pomisleka</w>
               <S/>
               <w msd="Ggdspe" lemma="kupiti">kupim</w>
               <c>,</c>
               <c>«</c>
               <w msd="Ggvste" lemma="praviti">pravi</w>
               <c>.</c>
               <S/>
            </s>
            <s>
               <w msd="Vd" lemma="čeprav">Čeprav</w>
               <S/>
               <w msd="Zotmmt--k" lemma="on">jih</w>
               <S/>
               <w msd="Ggnste-n" lemma="imeti">ima</w>
               <S/>
               <w msd="Dm" lemma="v">v</w>
               <S/>
               <w msd="Sozem" lemma="omara">omari</w>
               <S/>
               <w msd="L" lemma="že">že</w>
               <S/>
               <w msd="Rsn" lemma="toliko">toliko</w>
               <c>,</c>
               <S/>
               <w msd="Vd" lemma="da">da</w>
               <S/>
               <w msd="Zotmmt--k" lemma="on">jih</w>
               <S/>
               <w msd="L" lemma="niti">niti</w>
               <S/>
               <w msd="Ggdn" lemma="ponositi">ponositi</w>
               <S/>
               <w msd="L" lemma="ne">ne</w>
               <S/>
               <w msd="Ggnste" lemma="moči">more</w>
               <c>.</c>
               <S/>
            </s>
            <s>
               <w msd="Zstzetez" lemma="njen">Njeno</w>
               <S/>
               <w msd="Sozet" lemma="pozornost">pozornost</w>
               <S/>
               <w msd="Rsn" lemma="lahko">lahko</w>
               <S/>
               <w msd="Ggdstm" lemma="pritegniti">pritegnejo</w>
               <S/>
               <w msd="Rsn" lemma="zelo">zelo</w>
               <S/>
               <w msd="Ppnmmi" lemma="različen">različni</w>
               <S/>
               <c>»</c>
               <w msd="Ppnmmi" lemma="umetniški">umetniški</w>
               <S/>
               <w msd="Sommi" lemma="izdelek">izdelki</w>
               <c>«</c>
               <S/>
               <w msd="Dr" lemma="od">od</w>
               <S/>
               <w msd="Ppnmmr" lemma="pisan">pisanih</w>
               <c>,</c>
               <S/>
               <w msd="Ppnmmr" lemma="enobarven">enobarvnih</w>
               <c>,</c>
               <S/>
               <w msd="Dr" lemma="do">do</w>
               <S/>
               <w msd="Zk-zmr" lemma="tak">takih</w>
               <S/>
               <w msd="Do" lemma="z">z</w>
               <S/>
               <w msd="Rsn" lemma="nizko">nizko</w>
               <c>,</c>
               <S/>
               <w msd="Ppnzeo" lemma="srednji">srednjo</w>
               <S/>
               <w msd="Vp" lemma="ali">ali</w>
               <S/>
               <w msd="Rsn" lemma="visoko">visoko</w>
               <S/>
               <w msd="Sozeo" lemma="peta">peto</w>
               <c>.</c>
               <S/>
            </s>
            <s>
               <w msd="Zn-zmi" lemma="nekateri">Nekatere</w>
               <S/>
               <w msd="Ggnste" lemma="nositi">nosi</w>
               <S/>
               <w msd="L" lemma="le">le</w>
               <S/>
               <w msd="Kbzzet" lemma="en">eno</w>
               <S/>
               <w msd="Sozet" lemma="sezona">sezono</w>
               <c>,</c>
               <S/>
               <w msd="Kbzmmi" lemma="drug">drugi</w>
               <S/>
               <w msd="Gp-stm-n" lemma="biti">so</w>
               <S/>
               <w msd="Zotzed--k" lemma="on">ji</w>
               <S/>
               <w msd="L" lemma="celo">celo</w>
               <S/>
               <w msd="Rsn" lemma="tako">tako</w>
               <S/>
               <w msd="Rsn" lemma="všeč">všeč</w>
               <c>,</c>
               <S/>
               <w msd="Vd" lemma="da">da</w>
               <S/>
               <w msd="Zotmmt--k" lemma="on">jih</w>
               <S/>
               <w msd="Ggnste" lemma="nositi">nosi</w>
               <S/>
               <w msd="L" lemma="že">že</w>
               <S/>
               <w msd="Rsr" lemma="več">več</w>
               <S/>
               <w msd="Sosmr" lemma="leto">let</w>
               <c>.</c>
               <S/>
            </s>
            <s>
               <w msd="Zv-mei" lemma="kdo">Kdo</w>
               <S/>
               <w msd="Ggnste" lemma="vedeti">ve</w>
               <c>,</c>
               <S/>
               <w msd="Rsn" lemma="mogoče">mogoče</w>
               <S/>
               <w msd="Gp-pte-n" lemma="biti">bo</w>
               <S/>
               <w msd="Vp" lemma="pa">pa</w>
               <S/>
               <w msd="Dm" lemma="v">v</w>
               <S/>
               <w msd="Zstzemez" lemma="njen">njeni</w>
               <S/>
               <w msd="Sozem" lemma="zbirka">zbirki</w>
               <S/>
               <w msd="Dt" lemma="čez">čez</w>
               <S/>
               <w msd="Rsn" lemma="nekaj">nekaj</w>
               <S/>
               <w msd="Sosmr" lemma="leto">let</w>
               <S/>
               <w msd="Zp-zer" lemma="svoj">svoje</w>
               <S/>
               <w msd="Ppszmt" lemma="ljub">najljubše</w>
               <S/>
               <w msd="Sozer" lemma="sandala">sandale</w>
               <S/>
               <w msd="Ggdd-ez" lemma="najti">našla</w>
               <S/>
               <w msd="L" lemma="tudi">tudi</w>
               <S/>
               <w msd="Zstzeiez" lemma="njen">njena</w>
               <S/>
               <w msd="Sozei" lemma="luna">Luna</w>
               <c>.</c>
            </s>
         </p>
         <p xml:id="F0001949.001956">
            <s>
               <w msd="Ggnd-em" lemma="imeti">Imel</w>
               <S/>
               <w msd="Gp-spe-n" lemma="biti">sem</w>
               <S/>
               <w msd="Somer" lemma="učitelj">učitelja</w>
               <S/>
               <w msd="Sozer" lemma="biologija">biologije</w>
               <S/>
               <w msd="Dm" lemma="v">v</w>
               <S/>
               <w msd="Kbvmem" lemma="sedmi">sedmem</w>
               <S/>
               <w msd="Somem" lemma="razred">razredu</w>
               <c>,</c>
               <S/>
               <w msd="Vd" lemma="ki">ki</w>
               <S/>
               <w msd="Zotmet--k" lemma="on">ga</w>
               <S/>
               <w msd="Gp-ste-n" lemma="biti">je</w>
               <S/>
               <w msd="Ggnd-em" lemma="obiskovati">obiskoval</w>
               <S/>
               <w msd="L" lemma="tudi">tudi</w>
               <S/>
               <w msd="Zstmeiem" lemma="njegov">njegov</w>
               <S/>
               <w msd="Somei" lemma="sin">sin</w>
               <c>.</c>
               <S/>
            </s>
            <s>
               <w msd="Zc-mdi" lemma="oba">Oba</w>
               <S/>
               <w msd="Gp-spd-n" lemma="biti">sva</w>
               <S/>
               <w msd="Gp-d-dm" lemma="biti">bila</w>
               <S/>
               <w msd="L" lemma="no">no</w>
               <c>,</c>
               <S/>
               <w msd="Rsn" lemma="nekako">nekako</w>
               <S/>
               <w msd="Ppnzei" lemma="nezainteresiran">nezainteresirana</w>
               <S/>
               <w msd="Dt" lemma="za">za</w>
               <S/>
               <w msd="Sozet" lemma="biologija">biologijo</w>
               <S/>
               <w msd="Vp" lemma="in">in</w>
               <S/>
               <w msd="Gp-spd-n" lemma="biti">sva</w>
               <S/>
               <w msd="Ggnd-dm" lemma="imeti">imela</w>
               <S/>
               <w msd="Ppnmetn" lemma="cel">cel</w>
               <S/>
               <w msd="Sometn" lemma="kup">kup</w>
               <S/>
               <w msd="Sommr" lemma="cvek">cvekov</w>
               <c>.</c>
               <S/>
            </s>
            <s>
               <w msd="Psnmein" lemma="učiteljev">Učiteljev</w>
               <S/>
               <w msd="Somei" lemma="sin">sin</w>
               <S/>
               <w msd="Gp-ste-n" lemma="biti">je</w>
               <S/>
               <w msd="Rsn" lemma="enkrat">enkrat</w>
               <S/>
               <w msd="Rsn" lemma="nekaj">nekaj</w>
               <S/>
               <w msd="Ppnser" lemma="nesramen">nesramnega</w>
               <S/>
               <w msd="Ggdd-em" lemma="reči">rekel</w>
               <S/>
               <w msd="Somed" lemma="oče">očetu</w>
               <S/>
               <w msd="Sommi" lemma="učitelj">učitelji</w>
               <c>,</c>
               <S/>
               <w msd="Vp" lemma="in">in</w>
               <S/>
               <w msd="Zk-zei" lemma="ta">ta</w>
               <S/>
               <w msd="Zotmed--k" lemma="on">mu</w>
               <S/>
               <w msd="Gp-ste-n" lemma="biti">je</w>
               <S/>
               <w msd="Ggdd-em" lemma="primazati">primazal</w>
               <S/>
               <w msd="Sozet" lemma="zaušnica">zaušnico</w>
               <S/>
               <w msd="Vp" lemma="ter">ter</w>
               <S/>
               <w msd="Ggdd-em" lemma="reči">rekel</w>
               <c>,</c>
               <S/>
               <w msd="Vd" lemma="da">da</w>
               <S/>
               <w msd="Gp-ste-n" lemma="biti">je</w>
               <S/>
               <w msd="Zk-sei" lemma="ta">to</w>
               <S/>
               <w msd="Ggdd-em" lemma="storiti">storil</w>
               <S/>
               <w msd="Ppnmed" lemma="nespodoben">nespodobnemu</w>
               <S/>
               <w msd="Somed" lemma="učenec">učencu</w>
               <S/>
               <w msd="Vp" lemma="in">in</w>
               <S/>
               <w msd="L" lemma="ne">ne</w>
               <S/>
               <w msd="Somem" lemma="sin">sinu</w>
               <c>;</c>
               <S/>
               <w msd="Do" lemma="z">s</w>
               <S/>
               <w msd="Someo" lemma="sin">sinom</w>
               <S/>
               <w msd="Gp-pte-n" lemma="biti">bo</w>
               <S/>
               <w msd="Ggdd-em" lemma="obračunati">obračunal</w>
               <S/>
               <w msd="L" lemma="še">še</w>
               <S/>
               <w msd="Rsn" lemma="doma">doma</w>
               <c>,</c>
               <S/>
               <w msd="Vd" lemma="ko">ko</w>
               <S/>
               <w msd="Zp------k" lemma="se">se</w>
               <S/>
               <w msd="Gp-pte-n" lemma="biti">bo</w>
               <S/>
               <w msd="Ggdd-em" lemma="pogovoriti">pogovoril</w>
               <S/>
               <w msd="Do" lemma="z">z</w>
               <S/>
               <w msd="Someo" lemma="učitelj">učiteljem</w>
               <S/>
               <w msd="Sozer" lemma="biologija">biologije</w>
               <c>,</c>
               <S/>
               <w msd="Zk-sei" lemma="ta">to</w>
               <S/>
               <w msd="Gp-ste-n" lemma="biti">je</w>
               <S/>
               <w msd="Do" lemma="z">s</w>
               <S/>
               <w msd="Ppnmeo" lemma="sam">samim</w>
               <S/>
               <w msd="Zp---o" lemma="se">seboj</w>
               <c>.</c>
               <S/>
            </s>
            <s>
               <w msd="Rsn" lemma="potem">Potem</w>
               <S/>
               <w msd="Zp------k" lemma="se">se</w>
               <S/>
               <w msd="Gp-ste-n" lemma="biti">je</w>
               <S/>
               <w msd="Somei" lemma="fant">fant</w>
               <S/>
               <w msd="Ggdd-em" lemma="poboljšati">poboljšal</w>
               <S/>
               <w msd="Vp" lemma="in">in</w>
               <S/>
               <w msd="Gp-ste-n" lemma="biti">je</w>
               <S/>
               <w msd="Ggnd-em" lemma="imeti">imel</w>
               <S/>
               <w msd="Sozet" lemma="biologija">biologijo</w>
               <S/>
               <w msd="Dm" lemma="na">na</w>
               <S/>
               <w msd="Somem" lemma="konec">koncu</w>
               <S/>
               <w msd="Soser" lemma="leto">leta</w>
               <S/>
               <w msd="Kbgzmi" lemma="trije">tri</w>
               <c>,</c>
               <S/>
               <w msd="Zop-ei" lemma="jaz">jaz</w>
               <S/>
               <w msd="Vp" lemma="pa">pa</w>
               <S/>
               <w msd="Kbgsmi" lemma="štirje">štiri</w>
               <c>,</c>
               <S/>
               <w msd="Vd" lemma="ker">ker</w>
               <S/>
               <w msd="Gp-spe-n" lemma="biti">sem</w>
               <S/>
               <w msd="Zp------k" lemma="se">se</w>
               <S/>
               <w msd="Ggnd-em" lemma="bati">bal</w>
               <c>,</c>
               <S/>
               <w msd="Vd" lemma="da">da</w>
               <S/>
               <w msd="Gp-ppe-n" lemma="biti">bom</w>
               <S/>
               <w msd="Ggdd-em" lemma="dobiti">dobil</w>
               <S/>
               <w msd="Zv-zet" lemma="kakšen">kakšno</w>
               <S/>
               <w msd="Dr" lemma="okoli">okoli</w>
               <S/>
               <w msd="Sosmr" lemma="uho">ušes</w>
               <S/>
               <w msd="Dm" lemma="v">v</w>
               <S/>
               <w msd="Sozem" lemma="šola">šoli</w>
               <S/>
               <w msd="Vp" lemma="in">in</w>
               <S/>
               <w msd="Rsn" lemma="doma">doma</w>
               <c>.</c>
               <S/>
            </s>
            <s>
               <w msd="Psnmein" lemma="učiteljev">Učiteljev</w>
               <S/>
               <w msd="Somei" lemma="sin">sin</w>
               <S/>
               <w msd="Gp-ste-n" lemma="biti">je</w>
               <S/>
               <w msd="Gp-d-em" lemma="biti">bil</w>
               <S/>
               <w msd="Rsn" lemma="takrat">takrat</w>
               <S/>
               <w msd="Rsn" lemma="zelo">zelo</w>
               <S/>
               <w msd="Ppnmein" lemma="besen">besen</w>
               <S/>
               <w msd="Vp" lemma="in">in</w>
               <S/>
               <w msd="Gp-ste-n" lemma="biti">je</w>
               <S/>
               <w msd="Somed" lemma="oče">očetu</w>
               <S/>
               <w msd="Somed" lemma="učitelj">učitelju</w>
               <S/>
               <w msd="Ggdd-em" lemma="preluknjati">preluknjal</w>
               <S/>
               <w msd="Sozet" lemma="guma">gumo</w>
               <S/>
               <w msd="Dm" lemma="na">na</w>
               <S/>
               <w msd="Somem" lemma="bicikel">biciklu</w>
               <c>.</c>
               <S/>
            </s>
            <s>
               <w msd="Vd" lemma="ker">Ker</w>
               <S/>
               <w msd="Gp-spm-d" lemma="biti">nismo</w>
               <S/>
               <w msd="Ggnd-mm" lemma="hoteti">hoteli</w>
               <S/>
               <w msd="Ggdn" lemma="povedati">povedati</w>
               <c>,</c>
               <S/>
               <w msd="Zv-mei" lemma="kdo">kdo</w>
               <S/>
               <w msd="Gp-ste-n" lemma="biti">je</w>
               <S/>
               <w msd="Zk-set" lemma="ta">to</w>
               <S/>
               <w msd="Ggdd-em" lemma="storiti">storil</w>
               <c>,</c>
               <S/>
               <w msd="Gp-spm-n" lemma="biti">smo</w>
               <S/>
               <w msd="Dt" lemma="za">za</w>
               <S/>
               <w msd="Sozet" lemma="kazen">kazen</w>
               <S/>
               <w msd="Ggnd-mm" lemma="pisati">pisali</w>
               <S/>
               <w msd="Sozet" lemma="kontrolka">kontrolko</w>
               <S/>
               <w msd="Vp" lemma="in">in</w>
               <S/>
               <w msd="Zp---d--k" lemma="se">si</w>
               <S/>
               <w msd="Rsn" lemma="lahko">lahko</w>
               <S/>
               <w msd="Ggnsdm" lemma="misliti">mislite</w>
               <c>,</c>
               <S/>
               <w msd="Zv-zmi" lemma="kakšen">kakšne</w>
               <S/>
               <w msd="Gp-stm-n" lemma="biti">so</w>
               <S/>
               <w msd="Gp-d-mz" lemma="biti">bile</w>
               <S/>
               <w msd="Sozmi" lemma="ocena">ocene</w>
               <c>.</c>
               <S/>
            </s>
            <s>
               <w msd="Vp" lemma="ampak">Ampak</w>
               <S/>
               <w msd="Zk-sei" lemma="ta">to</w>
               <S/>
               <w msd="Gp-ste-n" lemma="biti">je</w>
               <S/>
               <w msd="Gp-d-es" lemma="biti">bilo</w>
               <S/>
               <w msd="Dm" lemma="na">na</w>
               <S/>
               <w msd="Zk-zem" lemma="tisti">tisti</w>
               <S/>
               <w msd="Zspmmie" lemma="moj">moji</w>
               <S/>
               <w msd="Ppnzem" lemma="osnoven">osnovni</w>
               <S/>
               <w msd="Sozem" lemma="šola">šoli</w>
               <S/>
               <w msd="Rss" lemma="največ">največ</w>
               <c>,</c>
               <S/>
               <w msd="Zz-sei" lemma="kar">kar</w>
               <S/>
               <w msd="Zp------k" lemma="se">se</w>
               <S/>
               <w msd="Gp-ste-n" lemma="biti">je</w>
               <S/>
               <w msd="Ggdd-es" lemma="zgoditi">zgodilo</w>
               <c>.</c>
               <S/>
            </s>
         </p>
         <p xml:id="F0001949.002253">
            <s>
               <w msd="Slzei" lemma="Oprah">Oprah</w>
               <S/>
               <w msd="Gp-ste-n" lemma="biti">je</w>
               <S/>
               <w msd="Ggnd-ez" lemma="poskušati">poskušala</w>
               <S/>
               <w msd="Zc-set" lemma="ves">vse</w>
               <S/>
               <w msd="Rsn" lemma="skupaj">skupaj</w>
               <S/>
               <w msd="Ggdn" lemma="ublažiti">ublažiti</w>
               <S/>
               <w msd="Do" lemma="z">z</w>
               <S/>
               <w msd="Sozmo" lemma="beseda">besedami</w>
               <c>,</c>
               <S/>
               <w msd="Vd" lemma="da">da</w>
               <S/>
               <w msd="Gp-ste-n" lemma="biti">je</w>
               <S/>
               <w msd="Slzei" lemma="Julia">Julia</w>
               <S/>
               <w msd="Kbzzei" lemma="en">ena</w>
               <S/>
               <w msd="Rss" lemma="najbolj">najbolj</w>
               <S/>
               <w msd="Ppnzmr" lemma="očarljiv">očarljivih</w>
               <S/>
               <w msd="Sozmr" lemma="ženska">žensk</w>
               <c>,</c>
               <S/>
               <w msd="Rsn" lemma="kar">kar</w>
               <S/>
               <w msd="Zotmmt--k" lemma="on">jih</w>
               <S/>
               <w msd="Ggnste" lemma="poznati">pozna</w>
               <c>,</c>
               <S/>
               <w msd="Slmei" lemma="Hugh">Hugh</w>
               <S/>
               <w msd="Vp" lemma="pa">pa</w>
               <S/>
               <w msd="Gp-ste-n" lemma="biti">je</w>
               <S/>
               <w msd="Ggdd-em" lemma="odgovoriti">odgovoril</w>
               <c>,</c>
               <S/>
               <w msd="Vd" lemma="da">da</w>
               <S/>
               <c>»</c>
               <w msd="Ppnmein" lemma="sam">sam</w>
               <S/>
               <w msd="L" lemma="ne">ne</w>
               <S/>
               <w msd="Gp-g" lemma="biti">bi</w>
               <S/>
               <w msd="Ggvd-em" lemma="iti">šel</w>
               <S/>
               <w msd="Rsn" lemma="tako">tako</w>
               <S/>
               <w msd="Rsn" lemma="daleč">daleč</w>
               <c>«</c>
               <c>.</c>
               <S/>
            </s>
            <s>
               <w msd="Kbzsei" lemma="drug">Drugo</w>
               <S/>
               <w msd="Ppnzet" lemma="neprijazen">neprijazno</w>
               <S/>
               <w msd="Sozet" lemma="izjava">izjavo</w>
               <S/>
               <w msd="Gp-ste-n" lemma="biti">je</w>
               <S/>
               <w msd="Ggdd-em" lemma="izreči">izrekel</w>
               <S/>
               <w msd="Dt" lemma="na">na</w>
               <S/>
               <w msd="Sometn" lemma="račun">račun</w>
               <S/>
               <w msd="Sozer" lemma="igralka">igralke</w>
               <S/>
               <w msd="Slzer" lemma="Emma">Emme</w>
               <S/>
               <w msd="Slmei" lemma="Thompson">Thompson</w>
               <c>,</c>
               <S/>
               <w msd="Dm" lemma="o">o</w>
               <S/>
               <w msd="Zv-zem" lemma="kateri">kateri</w>
               <S/>
               <w msd="Gp-ste-n" lemma="biti">je</w>
               <S/>
               <w msd="Ggdd-em" lemma="dejati">dejal</w>
               <c>,</c>
               <S/>
               <w msd="Vd" lemma="da">da</w>
               <S/>
               <w msd="Gp-ste-n" lemma="biti">je</w>
               <S/>
               <c>»</c>
               <w msd="Ppnmeid" lemma="pravi">pravi</w>
               <S/>
               <w msd="Somei" lemma="moški">moški</w>
               <c>«</c>
               <c>.</c>
            </s>
         </p>
         <p xml:id="F0001949.002327">
            <s>
               <w msd="Kav" lemma="1.">1.</w>
               <S/>
            </s>
            <s>
               <w msd="Psnzer" lemma="Helenin">Helenine</w>
               <S/>
               <w msd="Ppnzer" lemma="bujen">bujne</w>
               <S/>
               <w msd="Sozer" lemma="oblina">obline</w>
               <S/>
               <w msd="Gp-ste-n" lemma="biti">je</w>
               <S/>
               <w msd="Rsn" lemma="tokrat">tokrat</w>
               <S/>
               <w msd="Ggdd-em" lemma="ukrotiti">ukrotil</w>
               <S/>
               <w msd="Somei" lemma="leopard">leopard</w>
               <c>?</c>
               <c>?</c>
               <c>?</c>
               <c>?</c>
               <c>.</c>
            </s>
         </p>
         <p xml:id="F0001949.002401">
            <s>
               <w msd="Sozei" lemma="groza">Groza</w>
               <S/>
               <w msd="Sommr" lemma="ljubimec">ljubimcev</w>
               <S/>
               <w msd="Dt" lemma="za">za</w>
               <S/>
               <w msd="Kbzzet" lemma="en">eno</w>
               <S/>
               <w msd="Sozet" lemma="noč">noč</w>
            </s>
         </p>
         <p xml:id="F0001949.002520">
            <s>
               <w msd="Ppnmeo" lemma="lačen">Lačnim</w>
               <S/>
               <w msd="Someo" lemma="pisatelj">pisateljem</w>
               <S/>
               <w msd="Ppnzer" lemma="svinjski">svinjske</w>
               <S/>
               <w msd="Sozer" lemma="polovica">polovice</w>
               <c>.</c>
               <S/>
            </s>
            <s>
               <w msd="Sozei" lemma="skupina">Skupina</w>
               <S/>
               <w msd="Ppnmmr" lemma="nezadovoljen">nezadovoljnih</w>
               <S/>
               <w msd="Gp-ste-n" lemma="biti">je</w>
               <S/>
               <w msd="Rsn" lemma="zato">zato</w>
               <S/>
               <w msd="Ggvd-ez" lemma="zahtevati">zahtevala</w>
               <S/>
               <w msd="Sometn" lemma="sklic">sklic</w>
               <S/>
               <w msd="Ppnmer" lemma="izreden">izrednega</w>
               <S/>
               <w msd="Ppnmer" lemma="občen">občnega</w>
               <S/>
               <w msd="Somer" lemma="zbor">zbora</w>
               <c>,</c>
               <S/>
               <w msd="Vd" lemma="kjer">kjer</w>
               <S/>
               <w msd="Gp-g" lemma="biti">bi</w>
               <S/>
               <w msd="Zp------k" lemma="se">se</w>
               <S/>
               <w msd="Ggnd-es" lemma="govoriti">govorilo</w>
               <S/>
               <w msd="Dm" lemma="o">o</w>
               <S/>
               <w msd="Psnzem" lemma="Žabotov">Žabotovi</w>
               <S/>
               <w msd="Sozem" lemma="odgovornost">odgovornosti</w>
               <c>.</c>
               <S/>
            </s>
            <s>
               <w msd="Zk-ser" lemma="ta">Tega</w>
               <S/>
               <w msd="Gp-stm-n" lemma="biti">so</w>
               <S/>
               <w msd="Ggdd-mm" lemma="napasti">napadli</w>
               <S/>
               <w msd="L" lemma="že">že</w>
               <S/>
               <w msd="Rsn" lemma="kmalu">kmalu</w>
               <S/>
               <w msd="Dm" lemma="po">po</w>
               <S/>
               <w msd="Sozem" lemma="izvolitev">izvolitvi</w>
               <c>,</c>
               <S/>
               <w msd="Vd" lemma="ko">ko</w>
               <S/>
               <w msd="Zp------k" lemma="se">se</w>
               <S/>
               <w msd="Gp-ste-n" lemma="biti">je</w>
               <S/>
               <w msd="Ggvd-em" lemma="iti">šel</w>
               <S/>
               <w msd="Zn-zet" lemma="nekakšen">nekakšno</w>
               <S/>
               <w msd="Ppnzet" lemma="sindikalističen">sindikalistično</w>
               <S/>
               <w msd="Sozet" lemma="usmeritev">usmeritev</w>
               <S/>
               <w msd="Soser" lemma="društvo">društva</w>
               <S/>
               <w msd="Vp" lemma="in">in</w>
               <S/>
               <w msd="Gp-ste-n" lemma="biti">je</w>
               <S/>
               <w msd="Sommd" lemma="član">članom</w>
               <S/>
               <w msd="Ggnd-em" lemma="ponujati">ponujal</w>
               <S/>
               <w msd="Dm" lemma="po">po</w>
               <S/>
               <w msd="Ppnzem" lemma="nizek">nizki</w>
               <S/>
               <w msd="Sozem" lemma="cena">ceni</w>
               <S/>
               <w msd="Sosei" lemma="vino">vino</w>
               <c>,</c>
               <S/>
               <w msd="Ppnzmt" lemma="svinjski">svinjske</w>
               <S/>
               <w msd="Sozmt" lemma="polovica">polovice</w>
               <S/>
               <w msd="Vp" lemma="in">in</w>
               <S/>
               <w msd="Kbzzmt" lemma="drug">druge</w>
               <S/>
               <w msd="Sozmt" lemma="dobrota">dobrote</w>
               <c>,</c>
               <S/>
               <w msd="Rsn" lemma="kar">kar</w>
               <S/>
               <w msd="Gp-stm-n" lemma="biti">so</w>
               <S/>
               <w msd="Zotmed--k" lemma="on">mu</w>
               <S/>
               <w msd="Zn-mmi" lemma="mnog">mnogi</w>
               <S/>
               <w msd="Rsn" lemma="zelo">zelo</w>
               <S/>
               <w msd="Ggdd-mm" lemma="zameriti">zamerili</w>
               <c>,</c>
               <S/>
               <w msd="L" lemma="češ">češ</w>
               <S/>
               <w msd="Vd" lemma="da">da</w>
               <S/>
               <w msd="Zp------k" lemma="se">se</w>
               <S/>
               <w msd="Zk-sei" lemma="ta">to</w>
               <S/>
               <w msd="Dt" lemma="za">za</w>
               <S/>
               <w msd="Sometd" lemma="predsednik">predsednika</w>
               <S/>
               <w msd="L" lemma="pač">pač</w>
               <S/>
               <w msd="L" lemma="ne">ne</w>
               <S/>
               <w msd="Ggnste" lemma="spodobiti">spodobi</w>
               <c>.</c>
               <S/>
            </s>
            <s>
               <w msd="Rsn" lemma="dobro">Dobro</w>
               <S/>
               <w msd="Gp-ste-n" lemma="biti">je</w>
               <S/>
               <w msd="Vp" lemma="pa">pa</w>
               <S/>
               <w msd="Dd" lemma="kljub">kljub</w>
               <S/>
               <w msd="Zk-sed" lemma="ta">temu</w>
               <c>,</c>
               <S/>
               <w msd="L" lemma="kajne">kajne</w>
               <c>!</c>
            </s>
         </p>
         <p xml:id="F0001949.002599">
            <s>
               <w msd="Sommi" lemma="podpis">Podpisi</w>
               <S/>
               <w msd="Do" lemma="pod">pod</w>
               <S/>
               <w msd="Sozmo" lemma="slika">slikami</w>
               <c>:</c>
            </s>
         </p>
         <p xml:id="F0001949.003201">
            <s>
               <w msd="Somei" lemma="izbor">Izbor</w>
               <S/>
               <w msd="Somer" lemma="teden">tedna</w>
            </s>
         </p>
         <p xml:id="F0001949.003690">
            <s>
               <w msd="Ggdvdm" lemma="natakniti">NATAKNITE</w>
               <S/>
               <w msd="Zp---d--k" lemma="se">SI</w>
               <S/>
               <w msd="Rss" lemma="visoko">NAJVIŠJE</w>
               <S/>
               <w msd="Sozmt" lemma="peta">PETE</w>
               <c>,</c>
               <S/>
               <w msd="Vd" lemma="ki">KI</w>
               <S/>
               <w msd="Zotzmt--k" lemma="on">JIH</w>
               <S/>
               <w msd="Ggdsdm" lemma="najti">NAJDETE</w>
               <S/>
               <w msd="Dm" lemma="v">V</w>
               <S/>
               <w msd="Sozem" lemma="omarica">OMARICI</w>
               <c>,</c>
               <S/>
               <w msd="Vp" lemma="ter">TER</w>
               <S/>
               <w msd="Zp------k" lemma="se">SE</w>
               <S/>
               <w msd="Ggvste" lemma="goliti">GOLI</w>
               <S/>
               <w msd="Ggdsdm" lemma="sprehoditi">SPREHODITE</w>
               <S/>
               <w msd="Dm" lemma="po">PO</w>
               <S/>
               <w msd="Sosem" lemma="stanovanje">STANOVANJU</w>
               <c>.</c>
               <S/>
            </s>
            <s>
               <w msd="Ggdvdm" lemma="pogledati">POGLEJTE</w>
               <S/>
               <w msd="Zp------k" lemma="se">SE</w>
               <S/>
               <w msd="Dt" lemma="v">V</w>
               <S/>
               <w msd="Soset" lemma="ogledalo">OGLEDALO</w>
               <S/>
               <w msd="Vp" lemma="in">IN</w>
               <S/>
               <w msd="Rsn" lemma="prijetno">PRIJETNO</w>
               <S/>
               <w msd="Gp-pdm-n" lemma="biti">BOSTE</w>
               <S/>
               <w msd="Pdnmmi" lemma="presenečen">PRESENEČENI</w>
               <c>,</c>
               <S/>
               <w msd="Rsn" lemma="kako">KAKO</w>
               <S/>
               <w msd="Ppnzmi" lemma="dolg">DOLGE</w>
               <S/>
               <w msd="Vp" lemma="in">IN</w>
               <S/>
               <w msd="Pdnzmi" lemma="napet">NAPETE</w>
               <S/>
               <w msd="Gp-stm-n" lemma="biti">SO</w>
               <S/>
               <w msd="Zsdzerm" lemma="vaš">VAŠE</w>
               <S/>
               <w msd="Sozmi" lemma="noga">NOGE</w>
               <S/>
               <w msd="Vp" lemma="ter">TER</w>
               <S/>
               <w msd="Rsn" lemma="kako">KAKO</w>
               <S/>
               <w msd="Rsn" lemma="vzravnano">VZRAVNANO</w>
               <c>,</c>
               <S/>
               <w msd="Rsn" lemma="prožno">PROŽNO</w>
               <S/>
               <w msd="Gp-ste-n" lemma="biti">JE</w>
               <S/>
               <w msd="Zsdseim" lemma="vaš">VAŠE</w>
               <S/>
               <w msd="Sosei" lemma="telo">TELO</w>
               <c>.</c>
            </s>
         </p>
         <p xml:id="F0001949.003803">
            <s>
               <w msd="Ppnzei" lemma="današnji">Današnja</w>
               <S/>
               <w msd="Sozei" lemma="luna">Luna</w>
               <S/>
               <w msd="Gp-pte-n" lemma="biti">bo</w>
               <S/>
               <w msd="Rsn" lemma="zelo">zelo</w>
               <S/>
               <w msd="Ggdd-ez" lemma="spodbuditi">spodbudila</w>
               <S/>
               <w msd="Sozet" lemma="trma">trmo</w>
               <S/>
               <w msd="Dm" lemma="pri">pri</w>
               <S/>
               <w msd="Sommm" lemma="človek">ljudeh</w>
               <c>.</c>
               <S/>
            </s>
            <s>
               <w msd="Rsn" lemma="neutrudno">Neutrudno</w>
               <S/>
               <w msd="Gp-pdm-n" lemma="biti">boste</w>
               <S/>
               <w msd="Ggnd-mm" lemma="vztrajati">vztrajali</w>
               <S/>
               <w msd="Dm" lemma="pri">pri</w>
               <S/>
               <w msd="Zp-mem" lemma="svoj">svojem</w>
               <S/>
               <w msd="Vp" lemma="in">in</w>
               <S/>
               <w msd="Zl-mei" lemma="nihče">nihče</w>
               <S/>
               <w msd="Zod-mt" lemma="ti">vas</w>
               <S/>
               <w msd="L" lemma="ne">ne</w>
               <S/>
               <w msd="Gp-pte-n" lemma="biti">bo</w>
               <S/>
               <w msd="Ggnd-em" lemma="moči">mogel</w>
               <S/>
               <w msd="Ggdn" lemma="premakniti">premakniti</w>
               <c>.</c>
               <S/>
            </s>
            <s>
               <w msd="L" lemma="prav">Prav</w>
               <S/>
               <w msd="Rsn" lemma="tako">tako</w>
               <S/>
               <w msd="Zodmmi" lemma="ti">vi</w>
               <S/>
               <w msd="L" lemma="ne">ne</w>
               <S/>
               <w msd="Gp-pdm-n" lemma="biti">boste</w>
               <S/>
               <w msd="Dm" lemma="pri">pri</w>
               <S/>
               <w msd="Kbzmmm" lemma="drug">drugih</w>
               <S/>
               <w msd="Ggdd-mm" lemma="doseči">dosegli</w>
               <S/>
               <w msd="Zl-ser" lemma="nič">ničesar</w>
               <c>.</c>
               <S/>
            </s>
            <s>
               <w msd="Vp" lemma="zato">Zato</w>
               <S/>
               <w msd="Gp-pte-n" lemma="biti">bo</w>
               <S/>
               <w msd="Rsn" lemma="danes">danes</w>
               <S/>
               <w msd="Sozei" lemma="komunikacija">komunikacija</w>
               <S/>
               <w msd="Ppnzei" lemma="pravi">prava</w>
               <S/>
               <w msd="Sozei" lemma="umetnost">umetnost</w>
               <c>.</c>
               <S/>
            </s>
            <s>
               <w msd="Ggnd-mm" lemma="počutiti">Počutili</w>
               <S/>
               <w msd="Zp------k" lemma="se">se</w>
               <S/>
               <w msd="Gp-pdm-n" lemma="biti">boste</w>
               <S/>
               <w msd="Rsn" lemma="drugorazredno">drugorazredno</w>
               <c>,</c>
               <S/>
               <w msd="Vp" lemma="zato">zato</w>
               <S/>
               <w msd="Zp---d--k" lemma="se">si</w>
               <S/>
               <w msd="Gp-pdm-n" lemma="biti">boste</w>
               <S/>
               <w msd="Do" lemma="z">z</w>
               <S/>
               <w msd="Sommo" lemma="izbruh">izbruhi</w>
               <S/>
               <w msd="Sozer" lemma="trma">trme</w>
               <S/>
               <w msd="Ggnd-mm" lemma="dvigovati">dvigovali</w>
               <S/>
               <w msd="Sozet" lemma="samozavest">samozavest</w>
               <c>.</c>
               <S/>
            </s>
            <s>
               <w msd="Vd" lemma="če">Če</w>
               <S/>
               <w msd="Zod-md" lemma="ti">vam</w>
               <S/>
               <w msd="Rsn" lemma="danes">danes</w>
               <S/>
               <w msd="Gp-ste-d" lemma="biti">ni</w>
               <S/>
               <w msd="Dr" lemma="do">do</w>
               <S/>
               <w msd="Sommr" lemma="človek">ljudi</w>
               <c>,</c>
               <S/>
               <w msd="Zp------k" lemma="se">se</w>
               <S/>
               <w msd="L" lemma="ne">ne</w>
               <S/>
               <w msd="Ggnsdm" lemma="počutiti">počutite</w>
               <S/>
               <w msd="Ppnzmi" lemma="kriv">krive</w>
               <S/>
               <w msd="Vp" lemma="in">in</w>
               <S/>
               <w msd="Sozet" lemma="družba">družbo</w>
               <S/>
               <w msd="Ggdvdm" lemma="zavrniti">zavrnite</w>
               <c>.</c>
               <S/>
            </s>
            <s>
               <w msd="Rsr" lemma="dobro">Bolje</w>
               <S/>
               <w msd="Zk-set" lemma="ta">to</w>
               <c>,</c>
               <S/>
               <w msd="Vd" lemma="kot">kot</w>
               <S/>
               <w msd="Vp" lemma="pa">pa</w>
               <S/>
               <w msd="Vd" lemma="da">da</w>
               <S/>
               <w msd="Ggnsdm-n" lemma="imeti">imate</w>
               <S/>
               <w msd="Do" lemma="pred">pred</w>
               <S/>
               <w msd="Kbzmmo" lemma="drug">drugimi</w>
               <S/>
               <w msd="Ppnmein" lemma="nepotreben">nepotreben</w>
               <S/>
               <w msd="Ppnmein" lemma="čustven">čustven</w>
               <S/>
               <w msd="Somei" lemma="izbruh">izbruh</w>
               <c>.</c>
               <S/>
            </s>
            <s>
               <w msd="Gp-vdm" lemma="biti">Bodite</w>
               <S/>
               <w msd="Rsn" lemma="zelo">zelo</w>
               <S/>
               <w msd="Rsn" lemma="zelo">zelo</w>
               <S/>
               <w msd="Ppnmmi" lemma="pozoren">pozorni</w>
               <S/>
               <w msd="Dm" lemma="v">v</w>
               <S/>
               <w msd="Somem" lemma="promet">prometu</w>
               <c>.</c>
            </s>
         </p>
         <p xml:id="F0001949.004110">
            <s>
               <w msd="Sozmt" lemma="novica">NOVICE</w>
            </s>
         </p>
         <p xml:id="F0001949.004389">
            <s>
               <w msd="Rsn" lemma="zelo">Zelo</w>
               <S/>
               <w msd="Zop-mt" lemma="jaz">nas</w>
               <S/>
               <w msd="Ggnste" lemma="veseliti">veseli</w>
               <c>,</c>
               <S/>
               <w msd="Vd" lemma="da">da</w>
               <S/>
               <w msd="Gp-spm-n" lemma="biti">smo</w>
               <S/>
               <w msd="Zod-mt" lemma="ti">Vas</w>
               <S/>
               <w msd="Ggdd-mm" lemma="uspeti">uspeli</w>
               <S/>
               <w msd="Ggdn" lemma="presenetiti">presenetiti</w>
               <S/>
               <w msd="Do" lemma="z">z</w>
               <S/>
               <w msd="Soseo" lemma="imenovanje">imenovanjem</w>
               <S/>
               <w msd="Sozer" lemma="gospodična">gospodične</w>
               <S/>
               <w msd="Slzer" lemma="Urška">Urške</w>
               <S/>
               <w msd="Sozer" lemma="čerča">Čerče</w>
               <S/>
               <w msd="Dt" lemma="za">za</w>
               <S/>
               <w msd="Ppnzet" lemma="programski">programsko</w>
               <S/>
               <w msd="Sozet" lemma="direktorica">direktorico</w>
               <S/>
               <w msd="Zspseim" lemma="naš">naše</w>
               <S/>
               <w msd="Kbvzei" lemma="prvi">Prva</w>
               <S/>
               <w msd="Sozei" lemma="TV">TV</w>
            </s>
         </p>
         <p xml:id="F0001949.004680">
            <s>
               <w msd="L" lemma="še">Še</w>
               <S/>
               <w msd="Ggdste" lemma="srečati">sreča</w>
               <c>,</c>
               <S/>
               <w msd="Vd" lemma="da">da</w>
               <S/>
               <w msd="Zk-smr" lemma="ta">teh</w>
               <S/>
               <w msd="Sosmr" lemma="praznovanje">praznovanj</w>
               <S/>
               <w msd="Gp-ste-d" lemma="biti">ni</w>
               <S/>
               <w msd="Rsr" lemma="več">več</w>
               <S/>
               <w msd="Vd" lemma="kot">kot</w>
               <S/>
               <w msd="Rsn" lemma="toliko">toliko</w>
               <c>,</c>
               <S/>
               <w msd="Vp" lemma="saj">saj</w>
               <S/>
               <w msd="Ggvspe" lemma="verjeti">verjamem</w>
               <c>,</c>
               <S/>
               <w msd="Vd" lemma="da">da</w>
               <S/>
               <w msd="Gp-stm-n" lemma="biti">so</w>
               <S/>
               <w msd="Rsn" lemma="lahko">lahko</w>
               <S/>
               <w msd="Rsn" lemma="res">res</w>
               <S/>
               <w msd="Pdnzei" lemma="moreč">moreča</w>
               <S/>
               <w msd="Dt" lemma="za">za</w>
               <S/>
               <w msd="Zc-set" lemma="ves">vse</w>
               <c>.</c>
               <S/>
            </s>
            <s>
               <w msd="Sozmt" lemma="debata">Debate</w>
               <S/>
               <w msd="Vp" lemma="in">in</w>
               <S/>
               <w msd="Sozmt" lemma="opazka">opazke</w>
               <S/>
               <w msd="Dt" lemma="na">na</w>
               <S/>
               <w msd="Ppnzet" lemma="političen">politično</w>
               <S/>
               <w msd="Sozet" lemma="tema">temo</w>
               <S/>
               <w msd="Rsn" lemma="preprosto">preprosto</w>
               <S/>
               <w msd="Ggdste" lemma="preskočiti">preskoči</w>
               <c>,</c>
               <S/>
               <w msd="Ggdste" lemma="preslišati">presliši</w>
               <S/>
               <w msd="Vp" lemma="ali">ali</w>
               <S/>
               <w msd="Vp" lemma="pa">pa</w>
               <S/>
               <w msd="Zp------k" lemma="se">se</w>
               <S/>
               <w msd="Ggdvde" lemma="umakniti">umakni</w>
               <c>,</c>
               <S/>
               <w msd="Vp" lemma="ali">ali</w>
               <S/>
               <w msd="Vp" lemma="pa">pa</w>
               <S/>
               <w msd="Zotmmd--k" lemma="on">jim</w>
               <S/>
               <w msd="Ggdvde" lemma="povedati">povej</w>
               <S/>
               <w msd="Rsn" lemma="enkrat">enkrat</w>
               <S/>
               <w msd="Dt" lemma="za">za</w>
               <S/>
               <w msd="Rsn" lemma="vselej">vselej</w>
               <c>,</c>
               <S/>
               <w msd="Vd" lemma="da">da</w>
               <S/>
               <w msd="Zod-et--k" lemma="ti">te</w>
               <S/>
               <w msd="Zk-zei" lemma="ta">ta</w>
               <S/>
               <w msd="Sozei" lemma="tematika">tematika</w>
               <S/>
               <w msd="L" lemma="ne">ne</w>
               <S/>
               <w msd="Ggnste" lemma="zanimati">zanima</w>
               <c>.</c>
               <S/>
            </s>
            <s>
               <w msd="L" lemma="še">Še</w>
               <S/>
               <w msd="Rss" lemma="najmanj">najmanj</w>
               <S/>
               <w msd="Vp" lemma="pa">pa</w>
               <S/>
               <w msd="Zp------k" lemma="se">se</w>
               <S/>
               <w msd="Dm" lemma="o">o</w>
               <S/>
               <w msd="Zk-sem" lemma="ta">tem</w>
               <S/>
               <w msd="Ggnvde" lemma="pričkati">pričkaj</w>
               <S/>
               <w msd="Do" lemma="z">z</w>
               <S/>
               <w msd="Someo" lemma="mož">možem</w>
               <c>,</c>
               <S/>
               <w msd="Vp" lemma="saj">saj</w>
               <S/>
               <w msd="Ggnstd-n" lemma="imeti">imata</w>
               <S/>
               <w msd="Rsn" lemma="verjetno">verjetno</w>
               <S/>
               <w msd="Rsn" lemma="veliko">veliko</w>
               <S/>
               <w msd="Pppzmr" lemma="zanimiv">zanimivejših</w>
               <S/>
               <w msd="Sozmr" lemma="tema">tem</w>
               <S/>
               <w msd="Dt" lemma="za">za</w>
               <S/>
               <w msd="Sozet" lemma="obdelava">obdelavo</w>
               <c>.</c>
               <S/>
            </s>
         </p>
         <p xml:id="F0001949.005549">
            <s>
               <w msd="Sozei" lemma="fenilketonurija">Fenilketonurija</w>
               <S/>
               <w msd="Gp-ste-n" lemma="biti">je</w>
               <S/>
               <w msd="Ppnzei" lemma="neozdravljiv">neozdravljiva</w>
               <S/>
               <w msd="Sozei" lemma="bolezen">bolezen</w>
               <c>.</c>
               <S/>
            </s>
            <s>
               <w msd="Somei" lemma="nadzor">Nadzor</w>
               <S/>
               <w msd="Do" lemma="nad">nad</w>
               <S/>
               <w msd="Zotzeo" lemma="on">njo</w>
               <S/>
               <w msd="Rsn" lemma="lahko">lahko</w>
               <S/>
               <w msd="Somei" lemma="bolnik">bolnik</w>
               <S/>
               <w msd="Ggdste" lemma="obdržati">obdrži</w>
               <S/>
               <w msd="L" lemma="le">le</w>
               <S/>
               <w msd="Do" lemma="z">z</w>
               <S/>
               <w msd="Ppnzet" lemma="izreden">izredno</w>
               <S/>
               <w msd="Ppnzet" lemma="strog">strogo</w>
               <S/>
               <w msd="Sozeo" lemma="dieta">dieto</w>
               <c>.</c>
               <S/>
            </s>
            <s>
               <w msd="Zk-sei" lemma="ta">To</w>
               <S/>
               <w msd="Vp" lemma="pa">pa</w>
               <S/>
               <w msd="Dr" lemma="od">od</w>
               <S/>
               <w msd="Somer" lemma="otrok">otroka</w>
               <S/>
               <w msd="Ggvste" lemma="zahtevati">zahteva</w>
               <S/>
               <w msd="Rsn" lemma="ogromno">ogromno</w>
               <S/>
               <w msd="Sozer" lemma="samodisciplina">samodiscipline</w>
               <S/>
               <w msd="Vp" lemma="in">in</w>
               <S/>
               <w msd="Soser" lemma="odpovedovanje">odpovedovanja</w>
               <c>.</c>
               <S/>
            </s>
            <s>
               <w msd="O" lemma="dr.">Dr.</w>
               <S/>
               <w msd="Slmei" lemma="Žerjav">Žerjav</w>
               <S/>
               <w msd="Slmei" lemma="Tanšek">Tanšek</w>
               <c>:</c>
               <S/>
               <c>»</c>
               <w msd="Sozei" lemma="hrana">Hrana</w>
               <S/>
               <w msd="Gp-ste-n" lemma="biti">je</w>
               <S/>
               <w msd="Rsn" lemma="vse">vse</w>
               <S/>
               <w msd="Dr" lemma="okoli">okoli</w>
               <S/>
               <w msd="Zop-mr" lemma="jaz">nas</w>
               <c>.</c>
               <S/>
            </s>
            <s>
               <w msd="Dm" lemma="v">V</w>
               <S/>
               <w msd="Sozem" lemma="trgovina">trgovini</w>
               <c>,</c>
               <S/>
               <w msd="Dm" lemma="na">na</w>
               <S/>
               <w msd="Sozem" lemma="televizija">televiziji</w>
               <c>,</c>
               <S/>
               <w msd="Dm" lemma="na">na</w>
               <S/>
               <w msd="Zc-zem" lemma="vsak">vsaki</w>
               <S/>
               <w msd="Sozem" lemma="zabava">zabavi</w>
               <c>,</c>
               <S/>
               <w msd="Dm" lemma="pri">pri</w>
               <S/>
               <w msd="Sozem" lemma="babica">babici</w>
               <c>,</c>
               <S/>
               <w msd="Dm" lemma="pri">pri</w>
               <S/>
               <w msd="Somem" lemma="prijatelj">prijatelju</w>
               <c>,</c>
               <S/>
               <w msd="Dm" lemma="v">v</w>
               <S/>
               <w msd="Sozem" lemma="šola">šoli</w>
               <S/>
               <c>…</c>
               <S/>
            </s>
            <s>
               <w msd="Ppnmeid" lemma="bolan">Bolni</w>
               <S/>
               <w msd="Somei" lemma="otrok">otrok</w>
               <S/>
               <w msd="Vp" lemma="pa">pa</w>
               <S/>
               <w msd="Gp-ste-n" lemma="biti">je</w>
               <S/>
               <w msd="L" lemma="ne">ne</w>
               <S/>
               <w msd="Ggnste" lemma="smeti">sme</w>
               <S/>
               <w msd="Ggdn" lemma="vzeti">vzeti</w>
               <c>.</c>
               <S/>
            </s>
            <s>
               <w msd="Ggnn" lemma="držati">Držati</w>
               <S/>
               <w msd="Zp------k" lemma="se">se</w>
               <S/>
               <w msd="Ggnste" lemma="morati">mora</w>
               <S/>
               <w msd="Sozer" lemma="dieta">diete</w>
               <c>,</c>
               <S/>
               <w msd="Vd" lemma="ki">ki</w>
               <S/>
               <w msd="Gp-ste-n" lemma="biti">je</w>
               <c>,</c>
               <S/>
               <w msd="Dm" lemma="po">po</w>
               <S/>
               <w msd="Sozem" lemma="pravica">pravici</w>
               <S/>
               <w msd="Rsn" lemma="povedano">povedano</w>
               <c>,</c>
               <S/>
               <w msd="Rsn" lemma="zanič">zanič</w>
               <c>.</c>
               <S/>
            </s>
            <s>
               <w msd="Ggnvdm" lemma="predstavljati">Predstavljajte</w>
               <S/>
               <w msd="Zp---d--k" lemma="se">si</w>
               <S/>
               <w msd="Somei" lemma="zajtrk">zajtrk</w>
               <S/>
               <w msd="Ppnmein" lemma="poseben">poseben</w>
               <S/>
               <w msd="Sometn" lemma="kruh">kruh</w>
               <c>,</c>
               <S/>
               <w msd="Vd" lemma="ki">ki</w>
               <S/>
               <w msd="Zotmet--k" lemma="on">ga</w>
               <S/>
               <w msd="Gp-ste-n" lemma="biti">je</w>
               <S/>
               <w msd="Ppnmein" lemma="sam">sam</w>
               <S/>
               <w msd="Somei" lemma="škrob">škrob</w>
               <c>,</c>
               <S/>
               <w msd="Dr" lemma="brez">brez</w>
               <S/>
               <w msd="Somer" lemma="okus">okusa</w>
               <c>,</c>
               <S/>
               <w msd="Ppnmein" lemma="drobljiv">drobljiv</w>
               <c>,</c>
               <S/>
               <w msd="Ppnmein" lemma="slamnat">slamnat</w>
               <c>.</c>
               <S/>
            </s>
            <s>
               <w msd="Dm" lemma="na">Na</w>
               <S/>
               <w msd="Zotmem" lemma="on">njem</w>
               <S/>
               <w msd="Rsn" lemma="nekaj">nekaj</w>
               <S/>
               <w msd="Soser" lemma="maslo">masla</w>
               <S/>
               <w msd="Vp" lemma="ali">ali</w>
               <S/>
               <w msd="L" lemma="morda">morda</w>
               <S/>
               <w msd="Do" lemma="med">med</w>
               <c>.</c>
               <S/>
            </s>
            <s>
               <w msd="Zl-zer" lemma="noben">Nobene</w>
               <S/>
               <w msd="Sozer" lemma="pašteta">paštete</w>
               <c>,</c>
               <S/>
               <w msd="Sozer" lemma="salama">salame</w>
               <c>,</c>
               <S/>
               <w msd="Somer" lemma="sir">sira</w>
               <c>,</c>
               <S/>
               <w msd="Sozer" lemma="majoneza">majoneze</w>
               <c>,</c>
               <S/>
               <w msd="Sozei" lemma="evrokrema">evrokrema</w>
               <S/>
               <w msd="Vp" lemma="in">in</w>
               <S/>
               <w msd="Ppnser" lemma="podoben">podobnega</w>
               <c>.</c>
               <S/>
            </s>
            <s>
               <w msd="Soser" lemma="mleko">Mleka</w>
               <S/>
               <w msd="Sommi" lemma="bolnik">bolniki</w>
               <S/>
               <w msd="L" lemma="ne">ne</w>
               <S/>
               <w msd="Ggnstm" lemma="smeti">smejo</w>
               <S/>
               <w msd="Ggnn" lemma="piti">piti</w>
               <c>.</c>
               <S/>
            </s>
            <s>
               <w msd="Dt" lemma="za">Za</w>
               <S/>
               <w msd="Soset" lemma="kosilo">kosilo</w>
               <S/>
               <w msd="Ppnzer" lemma="poseben">posebne</w>
               <S/>
               <w msd="Sozmt" lemma="testenina">testenine</w>
               <c>,</c>
               <S/>
               <w msd="Zv-met" lemma="kak">kak</w>
               <S/>
               <w msd="Somei" lemma="košček">košček</w>
               <S/>
               <w msd="Somer" lemma="krompir">krompirja</w>
               <c>,</c>
               <S/>
               <w msd="Sozei" lemma="zelenjava">zelenjava</w>
               <c>.</c>
               <S/>
            </s>
            <s>
               <w msd="Zl-mer" lemma="noben">Nobenega</w>
               <S/>
               <w msd="Soser" lemma="meso">mesa</w>
               <c>.</c>
               <S/>
            </s>
            <s>
               <w msd="L" lemma="celo">Celo</w>
               <S/>
               <w msd="Sosei" lemma="sadje">sadje</w>
               <S/>
               <w msd="Rsn" lemma="lahko">lahko</w>
               <S/>
               <w msd="Ggdstm" lemma="uživaati">uživao</w>
               <S/>
               <w msd="L" lemma="le">le</w>
               <S/>
               <w msd="Dm" lemma="v">v</w>
               <S/>
               <w msd="Pdnzmm" lemma="omejen">omejenih</w>
               <S/>
               <w msd="Sozmm" lemma="količina">količinah</w>
               <c>.</c>
               <S/>
            </s>
            <s>
               <w msd="Ppnsmt" lemma="zadnji">Zadnja</w>
               <S/>
               <w msd="Sosmt" lemma="leto">leta</w>
               <S/>
               <w msd="Gp-ste-n" lemma="biti">je</w>
               <S/>
               <w msd="Dt" lemma="na">na</w>
               <S/>
               <w msd="Sozet" lemma="volja">voljo</w>
               <S/>
               <w msd="L" lemma="sicer">sicer</w>
               <S/>
               <w msd="Rsn" lemma="kar">kar</w>
               <S/>
               <w msd="Rsn" lemma="nekaj">nekaj</w>
               <S/>
               <w msd="Sommr" lemma="izdelek">izdelkov</w>
               <S/>
               <w msd="Dt" lemma="za">za</w>
               <S/>
               <w msd="Sommt" lemma="bolnik">bolnike</w>
               <S/>
               <w msd="Zn-set" lemma="nekakšen">nekakšno</w>
               <S/>
               <w msd="Soset" lemma="mleko">mleko</w>
               <S/>
               <w msd="Vp" lemma="in">in</w>
               <S/>
               <w msd="Ppnzmi" lemma="energetski">energetske</w>
               <S/>
               <w msd="Sozer" lemma="ploščica">ploščice</w>
               <c>,</c>
               <S/>
               <w msd="Dt" lemma="na">na</w>
               <S/>
               <w msd="Sometn" lemma="primer">primer</w>
               <c>,</c>
               <S/>
               <w msd="Vp" lemma="a">a</w>
               <S/>
               <w msd="Ggvvdm" lemma="verjeti">verjemite</w>
               <c>,</c>
               <S/>
               <w msd="Vd" lemma="da">da</w>
               <S/>
               <w msd="Gp-g" lemma="biti">bi</w>
               <S/>
               <w msd="Zotsmt--k" lemma="on">jih</w>
               <S/>
               <w msd="Ppnmmi" lemma="zdrav">zdravi</w>
               <S/>
               <w msd="Ggdd-mm" lemma="kupiti">kupili</w>
               <S/>
               <w msd="L" lemma="le">le</w>
               <S/>
               <w msd="Rsn" lemma="enkrat">enkrat</w>
               <c>.</c>
               <c>«</c>
               <S/>
            </s>
            <s>
               <w msd="Sommi" lemma="bolnik">Bolniki</w>
               <S/>
               <w msd="Ggnstm" lemma="morati">morajo</w>
               <S/>
               <w msd="Rsn" lemma="trikrat">trikrat</w>
               <S/>
               <w msd="Dt" lemma="na">na</w>
               <S/>
               <w msd="Sometn" lemma="dan">dan</w>
               <S/>
               <w msd="Ggdn" lemma="popiti">popiti</w>
               <S/>
               <w msd="L" lemma="tudi">tudi</w>
               <S/>
               <w msd="Ppnmein" lemma="poseben">poseben</w>
               <S/>
               <w msd="Ppnmeid" lemma="beljakovinski">beljakovinski</w>
               <S/>
               <w msd="Somei" lemma="pripravek">pripravek</w>
               <S/>
               <w msd="Do" lemma="z">z</w>
               <S/>
               <w msd="Pdnmmo" lemma="dodan">dodanimi</w>
               <S/>
               <w msd="Sommo" lemma="vitamin">vitamini</w>
               <S/>
               <w msd="Vp" lemma="in">in</w>
               <S/>
               <w msd="Sommo" lemma="mineral">minerali</w>
               <c>.</c>
               <S/>
            </s>
            <s>
               <c>»</c>
               <w msd="Zk-zei" lemma="ta">Ta</w>
               <S/>
               <w msd="Sozei" lemma="stvar">stvar</w>
               <S/>
               <w msd="Ggnste" lemma="smrdeti">smrdi</w>
               <S/>
               <w msd="Dm" lemma="po">po</w>
               <S/>
               <w msd="Somem" lemma="amoniak">amoniaku</w>
               <S/>
               <w msd="Vp" lemma="in">in</w>
               <S/>
               <w msd="Ggnste-n" lemma="imeti">ima</w>
               <S/>
               <w msd="Ppnmetn" lemma="grozen">grozen</w>
               <S/>
               <w msd="Sometn" lemma="okus">okus</w>
               <c>.</c>
               <S/>
            </s>
            <s>
               <w msd="Sommi" lemma="otrok">Otroci</w>
               <S/>
               <w msd="Zotzet--k" lemma="on">jo</w>
               <S/>
               <w msd="Ggnstm" lemma="sovražiti">sovražijo</w>
               <c>.</c>
               <S/>
            </s>
            <s>
               <w msd="Vp" lemma="a">A</w>
               <S/>
               <w msd="Dr" lemma="brez">brez</w>
               <S/>
               <w msd="Zotzer" lemma="on">nje</w>
               <S/>
               <w msd="L" lemma="ne">ne</w>
               <S/>
               <w msd="Gp-g" lemma="biti">bi</w>
               <S/>
               <w msd="Ggdd-mm" lemma="dobiti">dobili</w>
               <S/>
               <w msd="Sozmr" lemma="beljakovina">beljakovin</w>
               <c>,</c>
               <S/>
               <w msd="Vd" lemma="ki">ki</w>
               <S/>
               <w msd="Zotzmt--k" lemma="on">jih</w>
               <S/>
               <w msd="Ggnstm" lemma="potrebovati">potrebujejo</w>
               <c>,</c>
               <S/>
               <w msd="Vp" lemma="in">in</w>
               <S/>
               <w msd="Soset" lemma="telo">telo</w>
               <S/>
               <w msd="Gp-g" lemma="biti">bi</w>
               <S/>
               <w msd="Ggdd-es" lemma="začeti">začelo</w>
               <S/>
               <w msd="Ggnn" lemma="razgrajevati">razgrajevati</w>
               <S/>
               <w msd="L" lemma="samo">samo</w>
               <S/>
               <w msd="Zp---t" lemma="se">sebe</w>
               <c>.</c>
               <c>«</c>
            </s>
         </p>
         <p xml:id="F0001949.005894">
            <s>
               <w msd="Ggnsdm-n" lemma="imeti">Imate</w>
               <S/>
               <w msd="Soset" lemma="mnenje">mnenje</w>
               <S/>
               <w msd="Dm" lemma="o">o</w>
               <S/>
               <w msd="Zc-zem" lemma="vsak">vsaki</w>
               <S/>
               <w msd="Sozem" lemma="stvar">stvari</w>
               <c>?</c>
            </s>
         </p>
      </body>
   </text>
</TEI>