<?xml version="1.0" encoding="UTF-8"?>
<TEI xmlns="http://www.tei-c.org/ns/1.0" xml:id="F0002150" xml:lang="sl">
   <teiHeader>
      <fileDesc>
         <titleStmt>
            <title>ccKRES:  Zbirka (1996)</title>
            <funder>Operacijo delno financira Evropska unija iz Evropskega socialnega sklada ter Ministrstvo za šolstvo in šport. Operacija se izvaja v okviru Operativnega programa razvoja človeških virov za obdobje 2007-2013, razvojne prioritete: razvoj človeških virov in vseživljenjskega učenja; prednostne usmeritve: izboljšanje kakovosti in učinkovitosti sistemov izobraževanja in usposabljanja 2007-2013.</funder>
         </titleStmt>
         <editionStmt>
            <edition>1.0</edition>
         </editionStmt>
         <extent>223 besed</extent>
         <publicationStmt>
            <idno>PRASIC</idno>
            <availability status="free">
               <p xml:lang="sl">Avtorske pravice za to izdajo ureja licenca <ref target="http://creativecommons.org/licenses/by-nc/2.5/si/">Creative Commons Priznanje avtorstva-Nekomercialno 2.5 Slovenija</ref>.</p>
               <p xml:lang="en">This work is licenced under the <ref target="http://creativecommons.org/licenses/by-nc/2.5/si/deed.en">Creative Commons Attribution-Noncommercial 2.5 Slovenia</ref>.</p>
            </availability>
            <date>2012-05-06</date>
         </publicationStmt>
         <sourceDesc>
            <bibl>
               <title> Zbirka</title>
               <author n="???">neznani avtor</author>
               <date>1996</date>
               <publisher n="DZS">DZS</publisher>
               <note type="sourceLang">en</note>
            </bibl>
         </sourceDesc>
      </fileDesc>
      <encodingDesc>
         <projectDesc>
            <p xml:lang="sl">Glej <ref target="http://www.korpus-kres.net/">www.korpus-kres.net</ref> oz. <ref target="http://nl.ijs.si/ssj/">nl.ijs.si/ssj</ref>.</p>
            <p xml:lang="en">See <ref target="http://www.korpus-kres.net/">www.korpus-kres.net</ref> or <ref target="http://nl.ijs.si/ssj/">nl.ijs.si/ssj</ref>.</p>
         </projectDesc>
         <samplingDecl>
            <p xml:lang="sl">
            Besedila in odstavki v korpusu KRES so bili vzorčeni iz
            Gigafide tako, da smo dobili 100-milijonski referenčni
            korpus, v katerem so besedila uravnotežena po vnaprej
            določenih taksonomskih deležih in po podatkih o branosti
            vira (časopisi, revije, novičarski portali).  Korpus
            ccKRES nato, z namenom, da je lahko dostopen po licenci CC,
            vsebuje 10 % naključno vzorčenih odstavkov besedil iz
            korpusa KRES, torej 10 milijonov besed.
	    Več o sestavi korpusa lahko preberete na 
            <ref target="http://www.korpus-kres.net/">www.korpus-kres.net</ref> oz.
            <ref target="http://nl.ijs.si/ssj/">nl.ijs.si/ssj</ref>.
	  </p>
            <p xml:lang="en">
            Texts and paragraphs in the KRES corpus have been sampled from the 
	    Gigafida corpus. The result of the sampling is a 100-million-word 
	    reference corpus. The texts in KRES are balanced according to the 
	    predetermined categories, with particular consideration being paid to 
	    the data on the popularity of the source (newspapers, magazines, 
	    Internet news sites). 
	    To enable free (CC) distribution of the corpus, the ccKRES corpus contains 
	    10% of randomly sampled paragraphs from KRES, i.e. contains 10 million words.
	    For more information about the contents of the corpus, 
	    see <ref target="http://www.korpus-kres.net/">www.korpus-kres.net</ref>
	    and <ref target="http://nl.ijs.si/ssj/">nl.ijs.si/ssj</ref>.
	  </p>
         </samplingDecl>
         <tagsDecl>
            <namespace name="http://www.tei-c.org/ns/1.0">
               <tagUsage gi="p" occurs="22"/>
               <tagUsage gi="s" occurs="29"/>
               <tagUsage gi="c" occurs="34"/>
               <tagUsage gi="S" occurs="210"/>
               <tagUsage gi="w" occurs="223"/>
            </namespace>
         </tagsDecl>
         <classDecl>
            <taxonomy xml:id="SSJ">
               <category xml:id="SSJ.T">
                  <catDesc>tisk</catDesc>
                  <category xml:id="SSJ.T.K">
                     <catDesc>knjižno</catDesc>
                     <category xml:id="SSJ.T.K.L">
                        <catDesc>leposlovno</catDesc>
                     </category>
                     <category xml:id="SSJ.T.K.S">
                        <catDesc>strokovno</catDesc>
                     </category>
                  </category>
                  <category xml:id="SSJ.T.P">
                     <catDesc>periodično</catDesc>
                     <category xml:id="SSJ.T.P.C">
                        <catDesc>časopis</catDesc>
                     </category>
                     <category xml:id="SSJ.T.P.R">
                        <catDesc>revija</catDesc>
                     </category>
                  </category>
                  <category xml:id="SSJ.T.D">
                     <catDesc>drugo</catDesc>
                  </category>
               </category>
               <category xml:id="SSJ.I">
                  <catDesc>internet</catDesc>
               </category>
            </taxonomy>
         </classDecl>
      </encodingDesc>
      <profileDesc>
         <textClass>
            <catRef target="#SSJ.T.K.S"/>
         </textClass>
      </profileDesc>
   </teiHeader>
   <text xml:id="F0002150." xml:lang="sl">
      <body>
         <p xml:id="F0002150.000010">
            <s>
               <w msd="Zc-zei" lemma="vsak">Vsaka</w>
               <S/>
               <w msd="Sozei" lemma="knjižica">knjižica</w>
               <S/>
               <w msd="Ggnste" lemma="vsebovati">vsebuje</w>
               <S/>
               <w msd="Ppnzmt" lemma="temeljit">temeljite</w>
               <S/>
               <w msd="Sozmt" lemma="razlaga">razlage</w>
               <S/>
               <w msd="Kbg-mr" lemma="pet">petih</w>
               <S/>
               <w msd="Sommr" lemma="tip">tipov</w>
               <S/>
               <w msd="Somer" lemma="značaj">značaja</w>
               <c>,</c>
               <S/>
               <w msd="Dt" lemma="v">v</w>
               <S/>
               <w msd="Zv-mmt" lemma="kateri">katere</w>
               <S/>
               <w msd="Gp-stm-n" lemma="biti">so</w>
               <S/>
               <w msd="Pdnsmi" lemma="razvrščen">razvrščena</w>
               <S/>
               <w msd="Ppnsmi" lemma="posamezen">posamezna</w>
               <S/>
               <w msd="Sosmi" lemma="znamenje">znamenja</w>
               <S/>
               <w msd="Ppnmer" lemma="kitajski">kitajskega</w>
               <S/>
               <w msd="Somer" lemma="horoskop">horoskopa</w>
               <c>.</c>
            </s>
         </p>
         <p xml:id="F0002150.000019">
            <s>
               <w msd="Ppnmmi" lemma="miren">Mirni</w>
               <c>,</c>
               <S/>
               <w msd="Ppnmmi" lemma="strpen">strpni</w>
               <S/>
               <w msd="Vp" lemma="in">in</w>
               <S/>
               <w msd="Ppnmmi" lemma="optimističen">optimistični</w>
               <S/>
               <w msd="Somei" lemma="prašič">Prašič</w>
               <S/>
               <w msd="Zp------k" lemma="se">se</w>
               <S/>
               <w msd="Ggnste" lemma="znati">zna</w>
               <S/>
               <w msd="Ggdn" lemma="vživeti">vživeti</w>
               <S/>
               <w msd="Dt" lemma="v">v</w>
               <S/>
               <w msd="L" lemma="skoraj">skoraj</w>
               <S/>
               <w msd="Zc-set" lemma="vsak">vsako</w>
               <S/>
               <w msd="Soset" lemma="okolje">okolje</w>
               <c>.</c>
               <S/>
            </s>
            <s>
               <w msd="Dm" lemma="v">V</w>
               <S/>
               <w msd="Sozem" lemma="ljubezen">ljubezni</w>
               <S/>
               <w msd="Zotmet--z" lemma="zame">zanj</w>
               <S/>
               <w msd="Gp-ste-d" lemma="biti">ni</w>
               <S/>
               <w msd="Sozmr" lemma="pregrada">pregrad</w>
               <S/>
               <w msd="Vp" lemma="in">in</w>
               <S/>
               <w msd="Vd" lemma="ko">ko</w>
               <S/>
               <w msd="Zotmet--k" lemma="on">ga</w>
               <S/>
               <w msd="Ggdstm" lemma="prevzeti">prevzamejo</w>
               <S/>
               <w msd="Ppnsmt" lemma="romantičen">romantična</w>
               <S/>
               <w msd="Sosmt" lemma="čustvo">čustva</w>
               <c>,</c>
               <S/>
               <w msd="Ggdste" lemma="postati">postane</w>
               <S/>
               <w msd="Rsn" lemma="izjemno">izjemno</w>
               <S/>
               <w msd="Pdnmein" lemma="ljubeč">ljubeč</w>
               <c>,</c>
               <S/>
               <w msd="Ppnmein" lemma="strasten">strasten</w>
               <S/>
               <w msd="Vp" lemma="in">in</w>
               <S/>
               <w msd="Slmei" lemma="predan">predan</w>
               <c>.</c>
               <S/>
            </s>
         </p>
         <p xml:id="F0002150.000031">
            <s>
               <w msd="Sozei" lemma="zbirka">ZBIRKA</w>
               <S/>
               <w msd="Ppnmeid" lemma="kitajski">KITAJSKI</w>
               <S/>
               <w msd="Sommi" lemma="horoskop">HOROSKOPI</w>
            </s>
         </p>
         <p xml:id="F0002150.000038">
            <s>
               <w msd="Somei" lemma="značaj">Značaj</w>
               <S/>
               <w msd="Kag" lemma="14">14</w>
            </s>
         </p>
         <p xml:id="F0002150.000081">
            <s>
               <w msd="Somei" lemma="ogenj">ogenj</w>
               <S/>
               <w msd="Somei" lemma="jang">jang</w>
            </s>
         </p>
         <p xml:id="F0002150.000163">
            <s>
               <w msd="Somei" lemma="prašič">PRAŠIČ</w>
            </s>
         </p>
         <p xml:id="F0002150.000173">
            <s>
               <w msd="Ppnsei" lemma="naliven">nalivno</w>
               <S/>
               <w msd="Sosei" lemma="pero">pero</w>
               <S/>
               <w msd="Vp" lemma="in">in</w>
               <S/>
               <w msd="Soset" lemma="črnilo">črnilo</w>
            </s>
         </p>
         <p xml:id="F0002150.000174">
            <s>
               <w msd="Sosei" lemma="pisanje">PISANJE</w>
            </s>
         </p>
         <p xml:id="F0002150.000247">
            <s>
               <w msd="Rsn" lemma="lahko">Lahko</w>
               <S/>
               <w msd="Vp" lemma="pa">pa</w>
               <S/>
               <w msd="Ggdste" lemma="priti">pride</w>
               <S/>
               <w msd="Sometn" lemma="čas">čas</w>
               <c>,</c>
               <S/>
               <w msd="Vd" lemma="ko">ko</w>
               <S/>
               <w msd="Zp------k" lemma="se">se</w>
               <S/>
               <w msd="Gp-pdm-n" lemma="biti">boste</w>
               <S/>
               <w msd="Ggnd-mm" lemma="morati">morali</w>
               <S/>
               <w msd="Do" lemma="z">z</w>
               <S/>
               <w msd="Zotmmo" lemma="on">njimi</w>
               <S/>
               <w msd="Dd" lemma="kljub">kljub</w>
               <S/>
               <w msd="Zc-sed" lemma="ves">vsemu</w>
               <S/>
               <w msd="Ggdn" lemma="soočiti">soočiti</w>
               <c>.</c>
               <S/>
            </s>
            <s>
               <w msd="Rsn" lemma="takrat">Takrat</w>
               <S/>
               <w msd="Ggnvdm" lemma="ravnati">ravnajte</w>
               <S/>
               <w msd="Rsn" lemma="karseda">karseda</w>
               <S/>
               <w msd="Rsn" lemma="trezno">trezno</w>
               <S/>
               <w msd="Vp" lemma="in">in</w>
               <S/>
               <w msd="Zp------k" lemma="se">se</w>
               <S/>
               <w msd="L" lemma="ne">ne</w>
               <S/>
               <w msd="Ggdvdm" lemma="vdati">vdajte</w>
               <S/>
               <w msd="Sozed" lemma="skušnjava">skušnjavi</w>
               <c>,</c>
               <S/>
               <w msd="Vd" lemma="da">da</w>
               <S/>
               <w msd="Gp-g" lemma="biti">bi</w>
               <S/>
               <w msd="Zp------k" lemma="se">se</w>
               <S/>
               <w msd="Pdnmed" lemma="preteč">pretečemu</w>
               <S/>
               <w msd="Somed" lemma="prepir">prepiru</w>
               <S/>
               <w msd="Rsn" lemma="preprosto">preprosto</w>
               <S/>
               <w msd="Ggdd-mm" lemma="ogniti">ognili</w>
               <c>.</c>
            </s>
         </p>
         <p xml:id="F0002150.000274">
            <s>
               <w msd="Kag" lemma="1923">1923</w>
               <S/>
               <w msd="Kag" lemma="1983">1983</w>
            </s>
         </p>
         <p xml:id="F0002150.000296">
            <s>
               <w msd="Kag" lemma="5">5</w>
               <S/>
               <w msd="Gp-sdm-n" lemma="biti">Ste</w>
               <S/>
               <w msd="Ppnmmi" lemma="živčen">živčni</w>
               <S/>
               <w msd="Vp" lemma="in">in</w>
               <S/>
               <w msd="Rsn" lemma="nerad">neradi</w>
               <S/>
               <w msd="Ggnsdm" lemma="nositi">nosite</w>
               <S/>
               <w msd="Soset" lemma="breme">breme</w>
               <S/>
               <w msd="Sozer" lemma="odgovornost">odgovornosti</w>
               <c>.</c>
               <S/>
            </s>
            <s>
               <w msd="Rsn" lemma="mnogo">Mnogo</w>
               <S/>
               <w msd="Rsr" lemma="ljubo">ljubše</w>
               <S/>
               <w msd="Zod-md" lemma="ti">vam</w>
               <S/>
               <w msd="Gp-ste-n" lemma="biti">je</w>
               <c>,</c>
               <S/>
               <w msd="Vd" lemma="če">če</w>
               <S/>
               <w msd="Gp-sdm-n" lemma="biti">ste</w>
               <S/>
               <w msd="Dt" lemma="v">v</w>
               <S/>
               <w msd="Sozet" lemma="opora">oporo</w>
               <S/>
               <w msd="Kbzmmd" lemma="drug">drugim</w>
               <c>.</c>
            </s>
         </p>
         <p xml:id="F0002150.000349">
            <s>
               <w msd="Kav" lemma="26.">26.</w>
               <S/>
               <w msd="Somei" lemma="dec">dec</w>
               <c>.</c>
               <S/>
            </s>
            <s>
               <c>-</c>
               <S/>
               <w msd="Kav" lemma="23.">23.</w>
               <S/>
               <w msd="O" lemma="jan.">jan.</w>
               <S/>
               <w msd="Kag" lemma="1936">1936</w>
               <S/>
               <w msd="Kag" lemma="12">12</w>
            </s>
         </p>
         <p xml:id="F0002150.000360">
            <s>
               <w msd="Kav" lemma="13.">13.</w>
               <S/>
               <w msd="Ppnmein" lemma="nov">nov</w>
               <c>.</c>
               <S/>
            </s>
            <s>
               <c>-</c>
               <S/>
               <w msd="Kav" lemma="11.">11.</w>
               <S/>
               <w msd="O" lemma="dec.">dec.</w>
               <S/>
               <w msd="Kag" lemma="10">10</w>
            </s>
         </p>
         <p xml:id="F0002150.000362">
            <s>
               <w msd="Kav" lemma="11.">11.</w>
               <S/>
               <w msd="O" lemma="jan.">jan.</w>
               <S/>
               <c>-</c>
               <S/>
               <w msd="Kav" lemma="9.">9.</w>
               <S/>
               <w msd="O" lemma="feb.">feb.</w>
               <S/>
               <w msd="Kag" lemma="12">12</w>
            </s>
         </p>
         <p xml:id="F0002150.000370">
            <s>
               <w msd="Kav" lemma="4.">4.</w>
               <S/>
               <w msd="O" lemma="avg.">avg.</w>
               <S/>
               <c>-</c>
               <S/>
               <w msd="Kav" lemma="2.">2.</w>
               <S/>
               <w msd="O" lemma="sep.">sep.</w>
               <S/>
               <w msd="Kag" lemma="7">7</w>
            </s>
         </p>
         <p xml:id="F0002150.000400">
            <s>
               <w msd="Kav" lemma="3.">3.</w>
               <S/>
               <w msd="O" lemma="jan.">jan.</w>
               <S/>
               <c>-</c>
               <S/>
               <w msd="Kav" lemma="1.">1.</w>
               <S/>
               <w msd="O" lemma="feb.">feb.</w>
               <S/>
               <w msd="Kag" lemma="12">12</w>
            </s>
         </p>
         <p xml:id="F0002150.000460">
            <s>
               <w msd="Gp-sdm-n" lemma="biti">Ste</w>
               <S/>
               <w msd="Ppnmmi" lemma="živahen">živahni</w>
               <c>,</c>
               <S/>
               <w msd="Ppnmmi" lemma="ustvarjalen">ustvarjalni</w>
               <S/>
               <w msd="Vp" lemma="in">in</w>
               <S/>
               <w msd="Ppnmmi" lemma="impulziven">impulzivni</w>
               <c>,</c>
               <S/>
               <w msd="Vp" lemma="zato">zato</w>
               <S/>
               <w msd="Zp------k" lemma="se">se</w>
               <S/>
               <w msd="Dm" lemma="v">v</w>
               <S/>
               <w msd="Ppnmmm" lemma="mlad">mladih</w>
               <S/>
               <w msd="Sosmm" lemma="leto">letih</w>
               <S/>
               <w msd="Rsn" lemma="pogosto">pogosto</w>
               <S/>
               <w msd="Ggnsdm" lemma="prepirati">prepirate</w>
               <S/>
               <w msd="Do" lemma="z">s</w>
               <S/>
               <w msd="Sommo" lemma="starš">starši</w>
               <c>.</c>
               <S/>
            </s>
            <s>
               <w msd="Zsdsetm" lemma="vaš">Vaše</w>
               <S/>
               <w msd="Soset" lemma="življenje">življenje</w>
               <S/>
               <w msd="Do" lemma="med">med</w>
               <S/>
               <w msd="Kbg-md" lemma="dvajset">dvajsetim</w>
               <S/>
               <w msd="Vp" lemma="in">in</w>
               <S/>
               <w msd="Kbg-md" lemma="štirideset">štiridesetim</w>
               <S/>
               <w msd="Soseo" lemma="leto">letom</w>
               <S/>
               <w msd="Gp-g" lemma="biti">bi</w>
               <S/>
               <w msd="Ggnd-es" lemma="znati">znalo</w>
               <S/>
               <w msd="Gp-n" lemma="biti">biti</w>
               <S/>
               <w msd="Rsn" lemma="polno">polno</w>
               <S/>
               <w msd="Sozmr" lemma="težava">težav</w>
               <c>,</c>
               <S/>
               <w msd="Vp" lemma="a">a</w>
               <S/>
               <w msd="Vd" lemma="ko">ko</w>
               <S/>
               <w msd="Gp-pdm-n" lemma="biti">boste</w>
               <S/>
               <w msd="Ggdd-mm" lemma="zajadrati">zajadrali</w>
               <S/>
               <w msd="Dd" lemma="proti">proti</w>
               <S/>
               <w msd="Kbg-md" lemma="petdeset">petdesetim</w>
               <c>,</c>
               <S/>
               <w msd="Zp------k" lemma="se">se</w>
               <S/>
               <w msd="Gp-ptm-n" lemma="biti">bodo</w>
               <S/>
               <w msd="Sozmi" lemma="razmera">razmere</w>
               <S/>
               <w msd="Rsn" lemma="bistveno">bistveno</w>
               <S/>
               <w msd="Ggdd-mz" lemma="izboljšati">izboljšale</w>
               <c>.</c>
            </s>
         </p>
         <p xml:id="F0002150.000488">
            <s>
               <w msd="Rsn" lemma="tako">Tako</w>
               <S/>
               <w msd="Dm" lemma="v">v</w>
               <S/>
               <w msd="Ppnmem" lemma="poklicen">poklicnem</w>
               <S/>
               <w msd="Vd" lemma="kot">kot</w>
               <S/>
               <w msd="Ppnsem" lemma="družaben">družabnem</w>
               <S/>
               <w msd="Sosem" lemma="življenje">življenju</w>
               <S/>
               <w msd="Zod-md" lemma="ti">vam</w>
               <S/>
               <w msd="Zk-sei" lemma="ta">to</w>
               <S/>
               <w msd="Soset" lemma="leto">leto</w>
               <S/>
               <w msd="Rsn" lemma="veliko">veliko</w>
               <S/>
               <w msd="Ggnste" lemma="obetati">obeta</w>
               <c>,</c>
               <S/>
               <w msd="Ppnmmi" lemma="uspešen">uspešni</w>
               <S/>
               <w msd="Vp" lemma="pa">pa</w>
               <S/>
               <w msd="Gp-pdm-n" lemma="biti">boste</w>
               <S/>
               <w msd="L" lemma="tudi">tudi</w>
               <S/>
               <w msd="Dm" lemma="na">na</w>
               <S/>
               <w msd="Kbzsmm" lemma="drug">drugih</w>
               <S/>
               <w msd="Sosmm" lemma="področje">področjih</w>
               <c>.</c>
               <S/>
            </s>
            <s>
               <w msd="Sommi" lemma="človek">Ljudje</w>
               <S/>
               <w msd="Zod-md" lemma="ti">vam</w>
               <S/>
               <w msd="Gp-ptm-n" lemma="biti">bodo</w>
               <S/>
               <w msd="Ggnd-mm" lemma="stati">stali</w>
               <S/>
               <w msd="Dm" lemma="ob">ob</w>
               <S/>
               <w msd="Sozem" lemma="stran">strani</w>
               <S/>
               <w msd="Dm" lemma="v">v</w>
               <S/>
               <w msd="Sosem" lemma="upanje">upanju</w>
               <c>,</c>
               <S/>
               <w msd="Vd" lemma="da">da</w>
               <S/>
               <w msd="Gp-ste-n" lemma="biti">je</w>
               <S/>
               <w msd="Zsdmeim" lemma="vaš">vaš</w>
               <S/>
               <w msd="Somei" lemma="uspeh">uspeh</w>
               <S/>
               <w msd="Ppnmein" lemma="nalezljiv">nalezljiv</w>
               <c>.</c>
            </s>
         </p>
         <p xml:id="F0002150.000499">
            <s>
               <w msd="Sosei" lemma="leto">LETO</w>
               <S/>
               <w msd="Somer" lemma="petelin">PETELINA</w>
            </s>
         </p>
         <p xml:id="F0002150.000518">
            <s>
               <w msd="Kag" lemma="1910">1910</w>
               <S/>
               <w msd="Kav" lemma="10.">10.</w>
               <S/>
               <w msd="O" lemma="feb.">feb.</w>
               <S/>
               <c>-</c>
               <S/>
               <w msd="Kav" lemma="29.">29.</w>
               <S/>
               <w msd="O" lemma="jan.">jan.</w>
               <S/>
               <w msd="Kag" lemma="1911">1911</w>
               <S/>
               <w msd="Somei" lemma="pes">Pes</w>
            </s>
         </p>
         <p xml:id="F0002150.000537">
            <s>
               <w msd="Kag" lemma="1930">1930</w>
               <S/>
               <w msd="Kav" lemma="30.">30.</w>
               <S/>
               <w msd="O" lemma="jan.">jan.</w>
               <S/>
               <c>-</c>
               <S/>
               <w msd="Kav" lemma="16.">16.</w>
               <S/>
               <w msd="O" lemma="feb.">feb.</w>
               <S/>
               <w msd="Kag" lemma="1931">1931</w>
               <S/>
               <w msd="Somei" lemma="konj">Konj</w>
            </s>
         </p>
         <p xml:id="F0002150.000576">
            <s>
               <w msd="Kag" lemma="1969">1969</w>
               <S/>
               <w msd="Kav" lemma="17.">17.</w>
               <S/>
               <w msd="O" lemma="feb.">feb.</w>
               <S/>
               <c>-</c>
               <S/>
               <w msd="Kav" lemma="5.">5.</w>
               <S/>
               <w msd="O" lemma="feb.">feb.</w>
               <S/>
               <w msd="Kag" lemma="1970">1970</w>
               <S/>
               <w msd="Slmei" lemma="Petelin">Petelin</w>
            </s>
         </p>
      </body>
   </text>
</TEI>