<?xml version="1.0" encoding="UTF-8"?>
<TEI xmlns="http://www.tei-c.org/ns/1.0" xml:id="F0000322" xml:lang="sl">
   <teiHeader>
      <fileDesc>
         <titleStmt>
            <title>ccKRES: Ciciban za starše (2002-05)</title>
            <funder>Operacijo delno financira Evropska unija iz Evropskega socialnega sklada ter Ministrstvo za šolstvo in šport. Operacija se izvaja v okviru Operativnega programa razvoja človeških virov za obdobje 2007-2013, razvojne prioritete: razvoj človeških virov in vseživljenjskega učenja; prednostne usmeritve: izboljšanje kakovosti in učinkovitosti sistemov izobraževanja in usposabljanja 2007-2013.</funder>
         </titleStmt>
         <editionStmt>
            <edition>1.0</edition>
         </editionStmt>
         <extent>691 besed</extent>
         <publicationStmt>
            <idno>cst5_02</idno>
            <availability status="free">
               <p xml:lang="sl">Avtorske pravice za to izdajo ureja licenca <ref target="http://creativecommons.org/licenses/by-nc/2.5/si/">Creative Commons Priznanje avtorstva-Nekomercialno 2.5 Slovenija</ref>.</p>
               <p xml:lang="en">This work is licenced under the <ref target="http://creativecommons.org/licenses/by-nc/2.5/si/deed.en">Creative Commons Attribution-Noncommercial 2.5 Slovenia</ref>.</p>
            </availability>
            <date>2012-05-06</date>
         </publicationStmt>
         <sourceDesc>
            <bibl>
               <title>Ciciban za starše</title>
               <author n="???">neznani novinar</author>
               <date>2002-05</date>
               <publisher n="drugo">Mladinska knjiga Založba</publisher>
               <note type="sourceLang">sl</note>
            </bibl>
         </sourceDesc>
      </fileDesc>
      <encodingDesc>
         <projectDesc>
            <p xml:lang="sl">Glej <ref target="http://www.korpus-kres.net/">www.korpus-kres.net</ref> oz. <ref target="http://nl.ijs.si/ssj/">nl.ijs.si/ssj</ref>.</p>
            <p xml:lang="en">See <ref target="http://www.korpus-kres.net/">www.korpus-kres.net</ref> or <ref target="http://nl.ijs.si/ssj/">nl.ijs.si/ssj</ref>.</p>
         </projectDesc>
         <samplingDecl>
            <p xml:lang="sl">
            Besedila in odstavki v korpusu KRES so bili vzorčeni iz
            Gigafide tako, da smo dobili 100-milijonski referenčni
            korpus, v katerem so besedila uravnotežena po vnaprej
            določenih taksonomskih deležih in po podatkih o branosti
            vira (časopisi, revije, novičarski portali).  Korpus
            ccKRES nato, z namenom, da je lahko dostopen po licenci CC,
            vsebuje 10 % naključno vzorčenih odstavkov besedil iz
            korpusa KRES, torej 10 milijonov besed.
	    Več o sestavi korpusa lahko preberete na 
            <ref target="http://www.korpus-kres.net/">www.korpus-kres.net</ref> oz.
            <ref target="http://nl.ijs.si/ssj/">nl.ijs.si/ssj</ref>.
	  </p>
            <p xml:lang="en">
            Texts and paragraphs in the KRES corpus have been sampled from the 
	    Gigafida corpus. The result of the sampling is a 100-million-word 
	    reference corpus. The texts in KRES are balanced according to the 
	    predetermined categories, with particular consideration being paid to 
	    the data on the popularity of the source (newspapers, magazines, 
	    Internet news sites). 
	    To enable free (CC) distribution of the corpus, the ccKRES corpus contains 
	    10% of randomly sampled paragraphs from KRES, i.e. contains 10 million words.
	    For more information about the contents of the corpus, 
	    see <ref target="http://www.korpus-kres.net/">www.korpus-kres.net</ref>
	    and <ref target="http://nl.ijs.si/ssj/">nl.ijs.si/ssj</ref>.
	  </p>
         </samplingDecl>
         <tagsDecl>
            <namespace name="http://www.tei-c.org/ns/1.0">
               <tagUsage gi="p" occurs="21"/>
               <tagUsage gi="s" occurs="58"/>
               <tagUsage gi="w" occurs="691"/>
               <tagUsage gi="c" occurs="131"/>
               <tagUsage gi="S" occurs="675"/>
            </namespace>
         </tagsDecl>
         <classDecl>
            <taxonomy xml:id="SSJ">
               <category xml:id="SSJ.T">
                  <catDesc>tisk</catDesc>
                  <category xml:id="SSJ.T.K">
                     <catDesc>knjižno</catDesc>
                     <category xml:id="SSJ.T.K.L">
                        <catDesc>leposlovno</catDesc>
                     </category>
                     <category xml:id="SSJ.T.K.S">
                        <catDesc>strokovno</catDesc>
                     </category>
                  </category>
                  <category xml:id="SSJ.T.P">
                     <catDesc>periodično</catDesc>
                     <category xml:id="SSJ.T.P.C">
                        <catDesc>časopis</catDesc>
                     </category>
                     <category xml:id="SSJ.T.P.R">
                        <catDesc>revija</catDesc>
                     </category>
                  </category>
                  <category xml:id="SSJ.T.D">
                     <catDesc>drugo</catDesc>
                  </category>
               </category>
               <category xml:id="SSJ.I">
                  <catDesc>internet</catDesc>
               </category>
            </taxonomy>
         </classDecl>
      </encodingDesc>
      <profileDesc>
         <textClass>
            <catRef target="#SSJ.T.P.R"/>
         </textClass>
      </profileDesc>
   </teiHeader>
   <text xml:id="F0000322." xml:lang="sl">
      <body>
         <p xml:id="F0000322.000006">
            <s>
               <w msd="Sozei" lemma="pesem">Pesem</w>
               <S/>
               <w msd="Ppnmeid" lemma="pomladen">Pomladni</w>
               <S/>
               <w msd="Somei" lemma="dež">dež</w>
               <S/>
               <w msd="Slzer" lemma="Neža">Neže</w>
               <S/>
               <w msd="Slmei" lemma="Maurer">Maurer</w>
               <S/>
               <w msd="Vp" lemma="in">in</w>
               <S/>
               <w msd="Slmer" lemma="Jani">Janija</w>
               <S/>
               <w msd="Slmer" lemma="Golob">Goloba</w>
               <S/>
               <w msd="Zop-mt" lemma="jaz">nas</w>
               <S/>
               <w msd="Rsn" lemma="ljubeznivo">ljubeznivo</w>
               <S/>
               <w msd="Ggnste" lemma="vabiti">vabi</w>
               <c>,</c>
               <S/>
               <w msd="Vd" lemma="da">da</w>
               <S/>
               <w msd="Zp------k" lemma="se">se</w>
               <S/>
               <w msd="L" lemma="še">še</w>
               <S/>
               <w msd="Zopmmi" lemma="jaz">mi</w>
               <S/>
               <w msd="Ggdspm" lemma="spremeniti">spremenimo</w>
               <S/>
               <w msd="Dt" lemma="v">v</w>
               <S/>
               <w msd="Pdnzmi" lemma="pojoč">pojoče</w>
               <S/>
               <w msd="Vp" lemma="in">in</w>
               <S/>
               <w msd="Pdnzer" lemma="plešoč">plešoče</w>
               <S/>
               <w msd="Ppnzer" lemma="deževen">deževne</w>
               <S/>
               <w msd="Sozer" lemma="kapljica">kapljice</w>
               <c>.</c>
            </s>
         </p>
         <p xml:id="F0000322.000018">
            <s>
               <w msd="Sosei" lemma="življenje">Življenje</w>
               <S/>
               <w msd="Gp-ste-n" lemma="biti">je</w>
               <S/>
               <w msd="Ggdd-es" lemma="nastati">nastalo</w>
               <S/>
               <w msd="Dm" lemma="v">v</w>
               <S/>
               <w msd="Sosem" lemma="morje">morju</w>
               <c>.</c>
               <S/>
            </s>
            <s>
               <w msd="Kbvsei" lemma="prvi">Prvo</w>
               <S/>
               <w msd="Ppnsei" lemma="živ">živo</w>
               <S/>
               <w msd="Sosei" lemma="bitje">bitje</w>
               <c>,</c>
               <S/>
               <w msd="Vd" lemma="ki">ki</w>
               <S/>
               <w msd="Gp-ste-n" lemma="biti">je</w>
               <S/>
               <w msd="Ggdd-es" lemma="prilesti">prilezlo</w>
               <S/>
               <w msd="Dt" lemma="na">na</w>
               <S/>
               <w msd="Soset" lemma="kopno">kopno</w>
               <c>,</c>
               <S/>
               <w msd="Gp-ste-n" lemma="biti">je</w>
               <S/>
               <w msd="Sozet" lemma="voda">vodo</w>
               <S/>
               <w msd="Ggdd-es" lemma="prinesti">prineslo</w>
               <S/>
               <w msd="Do" lemma="z">s</w>
               <S/>
               <w msd="Zp---o" lemma="se">seboj</w>
               <S/>
               <w msd="Vd" lemma="kot">kot</w>
               <S/>
               <w msd="Zp-zer" lemma="svoj">svoje</w>
               <S/>
               <c>»</c>
               <w msd="Ppnsei" lemma="notranji">notranje</w>
               <S/>
               <w msd="Sosei" lemma="morje">morje</w>
               <c>«</c>
               <c>.</c>
               <S/>
            </s>
            <s>
               <w msd="Vp" lemma="in">In</w>
               <S/>
               <w msd="Zv-sei" lemma="kaj">kaj</w>
               <S/>
               <w msd="Gp-ste-n" lemma="biti">je</w>
               <S/>
               <w msd="Zk-sei" lemma="ta">to</w>
               <c>?</c>
               <S/>
            </s>
            <s>
               <w msd="Ppnzei" lemma="celičen">Celična</w>
               <c>,</c>
               <S/>
               <w msd="Ppnzei" lemma="medceličen">medcelična</w>
               <S/>
               <w msd="Sozei" lemma="tekočina">tekočina</w>
               <S/>
               <w msd="Vp" lemma="in">in</w>
               <S/>
               <w msd="Sozei" lemma="kri">kri</w>
               <c>.</c>
               <S/>
            </s>
            <s>
               <w msd="Zk-sei" lemma="ta">To</w>
               <S/>
               <w msd="Ppnsei" lemma="notranji">notranje</w>
               <S/>
               <w msd="Sosei" lemma="morje">morje</w>
               <S/>
               <w msd="Ggnste" lemma="oblivati">obliva</w>
               <S/>
               <w msd="Zc-zet" lemma="vsak">vsako</w>
               <S/>
               <w msd="Sozet" lemma="celica">celico</w>
               <S/>
               <w msd="Zspserm" lemma="naš">našega</w>
               <S/>
               <w msd="Soser" lemma="telo">telesa</w>
               <c>,</c>
               <S/>
               <w msd="Ggnste" lemma="prinašati">prinaša</w>
               <S/>
               <w msd="Sometn" lemma="kisik">kisik</w>
               <S/>
               <w msd="Vp" lemma="in">in</w>
               <S/>
               <w msd="Sozet" lemma="hrana">hrano</w>
               <c>,</c>
               <S/>
               <w msd="Sommt" lemma="hormon">hormone</w>
               <S/>
               <w msd="Vp" lemma="ter">ter</w>
               <S/>
               <w msd="Kbzzmi" lemma="drug">druge</w>
               <S/>
               <w msd="Sozmi" lemma="snov">snovi</w>
               <c>,</c>
               <S/>
               <w msd="Vd" lemma="ki">ki</w>
               <S/>
               <w msd="Gp-stm-n" lemma="biti">so</w>
               <S/>
               <w msd="Ppnzmi" lemma="potreben">potrebne</w>
               <S/>
               <w msd="Dt" lemma="za">za</w>
               <S/>
               <w msd="Ppnset" lemma="pravilen">pravilno</w>
               <S/>
               <w msd="Soset" lemma="delovanje">delovanje</w>
               <S/>
               <w msd="Soser" lemma="telo">telesa</w>
               <c>.</c>
               <S/>
            </s>
            <s>
               <w msd="Sozei" lemma="voda">Voda</w>
               <S/>
               <w msd="Gp-ste-n" lemma="biti">je</w>
               <S/>
               <w msd="Sosei" lemma="topilo">topilo</w>
               <c>,</c>
               <S/>
               <w msd="Dm" lemma="v">v</w>
               <S/>
               <w msd="Zotzem" lemma="on">njej</w>
               <S/>
               <w msd="Gp-stm-n" lemma="biti">so</w>
               <S/>
               <w msd="Pdnzmi" lemma="raztopljen">raztopljene</w>
               <S/>
               <w msd="Ppnzmi" lemma="različen">različne</w>
               <S/>
               <w msd="Sozmi" lemma="snov">snovi</w>
               <c>,</c>
               <S/>
               <w msd="Vd" lemma="ki">ki</w>
               <S/>
               <w msd="Ggnstm" lemma="morati">morajo</w>
               <S/>
               <w msd="Ggnn" lemma="ohranjati">ohranjati</w>
               <S/>
               <w msd="Rsn" lemma="stalno">stalno</w>
               <S/>
               <w msd="Ppnset" lemma="medsebojen">medsebojno</w>
               <S/>
               <w msd="Soset" lemma="razmerje">razmerje</w>
               <c>.</c>
               <S/>
            </s>
            <s>
               <w msd="Sozei" lemma="voda">Voda</w>
               <S/>
               <w msd="Gp-ste-n" lemma="biti">je</w>
               <S/>
               <w msd="Ppnzei" lemma="potreben">potrebna</w>
               <S/>
               <w msd="Dt" lemma="za">za</w>
               <S/>
               <w msd="Soset" lemma="ohranjanje">ohranjanje</w>
               <S/>
               <w msd="Ppnzer" lemma="pravilen">pravilne</w>
               <S/>
               <w msd="Sozer" lemma="sestava">sestave</w>
               <S/>
               <w msd="Sozer" lemma="kri">krvi</w>
               <c>.</c>
               <S/>
            </s>
            <s>
               <w msd="Ppnzei" lemma="medceličen">Medcelična</w>
               <S/>
               <w msd="Sozei" lemma="tekočina">tekočina</w>
               <S/>
               <w msd="Vp" lemma="in">in</w>
               <S/>
               <w msd="Sozei" lemma="kri">kri</w>
               <S/>
               <w msd="Ggnstd" lemma="odnašati">odnašata</w>
               <S/>
               <w msd="Sozet" lemma="nesnaga">nesnago</w>
               <c>,</c>
               <S/>
               <w msd="Vd" lemma="ki">ki</w>
               <S/>
               <w msd="Ggnste" lemma="nastajati">nastaja</w>
               <S/>
               <w msd="Dm" lemma="pri">pri</w>
               <S/>
               <w msd="Sozem" lemma="presnova">presnovi</w>
               <c>.</c>
               <S/>
            </s>
            <s>
               <w msd="Dm" lemma="v">V</w>
               <S/>
               <w msd="Sosem" lemma="telo">telesu</w>
               <S/>
               <w msd="Rsn" lemma="dejansko">dejansko</w>
               <S/>
               <w msd="Ggnste" lemma="opravljati">opravlja</w>
               <S/>
               <w msd="Ppnzmi" lemma="podoben">podobne</w>
               <S/>
               <w msd="Sozer" lemma="naloga">naloge</w>
               <S/>
               <w msd="Vd" lemma="kot">kot</w>
               <S/>
               <w msd="Soset" lemma="morje">morje</w>
               <S/>
               <w msd="Dm" lemma="na">na</w>
               <S/>
               <w msd="Zspmemm" lemma="naš">našem</w>
               <S/>
               <w msd="Somem" lemma="planet">planetu</w>
               <c>:</c>
               <S/>
               <w msd="Ggnste" lemma="vzdrževati">vzdržuje</w>
               <S/>
               <w msd="Soset" lemma="ravnovesje">ravnovesje</w>
               <c>,</c>
               <S/>
               <w msd="Ggnste" lemma="usmerjati">usmerja</w>
               <S/>
               <w msd="Sommt" lemma="proces">procese</w>
               <c>,</c>
               <S/>
               <w msd="Ggnste" lemma="prenašati">prenaša</w>
               <S/>
               <w msd="Sozmt" lemma="informacija">informacije</w>
               <c>,</c>
               <S/>
               <w msd="Ggnste" lemma="vzdrževati">vzdržuje</w>
               <S/>
               <w msd="Ppnzet" lemma="stalen">stalno</w>
               <S/>
               <w msd="Sozet" lemma="temperatura">temperaturo</w>
               <S/>
               <w msd="Vp" lemma="in">in</w>
               <S/>
               <w msd="Ggnste" lemma="omogočati">omogoča</w>
               <S/>
               <w msd="Sozet" lemma="obramba">obrambo</w>
               <S/>
               <w msd="Do" lemma="pred">pred</w>
               <S/>
               <w msd="Sommo" lemma="škodljivec">škodljivci</w>
               <c>.</c>
               <S/>
            </s>
            <s>
               <w msd="Vp" lemma="in">In</w>
               <S/>
               <w msd="Rsn" lemma="tako">tako</w>
               <S/>
               <w msd="Gp-stm-n" lemma="biti">so</w>
               <c>,</c>
               <S/>
               <w msd="Rsn" lemma="podobno">podobno</w>
               <S/>
               <w msd="Vd" lemma="kot">kot</w>
               <S/>
               <w msd="Zspmetm" lemma="naš">naš</w>
               <S/>
               <w msd="Somei" lemma="planet">planet</w>
               <c>,</c>
               <S/>
               <w msd="L" lemma="tudi">tudi</w>
               <S/>
               <w msd="Sosmi" lemma="tkivo">tkiva</w>
               <S/>
               <w msd="Zspserm" lemma="naš">našega</w>
               <S/>
               <w msd="Soser" lemma="telo">telesa</w>
               <S/>
               <w msd="Pdnzei" lemma="sestavljen">sestavljena</w>
               <S/>
               <w msd="Dr" lemma="iz">iz</w>
               <S/>
               <w msd="Kag" lemma="75">75</w>
               <S/>
               <w msd="Dr" lemma="do">do</w>
               <S/>
               <w msd="Kag" lemma="85">85</w>
               <S/>
               <w msd="Sommr" lemma="odstotek">odstotkov</w>
               <S/>
               <w msd="Sozer" lemma="voda">vode</w>
               <c>.</c>
            </s>
         </p>
         <p xml:id="F0000322.000023">
            <s>
               <w msd="Ggnn" lemma="gasiti">Gasiti</w>
               <S/>
               <w msd="Ppnzet" lemma="otroški">otroško</w>
               <S/>
               <w msd="Sozet" lemma="žeja">žejo</w>
               <S/>
               <w msd="Do" lemma="z">z</w>
               <S/>
               <w msd="Ppnzmo" lemma="umeten">umetnimi</w>
               <S/>
               <w msd="Sozmo" lemma="pijača">pijačami</w>
               <c>,</c>
               <S/>
               <w msd="Vd" lemma="ki">ki</w>
               <S/>
               <w msd="Ggnstm" lemma="vsebovati">vsebujejo</w>
               <S/>
               <w msd="Sometn" lemma="sladkor">sladkor</w>
               <c>,</c>
               <S/>
               <w msd="Ppnsmi" lemma="umeten">umetna</w>
               <S/>
               <w msd="Sosmi" lemma="sladilo">sladila</w>
               <c>,</c>
               <S/>
               <w msd="Sosmi" lemma="poživilo">poživila</w>
               <c>,</c>
               <S/>
               <w msd="Somei" lemma="kofein">kofein</w>
               <S/>
               <w msd="Vp" lemma="in">in</w>
               <S/>
               <c>»</c>
               <w msd="Sommt" lemma="mehurček">mehurčke</w>
               <c>«</c>
               <c>,</c>
               <S/>
               <w msd="L" lemma="prav">prav</w>
               <S/>
               <w msd="Rsn" lemma="gotovo">gotovo</w>
               <S/>
               <w msd="Gp-ste-d" lemma="biti">ni</w>
               <S/>
               <w msd="Rsn" lemma="zdravo">zdravo</w>
               <c>.</c>
               <S/>
            </s>
            <s>
               <w msd="Kbzmei" lemma="en">En</w>
               <S/>
               <w msd="Sometn" lemma="deciliter">deciliter</w>
               <S/>
               <w msd="Zk-zer" lemma="tak">take</w>
               <S/>
               <w msd="Sozer" lemma="pijača">pijače</w>
               <S/>
               <w msd="Ggnste" lemma="vsebovati">vsebuje</w>
               <S/>
               <w msd="Kag" lemma="4">4</w>
               <S/>
               <w msd="Ppnzmt" lemma="čajen">čajne</w>
               <S/>
               <w msd="Sozmt" lemma="žlička">žličke</w>
               <S/>
               <w msd="Somer" lemma="sladkor">sladkorja</w>
               <c>.</c>
               <S/>
            </s>
            <s>
               <w msd="Ppnmmi" lemma="zdrav">Zdravi</w>
               <S/>
               <w msd="Gp-stm-n" lemma="biti">so</w>
               <S/>
               <w msd="Ppnmmi" lemma="saden">sadni</w>
               <S/>
               <w msd="Sommi" lemma="sok">sokovi</w>
               <S/>
               <w msd="Do" lemma="z">s</w>
               <S/>
               <w msd="Kag" lemma="100">100</w>
               <c>-</c>
               <w msd="Ppnmeo" lemma="odstoten">odstotnim</w>
               <S/>
               <w msd="Ppnmeo" lemma="saden">sadnim</w>
               <S/>
               <w msd="Someo" lemma="delež">deležem</w>
               <c>,</c>
               <S/>
               <w msd="Vd" lemma="ki">ki</w>
               <S/>
               <w msd="Rsn" lemma="lahko">lahko</w>
               <S/>
               <w msd="Ggdstm" lemma="nadomestiti">nadomestijo</w>
               <S/>
               <w msd="Sometn" lemma="sadež">sadež</w>
               <S/>
               <w msd="Vp" lemma="ali">ali</w>
               <S/>
               <w msd="Kbgmdt" lemma="dva">dva</w>
               <c>,</c>
               <S/>
               <w msd="L" lemma="ne">ne</w>
               <S/>
               <w msd="Ggnstm" lemma="moči">morejo</w>
               <S/>
               <w msd="Vp" lemma="pa">pa</w>
               <S/>
               <w msd="Ggdn" lemma="nadomestiti">nadomestiti</w>
               <S/>
               <w msd="Sozer" lemma="voda">vode</w>
               <c>.</c>
               <S/>
            </s>
            <s>
               <w msd="Zk-mmi" lemma="tak">Taki</w>
               <S/>
               <w msd="Ppnmmi" lemma="saden">sadni</w>
               <S/>
               <w msd="Sommi" lemma="sok">sokovi</w>
               <S/>
               <w msd="Gp-stm-n" lemma="biti">so</w>
               <S/>
               <w msd="Sozei" lemma="hrana">hrana</w>
               <c>,</c>
               <S/>
               <w msd="L" lemma="ne">ne</w>
               <S/>
               <w msd="Vp" lemma="pa">pa</w>
               <S/>
               <w msd="Sozei" lemma="pijača">pijača</w>
               <S/>
               <w msd="Dt" lemma="za">za</w>
               <S/>
               <w msd="Soset" lemma="gašenje">gašenje</w>
               <S/>
               <w msd="Sozer" lemma="žeja">žeje</w>
               <c>.</c>
               <S/>
            </s>
            <s>
               <w msd="Pdnmmi" lemma="ugotovljen">Ugotovljeni</w>
               <S/>
               <w msd="Gp-stm-n" lemma="biti">so</w>
               <S/>
               <w msd="L" lemma="celo">celo</w>
               <S/>
               <w msd="Ppnmmi" lemma="številen">številni</w>
               <S/>
               <w msd="Ppnmmi" lemma="škodljiv">škodljivi</w>
               <S/>
               <w msd="Sommi" lemma="učinek">učinki</w>
               <S/>
               <w msd="Pdnser" lemma="pretiran">pretiranega</w>
               <S/>
               <w msd="Soser" lemma="uživanje">uživanja</w>
               <S/>
               <w msd="L" lemma="le">le</w>
               <S/>
               <w msd="Zk-zmr" lemma="ta">teh</w>
               <c>.</c>
            </s>
         </p>
         <p xml:id="F0000322.000034">
            <s>
               <w msd="Kbvmei" lemma="prvi">Prvi</w>
               <S/>
               <w msd="Pppmeid" lemma="velik">večji</w>
               <S/>
               <w msd="Somei" lemma="val">val</w>
               <S/>
               <w msd="Sommr" lemma="begunec">beguncev</w>
               <S/>
               <w msd="Gp-ste-n" lemma="biti">je</w>
               <S/>
               <w msd="Slzet" lemma="Slovenija">Slovenijo</w>
               <S/>
               <w msd="Ggdd-em" lemma="zajeti">zajel</w>
               <S/>
               <w msd="Soser" lemma="leto">leta</w>
               <S/>
               <w msd="Kag" lemma="1991">1991</w>
               <c>.</c>
               <S/>
            </s>
            <s>
               <w msd="Rss" lemma="najprej">Najprej</w>
               <S/>
               <w msd="Dr" lemma="iz">iz</w>
               <S/>
               <w msd="Slzer" lemma="Hrvaška">Hrvaške</w>
               <c>,</c>
               <S/>
               <w msd="Soser" lemma="leto">leta</w>
               <S/>
               <w msd="Kag" lemma="1992">1992</w>
               <S/>
               <w msd="Vp" lemma="pa">pa</w>
               <S/>
               <w msd="Dr" lemma="iz">iz</w>
               <S/>
               <w msd="Slzer" lemma="Bosna">Bosne</w>
               <S/>
               <w msd="Vp" lemma="in">in</w>
               <S/>
               <w msd="Slzer" lemma="Hercegovina">Hercegovine</w>
               <c>.</c>
               <S/>
            </s>
            <s>
               <w msd="Dm" lemma="v">V</w>
               <S/>
               <w msd="Somem" lemma="začetek">začetku</w>
               <S/>
               <w msd="Gp-ste-n" lemma="biti">je</w>
               <S/>
               <w msd="Sozei" lemma="skrb">skrb</w>
               <S/>
               <w msd="Dt" lemma="za">za</w>
               <S/>
               <w msd="Sozet" lemma="namestitev">namestitev</w>
               <S/>
               <w msd="Vp" lemma="in">in</w>
               <S/>
               <w msd="Sozet" lemma="oskrba">oskrbo</w>
               <S/>
               <w msd="Sommr" lemma="begunec">beguncev</w>
               <S/>
               <w msd="Ggdd-em" lemma="prevzeti">prevzel</w>
               <S/>
               <w msd="Ppnmeid" lemma="republiški">Republiški</w>
               <S/>
               <w msd="Somei" lemma="štab">štab</w>
               <S/>
               <w msd="Dt" lemma="za">za</w>
               <S/>
               <w msd="Ppnzet" lemma="civilen">Civilno</w>
               <S/>
               <w msd="Sozet" lemma="zaščita">zaščito</w>
               <S/>
               <w msd="Rsn" lemma="skupaj">skupaj</w>
               <S/>
               <w msd="Do" lemma="z">z</w>
               <S/>
               <w msd="Ppnzeo" lemma="republiški">Republiško</w>
               <S/>
               <w msd="Sozeo" lemma="uprava">upravo</w>
               <S/>
               <w msd="Dt" lemma="za">za</w>
               <S/>
               <w msd="Sozet" lemma="zaščita">zaščito</w>
               <S/>
               <w msd="Vp" lemma="in">in</w>
               <S/>
               <w msd="Soset" lemma="reševanje">reševanje</w>
               <c>.</c>
               <S/>
            </s>
            <s>
               <w msd="Rsn" lemma="veliko">Veliko</w>
               <S/>
               <w msd="Sosei" lemma="število">število</w>
               <S/>
               <w msd="Sommr" lemma="begunec">beguncev</w>
               <S/>
               <w msd="Dr" lemma="iz">iz</w>
               <S/>
               <w msd="Slzer" lemma="Bosna">Bosne</w>
               <S/>
               <w msd="Vp" lemma="in">in</w>
               <S/>
               <w msd="Slzer" lemma="Hercegovina">Hercegovine</w>
               <S/>
               <w msd="Vp" lemma="ter">ter</w>
               <S/>
               <w msd="Pdnsei" lemma="pričakovan">pričakovano</w>
               <S/>
               <w msd="Pppset" lemma="dolgotrajen">dolgotrajnejše</w>
               <S/>
               <w msd="Sosei" lemma="bivanje">bivanje</w>
               <S/>
               <w msd="Zk-zmr" lemma="ta">teh</w>
               <S/>
               <w msd="Sozmr" lemma="oseba">oseb</w>
               <S/>
               <w msd="Dm" lemma="v">v</w>
               <S/>
               <w msd="Slzem" lemma="Slovenija">Sloveniji</w>
               <S/>
               <w msd="Gp-ste-n" lemma="biti">je</w>
               <S/>
               <w msd="Ggnd-es" lemma="narekovati">narekovalo</w>
               <S/>
               <w msd="Sozei" lemma="ustanovitev">ustanovitev</w>
               <S/>
               <w msd="Somer" lemma="urad">Urada</w>
               <S/>
               <w msd="Dt" lemma="za">za</w>
               <S/>
               <w msd="Soset" lemma="priseljevanje">priseljevanje</w>
               <S/>
               <w msd="Vp" lemma="in">in</w>
               <S/>
               <w msd="Sommt" lemma="begunec">begunce</w>
               <c>,</c>
               <S/>
               <w msd="Vd" lemma="ki">ki</w>
               <S/>
               <w msd="Gp-ste-n" lemma="biti">je</w>
               <S/>
               <w msd="Ggdd-em" lemma="prevzeti">prevzel</w>
               <S/>
               <w msd="Sozet" lemma="skrb">skrb</w>
               <S/>
               <w msd="Dt" lemma="za">za</w>
               <S/>
               <w msd="Sozet" lemma="namestitev">namestitev</w>
               <S/>
               <w msd="Vp" lemma="in">in</w>
               <S/>
               <w msd="Sozet" lemma="oskrba">oskrbo</w>
               <S/>
               <w msd="Sommr" lemma="begunec">beguncev</w>
               <c>.</c>
               <S/>
            </s>
            <s>
               <w msd="Zc-mei" lemma="ves">Ves</w>
               <S/>
               <w msd="Zk-met" lemma="ta">ta</w>
               <S/>
               <w msd="Sometn" lemma="čas">čas</w>
               <S/>
               <w msd="Zp------k" lemma="se">se</w>
               <S/>
               <w msd="Rsn" lemma="dejavno">dejavno</w>
               <S/>
               <w msd="Ggnstm" lemma="vključevati">vključujejo</w>
               <S/>
               <w msd="L" lemma="tudi">tudi</w>
               <S/>
               <w msd="Ppnzmi" lemma="številen">številne</w>
               <S/>
               <w msd="Ppnzmi" lemma="nevladen">nevladne</w>
               <S/>
               <w msd="Sozmi" lemma="organizacija">organizacije</w>
               <S/>
               <w msd="Do" lemma="z">s</w>
               <S/>
               <w msd="Zp-mmo" lemma="svoj">svojimi</w>
               <S/>
               <w msd="Sommo" lemma="program">programi</w>
               <S/>
               <w msd="Sozer" lemma="pomoč">pomoči</w>
               <c>.</c>
            </s>
         </p>
         <p xml:id="F0000322.000044">
            <s>
               <w msd="Somei" lemma="urad">Urad</w>
               <S/>
               <w msd="Zp------k" lemma="se">se</w>
               <S/>
               <w msd="Rsn" lemma="trenutno">trenutno</w>
               <S/>
               <w msd="Rss" lemma="najbolj">najbolj</w>
               <S/>
               <w msd="Ggnste" lemma="ukvarjati">ukvarja</w>
               <S/>
               <w msd="Do" lemma="z">s</w>
               <S/>
               <w msd="Sozeo" lemma="priprava">pripravo</w>
               <S/>
               <w msd="Ppnmmr" lemma="integracijski">integracijskih</w>
               <S/>
               <w msd="Sommr" lemma="program">programov</w>
               <S/>
               <w msd="Dt" lemma="za">za</w>
               <S/>
               <w msd="Sozmt" lemma="oseba">osebe</w>
               <S/>
               <w msd="Do" lemma="z">z</w>
               <S/>
               <w msd="Ppnmeo" lemma="začasen">začasnim</w>
               <S/>
               <w msd="Soseo" lemma="zatočišče">zatočiščem</w>
               <S/>
               <w msd="Vp" lemma="ter">ter</w>
               <S/>
               <w msd="Dt" lemma="za">za</w>
               <S/>
               <w msd="Sommt" lemma="begunec">begunce</w>
               <c>.</c>
               <S/>
            </s>
            <s>
               <w msd="Vp" lemma="a">A</w>
               <S/>
               <w msd="Ppnzei" lemma="sam">sama</w>
               <S/>
               <w msd="Sozei" lemma="integracija">integracija</w>
               <S/>
               <w msd="Pdnzmr" lemma="omenjen">omenjenih</w>
               <S/>
               <w msd="Sozmr" lemma="oseba">oseb</w>
               <S/>
               <w msd="Gp-ste-d" lemma="biti">ni</w>
               <S/>
               <w msd="Ppnzei" lemma="odvisen">odvisna</w>
               <S/>
               <w msd="L" lemma="samo">samo</w>
               <S/>
               <w msd="Dr" lemma="od">od</w>
               <S/>
               <w msd="Ppnzer" lemma="dober">dobre</w>
               <S/>
               <w msd="Sozer" lemma="zakonodaja">zakonodaje</w>
               <c>.</c>
               <S/>
            </s>
            <s>
               <w msd="Rsn" lemma="veliko">Veliko</w>
               <S/>
               <w msd="Sozer" lemma="pomoč">pomoči</w>
               <S/>
               <w msd="Ggnspm" lemma="pričakovati">pričakujemo</w>
               <S/>
               <w msd="L" lemma="tudi">tudi</w>
               <S/>
               <w msd="Dr" lemma="od">od</w>
               <S/>
               <w msd="Ppnzmr" lemma="nevladen">nevladnih</w>
               <S/>
               <w msd="Sozmr" lemma="organizacija">organizacij</w>
               <c>,</c>
               <S/>
               <w msd="Vd" lemma="ki">ki</w>
               <S/>
               <w msd="Rsn" lemma="lahko">lahko</w>
               <S/>
               <w msd="Do" lemma="z">s</w>
               <S/>
               <w msd="Zp-mmo" lemma="svoj">svojimi</w>
               <S/>
               <w msd="Sommo" lemma="program">programi</w>
               <S/>
               <w msd="Ggvstm" lemma="pomagati">pomagajo</w>
               <S/>
               <w msd="Vp" lemma="in">in</w>
               <S/>
               <w msd="Ggdstm" lemma="olajšati">olajšajo</w>
               <S/>
               <w msd="Soset" lemma="vključevanje">vključevanje</w>
               <S/>
               <w msd="Sommr" lemma="tujec">tujcev</w>
               <S/>
               <w msd="Dt" lemma="v">v</w>
               <S/>
               <w msd="Zspsetm" lemma="naš">naše</w>
               <S/>
               <w msd="Soset" lemma="okolje">okolje</w>
               <c>.</c>
               <S/>
            </s>
            <s>
               <w msd="Sozei" lemma="integracija">Integracija</w>
               <S/>
               <w msd="Vp" lemma="pa">pa</w>
               <S/>
               <w msd="L" lemma="ne">ne</w>
               <S/>
               <w msd="Gp-pte-n" lemma="biti">bo</w>
               <S/>
               <w msd="Ppnzei" lemma="možen">možna</w>
               <S/>
               <w msd="Dr" lemma="brez">brez</w>
               <S/>
               <w msd="Ppnzer" lemma="ustrezen">ustrezne</w>
               <S/>
               <w msd="Sozer" lemma="podpora">podpore</w>
               <c>,</c>
               <S/>
               <w msd="Sozer" lemma="pomoč">pomoči</w>
               <S/>
               <w msd="Vp" lemma="in">in</w>
               <S/>
               <w msd="Soser" lemma="sprejetje">sprejetja</w>
               <S/>
               <w msd="Sommr" lemma="prebivalec">prebivalcev</w>
               <S/>
               <w msd="Slzer" lemma="Slovenija">Slovenije</w>
               <c>.</c>
               <S/>
            </s>
         </p>
         <p xml:id="F0000322.000064">
            <s>
               <w msd="O" lemma="prim.">prim.</w>
               <S/>
               <w msd="Slzei" lemma="Neža">Neža</w>
               <S/>
               <w msd="Slzei" lemma="Zupančič">Zupančič</w>
               <c>,</c>
               <S/>
               <w msd="O" lemma="dr.">dr.</w>
               <S/>
               <w msd="O" lemma="med.">med.</w>
            </s>
         </p>
         <p xml:id="F0000322.000088">
            <s>
               <w msd="Sometd" lemma="otrok">otroka</w>
               <S/>
               <w msd="Ggdspm" lemma="umakniti">umaknemo</w>
               <S/>
               <w msd="Dr" lemma="iz">iz</w>
               <S/>
               <w msd="Ppnser" lemma="nevaren">nevarnega</w>
               <S/>
               <w msd="Soser" lemma="okolje">okolja</w>
               <c>;</c>
               <S/>
               <w msd="Ggdspm" lemma="umakniti">umaknemo</w>
               <S/>
               <w msd="Sommt" lemma="predmet">predmete</w>
               <c>,</c>
               <S/>
               <w msd="Dm" lemma="ob">ob</w>
               <S/>
               <w msd="Zv-zmm" lemma="kateri">katerih</w>
               <S/>
               <w msd="Gp-g" lemma="biti">bi</w>
               <S/>
               <w msd="Zp------k" lemma="se">se</w>
               <S/>
               <w msd="Rsn" lemma="lahko">lahko</w>
               <S/>
               <w msd="Ggdd-em" lemma="poškodovati">poškodoval</w>
               <c>,</c>
               <S/>
               <w msd="Ggdspm" lemma="odpeti">odpnemo</w>
               <S/>
               <w msd="Vp" lemma="ali">ali</w>
               <S/>
               <w msd="Ggdspm" lemma="zrahljati">zrahljamo</w>
               <S/>
               <w msd="Sozet" lemma="obleka">obleko</w>
            </s>
         </p>
         <p xml:id="F0000322.000117">
            <s>
               <w msd="Slzei" lemma="Barbara">Barbara</w>
               <S/>
               <w msd="Slmei" lemma="Bajd">Bajd</w>
               <c>:</c>
               <S/>
               <w msd="Ggvvpm" lemma="iti">Pojdimo</w>
               <S/>
               <w msd="Dd" lemma="k">k</w>
               <S/>
               <w msd="Ppnzed" lemma="morski">morski</w>
               <S/>
               <w msd="Sozed" lemma="obala">obali</w>
               <c>.</c>
               <S/>
            </s>
            <s>
               <w msd="Slzei" lemma="Ljubljana">Ljubljana</w>
               <c>:</c>
               <S/>
               <w msd="Slmei" lemma="Modrijan">Modrijan</w>
               <c>,</c>
               <S/>
               <w msd="Kag" lemma="1999">1999</w>
            </s>
         </p>
         <p xml:id="F0000322.000120">
            <s>
               <w msd="Slmei" lemma="David">David</w>
               <S/>
               <w msd="Slmei" lemma="Lambert">Lambert</w>
               <c>:</c>
               <S/>
               <w msd="Ppszei" lemma="lep">Najlepša</w>
               <S/>
               <w msd="Sozei" lemma="knjiga">knjiga</w>
               <S/>
               <w msd="Dm" lemma="o">o</w>
               <S/>
               <w msd="Sommm" lemma="ocean">oceanih</w>
               <c>.</c>
               <S/>
            </s>
            <s>
               <w msd="Slmei" lemma="Tržič">Tržič</w>
               <c>:</c>
               <S/>
               <w msd="Sosmi" lemma="učilo">Učila</w>
               <c>,</c>
               <S/>
               <w msd="Kag" lemma="1998">1998</w>
               <c>.</c>
            </s>
         </p>
         <p xml:id="F0000322.000126">
            <s>
               <w msd="Sosei" lemma="morje">Morje</w>
               <S/>
               <w msd="Gp-ste-n" lemma="biti">je</w>
               <S/>
               <w msd="Do" lemma="z">s</w>
               <S/>
               <w msd="Zp-zeo" lemma="svoj">svojo</w>
               <S/>
               <w msd="Sozeo" lemma="veličina">veličino</w>
               <S/>
               <w msd="Vp" lemma="in">in</w>
               <S/>
               <w msd="Sozeo" lemma="prostranost">prostranostjo</w>
               <S/>
               <w msd="Dr" lemma="od">od</w>
               <S/>
               <w msd="Rsn" lemma="nekdaj">nekdaj</w>
               <S/>
               <w msd="Ggnd-es" lemma="buriti">burilo</w>
               <S/>
               <w msd="Ppnzet" lemma="človeški">človeško</w>
               <S/>
               <w msd="Sozet" lemma="domišljija">domišljijo</w>
               <c>.</c>
               <S/>
            </s>
         </p>
         <p xml:id="F0000322.000128">
            <s>
               <w msd="Slmei" lemma="Quentin">Quentin</w>
               <S/>
               <w msd="Slmei" lemma="Blake">Blake</w>
               <c>:</c>
               <S/>
               <w msd="Sozei" lemma="gospa">Gospa</w>
               <S/>
               <w msd="Sozei" lemma="trlica">Trlica</w>
               <S/>
               <w msd="Vp" lemma="in">in</w>
               <S/>
               <w msd="Ppnmeid" lemma="velik">veliki</w>
               <S/>
               <w msd="Somei" lemma="val">val</w>
               <c>.</c>
               <S/>
            </s>
            <s>
               <w msd="Slmei" lemma="Tržič">Tržič</w>
               <c>:</c>
               <S/>
               <w msd="Sosmi" lemma="učilo">Učila</w>
               <c>,</c>
               <S/>
               <w msd="Kag" lemma="1997">1997</w>
               <c>.</c>
            </s>
         </p>
         <p xml:id="F0000322.000135">
            <s>
               <w msd="Slmei" lemma="Shomei">Shomei</w>
               <S/>
               <w msd="Slmei" lemma="Yoh">Yoh</w>
               <c>:</c>
               <S/>
               <w msd="Sozet" lemma="domina">Domino</w>
               <S/>
               <w msd="Vp" lemma="in">in</w>
               <S/>
               <w msd="Somei" lemma="tjulenj">tjulenj</w>
               <c>.</c>
               <S/>
            </s>
            <s>
               <w msd="Slzei" lemma="Ljubljana">Ljubljana</w>
               <c>:</c>
               <S/>
               <w msd="Sozei" lemma="epta">Epta</w>
               <c>,</c>
               <S/>
               <w msd="Kag" lemma="2000">2000</w>
               <c>.</c>
               <S/>
            </s>
            <s>
               <c>(</c>
               <w msd="N" lemma="knjigobube">Knjigobube</w>
               <c>)</c>
               <c>.</c>
            </s>
         </p>
         <p xml:id="F0000322.000170">
            <s>
               <w msd="Sosei" lemma="morje">Morje</w>
               <S/>
               <w msd="Gp-ste-n" lemma="biti">je</w>
               <S/>
               <w msd="Do" lemma="z">s</w>
               <S/>
               <w msd="Zp-zeo" lemma="svoj">svojo</w>
               <S/>
               <w msd="Sozeo" lemma="veličina">veličino</w>
               <S/>
               <w msd="Vp" lemma="in">in</w>
               <S/>
               <w msd="Sozeo" lemma="prostranost">prostranostjo</w>
               <S/>
               <w msd="L" lemma="že">že</w>
               <S/>
               <w msd="Dr" lemma="od">od</w>
               <S/>
               <w msd="Rsn" lemma="nekdaj">nekdaj</w>
               <S/>
               <w msd="Ggnd-es" lemma="vznemirjati">vznemirjalo</w>
               <S/>
               <w msd="Ppnzet" lemma="človeški">človeško</w>
               <S/>
               <w msd="Sozet" lemma="domišljija">domišljijo</w>
               <c>.</c>
               <S/>
            </s>
            <s>
               <w msd="Vp" lemma="in">In</w>
               <S/>
               <w msd="Rsn" lemma="tako">tako</w>
               <S/>
               <w msd="Gp-ste-n" lemma="biti">je</w>
               <S/>
               <w msd="L" lemma="še">še</w>
               <S/>
               <w msd="Rsn" lemma="danes">danes</w>
               <c>.</c>
               <S/>
            </s>
         </p>
         <p xml:id="F0000322.000194">
            <s>
               <w msd="Vd" lemma="ker">Ker</w>
               <S/>
               <w msd="Gp-ste-n" lemma="biti">je</w>
               <S/>
               <w msd="L" lemma="že">že</w>
               <S/>
               <w msd="Somei" lemma="maj">maj</w>
               <c>,</c>
               <S/>
               <w msd="Gp-ppm-n" lemma="biti">bomo</w>
               <S/>
               <w msd="Ggnd-mm" lemma="peti">peli</w>
               <S/>
               <w msd="Vp" lemma="in">in</w>
               <S/>
               <w msd="Ggnd-mm" lemma="plesati">plesali</w>
               <S/>
               <w msd="Rsn" lemma="kar">kar</w>
               <S/>
               <w msd="Rsn" lemma="zunaj">zunaj</w>
               <c>.</c>
               <S/>
            </s>
            <s>
               <w msd="Ggnd-mm" lemma="opazovati">Opazovali</w>
               <S/>
               <w msd="Gp-ppm-n" lemma="biti">bomo</w>
               <S/>
               <w msd="Sozmt" lemma="cvetlica">cvetlice</w>
               <c>,</c>
               <S/>
               <w msd="Ggdd-mm" lemma="prisluhniti">prisluhnili</w>
               <S/>
               <w msd="Ppnsed" lemma="ptičji">ptičjemu</w>
               <S/>
               <w msd="Sosed" lemma="petje">petju</w>
               <c>,</c>
               <S/>
               <w msd="Ggnd-mm" lemma="ugotavljati">ugotavljali</w>
               <c>,</c>
               <S/>
               <w msd="Dr" lemma="od">od</w>
               <S/>
               <w msd="Rsn" lemma="kod">kod</w>
               <S/>
               <w msd="Zp------k" lemma="se">se</w>
               <S/>
               <w msd="Sozmi" lemma="ptica">ptice</w>
               <S/>
               <w msd="Ggnstm" lemma="oglašati">oglašajo</w>
               <c>,</c>
               <S/>
               <w msd="Zv-set" lemma="kaj">kaj</w>
               <S/>
               <w msd="Zp---d--k" lemma="se">si</w>
               <S/>
               <w msd="Ggnstm" lemma="sporočati">sporočajo</w>
               <c>.</c>
               <S/>
            </s>
            <s>
               <w msd="Ggnd-mm" lemma="igrati">Igrali</w>
               <S/>
               <w msd="Zp------k" lemma="se">se</w>
               <S/>
               <w msd="Gp-ppm-n" lemma="biti">bomo</w>
               <S/>
               <w msd="Sozmt" lemma="igrica">igrice</w>
               <c>,</c>
               <S/>
               <w msd="Vd" lemma="ki">ki</w>
               <S/>
               <w msd="Zop-md" lemma="jaz">nam</w>
               <S/>
               <w msd="Gp-ptm-n" lemma="biti">bodo</w>
               <S/>
               <w msd="Sozet" lemma="melodija">melodijo</w>
               <S/>
               <w msd="Vp" lemma="in">in</w>
               <S/>
               <w msd="Soset" lemma="besedilo">besedilo</w>
               <S/>
               <w msd="Ppnzer" lemma="nov">nove</w>
               <S/>
               <w msd="Sozer" lemma="pesmica">pesmice</w>
               <S/>
               <w msd="O" lemma="J.">J.</w>
               <S/>
               <w msd="Slmer" lemma="Bitenc">Bitenca</w>
               <S/>
               <w msd="L" lemma="še">še</w>
               <S/>
               <w msd="Rsr" lemma="bolj">bolj</w>
               <S/>
               <w msd="Ggdd-mz" lemma="približati">približale</w>
               <c>.</c>
            </s>
         </p>
         <p xml:id="F0000322.000233">
            <s>
               <w msd="Sommi" lemma="nagrajenec">NAGRAJENCI</w>
               <S/>
               <w msd="Ppnmer" lemma="marčen">MARČNEGA</w>
               <S/>
               <w msd="Sozei" lemma="cicidoja">CICIDOJA</w>
            </s>
         </p>
         <p xml:id="F0000322.000234">
            <s>
               <w msd="Psnzei" lemma="Mobitelov">MOBITELOVA</w>
               <S/>
               <w msd="Ppnzei" lemma="nagraden">NAGRADNA</w>
               <S/>
               <w msd="Sozei" lemma="izpolnjevanka">IZPOLNJEVANKA</w>
            </s>
         </p>
         <p xml:id="F0000322.000243">
            <s>
               <w msd="Slmei" lemma="Cicido">Cicido</w>
               <c>,</c>
               <S/>
               <w msd="Somei" lemma="ciciban">Ciciban</w>
               <c>,</c>
               <S/>
               <w msd="Ppnmein" lemma="dober">dober</w>
               <S/>
               <w msd="Somei" lemma="dan">dan</w>
               <c>!</c>
               <S/>
            </s>
            <s>
               <w msd="Ppnzet" lemma="majski">Majsko</w>
               <S/>
               <w msd="Sozet" lemma="številka">številko</w>
               <S/>
               <w msd="Somer" lemma="ciciban">Cicibana</w>
               <S/>
               <w msd="Vp" lemma="in">in</w>
               <S/>
               <w msd="Somer" lemma="cicido">Cicidoja</w>
               <S/>
               <w msd="Do" lemma="z">s</w>
               <S/>
               <w msd="Sozeo" lemma="priloga">prilogo</w>
               <S/>
               <w msd="Dt" lemma="za">Za</w>
               <S/>
               <w msd="Sommt" lemma="starš">starše</w>
               <S/>
               <w msd="Ggnspm" lemma="predstavljati">predstavljamo</w>
               <S/>
               <w msd="Dt" lemma="v">v</w>
               <S/>
               <w msd="Sometn" lemma="četrtek">četrtek</w>
               <c>,</c>
               <S/>
               <w msd="Kag" lemma="2">2</w>
               <c>.</c>
               <S/>
            </s>
            <s>
               <c>(</c>
               <c>?</c>
               <c>?</c>
               <c>?</c>
               <c>)</c>
               <c>.</c>
               <S/>
               <w msd="Slzei" lemma="maja">maja</w>
               <S/>
               <w msd="Kag" lemma="2002">2002</w>
               <c>,</c>
               <S/>
               <w msd="Dm" lemma="v">v</w>
               <S/>
               <w msd="Sozem" lemma="oddaja">oddaji</w>
               <S/>
               <w msd="Slmei" lemma="Cicido">Cicido</w>
               <c>,</c>
               <S/>
               <w msd="Somei" lemma="ciciban">Ciciban</w>
               <c>,</c>
               <S/>
               <w msd="Ppnmein" lemma="dober">dober</w>
               <S/>
               <w msd="Somei" lemma="dan">dan</w>
               <S/>
               <w msd="Dm" lemma="na">na</w>
               <S/>
               <w msd="Krv" lemma="III.">III.</w>
               <S/>
               <w msd="Somem" lemma="program">programu</w>
               <S/>
               <w msd="Somer" lemma="radio">Radia</w>
               <S/>
               <w msd="Slzei" lemma="Slovenija">Slovenija</w>
               <S/>
               <w msd="Do" lemma="med">med</w>
               <S/>
               <w msd="Kav" lemma="14.">14.</w>
               <S/>
               <w msd="Vp" lemma="in">in</w>
               <S/>
               <w msd="Kav" lemma="15.">15.</w>
               <S/>
               <w msd="Sozet" lemma="ura">uro</w>
               <c>.</c>
            </s>
         </p>
         <p xml:id="F0000322.000245">
            <s>
               <c>-</c>
               <S/>
               <w msd="Ppnzei" lemma="cici">Cici</w>
               <S/>
               <w msd="Ppnzei" lemma="vesel">Vesela</w>
               <S/>
               <w msd="Sozei" lemma="šola">šola</w>
               <S/>
               <w msd="Dm" lemma="na">Na</w>
               <S/>
               <w msd="Sosmm" lemma="kolo">kolesih</w>
            </s>
         </p>
         <p xml:id="F0000322.000255">
            <s>
               <w msd="Pdnmmi" lemma="odrasel">Odrasli</w>
               <S/>
               <w msd="Ggdspm" lemma="zmoči">zmoremo</w>
               <S/>
               <w msd="Rsn" lemma="nekaj">nekaj</w>
               <S/>
               <w msd="Ggdn" lemma="narediti">narediti</w>
               <S/>
               <w msd="Do" lemma="z">z</w>
               <S/>
               <w msd="Pdnmeo" lemma="določen">določenim</w>
               <S/>
               <w msd="Someo" lemma="namen">namenom</w>
               <S/>
               <w msd="Dt" lemma="na">na</w>
               <S/>
               <w msd="Pdnmetn" lemma="določen">določen</w>
               <S/>
               <w msd="Sometn" lemma="način">način</w>
               <c>.</c>
               <S/>
            </s>
            <s>
               <w msd="Zk-zmi" lemma="ta">Te</w>
               <S/>
               <w msd="Sozmi" lemma="sposobnost">sposobnosti</w>
               <S/>
               <w msd="Ggnstm" lemma="izhajati">izhajajo</w>
               <S/>
               <w msd="Dr" lemma="iz">iz</w>
               <S/>
               <w msd="Soser" lemma="prebujanje">prebujanja</w>
               <S/>
               <w msd="Vp" lemma="in">in</w>
               <S/>
               <w msd="Soser" lemma="zavedanje">zavedanja</w>
               <S/>
               <w msd="Ppnser" lemma="lasten">lastnega</w>
               <S/>
               <w msd="Soser" lemma="hotenje">hotenja</w>
               <S/>
               <w msd="Sozer" lemma="volja">volje</w>
               <S/>
               <w msd="Dm" lemma="v">v</w>
               <S/>
               <w msd="Ppnsem" lemma="zgodnji">zgodnjem</w>
               <S/>
               <w msd="Sosem" lemma="otroštvo">otroštvu</w>
               <c>.</c>
               <S/>
            </s>
            <s>
               <w msd="Psnzer" lemma="otrokov">Otrokove</w>
               <S/>
               <w msd="Sozmt" lemma="zahteva">zahteve</w>
               <S/>
               <w msd="Vp" lemma="in">in</w>
               <S/>
               <w msd="Sozmi" lemma="želja">želje</w>
               <S/>
               <w msd="Gp-stm-n" lemma="biti">so</w>
               <S/>
               <w msd="Rsn" lemma="zelo">zelo</w>
               <S/>
               <w msd="Ppnzmi" lemma="pomemben">pomembne</w>
               <S/>
               <w msd="Dt" lemma="za">za</w>
               <S/>
               <w msd="Zstmetem" lemma="njegov">njegov</w>
               <S/>
               <w msd="Ppnmetn" lemma="dober">dober</w>
               <S/>
               <w msd="Sometn" lemma="razvoj">razvoj</w>
               <c>.</c>
               <S/>
            </s>
            <s>
               <w msd="Dr" lemma="od">Od</w>
               <S/>
               <w msd="Zk-ser" lemma="ta">tega</w>
               <c>,</c>
               <S/>
               <w msd="Rsn" lemma="kako">kako</w>
               <S/>
               <w msd="Zp------k" lemma="se">se</w>
               <S/>
               <w msd="Ggdd-mm" lemma="odrasti">odrasli</w>
               <S/>
               <w msd="Dt" lemma="na">na</w>
               <S/>
               <w msd="Psnzer" lemma="otrokov">otrokove</w>
               <S/>
               <w msd="Kbvmmt" lemma="prvi">prve</w>
               <S/>
               <w msd="Sommt" lemma="korak">korake</w>
               <S/>
               <w msd="Dd" lemma="k">k</w>
               <S/>
               <w msd="Sozed" lemma="samostojnost">samostojnosti</w>
               <S/>
               <w msd="Ggnspm" lemma="odzivati">odzivamo</w>
               <c>,</c>
               <S/>
               <w msd="Gp-ste-n" lemma="biti">je</w>
               <S/>
               <w msd="Rsn" lemma="odvisno">odvisno</w>
               <c>,</c>
               <S/>
               <w msd="Rsn" lemma="kako">kako</w>
               <S/>
               <w msd="Ppnmmi" lemma="vztrajen">vztrajni</w>
               <S/>
               <w msd="Gp-ptm-n" lemma="biti">bodo</w>
               <S/>
               <w msd="Sommi" lemma="otrok">otroci</w>
               <S/>
               <w msd="Vp" lemma="in">in</w>
               <S/>
               <w msd="Rsr" lemma="kasno">kasneje</w>
               <S/>
               <w msd="L" lemma="tudi">tudi</w>
               <S/>
               <w msd="Sommi" lemma="mladostnik">mladostniki</w>
               <S/>
               <w msd="Dm" lemma="pri">pri</w>
               <S/>
               <w msd="Sosem" lemma="uveljavljanje">uveljavljanju</w>
               <S/>
               <w msd="Dm" lemma="v">v</w>
               <S/>
               <w msd="Sosem" lemma="okolje">okolju</w>
               <S/>
               <w msd="Vp" lemma="in">in</w>
               <S/>
               <w msd="Dm" lemma="pri">pri</w>
               <S/>
               <w msd="Sosem" lemma="izpolnjevanje">izpolnjevanju</w>
               <S/>
               <w msd="Zp-zmr" lemma="svoj">svojih</w>
               <S/>
               <w msd="Sozmr" lemma="obveznost">obveznosti</w>
               <c>.</c>
               <S/>
            </s>
         </p>
         <p xml:id="F0000322.000271">
            <s>
               <w msd="Ggnvpm" lemma="dopuščati">Dopuščajmo</w>
               <c>,</c>
               <S/>
               <w msd="Vd" lemma="da">da</w>
               <S/>
               <w msd="Somei" lemma="otrok">otrok</w>
               <S/>
               <w msd="Ggnste" lemma="uveljavljati">uveljavlja</w>
               <S/>
               <w msd="Zp-zet" lemma="svoj">svojo</w>
               <S/>
               <w msd="Sozet" lemma="volja">voljo</w>
               <c>.</c>
               <S/>
            </s>
            <s>
               <w msd="Vp" lemma="saj">Saj</w>
               <S/>
               <w msd="Gp-stm-n" lemma="biti">so</w>
               <S/>
               <w msd="Zk-sei" lemma="ta">to</w>
               <S/>
               <w msd="Zstmmiem" lemma="njegov">njegovi</w>
               <S/>
               <w msd="Kbvmmi" lemma="prvi">prvi</w>
               <S/>
               <w msd="Sommi" lemma="korak">koraki</w>
               <S/>
               <w msd="Dm" lemma="na">na</w>
               <S/>
               <w msd="Sozem" lemma="pot">poti</w>
               <S/>
               <w msd="Dt" lemma="v">v</w>
               <S/>
               <w msd="Ppnset" lemma="samostojen">samostojno</w>
               <S/>
               <w msd="Soset" lemma="življenje">življenje</w>
               <c>,</c>
               <S/>
               <w msd="Vd" lemma="ko">ko</w>
               <S/>
               <w msd="Gp-pte-n" lemma="biti">bo</w>
               <S/>
               <w msd="Ggnd-em" lemma="znati">znal</w>
               <S/>
               <w msd="Ggdn" lemma="poskrbeti">poskrbeti</w>
               <S/>
               <w msd="Dt" lemma="za">za</w>
               <S/>
               <w msd="Zp-zet" lemma="svoj">svojo</w>
               <S/>
               <w msd="Ppnzet" lemma="lasten">lastno</w>
               <S/>
               <w msd="Sozet" lemma="sreča">srečo</w>
               <S/>
               <w msd="Dm" lemma="v">v</w>
               <S/>
               <w msd="Sosem" lemma="sodelovanje">sodelovanju</w>
               <S/>
               <w msd="Do" lemma="z">z</w>
               <S/>
               <w msd="Kbzmmo" lemma="drug">drugimi</w>
               <c>.</c>
            </s>
         </p>
         <p xml:id="F0000322.000277">
            <s>
               <w msd="Somei" lemma="teleskop">Teleskop</w>
               <S/>
               <w msd="Rsn" lemma="lahko">lahko</w>
               <S/>
               <w msd="Ggdspm" lemma="obrniti">obrnemo</w>
               <S/>
               <w msd="Rsn" lemma="naokoli">naokoli</w>
               <S/>
               <w msd="Vp" lemma="in">in</w>
               <S/>
               <w msd="Zp------k" lemma="se">se</w>
               <S/>
               <w msd="Dt" lemma="na">na</w>
               <S/>
               <w msd="Soset" lemma="življenje">življenje</w>
               <S/>
               <w msd="Ggdspm" lemma="ozreti">ozremo</w>
               <S/>
               <w msd="Dr" lemma="z">z</w>
               <S/>
               <w msd="Kbzzer" lemma="drug">druge</w>
               <S/>
               <w msd="Sozer" lemma="stran">strani</w>
               <c>.</c>
               <S/>
            </s>
            <s>
               <w msd="L" lemma="tudi">Tudi</w>
               <S/>
               <w msd="Sozmi" lemma="celica">celice</w>
               <c>,</c>
               <S/>
               <w msd="Ppszer" lemma="majhen">najmanjše</w>
               <S/>
               <w msd="Sozer" lemma="podenota">podenote</w>
               <c>,</c>
               <S/>
               <w msd="Vd" lemma="ki">ki</w>
               <S/>
               <w msd="Ggnstm" lemma="sestavljati">sestavljajo</w>
               <S/>
               <w msd="Ppnsmi" lemma="živ">živa</w>
               <S/>
               <w msd="Sosmi" lemma="bitje">bitja</w>
               <c>,</c>
               <S/>
               <w msd="Gp-stm-n" lemma="biti">so</w>
               <S/>
               <w msd="Sozei" lemma="zemlja">Zemlja</w>
               <S/>
               <w msd="Dm" lemma="v">v</w>
               <S/>
               <w msd="Ppnmem" lemma="mali">malem</w>
               <c>.</c>
               <S/>
            </s>
            <s>
               <w msd="Ppnzei" lemma="povprečen">Povprečna</w>
               <S/>
               <w msd="Sozei" lemma="celica">celica</w>
               <S/>
               <w msd="Ggnste" lemma="vsebovati">vsebuje</w>
               <S/>
               <w msd="Dr" lemma="do">do</w>
               <S/>
               <w msd="Kag" lemma="3">3</w>
               <c>/</c>
               <w msd="Kag" lemma="4">4</w>
               <S/>
               <w msd="Sozer" lemma="voda">vode</w>
               <S/>
               <w msd="Vp" lemma="in">in</w>
               <S/>
               <w msd="Gp-ste-n" lemma="biti">je</w>
               <S/>
               <w msd="Rsn" lemma="zato">zato</w>
               <S/>
               <w msd="Ppnmeid" lemma="pravi">pravi</w>
               <S/>
               <w msd="Ppnmetd" lemma="miniaturen">miniaturni</w>
               <S/>
               <w msd="Ppnmeid" lemma="moder">modri</w>
               <S/>
               <w msd="Somei" lemma="planet">planet</w>
               <c>.</c>
               <S/>
            </s>
            <s>
               <w msd="Sozei" lemma="voda">Voda</w>
               <S/>
               <w msd="Gp-ste-n" lemma="biti">je</w>
               <S/>
               <w msd="Rsn" lemma="torej">torej</w>
               <S/>
               <w msd="Ppnzei" lemma="prisoten">prisotna</w>
               <S/>
               <w msd="Rsn" lemma="tako">tako</w>
               <S/>
               <w msd="Dm" lemma="v">v</w>
               <S/>
               <w msd="Ppnzmr" lemma="mikroskopski">mikroskopskih</w>
               <S/>
               <w msd="Vd" lemma="kot">kot</w>
               <S/>
               <w msd="L" lemma="tudi">tudi</w>
               <S/>
               <w msd="Dm" lemma="v">v</w>
               <S/>
               <w msd="Ppnzmm" lemma="globalen">globalnih</w>
               <S/>
               <w msd="Sozmm" lemma="rasežnost">rasežnostih</w>
               <c>.</c>
               <S/>
            </s>
         </p>
      </body>
   </text>
</TEI>