<?xml version="1.0" encoding="UTF-8"?>
<TEI xmlns="http://www.tei-c.org/ns/1.0" xml:id="F0000814" xml:lang="sl">
   <teiHeader>
      <fileDesc>
         <titleStmt>
            <title>ccKRES: Nedeljski dnevnik (2004-09-12)</title>
            <funder>Operacijo delno financira Evropska unija iz Evropskega socialnega sklada ter Ministrstvo za šolstvo in šport. Operacija se izvaja v okviru Operativnega programa razvoja človeških virov za obdobje 2007-2013, razvojne prioritete: razvoj človeških virov in vseživljenjskega učenja; prednostne usmeritve: izboljšanje kakovosti in učinkovitosti sistemov izobraževanja in usposabljanja 2007-2013.</funder>
         </titleStmt>
         <editionStmt>
            <edition>1.0</edition>
         </editionStmt>
         <extent>1150 besed</extent>
         <publicationStmt>
            <idno>A0000831</idno>
            <availability status="free">
               <p xml:lang="sl">Avtorske pravice za to izdajo ureja licenca <ref target="http://creativecommons.org/licenses/by-nc/2.5/si/">Creative Commons Priznanje avtorstva-Nekomercialno 2.5 Slovenija</ref>.</p>
               <p xml:lang="en">This work is licenced under the <ref target="http://creativecommons.org/licenses/by-nc/2.5/si/deed.en">Creative Commons Attribution-Noncommercial 2.5 Slovenia</ref>.</p>
            </availability>
            <date>2012-05-06</date>
         </publicationStmt>
         <sourceDesc>
            <bibl>
               <title>Nedeljski dnevnik</title>
               <author n="???">neznani novinar</author>
               <date>2004-09-12</date>
               <publisher n="Dnevnik">Dnevnik</publisher>
               <note type="sourceLang">sl</note>
            </bibl>
         </sourceDesc>
      </fileDesc>
      <encodingDesc>
         <projectDesc>
            <p xml:lang="sl">Glej <ref target="http://www.korpus-kres.net/">www.korpus-kres.net</ref> oz. <ref target="http://nl.ijs.si/ssj/">nl.ijs.si/ssj</ref>.</p>
            <p xml:lang="en">See <ref target="http://www.korpus-kres.net/">www.korpus-kres.net</ref> or <ref target="http://nl.ijs.si/ssj/">nl.ijs.si/ssj</ref>.</p>
         </projectDesc>
         <samplingDecl>
            <p xml:lang="sl">
            Besedila in odstavki v korpusu KRES so bili vzorčeni iz
            Gigafide tako, da smo dobili 100-milijonski referenčni
            korpus, v katerem so besedila uravnotežena po vnaprej
            določenih taksonomskih deležih in po podatkih o branosti
            vira (časopisi, revije, novičarski portali).  Korpus
            ccKRES nato, z namenom, da je lahko dostopen po licenci CC,
            vsebuje 10 % naključno vzorčenih odstavkov besedil iz
            korpusa KRES, torej 10 milijonov besed.
	    Več o sestavi korpusa lahko preberete na 
            <ref target="http://www.korpus-kres.net/">www.korpus-kres.net</ref> oz.
            <ref target="http://nl.ijs.si/ssj/">nl.ijs.si/ssj</ref>.
	  </p>
            <p xml:lang="en">
            Texts and paragraphs in the KRES corpus have been sampled from the 
	    Gigafida corpus. The result of the sampling is a 100-million-word 
	    reference corpus. The texts in KRES are balanced according to the 
	    predetermined categories, with particular consideration being paid to 
	    the data on the popularity of the source (newspapers, magazines, 
	    Internet news sites). 
	    To enable free (CC) distribution of the corpus, the ccKRES corpus contains 
	    10% of randomly sampled paragraphs from KRES, i.e. contains 10 million words.
	    For more information about the contents of the corpus, 
	    see <ref target="http://www.korpus-kres.net/">www.korpus-kres.net</ref>
	    and <ref target="http://nl.ijs.si/ssj/">nl.ijs.si/ssj</ref>.
	  </p>
         </samplingDecl>
         <tagsDecl>
            <namespace name="http://www.tei-c.org/ns/1.0">
               <tagUsage gi="p" occurs="28"/>
               <tagUsage gi="s" occurs="75"/>
               <tagUsage gi="S" occurs="1124"/>
               <tagUsage gi="w" occurs="1150"/>
               <tagUsage gi="c" occurs="220"/>
            </namespace>
         </tagsDecl>
         <classDecl>
            <taxonomy xml:id="SSJ">
               <category xml:id="SSJ.T">
                  <catDesc>tisk</catDesc>
                  <category xml:id="SSJ.T.K">
                     <catDesc>knjižno</catDesc>
                     <category xml:id="SSJ.T.K.L">
                        <catDesc>leposlovno</catDesc>
                     </category>
                     <category xml:id="SSJ.T.K.S">
                        <catDesc>strokovno</catDesc>
                     </category>
                  </category>
                  <category xml:id="SSJ.T.P">
                     <catDesc>periodično</catDesc>
                     <category xml:id="SSJ.T.P.C">
                        <catDesc>časopis</catDesc>
                     </category>
                     <category xml:id="SSJ.T.P.R">
                        <catDesc>revija</catDesc>
                     </category>
                  </category>
                  <category xml:id="SSJ.T.D">
                     <catDesc>drugo</catDesc>
                  </category>
               </category>
               <category xml:id="SSJ.I">
                  <catDesc>internet</catDesc>
               </category>
            </taxonomy>
         </classDecl>
      </encodingDesc>
      <profileDesc>
         <textClass>
            <catRef target="#SSJ.T.P.C"/>
         </textClass>
      </profileDesc>
   </teiHeader>
   <text xml:id="F0000814." xml:lang="sl">
      <body>
         <p xml:id="F0000814.000017">
            <s>
               <w msd="O" lemma="M.">M.</w>
               <S/>
               <w msd="Slmei" lemma="ZUPANČIČ">ZUPANČIČ</w>
            </s>
         </p>
         <p xml:id="F0000814.000045">
            <s>
               <w msd="O" lemma="M.">M.</w>
               <S/>
               <w msd="Slmei" lemma="ČURK">ČURK</w>
            </s>
         </p>
         <p xml:id="F0000814.000061">
            <s>
               <w msd="Rsn" lemma="torej">Torej</w>
               <c>,</c>
               <S/>
               <w msd="Pdnmmi" lemma="spoštovan">spoštovani</w>
               <S/>
               <w msd="Ppnmmi" lemma="piškoten">piškotni</w>
               <S/>
               <w msd="Sommi" lemma="ustvarjalec">ustvarjalci</w>
               <c>,</c>
               <S/>
               <w msd="Ggnvdm" lemma="paziti">pazite</w>
               <S/>
               <w msd="L" lemma="tudi">tudi</w>
               <S/>
               <w msd="Dt" lemma="na">na</w>
               <S/>
               <w msd="Sometn" lemma="videz">videz</w>
               <S/>
               <w msd="Zp-mmr" lemma="svoj">svojih</w>
               <S/>
               <w msd="Sommr" lemma="izdelek">izdelkov</w>
               <c>.</c>
               <S/>
            </s>
            <s>
               <w msd="Somer" lemma="čas">Časa</w>
               <S/>
               <w msd="Gp-ste-n" lemma="biti">je</w>
               <S/>
               <w msd="L" lemma="še">še</w>
               <S/>
               <w msd="Rsn" lemma="kar">kar</w>
               <S/>
               <w msd="Rsn" lemma="dovolj">dovolj</w>
               <c>,</c>
               <S/>
               <w msd="Kbvmet" lemma="prvi">prvi</w>
               <S/>
               <w msd="Ppnmetd" lemma="piškoten">piškotni</w>
               <S/>
               <w msd="Slmei" lemma="grand">grand</w>
               <S/>
               <w msd="Somei" lemma="prix">prix</w>
               <S/>
               <w msd="Kag" lemma="50">50</w>
               <c>-</c>
               <w msd="Rsn" lemma="letja">letja</w>
               <S/>
               <w msd="Gp-pte-n" lemma="biti">bo</w>
               <S/>
               <w msd="Dt" lemma="v">v</w>
               <S/>
               <w msd="Sometn" lemma="petek">petek</w>
               <c>,</c>
               <S/>
               <w msd="Kav" lemma="24.">24.</w>
               <S/>
               <w msd="Somer" lemma="september">septembra</w>
               <c>,</c>
               <S/>
               <w msd="Vd" lemma="ko">ko</w>
               <S/>
               <w msd="Gp-ptm-n" lemma="biti">bodo</w>
               <S/>
               <w msd="Dm" lemma="v">v</w>
               <S/>
               <w msd="Slmetn" lemma="BTC">BTC</w>
               <S/>
               <w msd="Rsn" lemma="slovesno">slovesno</w>
               <S/>
               <w msd="Ggdd-mm" lemma="odpreti">odprli</w>
               <S/>
               <w msd="Pdnzet" lemma="preurejen">preurejeno</w>
               <S/>
               <w msd="Sozet" lemma="tržnica">tržnico</w>
               <c>.</c>
               <S/>
            </s>
            <s>
               <w msd="Slmei" lemma="BTC">BTC</w>
               <S/>
               <w msd="Gp-pte-n" lemma="biti">bo</w>
               <S/>
               <w msd="Ggdd-em" lemma="nagraditi">nagradil</w>
               <S/>
               <w msd="L" lemma="prav">prav</w>
               <S/>
               <w msd="Zc-mmt" lemma="ves">vse</w>
               <S/>
               <w msd="Sozmt" lemma="bralka">bralke</w>
               <S/>
               <w msd="Vp" lemma="ter">ter</w>
               <S/>
               <w msd="Sommt" lemma="bralec">bralce</w>
               <S/>
               <w msd="Ppnmer" lemma="nedeljski">Nedeljskega</w>
               <c>,</c>
               <S/>
               <w msd="Vd" lemma="ki">ki</w>
               <S/>
               <w msd="Gp-ptm-n" lemma="biti">bodo</w>
               <S/>
               <w msd="Dr" lemma="do">do</w>
               <S/>
               <w msd="Kav" lemma="14.">14.</w>
               <S/>
               <w msd="Sozer" lemma="ura">ure</w>
               <S/>
               <w msd="Dt" lemma="v">v</w>
               <S/>
               <w msd="Pdnmeid" lemma="pokrit">pokriti</w>
               <S/>
               <w msd="Sometn" lemma="del">del</w>
               <S/>
               <w msd="Sozer" lemma="tržnica">tržnice</w>
               <S/>
               <w msd="Dt" lemma="v">v</w>
               <S/>
               <w msd="Slmetn" lemma="BTC">BTC</w>
               <S/>
               <w msd="Ggdd-mm" lemma="prinesti">prinesli</w>
               <S/>
               <w msd="Rss" lemma="najmanj">najmanj</w>
               <S/>
               <w msd="Kbg-mt" lemma="pet">pet</w>
               <S/>
               <w msd="Zp-smr" lemma="svoj">svojih</w>
               <S/>
               <w msd="Rsn" lemma="doma">doma</w>
               <S/>
               <w msd="Pdnmmr" lemma="spečen">spečenih</w>
               <S/>
               <w msd="Vp" lemma="in">in</w>
               <S/>
               <w msd="Pdnmmr" lemma="ustvarjen">ustvarjenih</w>
               <S/>
               <w msd="Sommr" lemma="piškot">piškotov</w>
               <c>.</c>
            </s>
         </p>
         <p xml:id="F0000814.000120">
            <s>
               <w msd="Dm" lemma="v">V</w>
               <S/>
               <w msd="Ppnzem" lemma="črn">Črni</w>
               <S/>
               <w msd="Sozem" lemma="gora">gori</w>
               <S/>
               <w msd="Gp-stm-n" lemma="biti">so</w>
               <S/>
               <w msd="Sozet" lemma="ladja">ladjo</w>
               <S/>
               <w msd="Do" lemma="pred">pred</w>
               <S/>
               <w msd="Kbgsmo" lemma="štirje">štirimi</w>
               <S/>
               <w msd="Sosmo" lemma="leto">leti</w>
               <S/>
               <w msd="Ggdd-mm" lemma="prodati">prodali</w>
               <S/>
               <w msd="Dt" lemma="za">za</w>
               <S/>
               <w msd="Kag" lemma="750000">750000</w>
               <S/>
               <w msd="Sommr" lemma="dolar">dolarjev</w>
               <c>.</c>
               <S/>
            </s>
            <s>
               <w msd="Somei" lemma="denar">Denar</w>
               <S/>
               <w msd="Gp-ste-n" lemma="biti">je</w>
               <S/>
               <w msd="Ggdd-ez" lemma="dobiti">dobila</w>
               <S/>
               <w msd="Ppnzei" lemma="črnogorski">črnogorska</w>
               <S/>
               <w msd="Sozei" lemma="vlada">vlada</w>
               <c>,</c>
               <S/>
               <w msd="Vd" lemma="ki">ki</w>
               <S/>
               <w msd="Gp-ste-n" lemma="biti">je</w>
               <S/>
               <w msd="Gp-d-ez" lemma="biti">bila</w>
               <S/>
               <w msd="Dm" lemma="po">po</w>
               <S/>
               <w msd="Somem" lemma="razpad">razpadu</w>
               <S/>
               <w msd="Ppnzer" lemma="nekdanji">nekdanje</w>
               <S/>
               <w msd="Slzer" lemma="Jugoslavija">Jugoslavije</w>
               <S/>
               <w msd="Sozei" lemma="lastnica">lastnica</w>
               <S/>
               <w msd="Somer" lemma="galeb">Galeba</w>
               <c>,</c>
               <S/>
               <w msd="Ggdd-em" lemma="kupiti">kupil</w>
               <S/>
               <w msd="Vp" lemma="pa">pa</w>
               <S/>
               <w msd="Zotzet--k" lemma="on">jo</w>
               <S/>
               <w msd="Gp-ste-n" lemma="biti">je</w>
               <S/>
               <w msd="Ppnmeid" lemma="grški">grški</w>
               <S/>
               <w msd="Somei" lemma="ladjar">ladjar</w>
               <S/>
               <w msd="Slmei" lemma="John">John</w>
               <S/>
               <w msd="Slmei" lemma="Paul">Paul</w>
               <S/>
               <w msd="Slmei" lemma="Papanicolau">Papanicolau</w>
               <c>.</c>
            </s>
         </p>
         <p xml:id="F0000814.000121">
            <s>
               <w msd="Dr" lemma="z">S</w>
               <S/>
               <w msd="Somer" lemma="krov">krova</w>
               <S/>
               <w msd="Gp-stm-n" lemma="biti">so</w>
               <S/>
               <w msd="Rsn" lemma="nedavno">nedavno</w>
               <S/>
               <w msd="Ggdd-mm" lemma="umakniti">umaknili</w>
               <S/>
               <w msd="L" lemma="še">še</w>
               <S/>
               <w msd="Rsn" lemma="nekaj">nekaj</w>
               <S/>
               <w msd="Ggdd-mz" lemma="preostati">preostale</w>
               <S/>
               <w msd="Sozer" lemma="lastnina">lastnine</w>
               <S/>
               <w msd="Ppnmer" lemma="nekdanji">nekdanjega</w>
               <S/>
               <w msd="Ppnmer" lemma="jugoslovanski">jugoslovanskega</w>
               <S/>
               <w msd="Somer" lemma="predsednik">predsednika</w>
               <S/>
               <w msd="Vp" lemma="in">in</w>
               <S/>
               <w msd="Zstzerem" lemma="njegov">njegove</w>
               <S/>
               <w msd="Sozer" lemma="soproga">soproge</w>
               <c>,</c>
               <S/>
               <w msd="Rsn" lemma="nato">nato</w>
               <S/>
               <w msd="Vp" lemma="pa">pa</w>
               <S/>
               <w msd="Gp-stm-n" lemma="biti">so</w>
               <S/>
               <w msd="Dm" lemma="na">na</w>
               <S/>
               <w msd="Zotzem" lemma="on">njej</w>
               <S/>
               <w msd="Ggdd-mm" lemma="opraviti">opravili</w>
               <S/>
               <w msd="L" lemma="le">le</w>
               <S/>
               <w msd="Rss" lemma="najbolj">najbolj</w>
               <S/>
               <w msd="Ppnsmt" lemma="nujen">nujna</w>
               <S/>
               <w msd="Sosmt" lemma="popravilo">popravila</w>
               <c>.</c>
               <S/>
            </s>
            <s>
               <w msd="Dm" lemma="v">V</w>
               <S/>
               <w msd="Sozem" lemma="ladjedelnica">ladjedelnici</w>
               <S/>
               <w msd="Slmei" lemma="Viktor">Viktor</w>
               <S/>
               <w msd="Slmei" lemma="Lenac">Lenac</w>
               <S/>
               <w msd="Dm" lemma="na">na</w>
               <S/>
               <w msd="Sozem" lemma="reka">Reki</w>
               <S/>
               <w msd="Dr" lemma="od">od</w>
               <S/>
               <w msd="Rsn" lemma="takrat">takrat</w>
               <S/>
               <w msd="Ggnstm" lemma="čakati">čakajo</w>
               <S/>
               <w msd="L" lemma="tudi">tudi</w>
               <S/>
               <w msd="Dt" lemma="na">na</w>
               <S/>
               <w msd="Soset" lemma="plačilo">plačilo</w>
               <S/>
               <w msd="Vp" lemma="in">in</w>
               <S/>
               <w msd="Sosmi" lemma="navodilo">navodila</w>
               <c>,</c>
               <S/>
               <w msd="Zv-set" lemma="kaj">kaj</w>
               <S/>
               <w msd="Ggdn" lemma="storiti">storiti</w>
               <S/>
               <w msd="Do" lemma="z">z</w>
               <S/>
               <w msd="Sozet" lemma="ladja">ladjo</w>
               <c>.</c>
               <S/>
            </s>
            <s>
               <w msd="Vd" lemma="čeprav">Čeprav</w>
               <S/>
               <w msd="L" lemma="naj">naj</w>
               <S/>
               <w msd="Gp-g" lemma="biti">bi</w>
               <S/>
               <w msd="Gp-d-mm" lemma="biti">bili</w>
               <S/>
               <w msd="Sommi" lemma="načrt">načrti</w>
               <S/>
               <w msd="L" lemma="že">že</w>
               <S/>
               <w msd="Pdnmmi" lemma="izdelan">izdelani</w>
               <c>,</c>
               <S/>
               <w msd="Zp------k" lemma="se">se</w>
               <S/>
               <w msd="Ppnmeid" lemma="grški">grški</w>
               <S/>
               <w msd="Somei" lemma="podjetnik">podjetnik</w>
               <S/>
               <w msd="Sozer" lemma="obnova">obnove</w>
               <S/>
               <w msd="Gp-ste-d" lemma="biti">ni</w>
               <S/>
               <w msd="Ggdd-em" lemma="lotiti">lotil</w>
               <c>,</c>
               <S/>
               <w msd="Ggdd-es" lemma="nabrati">nabralo</w>
               <S/>
               <w msd="Vp" lemma="pa">pa</w>
               <S/>
               <w msd="Zp------k" lemma="se">se</w>
               <S/>
               <w msd="Gp-ste-n" lemma="biti">je</w>
               <S/>
               <w msd="L" lemma="že">že</w>
               <S/>
               <w msd="Dt" lemma="za">za</w>
               <S/>
               <w msd="Rsr" lemma="več">več</w>
               <S/>
               <w msd="Vd" lemma="kot">kot</w>
               <S/>
               <w msd="Kag" lemma="500000">500000</w>
               <S/>
               <w msd="Sommr" lemma="dolar">dolarjev</w>
               <S/>
               <w msd="Ppnzei" lemma="dolg">dolga</w>
               <c>,</c>
               <S/>
               <w msd="Vp" lemma="saj">saj</w>
               <S/>
               <w msd="Gp-ste-n" lemma="biti">je</w>
               <S/>
               <w msd="Rsn" lemma="potrebno">potrebno</w>
               <S/>
               <w msd="Ggdn" lemma="plačati">plačati</w>
               <S/>
               <w msd="L" lemma="tudi">tudi</w>
               <S/>
               <w msd="Sometn" lemma="privez">privez</w>
               <c>.</c>
               <S/>
            </s>
            <s>
               <w msd="Dm" lemma="na">Na</w>
               <S/>
               <w msd="Sosem" lemma="sodišče">sodišču</w>
               <S/>
               <w msd="Gp-ptm-n" lemma="biti">bodo</w>
               <S/>
               <w msd="Sommi" lemma="lastnik">lastniki</w>
               <S/>
               <w msd="Sozer" lemma="ladjedelnica">ladjedelnice</w>
               <S/>
               <w msd="Zk-met" lemma="ta">ta</w>
               <S/>
               <w msd="Sometn" lemma="dolg">dolg</w>
               <S/>
               <w msd="Ggdd-mm" lemma="poskusiti">poskusili</w>
               <S/>
               <w msd="Ggdn" lemma="izterjati">izterjati</w>
               <c>.</c>
            </s>
         </p>
         <p xml:id="F0000814.000127">
            <s>
               <w msd="Sozei" lemma="zgodovina">Zgodovina</w>
               <S/>
               <w msd="Sozer" lemma="ladja">ladje</w>
               <S/>
               <w msd="Gp-ste-n" lemma="biti">je</w>
               <S/>
               <w msd="Rsn" lemma="zelo">zelo</w>
               <S/>
               <w msd="Ppnzei" lemma="zanimiv">zanimiva</w>
               <c>.</c>
               <S/>
            </s>
            <s>
               <w msd="Do" lemma="med">Med</w>
               <S/>
               <w msd="Kbzseo" lemma="drug">drugim</w>
               <S/>
               <w msd="Zp------k" lemma="se">se</w>
               <S/>
               <w msd="Gp-ste-n" lemma="biti">je</w>
               <S/>
               <w msd="Somei" lemma="predsednik">predsednik</w>
               <S/>
               <w msd="Slmei" lemma="Tito">Tito</w>
               <S/>
               <w msd="Do" lemma="z">z</w>
               <S/>
               <w msd="Zotzeo" lemma="on">njo</w>
               <S/>
               <w msd="Ggvd-em" lemma="podati">podal</w>
               <S/>
               <w msd="Dt" lemma="na">na</w>
               <S/>
               <w msd="Sozet" lemma="pot">pot</w>
               <S/>
               <w msd="Somer" lemma="mir">miru</w>
               <c>,</c>
               <S/>
               <w msd="Vd" lemma="ko">ko</w>
               <S/>
               <w msd="Gp-ste-n" lemma="biti">je</w>
               <S/>
               <w msd="Ggdd-em" lemma="obiskati">obiskal</w>
               <S/>
               <w msd="Slmei" lemma="Egipt">Egipt</w>
               <c>,</c>
               <S/>
               <w msd="Somei" lemma="cejlon">Cejlon</w>
               <c>,</c>
               <S/>
               <w msd="Slzet" lemma="Etiopija">Etiopijo</w>
               <c>,</c>
               <S/>
               <w msd="Slmei" lemma="Sudan">Sudan</w>
               <S/>
               <w msd="Vp" lemma="in">in</w>
               <S/>
               <w msd="L" lemma="še">še</w>
               <S/>
               <w msd="Rsn" lemma="nekaj">nekaj</w>
               <S/>
               <w msd="Kbzzmr" lemma="drug">drugih</w>
               <S/>
               <w msd="Sozmr" lemma="država">držav</w>
               <c>.</c>
               <S/>
            </s>
            <s>
               <w msd="Sozei" lemma="pot">Pot</w>
               <S/>
               <w msd="Gp-ste-n" lemma="biti">je</w>
               <S/>
               <w msd="Ggnd-ez" lemma="trajati">trajala</w>
               <S/>
               <w msd="Kag" lemma="102">102</w>
               <S/>
               <w msd="Somer" lemma="dan">dneva</w>
               <c>.</c>
               <S/>
            </s>
            <s>
               <w msd="Soser" lemma="leto">Leta</w>
               <S/>
               <w msd="Kag" lemma="1953">1953</w>
               <S/>
               <w msd="Gp-ste-n" lemma="biti">je</w>
               <S/>
               <w msd="Slmei" lemma="Tito">Tito</w>
               <S/>
               <w msd="Do" lemma="z">z</w>
               <S/>
               <w msd="Zotzeo" lemma="on">njo</w>
               <S/>
               <w msd="Ggnd-em" lemma="pluti">plul</w>
               <S/>
               <w msd="Rsn" lemma="prvič">prvič</w>
               <c>,</c>
               <S/>
               <w msd="Vp" lemma="in">in</w>
               <S/>
               <w msd="L" lemma="sicer">sicer</w>
               <S/>
               <w msd="Dt" lemma="na">na</w>
               <S/>
               <w msd="Ppnset" lemma="skriven">skrivno</w>
               <S/>
               <w msd="Soset" lemma="potovanje">potovanje</w>
               <S/>
               <w msd="Dt" lemma="v">v</w>
               <S/>
               <w msd="Slmetn" lemma="London">London</w>
               <c>,</c>
               <S/>
               <w msd="Vd" lemma="kamor">kamor</w>
               <S/>
               <w msd="Zotmet--k" lemma="on">ga</w>
               <S/>
               <w msd="Gp-ste-n" lemma="biti">je</w>
               <S/>
               <w msd="Rsn" lemma="takrat">takrat</w>
               <S/>
               <w msd="Ggdd-em" lemma="povabiti">povabil</w>
               <S/>
               <w msd="Ppnmeid" lemma="angleški">angleški</w>
               <S/>
               <w msd="Somei" lemma="premier">premier</w>
               <S/>
               <w msd="Slmei" lemma="Winston">Winston</w>
               <S/>
               <w msd="Slmei" lemma="Churchill">Churchill</w>
               <c>.</c>
               <S/>
            </s>
            <s>
               <w msd="Vd" lemma="ker">Ker</w>
               <S/>
               <w msd="Gp-ste-n" lemma="biti">je</w>
               <S/>
               <w msd="Gp-d-es" lemma="biti">bilo</w>
               <S/>
               <w msd="Zk-sei" lemma="ta">to</w>
               <S/>
               <w msd="Sosei" lemma="obdobje">obdobje</w>
               <S/>
               <w msd="Ppnzer" lemma="visok">visoke</w>
               <S/>
               <w msd="Sozer" lemma="napetost">napetosti</w>
               <S/>
               <w msd="Do" lemma="med">med</w>
               <S/>
               <w msd="Ppnzeo" lemma="sovjetski">Sovjetsko</w>
               <S/>
               <w msd="Sozeo" lemma="zveza">zvezo</w>
               <S/>
               <w msd="Vp" lemma="in">in</w>
               <S/>
               <w msd="Slzeo" lemma="Jugoslavija">Jugoslavijo</w>
               <c>,</c>
               <S/>
               <w msd="Gp-stm-n" lemma="biti">so</w>
               <S/>
               <w msd="Zp------k" lemma="se">se</w>
               <S/>
               <w msd="Ggnd-mm" lemma="bati">bali</w>
               <S/>
               <w msd="Ppnmer" lemma="morebiten">morebitnega</w>
               <S/>
               <w msd="Somer" lemma="napad">napada</w>
               <S/>
               <w msd="Ppnzer" lemma="sovjetski">sovjetske</w>
               <S/>
               <w msd="Sozer" lemma="podmornica">podmornice</w>
               <c>,</c>
               <S/>
               <w msd="Vp" lemma="vendar">vendar</w>
               <S/>
               <w msd="Gp-ste-n" lemma="biti">je</w>
               <S/>
               <w msd="Sozei" lemma="pot">pot</w>
               <S/>
               <w msd="Dd" lemma="kljub">kljub</w>
               <S/>
               <w msd="Zk-sed" lemma="ta">temu</w>
               <S/>
               <w msd="Ggdd-ez" lemma="miniti">minila</w>
               <S/>
               <w msd="Dr" lemma="brez">brez</w>
               <S/>
               <w msd="Pppmmr" lemma="velik">večjih</w>
               <S/>
               <w msd="Sommr" lemma="incident">incidentov</w>
               <c>.</c>
            </s>
         </p>
         <p xml:id="F0000814.000144">
            <s>
               <w msd="Ppnmer" lemma="naslednji">Naslednjega</w>
               <S/>
               <w msd="Somer" lemma="dan">dne</w>
               <S/>
               <w msd="Gp-ste-n" lemma="biti">je</w>
               <S/>
               <w msd="Slmei" lemma="Slovenec">Slovenec</w>
               <S/>
               <w msd="Dt" lemma="čez">čez</w>
               <S/>
               <w msd="Zc-zet" lemma="ves">vso</w>
               <S/>
               <w msd="Sozet" lemma="stran">stran</w>
               <S/>
               <w msd="Ggdd-em" lemma="objaviti">objavil</w>
               <c>:</c>
               <S/>
               <c>"</c>
               <w msd="Ggnd-ez" lemma="živeti">Živela</w>
               <S/>
               <w msd="Ppszei" lemma="veličasten">najveličastnejša</w>
               <S/>
               <w msd="Sozei" lemma="zmaga">zmaga</w>
               <c>!</c>
               <c>"</c>
            </s>
         </p>
         <p xml:id="F0000814.000164">
            <s>
               <w msd="Ggdvde" lemma="vzeti">Vzemi</w>
               <S/>
               <w msd="Kbzmer" lemma="en">enega</w>
               <S/>
               <w msd="Ppnmer" lemma="vojaški">vojaškega</w>
               <S/>
               <w msd="Somer" lemma="kuhar">kuharja</w>
               <S/>
               <w msd="Do" lemma="z">z</w>
               <S/>
               <w msd="Ppnmeo" lemma="vojaški">vojaškim</w>
               <S/>
               <w msd="Someo" lemma="kotel">kotlom</w>
               <S/>
               <w msd="Rsn" lemma="vred">vred</w>
               <c>.</c>
               <S/>
            </s>
            <s>
               <w msd="Dt" lemma="na">Na</w>
               <S/>
               <w msd="Slzet" lemma="4l">4l</w>
               <S/>
               <w msd="Soser" lemma="olje">olja</w>
               <S/>
               <w msd="Ggdste" lemma="prepražiti">prepraži</w>
               <S/>
               <w msd="Rsn" lemma="približno">približno</w>
               <S/>
               <w msd="Kag" lemma="40kg">40kg</w>
               <S/>
               <w msd="Sozer" lemma="čebula">čebule</w>
               <c>,</c>
               <S/>
               <w msd="Ggdvde" lemma="dodati">dodaj</w>
               <S/>
               <w msd="Sozmt" lemma="začimba">začimbe</w>
               <S/>
               <w msd="Vp" lemma="in">in</w>
               <S/>
               <w msd="Ppnzet" lemma="svež">svežo</w>
               <S/>
               <w msd="Sozet" lemma="zelenjava">zelenjavo</w>
               <S/>
               <w msd="Vp" lemma="ter">ter</w>
               <S/>
               <w msd="Soset" lemma="meso">meso</w>
               <c>,</c>
               <S/>
               <w msd="Vd" lemma="ki">ki</w>
               <S/>
               <w msd="L" lemma="naj">naj</w>
               <S/>
               <w msd="Zp------k" lemma="se">se</w>
               <S/>
               <w msd="Rsr" lemma="dolgo">dalj</w>
               <S/>
               <w msd="Somer" lemma="čas">časa</w>
               <S/>
               <w msd="Ggnste" lemma="dušiti">duši</w>
               <c>.</c>
               <S/>
            </s>
            <s>
               <w msd="Dm" lemma="na">Na</w>
               <S/>
               <w msd="Somem" lemma="konec">koncu</w>
               <S/>
               <w msd="Ggdste" lemma="zgostiti">zgosti</w>
               <S/>
               <w msd="Do" lemma="z">z</w>
               <S/>
               <w msd="Sozeo" lemma="moka">moko</w>
               <S/>
               <w msd="Vp" lemma="in">in</w>
               <S/>
               <w msd="Psnzet" lemma="paradižnikov">paradižnikovo</w>
               <S/>
               <w msd="Sozet" lemma="mezga">mezgo</w>
               <c>.</c>
            </s>
         </p>
         <p xml:id="F0000814.000215">
            <s>
               <w msd="Slmei" lemma="Ernest">Ernest</w>
               <S/>
               <w msd="Ppnmein" lemma="sečen">Sečen</w>
            </s>
         </p>
         <p xml:id="F0000814.000312">
            <s>
               <w msd="Pdnzei" lemma="zaključen">Zaključena</w>
               <S/>
               <w msd="Ppnzei" lemma="nacionalen">nacionalna</w>
            </s>
         </p>
         <p xml:id="F0000814.000345">
            <s>
               <w msd="O" lemma="prim.">Prim.</w>
               <S/>
               <w msd="Slmei" lemma="Felc">Felc</w>
               <c>:</c>
               <S/>
               <c>"</c>
               <w msd="Zspzeim" lemma="naš">Naša</w>
               <S/>
               <w msd="Sozei" lemma="zavest">zavest</w>
               <c>,</c>
               <S/>
               <w msd="Dm" lemma="na">na</w>
               <S/>
               <w msd="Zv-zem" lemma="kateri">kateri</w>
               <S/>
               <w msd="Gp-g" lemma="biti">bi</w>
               <S/>
               <w msd="Ggnd-ez" lemma="morati">morala</w>
               <S/>
               <w msd="Ggnn" lemma="sloneti">sloneti</w>
               <S/>
               <w msd="Sozei" lemma="solidarnost">solidarnost</w>
               <c>,</c>
               <S/>
               <w msd="Gp-ste-n" lemma="biti">je</w>
               <S/>
               <w msd="L" lemma="tudi">tudi</w>
               <S/>
               <w msd="Dm" lemma="v">v</w>
               <S/>
               <w msd="Zk-sem" lemma="ta">tem</w>
               <c>,</c>
               <S/>
               <w msd="Vd" lemma="da">da</w>
               <S/>
               <w msd="L" lemma="ne">ne</w>
               <S/>
               <w msd="Ggdspm" lemma="postati">postanemo</w>
               <S/>
               <w msd="Ppnmmi" lemma="nergaški">nergaški</w>
               <c>,</c>
               <S/>
               <w msd="Vd" lemma="ko">ko</w>
               <S/>
               <w msd="Ggvspm" lemma="videti">vidimo</w>
               <c>,</c>
               <S/>
               <w msd="Vd" lemma="da">da</w>
               <S/>
               <w msd="Zp------k" lemma="se">se</w>
               <S/>
               <w msd="Zv-mei" lemma="kdo">kdo</w>
               <S/>
               <w msd="Dr" lemma="od">od</w>
               <S/>
               <w msd="Zspmmrm" lemma="naš">naših</w>
               <S/>
               <w msd="Sommr" lemma="sodelavec">sodelavcev</w>
               <S/>
               <w msd="Rsn" lemma="pogosto">pogosto</w>
               <S/>
               <w msd="Ggnste" lemma="zatekati">zateka</w>
               <S/>
               <w msd="Dt" lemma="v">v</w>
               <S/>
               <w msd="Ppnmetd" lemma="bolniški">bolniški</w>
               <S/>
               <w msd="Sometn" lemma="izostanek">izostanek</w>
               <c>.</c>
               <S/>
            </s>
            <s>
               <w msd="Ggnspe-n" lemma="imeti">Imam</w>
               <S/>
               <w msd="Sometn" lemma="občutek">občutek</w>
               <c>,</c>
               <S/>
               <w msd="Vd" lemma="da">da</w>
               <S/>
               <w msd="Gp-spm-n" lemma="biti">smo</w>
               <S/>
               <w msd="Dm" lemma="pri">pri</w>
               <S/>
               <w msd="Sosem" lemma="obsojanje">obsojanju</w>
               <S/>
               <w msd="Zk-zer" lemma="ta">te</w>
               <S/>
               <w msd="Sozer" lemma="okoliščina">okoliščine</w>
               <S/>
               <w msd="Ppnmmi" lemma="prehiter">prehitri</w>
               <S/>
               <w msd="Vp" lemma="in">in</w>
               <S/>
               <w msd="Rsn" lemma="zato">zato</w>
               <S/>
               <w msd="L" lemma="najbrž">najbrž</w>
               <S/>
               <w msd="Ppnmmi" lemma="krivičen">krivični</w>
               <c>.</c>
               <c>"</c>
            </s>
         </p>
         <p xml:id="F0000814.000418">
            <s>
               <w msd="Rsn" lemma="tako">Tako</w>
               <S/>
               <w msd="Gp-g" lemma="biti">bi</w>
               <S/>
               <w msd="Ggvd-es" lemma="iti">šlo</w>
               <S/>
               <w msd="Rsn" lemma="lahko">lahko</w>
               <S/>
               <w msd="L" lemma="še">še</w>
               <S/>
               <w msd="Rsn" lemma="naprej">naprej</w>
               <c>,</c>
               <S/>
               <w msd="Vp" lemma="vendar">vendar</w>
               <S/>
               <w msd="Gp-spm-n" lemma="biti">smo</w>
               <S/>
               <w msd="Slmmi" lemma="Slovenec">Slovenci</w>
               <S/>
               <w msd="L" lemma="tudi">tudi</w>
               <S/>
               <w msd="Ppnsei" lemma="varčen">varčno</w>
               <S/>
               <w msd="Sosei" lemma="ljudstvo">ljudstvo</w>
               <c>,</c>
               <S/>
               <w msd="Vd" lemma="da">da</w>
               <S/>
               <w msd="L" lemma="ne">ne</w>
               <S/>
               <w msd="Ggnspm" lemma="zapravljati">zapravljamo</w>
               <S/>
               <w msd="Sozmr" lemma="beseda">besed</w>
               <S/>
               <w msd="Dr" lemma="brez">brez</w>
               <S/>
               <w msd="Sozer" lemma="potreba">potrebe</w>
               <c>,</c>
               <S/>
               <w msd="Vp" lemma="in">in</w>
               <S/>
               <w msd="Ggdspm" lemma="reči">rečemo</w>
               <S/>
               <w msd="Sosed" lemma="drevo">drevesu</w>
               <S/>
               <w msd="Vp" lemma="in">in</w>
               <S/>
               <w msd="Somer" lemma="plod">plodu</w>
               <S/>
               <w msd="Somei" lemma="oreh">oreh</w>
               <c>,</c>
               <S/>
               <w msd="Sosed" lemma="drevo">drevesu</w>
               <S/>
               <w msd="Vp" lemma="in">in</w>
               <S/>
               <w msd="Slmed" lemma="sad">sadu</w>
               <S/>
               <w msd="Sozei" lemma="hruška">hruška</w>
               <c>,</c>
               <S/>
               <w msd="Sosed" lemma="drevo">drevesu</w>
               <S/>
               <w msd="Vp" lemma="in">in</w>
               <S/>
               <w msd="Somem" lemma="sad">sadu</w>
               <S/>
               <w msd="Sozei" lemma="sliva">sliva</w>
               <S/>
               <w msd="Vp" lemma="in">in</w>
               <S/>
               <w msd="Rsn" lemma="tako">tako</w>
               <S/>
               <w msd="L" lemma="še">še</w>
               <S/>
               <w msd="Sozei" lemma="breskev">breskev</w>
               <c>,</c>
               <S/>
               <w msd="Sozei" lemma="marelica">marelica</w>
               <c>,</c>
               <S/>
               <w msd="Sozei" lemma="kumara">kumara</w>
               <c>,</c>
               <S/>
               <w msd="Somei" lemma="krompir">krompir</w>
               <c>,</c>
               <S/>
               <w msd="Sozei" lemma="repa">repa</w>
            </s>
         </p>
         <p xml:id="F0000814.000427">
            <s>
               <w msd="Sozei" lemma="svetilka">Svetilka</w>
               <S/>
               <w msd="Dt" lemma="na">na</w>
               <S/>
               <w msd="Soset" lemma="olje">olje</w>
               <S/>
               <w msd="Gp-ste-n" lemma="biti">je</w>
               <S/>
               <w msd="Sozei" lemma="oljenka">oljenka</w>
               <S/>
               <w msd="Vp" lemma="ali">ali</w>
               <S/>
               <w msd="Sozei" lemma="oljenica">oljenica</w>
               <c>.</c>
            </s>
         </p>
         <p xml:id="F0000814.000464">
            <s>
               <c>-</c>
               <S/>
               <w msd="L" lemma="že">Že</w>
               <S/>
               <w msd="Rsn" lemma="nekaj">nekaj</w>
               <S/>
               <w msd="Somer" lemma="čas">časa</w>
               <S/>
               <w msd="Gp-spm-n" lemma="biti">smo</w>
               <S/>
               <w msd="Ggnste" lemma="pričati">priča</w>
               <S/>
               <w msd="Sosed" lemma="propadanje">propadanju</w>
               <S/>
               <w msd="Ppnsmr" lemma="domač">domačih</w>
               <S/>
               <w msd="Ppnsmr" lemma="tekstilen">tekstilnih</w>
               <S/>
               <w msd="Sosmr" lemma="podjetje">podjetij</w>
               <c>.</c>
               <S/>
            </s>
            <s>
               <w msd="Zv-set" lemma="kaj">Kaj</w>
               <S/>
               <w msd="Ggvste" lemma="pomeniti">pomeni</w>
               <S/>
               <c>"</c>
               <w msd="Somei" lemma="sindrom">sindrom</w>
               <c>"</c>
               <S/>
               <w msd="Pppzer" lemma="poceni">cenejše</w>
               <S/>
               <w msd="Ppnzer" lemma="kitajski">kitajske</w>
               <S/>
               <w msd="Ppnzer" lemma="deloven">delovne</w>
               <S/>
               <w msd="Sozer" lemma="sila">sile</w>
               <S/>
               <w msd="Vp" lemma="in">in</w>
               <S/>
               <w msd="Zstzmtm" lemma="njihov">njihove</w>
               <S/>
               <w msd="Ppssei" lemma="sodoben">najsodobnejše</w>
               <S/>
               <w msd="Sozmt" lemma="tehnologija">tehnologije</w>
               <S/>
               <w msd="Dt" lemma="za">za</w>
               <S/>
               <w msd="Zspmetm" lemma="naš">naš</w>
               <S/>
               <w msd="Sometn" lemma="trg">trg</w>
               <c>?</c>
            </s>
         </p>
         <p xml:id="F0000814.000543">
            <s>
               <w msd="Dt" lemma="v">V</w>
               <S/>
               <w msd="Sozet" lemma="lekarna">lekarno</w>
               <S/>
               <w msd="Gp-ste-n" lemma="biti">je</w>
               <S/>
               <w msd="Ggdd-em" lemma="vstopiti">vstopil</w>
               <S/>
               <w msd="Somei" lemma="vojak">vojak</w>
               <S/>
               <w msd="Slmei" lemma="Janez">Janez</w>
               <c>.</c>
               <S/>
            </s>
            <s>
               <w msd="Dt" lemma="pred">Pred</w>
               <S/>
               <w msd="Somer" lemma="prodajalec">prodajalca</w>
               <S/>
               <w msd="Gp-ste-n" lemma="biti">je</w>
               <S/>
               <w msd="Ggdd-em" lemma="položiti">položil</w>
               <S/>
               <w msd="Sometn" lemma="zavitek">zavitek</w>
               <c>.</c>
               <S/>
            </s>
            <s>
               <w msd="Vd" lemma="ko">Ko</w>
               <S/>
               <w msd="Zotmet--k" lemma="on">ga</w>
               <S/>
               <w msd="Gp-ste-n" lemma="biti">je</w>
               <S/>
               <w msd="Ggdd-em" lemma="odviti">odvil</w>
               <c>,</c>
               <S/>
               <w msd="Gp-ste-n" lemma="biti">je</w>
               <S/>
               <w msd="Somei" lemma="lekarnar">lekarnar</w>
               <S/>
               <w msd="Dm" lemma="v">v</w>
               <S/>
               <w msd="Zotmem" lemma="on">njem</w>
               <S/>
               <w msd="Ggdd-em" lemma="zagledati">zagledal</w>
               <S/>
               <w msd="Rsn" lemma="zelo">zelo</w>
               <S/>
               <w msd="Ppnmein" lemma="star">star</w>
               <S/>
               <w msd="Somei" lemma="kondom">kondom</w>
               <c>,</c>
               <S/>
               <w msd="Vd" lemma="ki">ki</w>
               <S/>
               <w msd="Gp-ste-n" lemma="biti">je</w>
               <S/>
               <w msd="Ggnd-em" lemma="puščati">puščal</w>
               <c>.</c>
               <S/>
            </s>
            <s>
               <w msd="Somei" lemma="vojak">Vojak</w>
               <S/>
               <w msd="Gp-ste-n" lemma="biti">je</w>
               <S/>
               <w msd="Ggdd-em" lemma="vprašati">vprašal</w>
               <c>:</c>
            </s>
         </p>
         <p xml:id="F0000814.000663">
            <s>
               <w msd="Somei" lemma="odgovor">Odgovor</w>
               <c>:</c>
               <S/>
               <w msd="Dm" lemma="po">Po</w>
               <S/>
               <w msd="Somem" lemma="zakon">zakonu</w>
               <S/>
               <w msd="Dm" lemma="o">o</w>
               <S/>
               <w msd="Sosem" lemma="dedovanje">dedovanju</w>
               <S/>
               <w msd="Gp-stm-n" lemma="biti">so</w>
               <S/>
               <w msd="Sommi" lemma="brat">bratje</w>
               <S/>
               <w msd="Vp" lemma="in">in</w>
               <S/>
               <w msd="Sozer" lemma="sestra">sestre</w>
               <S/>
               <w msd="Somer" lemma="pokojnik">pokojnika</w>
               <S/>
               <w msd="Ppnmmi" lemma="nujen">nujni</w>
               <S/>
               <w msd="Sommi" lemma="dedič">dediči</w>
               <S/>
               <w msd="L" lemma="le">le</w>
               <c>,</c>
               <S/>
               <w msd="Vd" lemma="če">če</w>
               <S/>
               <w msd="Gp-stm-n" lemma="biti">so</w>
               <S/>
               <w msd="Rsn" lemma="trajno">trajno</w>
               <S/>
               <w msd="Ppnmmi" lemma="nezmožen">nezmožni</w>
               <S/>
               <w msd="Dt" lemma="za">za</w>
               <S/>
               <w msd="Soset" lemma="delo">delo</w>
               <S/>
               <w msd="Vp" lemma="in">in</w>
               <S/>
               <w msd="Vd" lemma="če">če</w>
               <S/>
               <w msd="Ggnstm-d" lemma="imeti">nimajo</w>
               <S/>
               <w msd="Ppnzmr" lemma="potreben">potrebnih</w>
               <S/>
               <w msd="Ppnsmr" lemma="finančen">finančnih</w>
               <S/>
               <w msd="Sosmr" lemma="sredstvo">sredstev</w>
               <S/>
               <w msd="Dt" lemma="za">za</w>
               <S/>
               <w msd="Soset" lemma="življenje">življenje</w>
               <c>.</c>
               <S/>
            </s>
            <s>
               <w msd="Somei" lemma="način">Način</w>
               <S/>
               <w msd="Sozer" lemma="pridobitev">pridobitve</w>
               <S/>
               <w msd="Psnser" lemma="zapustnikov">zapustnikovega</w>
               <S/>
               <w msd="Soser" lemma="premoženje">premoženja</w>
               <S/>
               <w msd="Dm" lemma="pri">pri</w>
               <S/>
               <w msd="Zk-sem" lemma="ta">tem</w>
               <S/>
               <w msd="Gp-ste-d" lemma="biti">ni</w>
               <S/>
               <w msd="Ppnmein" lemma="pomemben">pomemben</w>
               <c>.</c>
               <S/>
            </s>
            <s>
               <c>(</c>
               <w msd="Somei" lemma="ar">ar</w>
               <c>)</c>
            </s>
         </p>
         <p xml:id="F0000814.000731">
            <s>
               <w msd="Ppnmeid" lemma="življenjski">Življenjski</w>
               <S/>
               <w msd="Somei" lemma="utrip">utrip</w>
               <S/>
               <w msd="Zp------k" lemma="se">se</w>
               <S/>
               <w msd="Gp-ste-n" lemma="biti">je</w>
               <S/>
               <w msd="Ggdd-em" lemma="povečati">povečal</w>
               <c>.</c>
               <S/>
            </s>
            <s>
               <w msd="Dm" lemma="v">V</w>
               <S/>
               <w msd="Sozem" lemma="okolica">okolici</w>
               <S/>
               <w msd="Ggdsdm" lemma="opaziti">opazite</w>
               <S/>
               <w msd="Zk-mmt" lemma="tisti">tiste</w>
               <c>,</c>
               <S/>
               <w msd="Vd" lemma="ki">ki</w>
               <S/>
               <w msd="Ggnstm-n" lemma="imeti">imajo</w>
               <S/>
               <w msd="Sometn" lemma="cilj">cilj</w>
               <S/>
               <w msd="Vp" lemma="in">in</w>
               <S/>
               <w msd="Vd" lemma="ki">ki</w>
               <S/>
               <w msd="Rsn" lemma="pridno">pridno</w>
               <S/>
               <w msd="Ggnstm" lemma="delati">delajo</w>
               <c>.</c>
               <S/>
            </s>
            <s>
               <w msd="Rsn" lemma="očitno">Očitno</w>
               <S/>
               <w msd="Gp-ste-n" lemma="biti">je</w>
               <S/>
               <w msd="Dm" lemma="v">v</w>
               <S/>
               <w msd="Somem" lemma="nagon">nagonu</w>
               <S/>
               <w msd="Sommr" lemma="človek">ljudi</w>
               <c>,</c>
               <S/>
               <w msd="Vd" lemma="da">da</w>
               <S/>
               <w msd="Gp-stm-n" lemma="biti">so</w>
               <S/>
               <w msd="Dm" lemma="v">v</w>
               <S/>
               <w msd="Zk-mem" lemma="ta">tem</w>
               <S/>
               <w msd="Somem" lemma="čas">času</w>
               <S/>
               <w msd="Ppnmeid" lemma="priden">pridni</w>
               <S/>
               <w msd="Vd" lemma="kot">kot</w>
               <S/>
               <w msd="Sozer" lemma="mravljica">mravljice</w>
               <c>,</c>
               <S/>
               <w msd="Zp---d--k" lemma="se">si</w>
               <S/>
               <w msd="Ggnsdm" lemma="misliti">mislite</w>
               <c>.</c>
               <S/>
            </s>
            <s>
               <w msd="Zn-mmi" lemma="nekateri">Nekateri</w>
               <S/>
               <w msd="Rsn" lemma="preveč">preveč</w>
               <S/>
               <w msd="Ggnstm" lemma="hiteti">hitijo</w>
               <c>,</c>
               <S/>
               <w msd="Zodmmi" lemma="ti">vi</w>
               <S/>
               <w msd="Vp" lemma="pa">pa</w>
               <S/>
               <w msd="Zp---d--k" lemma="se">si</w>
               <S/>
               <w msd="Ggnsdm" lemma="znati">znate</w>
               <S/>
               <w msd="Ggdn" lemma="vzeti">vzeti</w>
               <S/>
               <w msd="Sometn" lemma="čas">čas</w>
               <S/>
               <w msd="Dt" lemma="za">za</w>
               <S/>
               <w msd="Sometn" lemma="počitek">počitek</w>
               <c>,</c>
               <S/>
               <w msd="Somei" lemma="premislek">premislek</w>
               <S/>
               <w msd="Vp" lemma="in">in</w>
               <S/>
               <w msd="Ppnmein" lemma="zmeren">zmeren</w>
               <S/>
               <w msd="Sometn" lemma="tempo">tempo</w>
               <c>.</c>
               <S/>
            </s>
            <s>
               <w msd="Vd" lemma="ko">Ko</w>
               <S/>
               <w msd="Zod-mt" lemma="ti">vas</w>
               <S/>
               <w msd="Ggnste-n" lemma="imeti">ima</w>
               <c>,</c>
               <S/>
               <w msd="Vd" lemma="da">da</w>
               <S/>
               <w msd="Gp-g" lemma="biti">bi</w>
               <S/>
               <w msd="Rsr" lemma="hitro">hitreje</w>
               <S/>
               <w msd="Ggnd-mm" lemma="delati">delali</w>
               <c>,</c>
               <S/>
               <w msd="Rss" lemma="najraje">najraje</w>
               <S/>
               <w msd="Ggdvdm" lemma="zaprositi">zaprosite</w>
               <S/>
               <w msd="Sometd" lemma="prijatelj">prijatelja</w>
               <S/>
               <w msd="Vp" lemma="ali">ali</w>
               <S/>
               <w msd="Sometd" lemma="sodelavec">sodelavca</w>
               <c>,</c>
               <S/>
               <w msd="Vd" lemma="da">da</w>
               <S/>
               <w msd="Ggdste" lemma="opraviti">opravi</w>
               <S/>
               <w msd="Zp-met" lemma="svoj">svoj</w>
               <S/>
               <w msd="Sometn" lemma="delež">delež</w>
               <c>.</c>
               <S/>
            </s>
            <s>
               <w msd="Rsn" lemma="potem">Potem</w>
               <S/>
               <w msd="Gp-ste-n" lemma="biti">je</w>
               <S/>
               <w msd="Rsn" lemma="tako">tako</w>
               <c>,</c>
               <S/>
               <w msd="Vd" lemma="kot">kot</w>
               <S/>
               <w msd="Gp-g" lemma="biti">bi</w>
               <S/>
               <w msd="Ggnd-mm" lemma="imeti">imeli</w>
               <S/>
               <w msd="L" lemma="več">več</w>
               <S/>
               <w msd="Sozmr" lemma="roka">rok</w>
               <c>.</c>
               <S/>
            </s>
            <s>
               <w msd="Dm" lemma="v">V</w>
               <S/>
               <w msd="Zk-sem" lemma="ta">tem</w>
               <S/>
               <w msd="Rsn" lemma="neizmerno">neizmerno</w>
               <S/>
               <w msd="Ggnsdm" lemma="uživati">uživate</w>
               <c>.</c>
            </s>
         </p>
         <p xml:id="F0000814.000746">
            <s>
               <w msd="L" lemma="tudi">Tudi</w>
               <S/>
               <w msd="Dm" lemma="v">v</w>
               <S/>
               <w msd="Ppnsem" lemma="letošnji">letošnjem</w>
               <S/>
               <w msd="Sosem" lemma="poletje">poletju</w>
               <S/>
               <w msd="Gp-ste-n" lemma="biti">je</w>
               <S/>
               <w msd="Gp-d-es" lemma="biti">bilo</w>
               <S/>
               <w msd="Slsei" lemma="Sredozemlje">Sredozemlje</w>
               <S/>
               <w msd="Rsn" lemma="spet">spet</w>
               <S/>
               <w msd="Rsn" lemma="polno">polno</w>
               <S/>
               <w msd="Ppnzmr" lemma="izreden">izrednih</w>
               <S/>
               <w msd="Sozmr" lemma="jahta">jaht</w>
               <c>,</c>
               <S/>
               <w msd="Vd" lemma="ki">ki</w>
               <S/>
               <w msd="Gp-stm-n" lemma="biti">so</w>
               <S/>
               <w msd="Ggnd-mz" lemma="vzbujati">vzbujale</w>
               <S/>
               <w msd="Sozet" lemma="pozornost">pozornost</w>
               <S/>
               <w msd="Vp" lemma="in">in</w>
               <S/>
               <w msd="Sozet" lemma="zavist">zavist</w>
               <c>.</c>
               <S/>
            </s>
            <s>
               <w msd="Sommi" lemma="poznavalec">Poznavalci</w>
               <S/>
               <w msd="Ggvstm" lemma="praviti">pravijo</w>
               <c>,</c>
               <S/>
               <w msd="Vd" lemma="da">da</w>
               <S/>
               <w msd="Zk-mmr" lemma="takšen">takšnih</w>
               <c>,</c>
               <S/>
               <w msd="Zz-zmt" lemma="kakršen">kakršne</w>
               <S/>
               <w msd="Gp-stm-n" lemma="biti">so</w>
               <S/>
               <w msd="Gp-d-mz" lemma="biti">bile</w>
               <S/>
               <w msd="Rsn" lemma="letos">letos</w>
               <c>,</c>
               <S/>
               <w msd="L" lemma="še">še</w>
               <S/>
               <w msd="Gp-ste-d" lemma="biti">ni</w>
               <S/>
               <w msd="Gp-d-es" lemma="biti">bilo</w>
               <c>.</c>
               <S/>
            </s>
            <s>
               <w msd="Dm" lemma="v">V</w>
               <S/>
               <w msd="Sozem" lemma="primerjava">primerjavi</w>
               <S/>
               <w msd="Do" lemma="z">s</w>
               <S/>
               <w msd="Zk-mmo" lemma="ta">temi</w>
               <S/>
               <w msd="Ppnzmo" lemma="nov">novimi</w>
               <S/>
               <w msd="Gp-ste-n" lemma="biti">je</w>
               <S/>
               <w msd="L" lemma="celo">celo</w>
               <S/>
               <w msd="Ppnzei" lemma="nekdanji">nekdanja</w>
               <S/>
               <w msd="Psnzei" lemma="Onassisov">Onassisova</w>
               <S/>
               <w msd="Sozei" lemma="jahta">jahta</w>
               <S/>
               <w msd="Slzei" lemma="Christina">Christina</w>
               <S/>
               <w msd="Ppnzei" lemma="drugorazreden">drugorazredna</w>
               <c>.</c>
               <S/>
            </s>
            <s>
               <w msd="Vp" lemma="pa">Pa</w>
               <S/>
               <w msd="Ggdvpm" lemma="pogledati">poglejmo</w>
               <c>,</c>
               <S/>
               <w msd="Zv-sei" lemma="kaj">kaj</w>
               <S/>
               <w msd="Ppnser" lemma="izjemen">izjemnega</w>
               <S/>
               <w msd="Gp-ste-n" lemma="biti">je</w>
               <S/>
               <w msd="Gp-d-es" lemma="biti">bilo</w>
               <S/>
               <w msd="Ppnsei" lemma="mogoč">mogoče</w>
               <S/>
               <w msd="Ggvn" lemma="videti">videti</w>
               <S/>
               <w msd="Vp" lemma="in">in</w>
               <S/>
               <w msd="Zv-mei" lemma="kdo">kdo</w>
               <S/>
               <w msd="Rsn" lemma="vse">vse</w>
               <S/>
               <w msd="Zp------k" lemma="se">se</w>
               <S/>
               <w msd="Gp-ste-n" lemma="biti">je</w>
               <S/>
               <w msd="Ggnd-em" lemma="šopiriti">šopiril</w>
               <S/>
               <w msd="Dm" lemma="na">na</w>
               <S/>
               <w msd="Zk-zmm" lemma="ta">teh</w>
               <S/>
               <w msd="Ppnzmm" lemma="razkošen">razkošnih</w>
               <S/>
               <w msd="Sozmm" lemma="ladja">ladjah</w>
               <c>.</c>
            </s>
         </p>
         <p xml:id="F0000814.000756">
            <s>
               <w msd="Sommi" lemma="spomin">SPOMINI</w>
               <S/>
               <w msd="Slmer" lemma="ERNST">ERNSTA</w>
               <S/>
               <w msd="Slmer" lemma="MACH">MACHA</w>
               <S/>
               <w msd="Dt" lemma="na">NA</w>
               <S/>
               <w msd="Sometn" lemma="dom">DOM</w>
               <S/>
               <w msd="Dm" lemma="na">NA</w>
               <S/>
               <w msd="Slsem" lemma="DOLENJSKO">DOLENJSKEM</w>
            </s>
         </p>
         <p xml:id="F0000814.000808">
            <s>
               <w msd="Sommi" lemma="poznavalec">Poznavalci</w>
               <S/>
               <w msd="Ggvstm" lemma="praviti">pravijo</w>
               <S/>
               <w msd="L" lemma="celo">celo</w>
               <c>,</c>
               <S/>
               <w msd="Vd" lemma="da">da</w>
               <S/>
               <w msd="Gp-ste-n" lemma="biti">je</w>
               <S/>
               <w msd="Slmed" lemma="Perelman">Perelmanu</w>
               <S/>
               <w msd="Rsn" lemma="povsem">povsem</w>
               <S/>
               <w msd="Rsn" lemma="vseeno">vseeno</w>
               <S/>
               <w msd="Dt" lemma="za">za</w>
               <S/>
               <w msd="Sometn" lemma="milijon">milijon</w>
               <S/>
               <w msd="Sommr" lemma="dolar">dolarjev</w>
               <S/>
               <w msd="Sozer" lemma="nagrada">nagrade</w>
               <c>,</c>
               <S/>
               <w msd="Vd" lemma="ki">ki</w>
               <S/>
               <w msd="Zotzet--k" lemma="on">jo</w>
               <S/>
               <w msd="Gp-pte-n" lemma="biti">bo</w>
               <S/>
               <w msd="Dm" lemma="po">po</w>
               <S/>
               <w msd="Zc-zem" lemma="ves">vsej</w>
               <S/>
               <w msd="Sozem" lemma="verjetnost">verjetnosti</w>
               <S/>
               <w msd="Ggdd-em" lemma="dobiti">dobil</w>
               <c>.</c>
               <S/>
            </s>
            <s>
               <w msd="Ppnmeid" lemma="matematičen">Matematični</w>
               <S/>
               <w msd="Somei" lemma="inštitut">inštitut</w>
               <S/>
               <w msd="Slmei" lemma="Clay">Clay</w>
               <S/>
               <w msd="Dr" lemma="iz">iz</w>
               <S/>
               <w msd="Slmer" lemma="Cambridge">Cambridgea</w>
               <S/>
               <w msd="Gp-ste-n" lemma="biti">je</w>
               <S/>
               <w msd="Vp" lemma="namreč">namreč</w>
               <S/>
               <w msd="Ggdd-em" lemma="ponuditi">ponudil</w>
               <S/>
               <w msd="Ppnzet" lemma="visok">visoko</w>
               <S/>
               <w msd="Sozet" lemma="nagrada">nagrado</w>
               <S/>
               <w msd="Dt" lemma="za">za</w>
               <S/>
               <w msd="Sozet" lemma="rešitev">rešitev</w>
               <S/>
               <w msd="Kbg-mr" lemma="sedem">sedmih</w>
               <S/>
               <w msd="Ppnmmr" lemma="matematičen">matematičnih</w>
               <S/>
               <w msd="Sommr" lemma="problem">problemov</w>
               <S/>
               <w msd="Soser" lemma="tisočletje">tisočletja</w>
               <c>.</c>
               <S/>
            </s>
            <s>
               <w msd="Dr" lemma="poleg">Poleg</w>
               <S/>
               <w msd="Psnzmi" lemma="Pouncarejev">Pouncarejeve</w>
               <S/>
               <w msd="Sozer" lemma="slutnja">slutnje</w>
               <S/>
               <w msd="Gp-stm-n" lemma="biti">so</w>
               <S/>
               <w msd="Zk-sei" lemma="ta">to</w>
               <S/>
               <w msd="L" lemma="še">še</w>
               <S/>
               <w msd="Ppnzei" lemma="riemaov">Riemaova</w>
               <S/>
               <w msd="Sozei" lemma="hipoteza">hipoteza</w>
               <c>,</c>
               <S/>
               <w msd="Psnzei" lemma="Hodgeov">Hodgeova</w>
               <S/>
               <w msd="Sozei" lemma="slutnja">slutnja</w>
               <c>,</c>
               <S/>
               <w msd="Slmei" lemma="Yang">Yang</w>
               <c>-</c>
               <w msd="Psnzei" lemma="Millsov">Millsova</w>
               <S/>
               <w msd="Sozei" lemma="teorija">teorija</w>
               <c>,</c>
               <S/>
               <w msd="Slmei" lemma="Nevier">Nevier</w>
               <c>-</c>
               <w msd="Psnzei" lemma="Stokesov">Stokesova</w>
               <S/>
               <w msd="Sozei" lemma="teorija">teorija</w>
               <c>,</c>
               <S/>
               <w msd="Slmei" lemma="Birch">Birch</w>
               <S/>
               <w msd="Vp" lemma="in">in</w>
               <S/>
               <w msd="Slmei" lemma="Swinnerton">Swinnerton</w>
               <S/>
               <w msd="Psnzei" lemma="Dyrejev">Dyrejeva</w>
               <S/>
               <w msd="Sozei" lemma="slutnja">slutnja</w>
               <S/>
               <w msd="Vp" lemma="in">in</w>
               <S/>
               <w msd="Somei" lemma="problem">Problem</w>
               <S/>
               <w msd="Somei" lemma="P">P</w>
               <S/>
               <c>=</c>
               <S/>
               <w msd="Slmei" lemma="NP">NP</w>
               <c>.</c>
            </s>
         </p>
         <p xml:id="F0000814.000899">
            <s>
               <w msd="Slzei" lemma="Veronika">Veronika</w>
            </s>
         </p>
         <p xml:id="F0000814.000901">
            <s>
               <w msd="Zv-sei" lemma="kaj">Kaj</w>
               <S/>
               <w msd="Somed" lemma="človek">človeku</w>
               <S/>
               <w msd="Ggnste" lemma="izpolnjevati">izpolnjuje</w>
               <S/>
               <w msd="Soset" lemma="življenje">življenje</w>
               <c>,</c>
               <S/>
               <w msd="Rsn" lemma="kaj">kaj</w>
               <S/>
               <w msd="Zotmed--k" lemma="on">mu</w>
               <S/>
               <w msd="Ggnste" lemma="prinašati">prinaša</w>
               <S/>
               <w msd="Sozer" lemma="radost">radosti</w>
               <S/>
               <w msd="Vp" lemma="in">in</w>
               <S/>
               <w msd="Ppnmmt" lemma="življenjski">življenjske</w>
               <S/>
               <w msd="Sommt" lemma="smisel">smisle</w>
               <c>,</c>
               <S/>
               <w msd="Gp-ste-n" lemma="biti">je</w>
               <S/>
               <w msd="Sozei" lemma="zagonetka">zagonetka</w>
               <c>,</c>
               <S/>
               <w msd="Vd" lemma="ki">ki</w>
               <S/>
               <w msd="Zotzet--k" lemma="on">jo</w>
               <S/>
               <w msd="Zn-mmi" lemma="nekateri">nekateri</w>
               <S/>
               <w msd="Ggdstm" lemma="rešiti">rešijo</w>
               <S/>
               <w msd="L" lemma="šele">šele</w>
               <S/>
               <w msd="Dm" lemma="v">v</w>
               <S/>
               <w msd="Ppnmem" lemma="zadnji">zadnjem</w>
               <S/>
               <w msd="Somem" lemma="hip">hipu</w>
               <c>,</c>
               <S/>
               <w msd="Vd" lemma="ko">ko</w>
               <S/>
               <w msd="Ggnste" lemma="slediti">sledi</w>
               <S/>
               <w msd="Rsn" lemma="dokončno">dokončno</w>
               <S/>
               <w msd="Soset" lemma="slovo">slovo</w>
               <c>.</c>
               <S/>
            </s>
            <s>
               <w msd="Rsn" lemma="tedaj">Tedaj</w>
               <S/>
               <w msd="Zn-mmt" lemma="mnog">mnoge</w>
               <S/>
               <w msd="Ggdste" lemma="začeti">začne</w>
               <S/>
               <w msd="Ggnn" lemma="mučiti">mučiti</w>
               <S/>
               <w msd="Sozei" lemma="vest">vest</w>
               <c>,</c>
               <S/>
               <w msd="Ggnste" lemma="porajati">poraja</w>
               <S/>
               <w msd="Zp------k" lemma="se">se</w>
               <S/>
               <w msd="Somei" lemma="občutek">občutek</w>
               <S/>
               <w msd="Ppnzer" lemma="popoln">popolne</w>
               <S/>
               <w msd="Sozer" lemma="zgrešenost">zgrešenosti</w>
               <S/>
               <w msd="Sozer" lemma="pot">poti</w>
               <c>,</c>
               <S/>
               <w msd="Vd" lemma="ki">ki</w>
               <S/>
               <w msd="Gp-stm-n" lemma="biti">so</w>
               <S/>
               <w msd="Zotzet--k" lemma="on">jo</w>
               <S/>
               <w msd="Ggdd-mm" lemma="prehoditi">prehodili</w>
               <c>,</c>
               <S/>
               <w msd="Ppnmer" lemma="totalen">totalnega</w>
               <S/>
               <w msd="Somer" lemma="kiks">kiksa</w>
               <c>,</c>
               <S/>
               <w msd="Vd" lemma="ki">ki</w>
               <S/>
               <w msd="Zp------k" lemma="se">se</w>
               <S/>
               <w msd="Zotmer--k" lemma="on">ga</w>
               <S/>
               <w msd="L" lemma="ne">ne</w>
               <S/>
               <w msd="Ggdste" lemma="dati">da</w>
               <S/>
               <w msd="Ggdn" lemma="popraviti">popraviti</w>
               <c>.</c>
               <S/>
            </s>
            <s>
               <w msd="Zk-mmi" lemma="tisti">Tisti</w>
               <c>,</c>
               <S/>
               <w msd="Vd" lemma="ki">ki</w>
               <S/>
               <w msd="Gp-stm-n" lemma="biti">so</w>
               <S/>
               <w msd="Zc-set" lemma="ves">vse</w>
               <S/>
               <w msd="Soset" lemma="življenje">življenje</w>
               <S/>
               <w msd="Ggnd-mm" lemma="skrbeti">skrbeli</w>
               <S/>
               <w msd="Ppnsei" lemma="edin">edino</w>
               <S/>
               <w msd="Vp" lemma="in">in</w>
               <S/>
               <w msd="Rsn" lemma="izključno">izključno</w>
               <S/>
               <w msd="Dt" lemma="za">za</w>
               <S/>
               <c>"</c>
               <w msd="Ppnzer" lemma="dober">dobre</w>
               <S/>
               <w msd="Sozer" lemma="naložba">naložbe</w>
               <c>"</c>
               <c>,</c>
               <S/>
               <c>"</c>
               <w msd="Sosei" lemma="oplemenitenje">oplemenitenje</w>
               <S/>
               <w msd="Somer" lemma="denar">denarja</w>
               <c>"</c>
               <S/>
               <w msd="Vp" lemma="in">in</w>
               <S/>
               <w msd="Rsn" lemma="tako">tako</w>
               <S/>
               <w msd="Rsn" lemma="naprej">naprej</w>
               <c>,</c>
               <S/>
               <w msd="Ggdd-mm" lemma="pozabiti">pozabili</w>
               <S/>
               <w msd="Dm" lemma="pri">pri</w>
               <S/>
               <w msd="Zk-sem" lemma="ta">tem</w>
               <S/>
               <w msd="Zp---t--z" lemma="nase">nase</w>
               <S/>
               <w msd="Vp" lemma="in">in</w>
               <S/>
               <w msd="Dt" lemma="na">na</w>
               <S/>
               <w msd="Zk-set" lemma="ta">to</w>
               <c>,</c>
               <S/>
               <w msd="Vd" lemma="da">da</w>
               <S/>
               <w msd="Gp-ste-n" lemma="biti">je</w>
               <S/>
               <w msd="Dr" lemma="poleg">poleg</w>
               <S/>
               <w msd="Zk-ser" lemma="ta">tega</w>
               <S/>
               <w msd="L" lemma="še">še</w>
               <S/>
               <w msd="Zv-sei" lemma="kaj">kaj</w>
               <c>,</c>
               <S/>
               <w msd="Zp------k" lemma="se">se</w>
               <S/>
               <w msd="Ggnstm" lemma="želeti">želijo</w>
               <S/>
               <w msd="Dm" lemma="na">na</w>
               <S/>
               <w msd="Somem" lemma="konec">koncu</w>
               <S/>
               <w msd="Ggdn" lemma="opravičiti">opravičiti</w>
               <c>.</c>
               <S/>
            </s>
            <s>
               <w msd="Zl-mer" lemma="nihče">Nikogar</w>
               <S/>
               <w msd="Ggnstm-d" lemma="imeti">nimajo</w>
               <c>,</c>
               <S/>
               <w msd="Vd" lemma="da">da</w>
               <S/>
               <w msd="Gp-g" lemma="biti">bi</w>
               <S/>
               <w msd="Zotmed--k" lemma="on">mu</w>
               <S/>
               <w msd="Rsn" lemma="kaj">kaj</w>
               <S/>
               <w msd="Ggdd-mm" lemma="pustiti">pustili</w>
               <c>,</c>
               <S/>
               <w msd="Zk-ser" lemma="tisti">tistega</w>
               <c>,</c>
               <S/>
               <w msd="Zz-set" lemma="kar">kar</w>
               <S/>
               <w msd="Gp-g" lemma="biti">bi</w>
               <S/>
               <w msd="Rsn" lemma="lahko">lahko</w>
               <S/>
               <w msd="Ggdd-mm" lemma="odnesti">odnesli</w>
               <S/>
               <w msd="Do" lemma="z">s</w>
               <S/>
               <w msd="Zp---o" lemma="se">seboj</w>
               <c>,</c>
               <S/>
               <w msd="Vp" lemma="pa">pa</w>
               <S/>
               <w msd="Gp-ste-n" lemma="biti">je</w>
               <S/>
               <w msd="Rsn" lemma="veliko">veliko</w>
               <c>.</c>
               <S/>
            </s>
            <s>
               <w msd="Rsn" lemma="kam">Kam</w>
               <S/>
               <w msd="Rsn" lemma="torej">torej</w>
               <S/>
               <w msd="Do" lemma="z">z</w>
               <S/>
               <w msd="Zc-seo" lemma="ves">vsem</w>
               <S/>
               <w msd="Zk-seo" lemma="ta">tem</w>
               <S/>
               <w msd="Soseo" lemma="premoženje">premoženjem</w>
               <c>,</c>
               <S/>
               <w msd="Rsn" lemma="kam">kam</w>
               <S/>
               <w msd="Do" lemma="z">z</w>
               <S/>
               <w msd="Sozmo" lemma="nepremičnina">nepremičninami</w>
               <c>,</c>
               <S/>
               <w msd="Sozmo" lemma="delnica">delnicami</w>
               <c>,</c>
               <S/>
               <w msd="Soseo" lemma="bogastvo">bogastvom</w>
               <c>?</c>
               <S/>
            </s>
            <s>
               <w msd="Zn-mmi" lemma="nekateri">Nekateri</w>
               <S/>
               <w msd="Zp------k" lemma="se">se</w>
               <S/>
               <w msd="Ggdstm" lemma="spomniti">spomnijo</w>
               <S/>
               <w msd="Dt" lemma="na">na</w>
               <S/>
               <w msd="Sozet" lemma="cerkev">Cerkev</w>
               <c>,</c>
               <S/>
               <w msd="Kbzmmr" lemma="drug">drugih</w>
               <S/>
               <w msd="Zp------k" lemma="se">se</w>
               <S/>
               <w msd="Ggdste" lemma="lotiti">loti</w>
               <S/>
               <w msd="Sozei" lemma="nežnost">nežnost</w>
               <S/>
               <w msd="Dr" lemma="do">do</w>
               <S/>
               <w msd="Sommr" lemma="otrok">otrok</w>
               <c>,</c>
               <S/>
               <w msd="Kbzmmi" lemma="en">eni</w>
               <S/>
               <w msd="Zp------k" lemma="se">se</w>
               <S/>
               <w msd="Ggdstm" lemma="spomniti">spomnijo</w>
               <S/>
               <w msd="Sommr" lemma="človek">ljudi</w>
               <S/>
               <w msd="Dm" lemma="v">v</w>
               <S/>
               <w msd="Sozem" lemma="stiska">stiski</w>
               <c>,</c>
               <S/>
               <w msd="Kbzmmi" lemma="drug">drugi</w>
               <S/>
               <w msd="Ggdstm" lemma="zapustiti">zapustijo</w>
               <S/>
               <w msd="Soset" lemma="premoženje">premoženje</w>
               <S/>
               <w msd="Dt" lemma="v">v</w>
               <S/>
               <w msd="Sozet" lemma="korist">korist</w>
               <S/>
               <w msd="Sommr" lemma="bolnik">bolnikov</w>
               <c>,</c>
               <S/>
               <w msd="Dt" lemma="za">za</w>
               <S/>
               <w msd="Soset" lemma="zdravljenje">zdravljenje</w>
               <S/>
               <w msd="Sommr" lemma="narkoman">narkomanov</w>
               <S/>
               <w msd="Vp" lemma="in">in</w>
               <S/>
               <w msd="Rsn" lemma="tako">tako</w>
               <S/>
               <w msd="Rsn" lemma="naprej">naprej</w>
               <c>.</c>
               <S/>
            </s>
            <s>
               <w msd="Zn-met" lemma="marsikdo">Marsikoga</w>
               <S/>
               <w msd="Vp" lemma="pa">pa</w>
               <S/>
               <w msd="Ggdstm" lemma="odrešiti">odrešijo</w>
               <S/>
               <w msd="Rsn" lemma="kar">kar</w>
               <S/>
               <w msd="Rss" lemma="najbolj">najbolj</w>
               <S/>
               <w msd="Ppnmmi" lemma="oddaljen">oddaljeni</w>
               <S/>
               <w msd="Sommi" lemma="sorodnik">sorodniki</w>
               <c>,</c>
               <S/>
               <w msd="Ppnmmi" lemma="edin">edini</w>
               <c>,</c>
               <S/>
               <w msd="Vd" lemma="ki">ki</w>
               <S/>
               <w msd="Gp-stm-n" lemma="biti">so</w>
               <S/>
               <w msd="Do" lemma="z">z</w>
               <S/>
               <w msd="Zotmeo" lemma="on">njim</w>
               <S/>
               <w msd="L" lemma="vsaj">vsaj</w>
               <S/>
               <w msd="Dm" lemma="v">v</w>
               <S/>
               <w msd="Ppnzem" lemma="krven">krvni</w>
               <S/>
               <w msd="Sozem" lemma="zveza">zvezi</w>
               <c>.</c>
               <S/>
            </s>
            <s>
               <w msd="Dm" lemma="v">V</w>
               <S/>
               <w msd="Sozmm" lemma="misel">mislih</w>
               <S/>
               <w msd="Ggnstm-n" lemma="imeti">imajo</w>
               <S/>
               <w msd="Zstmetem" lemma="njegov">njegov</w>
               <S/>
               <w msd="Ppnmetd" lemma="rojsten">rojstni</w>
               <S/>
               <w msd="Sometn" lemma="datum">datum</w>
               <c>,</c>
               <S/>
               <w msd="Ggdstm" lemma="obiskati">obiščejo</w>
               <S/>
               <w msd="Zotmet--k" lemma="on">ga</w>
               <c>,</c>
               <S/>
               <w msd="Ggdstm" lemma="razdeliti">razdelijo</w>
               <S/>
               <w msd="Rsn" lemma="nekaj">nekaj</w>
               <S/>
               <w msd="Sommr" lemma="smehljaj">smehljajev</w>
               <S/>
               <w msd="Vp" lemma="in">in</w>
               <S/>
               <w msd="Dt" lemma="za">za</w>
               <S/>
               <w msd="Sometn" lemma="izkupiček">izkupiček</w>
               <S/>
               <w msd="Zp------k" lemma="se">se</w>
               <S/>
               <w msd="Ggnste" lemma="vedeti">ve</w>
               <c>:</c>
               <S/>
               <c>"</c>
               <w msd="Ggnspe" lemma="zapuščati">Zapuščam</w>
               <S/>
               <w msd="Zod-md" lemma="ti">vam</w>
               <c>.</c>
               <c>.</c>
               <c>.</c>
               <c>"</c>
            </s>
         </p>
         <p xml:id="F0000814.000952">
            <s>
               <w msd="Dd" lemma="kljub">Kljub</w>
               <S/>
               <w msd="Zk-sed" lemma="ta">temu</w>
               <S/>
               <w msd="Zp------k" lemma="se">se</w>
               <S/>
               <w msd="Ggnstm-n" lemma="imeti">imajo</w>
               <S/>
               <w msd="Ppnzer" lemma="današnji">današnje</w>
               <S/>
               <w msd="Sozmi" lemma="generacija">generacije</w>
               <S/>
               <w msd="Sozmr" lemma="mati">mater</w>
               <S/>
               <w msd="Dt" lemma="za">za</w>
               <S/>
               <w msd="Pppzmi" lemma="slab">slabše</w>
               <S/>
               <w msd="Dr" lemma="od">od</w>
               <S/>
               <w msd="Ppnmmr" lemma="prejšnji">prejšnjih</w>
               <c>,</c>
               <S/>
               <w msd="Ggnste" lemma="ugotavljati">ugotavlja</w>
               <S/>
               <w msd="Ppnzei" lemma="ameriški">ameriška</w>
               <S/>
               <w msd="Sozei" lemma="psihologinja">psihologinja</w>
               <S/>
               <w msd="Slzei" lemma="Peggy">Peggy</w>
               <S/>
               <w msd="Slmei" lemma="Orenstein">Orenstein</w>
               <c>.</c>
               <S/>
            </s>
            <s>
               <w msd="Zk-zmi" lemma="tak">Take</w>
               <S/>
               <w msd="Sozmi" lemma="mati">matere</w>
               <S/>
               <w msd="Ggnstm" lemma="skušati">skušajo</w>
               <S/>
               <w msd="Ggdn" lemma="popraviti">popraviti</w>
               <S/>
               <w msd="Zp-zer" lemma="svoj">svoje</w>
               <S/>
               <w msd="Ppnzmt" lemma="domneven">domnevne</w>
               <S/>
               <w msd="Sozmt" lemma="napaka">napake</w>
               <S/>
               <w msd="Vp" lemma="in">in</w>
               <S/>
               <w msd="Sommd" lemma="otrok">otrokom</w>
               <S/>
               <w msd="Ggnstm" lemma="odvzemati">odvzemajo</w>
               <S/>
               <c>"</c>
               <w msd="Ppnzmi" lemma="nadležen">nadležne</w>
               <c>"</c>
               <S/>
               <w msd="Sozer" lemma="dolžnost">dolžnosti</w>
               <c>,</c>
               <S/>
               <w msd="Zk-mmi" lemma="ta">ti</w>
               <S/>
               <w msd="Vp" lemma="pa">pa</w>
               <S/>
               <w msd="Zp------k" lemma="se">se</w>
               <S/>
               <w msd="Ggdstm" lemma="odzvati">odzovejo</w>
               <S/>
               <w msd="Do" lemma="z">z</w>
               <S/>
               <w msd="Rsn" lemma="vedno">vedno</w>
               <S/>
               <w msd="Rsr" lemma="manj">manj</w>
               <S/>
               <w msd="Sozer" lemma="volja">volje</w>
               <c>,</c>
               <S/>
               <w msd="Vd" lemma="da">da</w>
               <S/>
               <w msd="Gp-g" lemma="biti">bi</w>
               <S/>
               <w msd="Ggdd-mm" lemma="vzeti">vzeli</w>
               <S/>
               <w msd="Soset" lemma="življenje">življenje</w>
               <S/>
               <w msd="Dt" lemma="v">v</w>
               <S/>
               <w msd="Zp-zmt" lemma="svoj">svoje</w>
               <S/>
               <w msd="Sozmt" lemma="roka">roke</w>
               <c>.</c>
               <S/>
            </s>
            <s>
               <w msd="Ppnmmi" lemma="mali">Mali</w>
               <S/>
               <w msd="Sommi" lemma="otrok">otroci</w>
               <S/>
               <w msd="L" lemma="še">še</w>
               <S/>
               <w msd="Rsn" lemma="rad">radi</w>
               <S/>
               <w msd="Ggnstm" lemma="nesti">nesejo</w>
               <S/>
               <w msd="Pdnset" lemma="umazan">umazano</w>
               <S/>
               <w msd="Soset" lemma="perilo">perilo</w>
               <S/>
               <w msd="Dm" lemma="v">v</w>
               <S/>
               <w msd="Ppnmetd" lemma="pralen">pralni</w>
               <S/>
               <w msd="Sometn" lemma="stroj">stroj</w>
               <S/>
               <w msd="Vp" lemma="in">in</w>
               <S/>
               <w msd="Zotmet--k" lemma="on">ga</w>
               <S/>
               <w msd="Pdnser" lemma="opran">opranega</w>
               <S/>
               <w msd="Ggdstm" lemma="vzeti">vzamejo</w>
               <S/>
               <w msd="Rsn" lemma="ven">ven</w>
               <c>,</c>
               <S/>
               <w msd="Rsn" lemma="rad">radi</w>
               <S/>
               <w msd="Ggnstm" lemma="sesati">sesajo</w>
               <S/>
               <w msd="Sometn" lemma="prah">prah</w>
               <c>,</c>
               <S/>
               <w msd="Rsn" lemma="kmalu">kmalu</w>
               <S/>
               <w msd="Ggnstm" lemma="želeti">želijo</w>
               <S/>
               <w msd="Ggnn" lemma="odgovarjati">odgovarjati</w>
               <S/>
               <w msd="L" lemma="tudi">tudi</w>
               <S/>
               <w msd="Dt" lemma="na">na</w>
               <S/>
               <w msd="Ppnzmt" lemma="telefonski">telefonske</w>
               <S/>
               <w msd="Sommt" lemma="klic">klice</w>
               <c>,</c>
               <S/>
               <w msd="Zp---d--k" lemma="se">si</w>
               <S/>
               <w msd="Ppnmmi" lemma="sam">sami</w>
               <S/>
               <w msd="Ggdn" lemma="namazati">namazati</w>
               <S/>
               <w msd="Sometn" lemma="kruh">kruh</w>
               <S/>
               <w msd="Vp" lemma="in">in</w>
               <S/>
               <w msd="Zp------k" lemma="se">se</w>
               <S/>
               <w msd="Ppnmmi" lemma="sam">sami</w>
               <S/>
               <w msd="Ggdn" lemma="obleči">obleči</w>
               <c>.</c>
               <S/>
            </s>
            <s>
               <w msd="Sommi" lemma="starš">Starši</w>
               <S/>
               <w msd="Ggnstm-n" lemma="imeti">imajo</w>
               <S/>
               <w msd="Rsn" lemma="torej">torej</w>
               <S/>
               <w msd="Ppnzet" lemma="imeniten">imenitno</w>
               <S/>
               <w msd="Sozet" lemma="priložnost">priložnost</w>
               <c>,</c>
               <S/>
               <w msd="Vd" lemma="da">da</w>
               <S/>
               <w msd="Zotmmd--k" lemma="on">jim</w>
               <S/>
               <w msd="Ggdstm" lemma="prepustiti">prepustijo</w>
               <S/>
               <w msd="Ppnsmt" lemma="primeren">primerna</w>
               <S/>
               <w msd="Sosmt" lemma="opravilo">opravila</w>
               <c>.</c>
            </s>
         </p>
         <p xml:id="F0000814.000990">
            <s>
               <w msd="Vd" lemma="če">Če</w>
               <S/>
               <w msd="Ggnspm-n" lemma="imeti">imamo</w>
               <S/>
               <w msd="Sometn" lemma="vrt">vrt</w>
               <S/>
               <w msd="Vp" lemma="in">in</w>
               <S/>
               <w msd="Sometn" lemma="sadovnjak">sadovnjak</w>
               <c>,</c>
               <S/>
               <w msd="Ggnspm-n" lemma="imeti">imamo</w>
               <S/>
               <w msd="Rsn" lemma="lahko">lahko</w>
               <S/>
               <w msd="L" lemma="tudi">tudi</w>
               <S/>
               <w msd="Rsn" lemma="veliko">veliko</w>
               <S/>
               <w msd="Soser" lemma="sadje">sadja</w>
               <S/>
               <w msd="Vp" lemma="in">in</w>
               <S/>
               <w msd="Sozer" lemma="zelenjava">zelenjave</w>
               <S/>
               <w msd="Dt" lemma="za">za</w>
               <S/>
               <w msd="Sozet" lemma="priprava">pripravo</w>
               <S/>
               <w msd="Ppnzmr" lemma="različen">različnih</w>
               <S/>
               <w msd="Sozmr" lemma="marmelada">marmelad</w>
               <c>,</c>
               <S/>
               <w msd="Sommr" lemma="džem">džemov</w>
               <c>,</c>
               <S/>
               <w msd="Sommr" lemma="žele">želejev</w>
               <S/>
               <w msd="Vp" lemma="in">in</w>
               <S/>
               <w msd="Sommr" lemma="sok">sokov</w>
               <c>,</c>
               <S/>
               <w msd="Vd" lemma="ki">ki</w>
               <S/>
               <w msd="Gp-ptm-n" lemma="biti">bodo</w>
               <S/>
               <w msd="Ppnmmi" lemma="dobrodošel">dobrodošli</w>
               <S/>
               <w msd="Dm" lemma="v">v</w>
               <S/>
               <w msd="Ppnmmm" lemma="zimski">zimskih</w>
               <S/>
               <w msd="Sommm" lemma="dan">dneh</w>
               <c>.</c>
               <S/>
            </s>
            <s>
               <w msd="Sommt" lemma="sok">Sokove</w>
               <S/>
               <w msd="Rsn" lemma="lahko">lahko</w>
               <S/>
               <w msd="Ggdspm" lemma="pripraviti">pripravimo</w>
               <S/>
               <w msd="Dr" lemma="iz">iz</w>
               <S/>
               <w msd="Soser" lemma="sadje">sadja</w>
               <S/>
               <w msd="Vp" lemma="in">in</w>
               <S/>
               <w msd="Sozer" lemma="zelenjava">zelenjave</w>
               <c>.</c>
               <S/>
            </s>
            <s>
               <w msd="Ggnspm" lemma="pripravljati">Pripravljamo</w>
               <S/>
               <w msd="Zotmmr--k" lemma="on">jih</w>
               <S/>
               <w msd="Dt" lemma="na">na</w>
               <S/>
               <w msd="Rsr" lemma="več">več</w>
               <S/>
               <w msd="Sommr" lemma="način">načinov</w>
               <S/>
               <c>-</c>
               <S/>
               <w msd="Do" lemma="z">s</w>
               <S/>
               <w msd="Someo" lemma="sokovnik">sokovnikom</w>
               <c>,</c>
               <S/>
               <w msd="Ppnzer" lemma="čist">čiste</w>
               <S/>
               <w msd="Vp" lemma="ali">ali</w>
               <S/>
               <w msd="Ppnzer" lemma="bister">bistre</w>
               <S/>
               <w msd="Vp" lemma="in">in</w>
               <S/>
               <w msd="Ppnzmi" lemma="kašast">kašaste</w>
               <c>,</c>
               <S/>
               <w msd="Sommt" lemma="sok">sokove</w>
               <S/>
               <w msd="Do" lemma="z">s</w>
               <S/>
               <w msd="Sozeo" lemma="kislina">kislino</w>
               <S/>
               <w msd="Vp" lemma="in">in</w>
               <S/>
               <w msd="Sommt" lemma="sirup">sirupe</w>
               <c>.</c>
               <S/>
            </s>
            <s>
               <w msd="Ppnmmt" lemma="kašast">Kašaste</w>
               <S/>
               <w msd="Sommt" lemma="sok">sokove</w>
               <S/>
               <w msd="Rsn" lemma="lahko">lahko</w>
               <S/>
               <w msd="Dt" lemma="na">na</w>
               <S/>
               <w msd="Sometn" lemma="primer">primer</w>
               <S/>
               <w msd="Ggdspm" lemma="narediti">naredimo</w>
               <S/>
               <w msd="Dr" lemma="iz">iz</w>
               <S/>
               <w msd="Soser" lemma="grozdje">grozdja</w>
               <c>,</c>
               <S/>
               <w msd="Sozmr" lemma="borovnica">borovnic</w>
               <c>,</c>
               <S/>
               <w msd="Sozei" lemma="breskev">breskev</w>
               <c>,</c>
               <S/>
               <w msd="Somer" lemma="ribez">ribeza</w>
               <c>,</c>
               <S/>
               <w msd="Soser" lemma="grozdje">grozdja</w>
               <c>,</c>
               <S/>
               <w msd="Psnzmr" lemma="bezgov">bezgovih</w>
               <S/>
               <w msd="Sozmr" lemma="jagoda">jagod</w>
               <c>,</c>
               <S/>
               <w msd="Sozmr" lemma="višnja">višenj</w>
               <c>,</c>
               <S/>
               <w msd="Sozmr" lemma="malina">malin</w>
               <c>,</c>
               <S/>
               <w msd="Sozmr" lemma="marelica">marelic</w>
               <c>,</c>
               <S/>
               <w msd="Sozmr" lemma="hruška">hrušk</w>
               <c>,</c>
               <S/>
               <w msd="Sosmr" lemma="jabolko">jabolk</w>
               <S/>
               <w msd="Vp" lemma="in">in</w>
               <S/>
               <w msd="Sozmr" lemma="sliva">sliv</w>
               <c>.</c>
            </s>
         </p>
         <p xml:id="F0000814.000992">
            <s>
               <w msd="Ppnmetd" lemma="kašast">Kašasti</w>
               <S/>
               <w msd="Psnmein" lemma="breskov">breskov</w>
               <S/>
               <w msd="Vp" lemma="ali">ali</w>
               <S/>
               <w msd="Ppnmetd" lemma="mareličen">marelični</w>
               <S/>
               <w msd="Sometn" lemma="sok">sok</w>
            </s>
         </p>
         <p xml:id="F0000814.001026">
            <s>
               <w msd="Rsn" lemma="zdaj">Zdaj</w>
               <c>,</c>
               <S/>
               <w msd="Vd" lemma="ko">ko</w>
               <S/>
               <w msd="Zop-mt" lemma="jaz">nas</w>
               <S/>
               <w msd="Ggnstm" lemma="čakati">čakajo</w>
               <S/>
               <w msd="Zk-smt" lemma="tisti">tista</w>
               <S/>
               <w msd="Ppnsmt" lemma="znamenit">znamenita</w>
               <S/>
               <w msd="Soser" lemma="soočanje">soočanja</w>
               <c>,</c>
               <S/>
               <w msd="Zod-md" lemma="ti">vam</w>
               <S/>
               <w msd="Zspmete" lemma="moj">moj</w>
               <S/>
               <w msd="Sometn" lemma="recept">recept</w>
               <S/>
               <w msd="L" lemma="vsekakor">vsekakor</w>
               <S/>
               <w msd="Rsn" lemma="zelo">zelo</w>
               <S/>
               <w msd="Rsn" lemma="toplo">toplo</w>
               <S/>
               <w msd="Ggnspe" lemma="priporočati">priporočam</w>
               <c>!</c>
            </s>
         </p>
         <p xml:id="F0000814.001037">
            <s>
               <w msd="Dm" lemma="na">Na</w>
               <S/>
               <w msd="Somem" lemma="začetek">začetku</w>
               <S/>
               <w msd="Soser" lemma="poletje">poletja</w>
               <S/>
               <w msd="Ggnstm" lemma="slaviti">slavijo</w>
               <S/>
               <w msd="Dm" lemma="na">na</w>
               <S/>
               <w msd="Slsem" lemma="Koroško">Koroškem</w>
               <S/>
               <w msd="Kbzmet" lemma="en">enega</w>
               <S/>
               <w msd="Dr" lemma="od">od</w>
               <S/>
               <w msd="Ppsmmr" lemma="lep">najlepših</w>
               <S/>
               <w msd="Vp" lemma="in">in</w>
               <S/>
               <w msd="Ppsmmr" lemma="star">najstarejših</w>
               <S/>
               <w msd="Ppnmmr" lemma="slovenski">slovenskih</w>
               <S/>
               <w msd="Sommr" lemma="običaj">običajev</w>
               <S/>
               <c>-</c>
               <S/>
               <w msd="Ppnsei" lemma="štehvanji">štehvanje</w>
               <c>.</c>
               <S/>
            </s>
            <s>
               <w msd="Zk-sei" lemma="ta">To</w>
               <S/>
               <w msd="Gp-ste-n" lemma="biti">je</w>
               <S/>
               <w msd="Ppnzei" lemma="prastar">prastara</w>
               <S/>
               <w msd="Sozei" lemma="igra">igra</w>
               <c>,</c>
               <S/>
               <w msd="Ppnzei" lemma="značilen">značilna</w>
               <S/>
               <w msd="Dt" lemma="za">za</w>
               <S/>
               <w msd="Sozer" lemma="vas">vasi</w>
               <S/>
               <w msd="Dm" lemma="v">v</w>
               <S/>
               <w msd="Ppnzem" lemma="ziljski">Ziljski</w>
               <S/>
               <w msd="Sozem" lemma="dolina">dolini</w>
               <c>.</c>
               <S/>
            </s>
            <s>
               <w msd="Ggnstm" lemma="prirejati">Prirejajo</w>
               <S/>
               <w msd="Zotzet--k" lemma="on">jo</w>
               <S/>
               <w msd="Ppnmmi" lemma="vaški">vaški</w>
               <S/>
               <w msd="Sommi" lemma="fant">fantje</w>
               <S/>
               <c>-</c>
               <S/>
               <w msd="Sozei" lemma="fantovščina">fantovščina</w>
               <c>,</c>
               <S/>
               <w msd="Vd" lemma="ki">ki</w>
               <S/>
               <w msd="Zotzet--k" lemma="on">jo</w>
               <S/>
               <w msd="Rsn" lemma="ziljani">Ziljani</w>
               <S/>
               <w msd="Ggvstm" lemma="imenovati">imenujejo</w>
               <S/>
               <w msd="Somer" lemma="konto">konta</w>
               <c>.</c>
               <S/>
            </s>
            <s>
               <w msd="Zc-mei" lemma="vsak">Vsak</w>
               <S/>
               <w msd="Somei" lemma="štehvovec">štehvovec</w>
               <S/>
               <w msd="Zp---d--k" lemma="se">si</w>
               <S/>
               <w msd="Ggdste" lemma="izbrati">izbere</w>
               <S/>
               <w msd="Ppnzet" lemma="močen">močno</w>
               <S/>
               <w msd="Sozet" lemma="kobila">kobilo</w>
               <c>,</c>
               <S/>
               <w msd="Zotzet--k" lemma="on">jo</w>
               <S/>
               <w msd="Ggdste" lemma="pregrniti">pregrne</w>
               <S/>
               <w msd="Do" lemma="z">z</w>
               <S/>
               <w msd="Ppnzeo" lemma="navaden">navadno</w>
               <S/>
               <w msd="Sozeo" lemma="odeja">odejo</w>
               <c>,</c>
               <S/>
               <w msd="Zotzet--k" lemma="on">jo</w>
               <S/>
               <w msd="Sommi" lemma="okras">okrasi</w>
               <S/>
               <w msd="Do" lemma="z">s</w>
               <S/>
               <w msd="Ppnmmo" lemma="pisan">pisanimi</w>
               <S/>
               <w msd="Sommo" lemma="trak">trakovi</w>
               <c>,</c>
               <S/>
               <w msd="L" lemma="ne">ne</w>
               <S/>
               <w msd="Ggnste" lemma="smeti">sme</w>
               <S/>
               <w msd="Vp" lemma="pa">pa</w>
               <S/>
               <w msd="Gp-ste-n" lemma="biti">je</w>
               <S/>
               <w msd="Ggdn" lemma="osedlati">osedlati</w>
               <c>.</c>
               <S/>
            </s>
            <s>
               <w msd="Ppnmeid" lemma="pisan">Pisani</w>
               <S/>
               <w msd="Vp" lemma="in">in</w>
               <S/>
               <w msd="L" lemma="predvsem">predvsem</w>
               <S/>
               <w msd="Ppnmmi" lemma="rdeč">rdeči</w>
               <S/>
               <w msd="Sommi" lemma="trak">trakovi</w>
               <S/>
               <w msd="Gp-stm-n" lemma="biti">so</w>
               <S/>
               <w msd="Ppnzet" lemma="starodaven">starodavno</w>
               <S/>
               <w msd="Ppnset" lemma="obramben">obrambno</w>
               <S/>
               <w msd="Sosei" lemma="sredstvo">sredstvo</w>
               <S/>
               <w msd="Dd" lemma="proti">proti</w>
               <S/>
               <w msd="Ppnmmd" lemma="zel">zlim</w>
               <S/>
               <w msd="Sommd" lemma="duh">duhovom</w>
               <c>.</c>
            </s>
         </p>
         <p xml:id="F0000814.001080">
            <s>
               <w msd="Ggdspe" lemma="povesiti">Povesim</w>
               <S/>
               <w msd="Sometn" lemma="pogled">pogled</w>
               <S/>
               <w msd="Dt" lemma="na">na</w>
               <S/>
               <w msd="Sozet" lemma="zemlja">zemljo</w>
               <c>,</c>
               <S/>
               <w msd="Pdnmmt" lemma="zahajajoč">zahajajoče</w>
               <S/>
               <w msd="Sosei" lemma="sonce">sonce</w>
               <S/>
               <w msd="Do" lemma="z">s</w>
               <S/>
               <w msd="Zp-mmo" lemma="svoj">svojimi</w>
               <S/>
               <w msd="Sommo" lemma="žarek">žarki</w>
               <S/>
               <w msd="Rsn" lemma="nežno">nežno</w>
               <S/>
               <w msd="Ggnste" lemma="božati">boža</w>
               <S/>
               <w msd="L" lemma="le">le</w>
               <S/>
               <w msd="L" lemma="še">še</w>
               <S/>
               <w msd="Sommt" lemma="vrh">vrhove</w>
               <S/>
               <w msd="Sozmr" lemma="gora">gora</w>
               <c>,</c>
               <S/>
               <w msd="Dm" lemma="v">v</w>
               <S/>
               <w msd="Sozem" lemma="dolina">dolini</w>
               <S/>
               <w msd="Gp-ste-n" lemma="biti">je</w>
               <S/>
               <w msd="L" lemma="že">že</w>
               <S/>
               <w msd="Sozei" lemma="senca">senca</w>
               <c>,</c>
               <S/>
               <w msd="Rsn" lemma="kmalu">kmalu</w>
               <S/>
               <w msd="Zp------k" lemma="se">se</w>
               <S/>
               <w msd="Gp-pte-n" lemma="biti">bo</w>
               <S/>
               <w msd="Ggdd-em" lemma="začeti">začel</w>
               <S/>
               <w msd="Ggnn" lemma="spuščati">spuščati</w>
               <S/>
               <w msd="Sometn" lemma="mrak">mrak</w>
               <c>,</c>
               <S/>
               <w msd="Zp---d--k" lemma="se">si</w>
               <S/>
               <w msd="Ggnspe" lemma="misliti">mislim</w>
               <c>,</c>
               <S/>
               <w msd="Zk-mmi" lemma="ta">ti</w>
               <S/>
               <w msd="Vp" lemma="pa">pa</w>
               <S/>
               <w msd="L" lemma="še">še</w>
               <S/>
               <w msd="Rsn" lemma="vedno">vedno</w>
               <S/>
               <w msd="Ggnsde" lemma="jadrati">jadraš</w>
               <c>.</c>
            </s>
         </p>
      </body>
   </text>
</TEI>