<?xml version="1.0" encoding="UTF-8"?>
<TEI xmlns="http://www.tei-c.org/ns/1.0" xml:id="F0001024" xml:lang="sl">
   <teiHeader>
      <fileDesc>
         <titleStmt>
            <title>ccKRES: Rože &amp; vrt (2003-03)</title>
            <funder>Operacijo delno financira Evropska unija iz Evropskega socialnega sklada ter Ministrstvo za šolstvo in šport. Operacija se izvaja v okviru Operativnega programa razvoja človeških virov za obdobje 2007-2013, razvojne prioritete: razvoj človeških virov in vseživljenjskega učenja; prednostne usmeritve: izboljšanje kakovosti in učinkovitosti sistemov izobraževanja in usposabljanja 2007-2013.</funder>
         </titleStmt>
         <editionStmt>
            <edition>1.0</edition>
         </editionStmt>
         <extent>864 besed</extent>
         <publicationStmt>
            <idno>vr3_03</idno>
            <availability status="free">
               <p xml:lang="sl">Avtorske pravice za to izdajo ureja licenca <ref target="http://creativecommons.org/licenses/by-nc/2.5/si/">Creative Commons Priznanje avtorstva-Nekomercialno 2.5 Slovenija</ref>.</p>
               <p xml:lang="en">This work is licenced under the <ref target="http://creativecommons.org/licenses/by-nc/2.5/si/deed.en">Creative Commons Attribution-Noncommercial 2.5 Slovenia</ref>.</p>
            </availability>
            <date>2012-05-06</date>
         </publicationStmt>
         <sourceDesc>
            <bibl>
               <title>Rože &amp; vrt</title>
               <author n="???">neznani novinar</author>
               <date>2003-03</date>
               <publisher n="Delo Revije">Delo Revije</publisher>
               <note type="sourceLang">sl</note>
            </bibl>
         </sourceDesc>
      </fileDesc>
      <encodingDesc>
         <projectDesc>
            <p xml:lang="sl">Glej <ref target="http://www.korpus-kres.net/">www.korpus-kres.net</ref> oz. <ref target="http://nl.ijs.si/ssj/">nl.ijs.si/ssj</ref>.</p>
            <p xml:lang="en">See <ref target="http://www.korpus-kres.net/">www.korpus-kres.net</ref> or <ref target="http://nl.ijs.si/ssj/">nl.ijs.si/ssj</ref>.</p>
         </projectDesc>
         <samplingDecl>
            <p xml:lang="sl">
            Besedila in odstavki v korpusu KRES so bili vzorčeni iz
            Gigafide tako, da smo dobili 100-milijonski referenčni
            korpus, v katerem so besedila uravnotežena po vnaprej
            določenih taksonomskih deležih in po podatkih o branosti
            vira (časopisi, revije, novičarski portali).  Korpus
            ccKRES nato, z namenom, da je lahko dostopen po licenci CC,
            vsebuje 10 % naključno vzorčenih odstavkov besedil iz
            korpusa KRES, torej 10 milijonov besed.
	    Več o sestavi korpusa lahko preberete na 
            <ref target="http://www.korpus-kres.net/">www.korpus-kres.net</ref> oz.
            <ref target="http://nl.ijs.si/ssj/">nl.ijs.si/ssj</ref>.
	  </p>
            <p xml:lang="en">
            Texts and paragraphs in the KRES corpus have been sampled from the 
	    Gigafida corpus. The result of the sampling is a 100-million-word 
	    reference corpus. The texts in KRES are balanced according to the 
	    predetermined categories, with particular consideration being paid to 
	    the data on the popularity of the source (newspapers, magazines, 
	    Internet news sites). 
	    To enable free (CC) distribution of the corpus, the ccKRES corpus contains 
	    10% of randomly sampled paragraphs from KRES, i.e. contains 10 million words.
	    For more information about the contents of the corpus, 
	    see <ref target="http://www.korpus-kres.net/">www.korpus-kres.net</ref>
	    and <ref target="http://nl.ijs.si/ssj/">nl.ijs.si/ssj</ref>.
	  </p>
         </samplingDecl>
         <tagsDecl>
            <namespace name="http://www.tei-c.org/ns/1.0">
               <tagUsage gi="p" occurs="32"/>
               <tagUsage gi="s" occurs="76"/>
               <tagUsage gi="S" occurs="826"/>
               <tagUsage gi="w" occurs="864"/>
               <tagUsage gi="c" occurs="166"/>
            </namespace>
         </tagsDecl>
         <classDecl>
            <taxonomy xml:id="SSJ">
               <category xml:id="SSJ.T">
                  <catDesc>tisk</catDesc>
                  <category xml:id="SSJ.T.K">
                     <catDesc>knjižno</catDesc>
                     <category xml:id="SSJ.T.K.L">
                        <catDesc>leposlovno</catDesc>
                     </category>
                     <category xml:id="SSJ.T.K.S">
                        <catDesc>strokovno</catDesc>
                     </category>
                  </category>
                  <category xml:id="SSJ.T.P">
                     <catDesc>periodično</catDesc>
                     <category xml:id="SSJ.T.P.C">
                        <catDesc>časopis</catDesc>
                     </category>
                     <category xml:id="SSJ.T.P.R">
                        <catDesc>revija</catDesc>
                     </category>
                  </category>
                  <category xml:id="SSJ.T.D">
                     <catDesc>drugo</catDesc>
                  </category>
               </category>
               <category xml:id="SSJ.I">
                  <catDesc>internet</catDesc>
               </category>
            </taxonomy>
         </classDecl>
      </encodingDesc>
      <profileDesc>
         <textClass>
            <catRef target="#SSJ.T.P.R"/>
         </textClass>
      </profileDesc>
   </teiHeader>
   <text xml:id="F0001024." xml:lang="sl">
      <body>
         <p xml:id="F0001024.000029">
            <s>
               <w msd="Dm" lemma="v">V</w>
               <S/>
               <w msd="Ppnzem" lemma="ljudski">ljudski</w>
               <S/>
               <w msd="Sozem" lemma="medicina">medicini</w>
               <S/>
               <w msd="Ggnste" lemma="veljati">velja</w>
               <c>,</c>
               <S/>
               <w msd="Vd" lemma="da">da</w>
               <S/>
               <w msd="Ggdstm" lemma="pregnati">preženejo</w>
               <S/>
               <w msd="L" lemma="tudi">tudi</w>
               <S/>
               <w msd="Ppszet" lemma="hud">najhujšo</w>
               <S/>
               <w msd="Sozet" lemma="depresija">depresijo</w>
               <c>.</c>
               <S/>
            </s>
            <s>
               <w msd="Zz-mei" lemma="kdor">Kdor</w>
               <S/>
               <w msd="Sozet" lemma="hijacinta">hijacinto</w>
               <S/>
               <w msd="Ggdste" lemma="posaditi">posadi</w>
               <S/>
               <w msd="Dt" lemma="v">v</w>
               <S/>
               <w msd="Ppnmetd" lemma="cvetličen">cvetlični</w>
               <S/>
               <w msd="Sometn" lemma="lonček">lonček</w>
               <S/>
               <w msd="Vp" lemma="in">in</w>
               <S/>
               <w msd="Zotzet--k" lemma="on">jo</w>
               <S/>
               <w msd="Ggdste" lemma="postaviti">postavi</w>
               <S/>
               <w msd="Dt" lemma="v">v</w>
               <S/>
               <w msd="Sozet" lemma="spalnica">spalnico</w>
               <c>,</c>
               <S/>
               <w msd="Zp------k" lemma="se">se</w>
               <S/>
               <w msd="Zotmed--k" lemma="on">mu</w>
               <S/>
               <w msd="Gp-ste-d" lemma="biti">ni</w>
               <S/>
               <w msd="Rsn" lemma="treba">treba</w>
               <S/>
               <w msd="Ggnn" lemma="bati">bati</w>
               <S/>
               <w msd="Ppnzer" lemma="nočen">nočne</w>
               <S/>
               <w msd="Sozer" lemma="mora">more</w>
               <c>.</c>
            </s>
         </p>
         <p xml:id="F0001024.000034">
            <s>
               <w msd="Pdnzei" lemma="znan">Znana</w>
               <S/>
               <w msd="Vp" lemma="pa">pa</w>
               <S/>
               <w msd="Gp-ste-n" lemma="biti">je</w>
               <S/>
               <w msd="Sozei" lemma="sorta">sorta</w>
               <S/>
               <w msd="Sozmr" lemma="šmarnica">šmarnic</w>
               <c>,</c>
               <S/>
               <w msd="Vd" lemma="ki">ki</w>
               <S/>
               <w msd="Gp-ste-n" lemma="biti">je</w>
               <S/>
               <w msd="Ggdd-ez" lemma="izgubiti">izgubila</w>
               <S/>
               <w msd="Zp-zet" lemma="svoj">svojo</w>
               <S/>
               <w msd="Ppnzet" lemma="brezmadežen">brezmadežno</w>
               <S/>
               <w msd="Sozet" lemma="belina">belino</w>
               <c>.</c>
               <S/>
            </s>
            <s>
               <w msd="Zstmmiez" lemma="njen">Njeni</w>
               <S/>
               <c>»</c>
               <w msd="Sommi" lemma="zvonček">zvončki</w>
               <c>«</c>
               <S/>
               <w msd="Gp-stm-n" lemma="biti">so</w>
               <S/>
               <w msd="Rsn" lemma="rahlo">rahlo</w>
               <S/>
               <w msd="Ppnzmi" lemma="rožnat">rožnate</w>
               <S/>
               <w msd="Sozmt" lemma="barva">barve</w>
               <c>.</c>
               <S/>
            </s>
            <s>
               <w msd="Sozei" lemma="sorta">Sorta</w>
               <S/>
               <c>'</c>
               <w msd="Slmei" lemma="Rosea">Rosea</w>
               <c>'</c>
               <S/>
               <w msd="Gp-ste-n" lemma="biti">je</w>
               <S/>
               <w msd="Ggvn" lemma="videti">videti</w>
               <c>,</c>
               <S/>
               <w msd="Vd" lemma="kot">kot</w>
               <S/>
               <w msd="Gp-g" lemma="biti">bi</w>
               <S/>
               <w msd="Rsn" lemma="rahlo">rahlo</w>
               <S/>
               <w msd="Ggnd-ez" lemma="zardevati">zardevala</w>
               <c>.</c>
               <S/>
            </s>
            <s>
               <w msd="Zk-sei" lemma="ta">To</w>
               <S/>
               <w msd="Rsn" lemma="čudovito">čudovito</w>
               <S/>
               <w msd="Ppnzet" lemma="rožnat">rožnato</w>
               <S/>
               <w msd="Sozet" lemma="forma">formo</w>
               <S/>
               <w msd="Gp-stm-n" lemma="biti">so</w>
               <S/>
               <w msd="Ggnd-mm" lemma="poznati">poznali</w>
               <S/>
               <w msd="L" lemma="že">že</w>
               <S/>
               <w msd="Dm" lemma="v">v</w>
               <S/>
               <w msd="Kav" lemma="16.">16.</w>
               <S/>
               <w msd="Sosem" lemma="stoletje">stoletju</w>
               <c>.</c>
               <S/>
            </s>
            <s>
               <w msd="L" lemma="morda">Morda</w>
               <S/>
               <w msd="Gp-g" lemma="biti">bi</w>
               <S/>
               <w msd="Rsn" lemma="rad">rada</w>
               <S/>
               <w msd="Ggdd-ez" lemma="prišepniti">prišepnila</w>
               <S/>
               <w msd="Somem" lemma="svet">svetu</w>
               <c>,</c>
               <S/>
               <w msd="Vd" lemma="da">da</w>
               <S/>
               <w msd="Gp-stm-n" lemma="biti">so</w>
               <S/>
               <w msd="Sommi" lemma="škorpion">škorpioni</w>
               <S/>
               <w msd="Rsn" lemma="vse">vse</w>
               <S/>
               <w msd="Rsr" lemma="prej">prej</w>
               <S/>
               <w msd="Vd" lemma="kot">kot</w>
               <S/>
               <w msd="Rsn" lemma="deviško">deviško</w>
               <S/>
               <w msd="Ppnmmi" lemma="nedolžen">nedolžni</w>
               <c>.</c>
               <S/>
            </s>
         </p>
         <p xml:id="F0001024.000046">
            <s>
               <w msd="Kav" lemma="5.">5.</w>
               <S/>
               <w msd="Sozei" lemma="srebrenka">srebrenka</w>
               <S/>
               <w msd="Slmer" lemma="Lunario">Lunaria</w>
               <S/>
               <w msd="Slmei" lemma="annua">annua</w>
               <S/>
               <c>'</c>
               <w msd="Sozei" lemma="alba">Alba</w>
               <S/>
               <w msd="Sozei" lemma="variegata">Variegata</w>
               <c>'</c>
               <S/>
               <w msd="Kav" lemma="5.">5.</w>
               <S/>
               <w msd="Sozei" lemma="srebrenka">srebrenka</w>
               <S/>
               <w msd="O" lemma="L.">L.</w>
               <w msd="O" lemma="a.">a.</w>
               <S/>
               <c>'</c>
               <w msd="Sozei" lemma="alba">Alba</w>
               <c>'</c>
               <S/>
               <c>(</c>
               <w msd="Rsn" lemma="belo">belo</w>
               <S/>
               <w msd="Pdnzei" lemma="cvetoč">cvetoča</w>
               <c>)</c>
            </s>
         </p>
         <p xml:id="F0001024.000104">
            <s>
               <w msd="Sozei" lemma="kana">KANA</w>
               <S/>
               <w msd="Dt" lemma="za">ZA</w>
               <S/>
               <w msd="Sommt" lemma="neučakanec">NEUČAKANCE</w>
            </s>
         </p>
         <p xml:id="F0001024.000114">
            <s>
               <w msd="Somei" lemma="R">R</w>
               <c>&amp;</c>
               <w msd="Dt" lemma="v">V</w>
               <S/>
               <w msd="Kag" lemma="2">2</w>
               <S/>
               <w msd="Somei" lemma="kvtz">KVTZ</w>
            </s>
         </p>
         <p xml:id="F0001024.000225">
            <s>
               <w msd="Kav" lemma="14.">14.</w>
               <S/>
               <w msd="Ppnmeid" lemma="vrten">vrtni</w>
               <S/>
               <w msd="Somei" lemma="hijacint">hijacint</w>
               <S/>
               <w msd="Slmei" lemma="Hyacinthus">Hyacinthus</w>
               <S/>
               <w msd="Slmei" lemma="orientalis">orientalis</w>
            </s>
         </p>
         <p xml:id="F0001024.000241">
            <s>
               <w msd="L" lemma="tudi">Tudi</w>
               <S/>
               <w msd="Dm" lemma="pri">pri</w>
               <S/>
               <w msd="Ppnmmm" lemma="droben">drobnih</w>
               <S/>
               <w msd="Ppnmmm" lemma="vrten">vrtnih</w>
               <S/>
               <w msd="Sommm" lemma="okrasek">okraskih</w>
               <S/>
               <w msd="Gp-ste-n" lemma="biti">je</w>
               <S/>
               <w msd="Ppnsei" lemma="priporočljiv">priporočljivo</w>
               <c>,</c>
               <S/>
               <w msd="Vd" lemma="da">da</w>
               <S/>
               <w msd="Zp---d--k" lemma="se">si</w>
               <S/>
               <w msd="Rss" lemma="najprej">najprej</w>
               <S/>
               <w msd="L" lemma="vsaj">vsaj</w>
               <S/>
               <w msd="Dm" lemma="v">v</w>
               <S/>
               <w msd="Sozmm" lemma="misel">mislih</w>
               <S/>
               <w msd="Ggdspm" lemma="narediti">naredimo</w>
               <S/>
               <w msd="Sometn" lemma="načrt">načrt</w>
               <c>,</c>
               <S/>
               <w msd="Zv-mei" lemma="kakšen">kakšen</w>
               <S/>
               <w msd="Sometn" lemma="učinek">učinek</w>
               <S/>
               <w msd="Ggnspm" lemma="želeti">želimo</w>
               <S/>
               <w msd="Ggdn" lemma="doseči">doseči</w>
               <c>.</c>
               <S/>
            </s>
            <s>
               <w msd="Zk-mei" lemma="ta">Ta</w>
               <S/>
               <w msd="Sozei" lemma="zamisel">zamisel</w>
               <S/>
               <w msd="Zop-md" lemma="jaz">nam</w>
               <S/>
               <w msd="Gp-pte-n" lemma="biti">bo</w>
               <S/>
               <w msd="Ggnd-ez" lemma="narekovati">narekovala</w>
               <S/>
               <w msd="Sozet" lemma="izbira">izbiro</w>
               <c>.</c>
            </s>
         </p>
         <p xml:id="F0001024.000293">
            <s>
               <w msd="O" lemma="št.">Št.</w>
               <w msd="Kag" lemma="5">5</w>
               <c>:</c>
            </s>
         </p>
         <p xml:id="F0001024.000321">
            <s>
               <w msd="Sosei" lemma="besedilo">Besedilo</w>
               <c>:</c>
               <S/>
               <w msd="Slmei" lemma="Stane">Stane</w>
               <S/>
               <w msd="Slmei" lemma="Sušnik">Sušnik</w>
               <c>,</c>
               <S/>
               <w msd="Slmei" lemma="Friedrich">Friedrich</w>
               <S/>
               <w msd="Slmei" lemma="Strauss">Strauss</w>
               <c>,</c>
               <S/>
               <w msd="Slmei" lemma="Marianne">Marianne</w>
               <S/>
               <w msd="Rsn" lemma="majerus">Majerus</w>
            </s>
         </p>
         <p xml:id="F0001024.000342">
            <s>
               <w msd="Rsn" lemma="pogosto">Pogosto</w>
               <S/>
               <w msd="Zp------k" lemma="se">se</w>
               <S/>
               <w msd="Zstzeim" lemma="njihov">njihova</w>
               <S/>
               <w msd="Sozei" lemma="lepota">lepota</w>
               <S/>
               <w msd="Ggnste" lemma="bleščati">blešči</w>
               <S/>
               <w msd="Dm" lemma="v">v</w>
               <S/>
               <w msd="Somem" lemma="odsev">odsevu</w>
               <S/>
               <w msd="Ppnmmr" lemma="snežen">snežnih</w>
               <S/>
               <w msd="Sommr" lemma="kristal">kristalov</w>
               <S/>
               <c>(</c>
               <w msd="Slzei" lemma="Iris">Iris</w>
               <S/>
               <w msd="N" lemma="danfordiae">danfordiae</w>
               <c>)</c>
            </s>
         </p>
         <p xml:id="F0001024.000353">
            <s>
               <w msd="O" lemma="št.">Št.</w>
               <w msd="Kag" lemma="8">8</w>
               <c>:</c>
            </s>
         </p>
         <p xml:id="F0001024.000363">
            <s>
               <w msd="Sozmi" lemma="vrba">Vrbe</w>
               <S/>
               <w msd="Rsn" lemma="torej">torej</w>
               <S/>
               <w msd="Ggnstm" lemma="predstavljati">predstavljajo</w>
               <S/>
               <w msd="Zn-met" lemma="nekakšen">nekakšen</w>
               <S/>
               <w msd="Sometn" lemma="začetek">začetek</w>
               <S/>
               <w msd="Ppnser" lemma="nov">novega</w>
               <S/>
               <w msd="Soser" lemma="življenje">življenja</w>
               <c>.</c>
               <S/>
            </s>
            <s>
               <w msd="Ppnzmi" lemma="priljubljen">Priljubljene</w>
               <S/>
               <w msd="Gp-stm-n" lemma="biti">so</w>
               <S/>
               <w msd="Rsn" lemma="tako">tako</w>
               <S/>
               <w msd="Dr" lemma="zaradi">zaradi</w>
               <S/>
               <w msd="Sozer" lemma="mehkoba">mehkobe</w>
               <S/>
               <w msd="Zp-zmr" lemma="svoj">svojih</w>
               <S/>
               <w msd="Sozmr" lemma="mačica">mačic</w>
               <S/>
               <w msd="Vd" lemma="kot">kot</w>
               <S/>
               <w msd="Dr" lemma="zaradi">zaradi</w>
               <S/>
               <w msd="Ppnzmr" lemma="raznovrsten">raznovrstnih</w>
               <S/>
               <w msd="Sozmr" lemma="oblika">oblik</w>
               <S/>
               <w msd="Sozer" lemma="rast">rasti</w>
               <c>.</c>
               <S/>
            </s>
            <s>
               <w msd="Dr" lemma="poleg">Poleg</w>
               <S/>
               <w msd="Zk-ser" lemma="ta">tega</w>
               <S/>
               <w msd="Psnzer" lemma="vrbov">vrbove</w>
               <S/>
               <w msd="Sozer" lemma="veja">veje</w>
               <S/>
               <w msd="Dm" lemma="v">v</w>
               <S/>
               <w msd="Sozem" lemma="vaza">vazi</w>
               <S/>
               <w msd="Ggnstm" lemma="razvijati">razvijajo</w>
               <S/>
               <w msd="Zp-zmt" lemma="svoj">svoje</w>
               <S/>
               <w msd="Sozmt" lemma="mačica">mačice</w>
               <S/>
               <w msd="Dm" lemma="ob">ob</w>
               <S/>
               <w msd="Ppnzem" lemma="ustrezen">ustrezni</w>
               <S/>
               <w msd="Sozem" lemma="nega">negi</w>
               <S/>
               <w msd="Rsn" lemma="dolgo">dolgo</w>
               <c>,</c>
               <S/>
               <w msd="Dr" lemma="do">do</w>
               <S/>
               <w msd="Kbgmmt" lemma="trije">tri</w>
               <S/>
               <w msd="Sommt" lemma="teden">tedne</w>
               <c>.</c>
               <S/>
            </s>
            <s>
               <w msd="Sozmi" lemma="vrba">Vrbe</w>
               <S/>
               <w msd="Sozmi" lemma="žalujka">žalujke</w>
               <S/>
               <w msd="Dm" lemma="v">v</w>
               <S/>
               <w msd="Slzem" lemma="Evropa">Evropi</w>
               <S/>
               <w msd="Ggvstm" lemma="simbolizirati">simbolizirajo</w>
               <S/>
               <w msd="Sozet" lemma="žalost">žalost</w>
               <c>,</c>
               <S/>
               <w msd="Rsn" lemma="medtem">medtem</w>
               <S/>
               <w msd="Vd" lemma="ko">ko</w>
               <S/>
               <w msd="Dm" lemma="na">na</w>
               <S/>
               <w msd="Ppnmem" lemma="daljen">Daljnem</w>
               <S/>
               <w msd="Somem" lemma="vzhod">Vzhodu</w>
               <S/>
               <w msd="Ggnstm" lemma="predstavljati">predstavljajo</w>
               <S/>
               <w msd="Sozet" lemma="nesmrtnost">nesmrtnost</w>
               <c>.</c>
            </s>
         </p>
         <p xml:id="F0001024.000410">
            <s>
               <w msd="L" lemma="tudi">Tudi</w>
               <S/>
               <w msd="Dt" lemma="za">za</w>
               <S/>
               <w msd="Sozmt" lemma="vrba">vrbe</w>
               <S/>
               <w msd="Zp------k" lemma="se">se</w>
               <S/>
               <w msd="Ggdste" lemma="najti">najde</w>
               <S/>
               <w msd="Somei" lemma="prostor">prostor</w>
               <S/>
               <w msd="Dm" lemma="v">v</w>
               <S/>
               <w msd="Somem" lemma="vrt">vrtu</w>
            </s>
         </p>
         <p xml:id="F0001024.000447">
            <s>
               <w msd="Rsr" lemma="več">Več</w>
               <S/>
               <w msd="Sozmr" lemma="vrba">vrb</w>
               <S/>
               <w msd="Gp-ste-n" lemma="biti">je</w>
               <S/>
               <w msd="Ppnmmr" lemma="zanimiv">zanimivih</w>
               <S/>
               <w msd="Dr" lemma="zaradi">zaradi</w>
               <S/>
               <w msd="Rsn" lemma="izrazito">izrazito</w>
               <S/>
               <w msd="Pdnzmr" lemma="obarvan">obarvanih</w>
               <S/>
               <w msd="Sozmr" lemma="vejica">vejic</w>
               <c>.</c>
               <S/>
            </s>
            <s>
               <w msd="Zk-zei" lemma="takšen">Takšna</w>
               <S/>
               <w msd="Gp-ste-n" lemma="biti">je</w>
               <c>,</c>
               <S/>
               <w msd="Dt" lemma="na">na</w>
               <S/>
               <w msd="Sometn" lemma="primer">primer</w>
               <c>,</c>
               <S/>
               <w msd="Psnzei" lemma="fargesov">fargesova</w>
               <S/>
               <w msd="Sozei" lemma="vrba">vrba</w>
               <S/>
               <c>(</c>
               <w msd="Slmei" lemma="Salix">Salix</w>
               <S/>
               <w msd="N" lemma="fargesii">fargesii</w>
               <c>)</c>
               <c>.</c>
               <S/>
            </s>
            <s>
               <w msd="Sozmi" lemma="mladika">Mladike</w>
               <S/>
               <w msd="Zp------k" lemma="se">se</w>
               <S/>
               <w msd="Rsn" lemma="pozimi">pozimi</w>
               <S/>
               <w msd="Rsn" lemma="bleščeče">bleščeče</w>
               <S/>
               <w msd="Ggnstm" lemma="svetiti">svetijo</w>
               <S/>
               <w msd="Vp" lemma="in">in</w>
               <S/>
               <w msd="Ggnstm" lemma="nositi">nosijo</w>
               <S/>
               <w msd="Ppnmmt" lemma="vpadljiv">vpadljive</w>
               <S/>
               <w msd="Rsn" lemma="temno">temno</w>
               <S/>
               <w msd="Ppnzer" lemma="rdeč">rdeče</w>
               <S/>
               <w msd="Sommt" lemma="popek">popke</w>
               <c>.</c>
               <S/>
            </s>
            <s>
               <w msd="Psnzei" lemma="Fargesov">Fargesova</w>
               <S/>
               <w msd="Sozei" lemma="vrba">vrba</w>
               <S/>
               <w msd="Gp-ste-n" lemma="biti">je</w>
               <S/>
               <w msd="Ppnzei" lemma="lep">lepa</w>
               <S/>
               <w msd="Dr" lemma="brez">brez</w>
               <S/>
               <w msd="Sommr" lemma="list">listov</w>
               <c>,</c>
               <S/>
               <w msd="Vp" lemma="pa">pa</w>
               <S/>
               <w msd="L" lemma="tudi">tudi</w>
               <S/>
               <w msd="Do" lemma="z">z</w>
               <S/>
               <w msd="Zotmmo" lemma="on">njimi</w>
               <c>.</c>
               <S/>
            </s>
            <s>
               <w msd="Rsn" lemma="hkrati">Hkrati</w>
               <S/>
               <w msd="Do" lemma="z">z</w>
               <S/>
               <w msd="Sommo" lemma="list">listi</w>
               <S/>
               <w msd="Zp------k" lemma="se">se</w>
               <S/>
               <w msd="Ggdstm" lemma="pokazati">pokažejo</w>
               <S/>
               <w msd="Sozmi" lemma="mačica">mačice</w>
               <c>.</c>
               <S/>
            </s>
            <s>
               <w msd="Rsn" lemma="zelo">Zelo</w>
               <S/>
               <w msd="Ppnzmi" lemma="dolg">dolge</w>
               <S/>
               <w msd="Gp-stm-n" lemma="biti">so</w>
               <c>,</c>
               <S/>
               <w msd="Dt" lemma="čez">čez</w>
               <S/>
               <w msd="Kbg-mt" lemma="deset">deset</w>
               <S/>
               <w msd="Sommr" lemma="centimeter">centimetrov</w>
               <c>,</c>
               <S/>
               <w msd="Vp" lemma="in">in</w>
               <S/>
               <w msd="Ppnzer" lemma="rumen">rumene</w>
               <S/>
               <w msd="Sozer" lemma="barva">barve</w>
               <c>.</c>
               <S/>
            </s>
            <s>
               <w msd="Pdnmmi" lemma="odrasel">Odrasli</w>
               <S/>
               <w msd="Sommi" lemma="list">listi</w>
               <S/>
               <w msd="Gp-stm-n" lemma="biti">so</w>
               <S/>
               <w msd="Ppnmmi" lemma="dolg">dolgi</w>
               <S/>
               <w msd="Vp" lemma="in">in</w>
               <S/>
               <w msd="Ppnmmi" lemma="širok">široki</w>
               <c>,</c>
               <S/>
               <w msd="Rsn" lemma="temno">temno</w>
               <S/>
               <w msd="Ppnmmi" lemma="zelen">zeleni</w>
               <c>,</c>
               <S/>
               <w msd="Pdnmmi" lemma="bleščeč">bleščeči</w>
               <S/>
               <w msd="Vp" lemma="in">in</w>
               <S/>
               <w msd="Dm" lemma="na">na</w>
               <S/>
               <w msd="Zotmmm" lemma="on">njih</w>
               <S/>
               <w msd="Gp-stm-n" lemma="biti">so</w>
               <S/>
               <w msd="Pdnzmi" lemma="poudarjen">poudarjene</w>
               <S/>
               <w msd="Ppnzmi" lemma="vijoličast">vijoličaste</w>
               <S/>
               <w msd="Sozmi" lemma="žila">žile</w>
               <c>.</c>
            </s>
         </p>
         <p xml:id="F0001024.000460">
            <s>
               <w msd="Ppnzei" lemma="zavitovejen">Zavitovejna</w>
               <S/>
               <w msd="Sozei" lemma="vrba">vrba</w>
            </s>
         </p>
         <p xml:id="F0001024.000478">
            <s>
               <w msd="Somei" lemma="kramp">Kramp</w>
               <S/>
               <w msd="Vp" lemma="in">in</w>
               <S/>
               <w msd="Somei" lemma="cepin">cepin</w>
               <S/>
               <w msd="Gp-std-n" lemma="biti">sta</w>
               <S/>
               <w msd="Rss" lemma="najbolj">najbolj</w>
               <S/>
               <w msd="Ppnzei" lemma="priročen">priročna</w>
               <S/>
               <w msd="Sozei" lemma="kosa">kosa</w>
               <S/>
               <w msd="Do" lemma="med">med</w>
               <S/>
               <w msd="Ppnmmo" lemma="težek">težkimi</w>
               <S/>
               <w msd="Ppnsmo" lemma="vrten">vrtnimi</w>
               <S/>
               <w msd="Sosmo" lemma="orodje">orodji</w>
               <c>.</c>
               <S/>
            </s>
            <s>
               <w msd="Rsn" lemma="davno">Davno</w>
               <c>,</c>
               <S/>
               <w msd="L" lemma="še">še</w>
               <S/>
               <w msd="Vd" lemma="preden">preden</w>
               <S/>
               <w msd="Gp-stm-n" lemma="biti">so</w>
               <S/>
               <w msd="Zspmmim" lemma="naš">naši</w>
               <S/>
               <w msd="Sommi" lemma="prednik">predniki</w>
               <S/>
               <w msd="Ggdd-mm" lemma="postaviti">postavili</w>
               <S/>
               <w msd="Kbvzmi" lemma="prvi">prve</w>
               <S/>
               <w msd="Sozer" lemma="koča">koče</w>
               <c>,</c>
               <S/>
               <w msd="Gp-stm-n" lemma="biti">so</w>
               <S/>
               <w msd="Ggnd-mm" lemma="morati">morali</w>
               <S/>
               <w msd="Ggdn" lemma="posekati">posekati</w>
               <S/>
               <w msd="Sommt" lemma="gozd">gozdove</w>
               <c>,</c>
               <S/>
               <w msd="Do" lemma="z">s</w>
               <S/>
               <w msd="Zv-mmo" lemma="kateri">katerimi</w>
               <S/>
               <w msd="Gp-ste-n" lemma="biti">je</w>
               <S/>
               <w msd="Gp-d-ez" lemma="biti">bila</w>
               <S/>
               <w msd="Slzei" lemma="Slovenija">Slovenija</w>
               <S/>
               <w msd="L" lemma="še">še</w>
               <S/>
               <w msd="Rsr" lemma="bolj">bolj</w>
               <S/>
               <w msd="Pdnzei" lemma="poraščen">poraščena</w>
               <c>,</c>
               <S/>
               <w msd="Vd" lemma="kot">kot</w>
               <S/>
               <w msd="Gp-ste-n" lemma="biti">je</w>
               <S/>
               <w msd="Rsn" lemma="danes">danes</w>
               <c>.</c>
               <S/>
            </s>
            <s>
               <w msd="Dm" lemma="pri">Pri</w>
               <S/>
               <w msd="Sosem" lemma="pripravljanje">pripravljanju</w>
               <S/>
               <w msd="Sosmr" lemma="zemljišče">zemljišč</w>
               <S/>
               <w msd="Dt" lemma="za">za</w>
               <S/>
               <w msd="Ppnset" lemma="primitiven">primitivno</w>
               <S/>
               <w msd="Soset" lemma="poljedelstvo">poljedelstvo</w>
               <S/>
               <w msd="Gp-stm-n" lemma="biti">so</w>
               <S/>
               <w msd="Ggnd-mm" lemma="morati">morali</w>
               <S/>
               <w msd="L" lemma="tudi">tudi</w>
               <S/>
               <w msd="Sozei" lemma="pra">pra</w>
               <c>-</c>
               <w msd="Slmmi" lemma="Slovenec">Slovenci</w>
               <S/>
               <c>(</c>
               <w msd="Vp" lemma="ali">ali</w>
               <S/>
               <w msd="Ggvn" lemma="veneti">Veneti</w>
               <c>,</c>
               <S/>
               <w msd="Vd" lemma="kakor">kakor</w>
               <S/>
               <w msd="Ggnsdm-n" lemma="hoteti">hočete</w>
               <c>)</c>
               <S/>
               <w msd="Ggdn" lemma="izruvati">izruvati</w>
               <S/>
               <w msd="Sozmt" lemma="korenina">korenine</w>
               <S/>
               <w msd="Pdnsmr" lemma="posekan">posekanih</w>
               <S/>
               <w msd="Sosmr" lemma="drevo">dreves</w>
               <c>.</c>
               <S/>
            </s>
            <s>
               <w msd="L" lemma="ne">Ne</w>
               <S/>
               <w msd="Ggnspm" lemma="vedeti">vemo</w>
               <c>,</c>
               <S/>
               <w msd="Zv-zmt" lemma="kakšen">kakšne</w>
               <S/>
               <w msd="Somer" lemma="per">pra</w>
               <c>-</c>
               <w msd="Sozer" lemma="kampa">kampe</w>
               <S/>
               <w msd="Dm" lemma="o">o</w>
               <S/>
               <w msd="Rsn" lemma="tedaj">tedaj</w>
               <S/>
               <w msd="Ggnd-mm" lemma="uporabljati">uporabljali</w>
               <c>,</c>
               <S/>
               <w msd="Vp" lemma="a">a</w>
               <S/>
               <w msd="Rsn" lemma="gotovo">gotovo</w>
               <S/>
               <w msd="Gp-g" lemma="biti">bi</w>
               <S/>
               <w msd="Zotmmd--k" lemma="on">jim</w>
               <S/>
               <w msd="Ggdd-mm" lemma="priti">prišli</w>
               <S/>
               <w msd="L" lemma="prav">prav</w>
               <S/>
               <w msd="Zk-mmi" lemma="takšen">takšni</w>
               <c>,</c>
               <S/>
               <w msd="Zz-zmt" lemma="kakršen">kakršne</w>
               <S/>
               <w msd="Ggnspm" lemma="vihteti">vihtimo</w>
               <S/>
               <w msd="Rsn" lemma="danes">danes</w>
               <c>.</c>
            </s>
         </p>
         <p xml:id="F0001024.000488">
            <s>
               <w msd="Pdnzei" lemma="presenečen">Presenečena</w>
               <S/>
               <w msd="Gp-spe-n" lemma="biti">sem</w>
               <c>,</c>
               <S/>
               <w msd="Vd" lemma="da">da</w>
               <S/>
               <w msd="Ggnsdm" lemma="praznovati">praznujete</w>
               <S/>
               <w msd="L" lemma="šele">šele</w>
               <S/>
               <w msd="Kbvmet" lemma="prvi">prvi</w>
               <S/>
               <w msd="Ppnmetd" lemma="rojsten">rojstni</w>
               <S/>
               <w msd="Sometn" lemma="dan">dan</w>
               <c>,</c>
               <S/>
               <w msd="Rsn" lemma="glede">glede</w>
               <S/>
               <w msd="Dt" lemma="na">na</w>
               <S/>
               <w msd="Sozet" lemma="vsebina">vsebino</w>
               <S/>
               <w msd="Vp" lemma="in">in</w>
               <S/>
               <w msd="Sozet" lemma="izkušenost">izkušenost</w>
               <c>,</c>
               <S/>
               <w msd="Vd" lemma="ki">ki</w>
               <S/>
               <w msd="Zotzet--k" lemma="on">jo</w>
               <S/>
               <w msd="Gp-ste-n" lemma="biti">je</w>
               <S/>
               <w msd="Ggnn" lemma="čutiti">čutiti</w>
               <S/>
               <w msd="Dm" lemma="v">v</w>
               <S/>
               <w msd="Zsdzemm" lemma="vaš">vaši</w>
               <S/>
               <w msd="Sozem" lemma="revija">reviji</w>
               <c>.</c>
               <S/>
            </s>
            <s>
               <w msd="Zk-sei" lemma="ta">To</w>
               <S/>
               <w msd="Rsn" lemma="lahko">lahko</w>
               <S/>
               <w msd="Ggdspe" lemma="reči">rečem</w>
               <c>,</c>
               <S/>
               <w msd="Vp" lemma="saj">saj</w>
               <S/>
               <w msd="Dm" lemma="v">v</w>
               <S/>
               <w msd="Slmem" lemma="Zagreb">Zagrebu</w>
               <S/>
               <w msd="Ggnste" lemma="izhajati">izhaja</w>
               <S/>
               <w msd="Sozei" lemma="revija">revija</w>
               <S/>
               <w msd="Zspzeim" lemma="naš">Naša</w>
               <S/>
               <w msd="Sozei" lemma="flora">flora</w>
               <c>,</c>
               <S/>
               <w msd="Vd" lemma="ki">ki</w>
               <S/>
               <w msd="Zotzet--k" lemma="on">jo</w>
               <S/>
               <w msd="L" lemma="prav">prav</w>
               <S/>
               <w msd="Rsn" lemma="tako">tako</w>
               <S/>
               <w msd="Ggnspe" lemma="kupovati">kupujem</w>
               <c>,</c>
               <S/>
               <w msd="Vp" lemma="vendar">vendar</w>
               <S/>
               <w msd="Gp-spe-n" lemma="biti">sem</w>
               <S/>
               <w msd="Dm" lemma="v">v</w>
               <S/>
               <w msd="Zsdzemm" lemma="vaš">vaši</w>
               <S/>
               <w msd="Sozem" lemma="revija">reviji</w>
               <S/>
               <w msd="Ggdd-ez" lemma="najti">našla</w>
               <S/>
               <w msd="Rsn" lemma="mnogo">mnogo</w>
               <S/>
               <w msd="Rsr" lemma="več">več</w>
               <S/>
               <w msd="Ppnzmr" lemma="zanimiv">zanimivih</w>
               <S/>
               <w msd="Sozmr" lemma="tema">tem</w>
               <c>,</c>
               <S/>
               <w msd="Vd" lemma="ki">ki</w>
               <S/>
               <w msd="Gp-stm-n" lemma="biti">so</w>
               <S/>
               <w msd="Zop-ed--k" lemma="jaz">mi</w>
               <S/>
               <w msd="Ggnd-mz" lemma="biti">bile</w>
               <S/>
               <w msd="Rsn" lemma="posebno">posebno</w>
               <S/>
               <w msd="Rsn" lemma="blizu">blizu</w>
               <c>.</c>
            </s>
         </p>
         <p xml:id="F0001024.000496">
            <s>
               <w msd="Slzei" lemma="Dora">Dora</w>
               <S/>
               <w msd="Vp" lemma="in">in</w>
               <S/>
               <w msd="Slmei" lemma="Egon">Egon</w>
               <S/>
               <w msd="Slmei" lemma="Lukacs">Lukacs</w>
               <c>,</c>
               <S/>
               <w msd="Slmei" lemma="Žalec">Žalec</w>
            </s>
         </p>
         <p xml:id="F0001024.000536">
            <s>
               <w msd="Sozmt" lemma="rastlina">Rastline</w>
               <S/>
               <w msd="Ggdvdm" lemma="posaditi">posadite</w>
               <S/>
               <w msd="Dt" lemma="v">v</w>
               <S/>
               <w msd="Ppnmmt" lemma="glinen">glinene</w>
               <S/>
               <w msd="Sommt" lemma="lonec">lonce</w>
               <c>.</c>
               <S/>
            </s>
            <s>
               <w msd="Sozet" lemma="stena">Steno</w>
               <S/>
               <w msd="Do" lemma="nad">nad</w>
               <S/>
               <w msd="Zotmmo" lemma="on">njimi</w>
               <S/>
               <w msd="Rsn" lemma="lahko">lahko</w>
               <S/>
               <w msd="Ggdsdm" lemma="popestriti">popestrite</w>
               <S/>
               <w msd="Do" lemma="z">s</w>
               <S/>
               <w msd="Ppnmeo" lemma="preprost">preprostim</w>
               <S/>
               <w msd="Someo" lemma="svečnik">svečnikom</w>
               <c>,</c>
               <S/>
               <w msd="Pdnmeo" lemma="narejen">narejenim</w>
               <S/>
               <w msd="Dr" lemma="iz">iz</w>
               <S/>
               <w msd="Ppnmer" lemma="star">starega</w>
               <S/>
               <w msd="Somer" lemma="strešnik">strešnika</w>
               <c>,</c>
               <S/>
               <w msd="Do" lemma="z">s</w>
               <S/>
               <w msd="Zv-meo" lemma="kateri">katerim</w>
               <S/>
               <w msd="Gp-pdm-n" lemma="biti">boste</w>
               <S/>
               <w msd="Ggdd-mm" lemma="razbiti">razbili</w>
               <S/>
               <w msd="Sozet" lemma="monotonija">monotonijo</w>
               <S/>
               <w msd="Sozer" lemma="stena">stene</w>
               <c>.</c>
               <S/>
            </s>
            <s>
               <w msd="Rsn" lemma="lepo">Lepo</w>
               <S/>
               <w msd="Gp-pte-n" lemma="biti">bo</w>
               <S/>
               <w msd="Ggdd-em" lemma="zaokrožiti">zaokrožil</w>
               <S/>
               <w msd="Sozet" lemma="zasaditev">zasaditev</w>
               <S/>
               <w msd="Dm" lemma="v">v</w>
               <S/>
               <w msd="Ppnmmm" lemma="glinen">glinenih</w>
               <S/>
               <w msd="Sommm" lemma="lonec">loncih</w>
               <c>.</c>
               <S/>
            </s>
         </p>
         <p xml:id="F0001024.000542">
            <s>
               <w msd="Zz-mei" lemma="kdor">Kdor</w>
               <S/>
               <w msd="Ggdste" lemma="stopiti">stopi</w>
               <S/>
               <w msd="Dt" lemma="v">v</w>
               <S/>
               <w msd="Sometn" lemma="vrt">vrt</w>
               <S/>
               <w msd="Slmer" lemma="Claude">Clauda</w>
               <S/>
               <w msd="Slmer" lemma="Mone">Moneta</w>
               <S/>
               <w msd="Dm" lemma="v">v</w>
               <S/>
               <w msd="Slmem" lemma="Giverny">Givernyju</w>
               <c>,</c>
               <S/>
               <w msd="Ggnste" lemma="čutiti">čuti</w>
               <c>,</c>
               <S/>
               <w msd="Vd" lemma="da">da</w>
               <S/>
               <w msd="Ggnste" lemma="stopati">stopa</w>
               <S/>
               <w msd="Do" lemma="med">med</w>
               <S/>
               <w msd="Soseo" lemma="cvetje">cvetjem</w>
               <S/>
               <w msd="Ppnmer" lemma="rajski">rajskega</w>
               <S/>
               <w msd="Somer" lemma="vrt">vrta</w>
               <c>.</c>
               <S/>
            </s>
            <s>
               <w msd="Kbvmei" lemma="prvi">Prvi</w>
               <S/>
               <w msd="Somei" lemma="obisk">obisk</w>
               <S/>
               <w msd="Gp-ste-n" lemma="biti">je</w>
               <S/>
               <w msd="Ppnsei" lemma="čist">čisto</w>
               <S/>
               <w msd="Soset" lemma="uživanje">uživanje</w>
               <c>,</c>
               <S/>
               <w msd="Ppnmetd" lemma="naslednji">naslednji</w>
               <S/>
               <w msd="Zop-mt" lemma="jaz">nas</w>
               <S/>
               <w msd="Ggdstm" lemma="opozoriti">opozorijo</w>
               <c>,</c>
               <S/>
               <w msd="Vd" lemma="da">da</w>
               <S/>
               <w msd="Gp-ste-n" lemma="biti">je</w>
               <S/>
               <w msd="Somei" lemma="vrt">vrt</w>
               <S/>
               <w msd="Ppnmein" lemma="večplasten">večplasten</w>
               <S/>
               <w msd="Somei" lemma="rezultat">rezultat</w>
               <S/>
               <w msd="Sozer" lemma="zgodovina">zgodovine</w>
               <c>,</c>
               <S/>
               <w msd="Soser" lemma="znanje">znanja</w>
               <S/>
               <w msd="Vp" lemma="in">in</w>
               <S/>
               <w msd="Ppnzmt" lemma="velik">velike</w>
               <S/>
               <w msd="Sozer" lemma="navdahnjenost">navdahnjenosti</w>
               <S/>
               <w msd="Somer" lemma="lastnik">lastnika</w>
               <c>.</c>
            </s>
         </p>
         <p xml:id="F0001024.000553">
            <s>
               <w msd="O" lemma="št.">Št.</w>
               <w msd="Kag" lemma="2">2</w>
               <c>:</c>
            </s>
         </p>
         <p xml:id="F0001024.000557">
            <s>
               <w msd="O" lemma="št.">Št.</w>
               <w msd="Kag" lemma="4">4</w>
               <c>:</c>
            </s>
         </p>
         <p xml:id="F0001024.000574">
            <s>
               <w msd="Slzei" lemma="Alenka">Alenka</w>
               <S/>
               <w msd="Slzei" lemma="Anžlin">Anžlin</w>
               <S/>
               <w msd="Gp-ste-n" lemma="biti">je</w>
               <S/>
               <w msd="Kbzzei" lemma="en">ena</w>
               <S/>
               <w msd="Dr" lemma="izmed">izmed</w>
               <S/>
               <w msd="Ppnzmr" lemma="mlad">mladih</w>
               <S/>
               <w msd="Sozmr" lemma="cvetličarka">cvetličark</w>
               <c>,</c>
               <S/>
               <w msd="Vd" lemma="ki">ki</w>
               <S/>
               <w msd="Zp------k" lemma="se">se</w>
               <S/>
               <w msd="Do" lemma="z">z</w>
               <S/>
               <w msd="Soseo" lemma="veselje">veseljem</w>
               <S/>
               <w msd="Ggnste" lemma="spominjati">spominja</w>
               <S/>
               <w msd="Sosmr" lemma="leto">let</w>
               <c>,</c>
               <S/>
               <w msd="Pdnzmr" lemma="preživet">preživetih</w>
               <S/>
               <w msd="Dm" lemma="v">v</w>
               <S/>
               <w msd="Slsem" lemma="Celje">Celju</w>
               <c>.</c>
               <S/>
            </s>
            <s>
               <w msd="Dm" lemma="v">V</w>
               <S/>
               <w msd="Ppnsem" lemma="roden">rodnem</w>
               <S/>
               <w msd="Ppnsem" lemma="nov">Novem</w>
               <S/>
               <w msd="Sosem" lemma="mesto">mestu</w>
               <S/>
               <w msd="Gp-ste-n" lemma="biti">je</w>
               <S/>
               <w msd="L" lemma="že">že</w>
               <S/>
               <w msd="Do" lemma="pred">pred</w>
               <S/>
               <w msd="Someo" lemma="konec">koncem</w>
               <S/>
               <w msd="Ppnzer" lemma="osnoven">osnovne</w>
               <S/>
               <w msd="Sozer" lemma="šola">šole</w>
               <S/>
               <w msd="Ggdd-ez" lemma="začutiti">začutila</w>
               <c>,</c>
               <S/>
               <w msd="Vd" lemma="da">da</w>
               <S/>
               <w msd="Zotzet--k" lemma="on">jo</w>
               <S/>
               <w msd="Sosei" lemma="delo">delo</w>
               <S/>
               <w msd="Do" lemma="z">s</w>
               <S/>
               <w msd="Sozmo" lemma="cvetlica">cvetlicami</w>
               <S/>
               <w msd="Ggnste" lemma="privlačiti">privlači</w>
               <c>,</c>
               <S/>
               <w msd="Rsr" lemma="bolj">bolj</w>
               <S/>
               <w msd="Vd" lemma="kot">kot</w>
               <S/>
               <w msd="Zz-set" lemma="karkoli">karkoli</w>
               <S/>
               <w msd="Kbzser" lemma="drug">drugega</w>
               <c>.</c>
               <S/>
            </s>
            <s>
               <w msd="Vd" lemma="čeprav">Čeprav</w>
               <S/>
               <w msd="Gp-std-n" lemma="biti">sta</w>
               <S/>
               <w msd="Zotzet--k" lemma="on">jo</w>
               <S/>
               <w msd="Somdi" lemma="starš">starša</w>
               <S/>
               <w msd="Rsn" lemma="sprva">sprva</w>
               <S/>
               <w msd="Ggnd-ez" lemma="skušati">skušala</w>
               <S/>
               <w msd="Ggdn" lemma="odvrniti">odvrniti</w>
               <S/>
               <w msd="Dr" lemma="od">od</w>
               <S/>
               <w msd="Zk-ser" lemma="ta">tega</w>
               <c>,</c>
               <S/>
               <w msd="Vd" lemma="da">da</w>
               <S/>
               <w msd="Gp-g" lemma="biti">bi</w>
               <S/>
               <w msd="Dr" lemma="zaradi">zaradi</w>
               <S/>
               <w msd="Soser" lemma="šolanje">šolanja</w>
               <S/>
               <w msd="Ggdd-ez" lemma="oditi">odšla</w>
               <S/>
               <w msd="Dm" lemma="na">na</w>
               <S/>
               <w msd="Kbzmetd" lemma="drug">drugi</w>
               <S/>
               <w msd="Sometn" lemma="konec">konec</w>
               <S/>
               <w msd="Slzer" lemma="Slovenija">Slovenije</w>
               <c>,</c>
               <S/>
               <w msd="Gp-ste-n" lemma="biti">je</w>
               <S/>
               <w msd="Ggnd-ez" lemma="vztrajati">vztrajala</w>
               <c>.</c>
               <S/>
            </s>
            <s>
               <c>»</c>
               <w msd="Rsn" lemma="lahko">Lahko</w>
               <S/>
               <w msd="Ggdspe" lemma="reči">rečem</w>
               <c>,</c>
               <S/>
               <w msd="Vd" lemma="da">da</w>
               <S/>
               <w msd="Gp-spe-n" lemma="biti">sem</w>
               <S/>
               <w msd="Do" lemma="z">s</w>
               <S/>
               <w msd="Ppnseo" lemma="velik">velikim</w>
               <S/>
               <w msd="Soseo" lemma="veselje">veseljem</w>
               <S/>
               <w msd="Ggnd-ez" lemma="hoditi">hodila</w>
               <S/>
               <w msd="Dd" lemma="k">k</w>
               <S/>
               <w msd="Somed" lemma="pouk">pouku</w>
               <c>,</c>
               <S/>
               <w msd="Vp" lemma="saj">saj</w>
               <S/>
               <w msd="Gp-spe-n" lemma="biti">sem</w>
               <S/>
               <w msd="Ggnd-ez" lemma="hoteti">hotela</w>
               <S/>
               <w msd="Ggdn" lemma="priti">priti</w>
               <S/>
               <w msd="Dr" lemma="do">do</w>
               <S/>
               <w msd="Somer" lemma="poklic">poklica</w>
               <c>,</c>
               <S/>
               <w msd="Vd" lemma="ki">ki</w>
               <S/>
               <w msd="Zop-et--k" lemma="jaz">me</w>
               <S/>
               <w msd="Rsn" lemma="neznansko">neznansko</w>
               <S/>
               <w msd="Ppnmmi" lemma="vesel">veseli</w>
               <c>,</c>
               <c>«</c>
               <S/>
               <w msd="Ggvste" lemma="praviti">pravi</w>
               <S/>
               <w msd="Rsn" lemma="danes">danes</w>
               <S/>
               <w msd="Slzei" lemma="Alenka">Alenka</w>
               <c>.</c>
            </s>
         </p>
         <p xml:id="F0001024.000596">
            <s>
               <w msd="Zstzemd" lemma="njun">Njuni</w>
               <S/>
               <w msd="Sommi" lemma="trenutek">trenutki</w>
               <S/>
               <w msd="Somer" lemma="oddih">oddiha</w>
               <S/>
               <w msd="Gp-stm-n" lemma="biti">so</w>
               <S/>
               <w msd="Sommi" lemma="izlet">izleti</w>
               <S/>
               <w msd="Dm" lemma="po">po</w>
               <S/>
               <w msd="Ppnzem" lemma="bližnji">bližnji</w>
               <S/>
               <w msd="Sozem" lemma="okolica">okolici</w>
               <c>,</c>
               <S/>
               <w msd="Ppnmmr" lemma="tuj">tujih</w>
               <S/>
               <w msd="Sommm" lemma="vrt">vrtovih</w>
               <S/>
               <w msd="Vp" lemma="in">in</w>
               <S/>
               <w msd="Ppnzmi" lemma="vsakoleten">vsakoletne</w>
               <S/>
               <w msd="Sozmt" lemma="počitnice">počitnice</w>
               <S/>
               <w msd="Dm" lemma="v">v</w>
               <S/>
               <w msd="Sosem" lemma="zdravilišče">zdravilišču</w>
               <c>.</c>
               <S/>
            </s>
         </p>
         <p xml:id="F0001024.000626">
            <s>
               <w msd="Ggnspe-n" lemma="imeti">Imam</w>
               <S/>
               <w msd="Kbgzdt" lemma="dva">dve</w>
               <S/>
               <w msd="Sozdt" lemma="vrtnica">vrtnici</w>
               <S/>
               <w msd="Sozdt" lemma="povešavka">povešavki</w>
               <c>.</c>
               <S/>
            </s>
            <s>
               <w msd="Kbzzei" lemma="en">Ena</w>
               <S/>
               <w msd="Gp-ste-n" lemma="biti">je</w>
               <S/>
               <w msd="Ppnzei" lemma="rožnat">rožnata</w>
               <S/>
               <w msd="Vp" lemma="in">in</w>
               <S/>
               <w msd="Kbzzei" lemma="drug">druga</w>
               <S/>
               <w msd="Rsn" lemma="karminsko">karminsko</w>
               <S/>
               <w msd="Ppnzei" lemma="rdeč">rdeča</w>
               <c>.</c>
               <S/>
            </s>
            <s>
               <w msd="Ggnspe-n" lemma="imeti">Imam</w>
               <S/>
               <w msd="Zotzdt--k" lemma="on">ju</w>
               <S/>
               <w msd="L" lemma="že">že</w>
               <S/>
               <w msd="Kbgsdt" lemma="dva">dve</w>
               <S/>
               <w msd="Sosdt" lemma="leto">leti</w>
               <S/>
               <w msd="Vp" lemma="in">in</w>
               <S/>
               <w msd="Zc-zdt" lemma="oba">obe</w>
               <S/>
               <w msd="Gp-std-n" lemma="biti">sta</w>
               <S/>
               <w msd="Rsn" lemma="bujno">bujno</w>
               <S/>
               <w msd="Ggnd-dz" lemma="cveteti">cveteli</w>
               <c>.</c>
               <S/>
            </s>
            <s>
               <w msd="Rsn" lemma="poleti">Poleti</w>
               <S/>
               <w msd="Vp" lemma="pa">pa</w>
               <S/>
               <w msd="Zop-ed--k" lemma="jaz">mi</w>
               <S/>
               <w msd="Gp-ste-n" lemma="biti">je</w>
               <S/>
               <w msd="Ppnzet" lemma="rdeč">rdečo</w>
               <S/>
               <w msd="Ggdd-ez" lemma="napasti">napadla</w>
               <S/>
               <w msd="Ppnzei" lemma="črn">črna</w>
               <S/>
               <w msd="Sozei" lemma="plesen">plesen</w>
               <c>.</c>
               <S/>
            </s>
            <s>
               <w msd="Sommi" lemma="listič">Lističi</w>
               <S/>
               <w msd="Gp-stm-n" lemma="biti">so</w>
               <S/>
               <w msd="Pdnmmi" lemma="porumenel">porumeneli</w>
               <S/>
               <w msd="Vp" lemma="in">in</w>
               <S/>
               <w msd="Ggdd-mm" lemma="odpasti">odpadli</w>
               <S/>
               <w msd="L" lemma="ne">ne</w>
               <S/>
               <w msd="Dm" lemma="na">na</w>
               <S/>
               <w msd="Zc-mmm" lemma="ves">vseh</w>
               <S/>
               <w msd="Sommm" lemma="poganjek">poganjkih</w>
               <c>.</c>
               <S/>
            </s>
            <s>
               <w msd="Dd" lemma="kljub">Kljub</w>
               <S/>
               <w msd="Sosed" lemma="škropljenje">škropljenju</w>
               <S/>
               <w msd="Gp-ste-n" lemma="biti">je</w>
               <S/>
               <w msd="Gp-spe-d" lemma="biti">nisem</w>
               <S/>
               <w msd="Ggnd-ez" lemma="moči">mogla</w>
               <S/>
               <w msd="Ggdn" lemma="ozdraviti">ozdraviti</w>
               <S/>
               <w msd="Vp" lemma="in">in</w>
               <S/>
               <w msd="Zstmeiez" lemma="njen">njen</w>
               <S/>
               <w msd="Somei" lemma="videz">videz</w>
               <S/>
               <w msd="Gp-ste-n" lemma="biti">je</w>
               <S/>
               <w msd="Gp-d-em" lemma="biti">bil</w>
               <S/>
               <w msd="Rsn" lemma="precej">precej</w>
               <S/>
               <w msd="Ppnmein" lemma="klavrn">klavrn</w>
               <c>.</c>
               <S/>
            </s>
            <s>
               <w msd="Zv-set" lemma="kaj">Kaj</w>
               <S/>
               <w msd="L" lemma="naj">naj</w>
               <S/>
               <w msd="Ggdspe" lemma="storiti">storim</w>
               <c>?</c>
               <S/>
            </s>
            <s>
               <w msd="Rsn" lemma="kdaj">Kdaj</w>
               <S/>
               <w msd="L" lemma="naj">naj</w>
               <S/>
               <w msd="Ggdspe" lemma="začeti">začnem</w>
               <S/>
               <w msd="Do" lemma="z">s</w>
               <S/>
               <w msd="Soseo" lemma="škropljenje">škropljenjem</w>
               <S/>
               <w msd="Vp" lemma="in">in</w>
               <S/>
               <w msd="Do" lemma="z">s</w>
               <S/>
               <w msd="Zv-seo" lemma="kaj">čim</w>
               <S/>
               <w msd="L" lemma="naj">naj</w>
               <S/>
               <w msd="Ggnspe" lemma="škropiti">škropim</w>
               <c>?</c>
               <S/>
            </s>
            <s>
               <w msd="Vp" lemma="ali">Ali</w>
               <S/>
               <w msd="L" lemma="naj">naj</w>
               <S/>
               <w msd="Rsn" lemma="spomladi">spomladi</w>
               <S/>
               <w msd="Ppnzmt" lemma="lanski">lanske</w>
               <S/>
               <w msd="Ppnzer" lemma="bolan">bolne</w>
               <c>,</c>
               <S/>
               <w msd="Slmei" lemma="gole">gole</w>
               <S/>
               <w msd="Sommt" lemma="poganjek">poganjke</w>
               <S/>
               <w msd="Ggdspe" lemma="porezati">porežem</w>
               <c>?</c>
               <S/>
            </s>
            <s>
               <w msd="Ggnd-ez" lemma="želeti">Želela</w>
               <S/>
               <w msd="Gp-g" lemma="biti">bi</w>
               <c>,</c>
               <S/>
               <w msd="Vd" lemma="da">da</w>
               <S/>
               <w msd="Gp-g" lemma="biti">bi</w>
               <S/>
               <w msd="Ggnd-ez" lemma="imeti">imela</w>
               <S/>
               <w msd="Sozei" lemma="vrtnica">vrtnica</w>
               <S/>
               <w msd="L" lemma="še">še</w>
               <S/>
               <w msd="Rsn" lemma="naprej">naprej</w>
               <S/>
               <w msd="Ppnmein" lemma="lep">lep</w>
               <S/>
               <w msd="Ppnmetn" lemma="okrogel">okrogel</w>
               <S/>
               <w msd="Somei" lemma="videz">videz</w>
               <c>.</c>
               <S/>
            </s>
            <s>
               <w msd="Ggnspe" lemma="prositi">Prosim</w>
               <S/>
               <w msd="Dt" lemma="za">za</w>
               <S/>
               <w msd="Sometn" lemma="nasvet">nasvet</w>
               <c>.</c>
            </s>
         </p>
         <p xml:id="F0001024.000642">
            <s>
               <w msd="Pdnzei" lemma="naveden">Navedena</w>
               <S/>
               <w msd="Sozei" lemma="sorta">sorta</w>
               <S/>
               <w msd="Sozer" lemma="vrtnica">vrtnice</w>
               <c>,</c>
               <S/>
               <w msd="Dm" lemma="po">po</w>
               <S/>
               <w msd="Zv-zem" lemma="kateri">kateri</w>
               <S/>
               <w msd="Ggnsdm" lemma="spraševati">sprašujete</w>
               <c>,</c>
               <S/>
               <w msd="Gp-ste-n" lemma="biti">je</w>
               <S/>
               <w msd="Dt" lemma="na">na</w>
               <S/>
               <w msd="Sozet" lemma="volja">voljo</w>
               <S/>
               <w msd="L" lemma="tudi">tudi</w>
               <S/>
               <w msd="Dm" lemma="v">v</w>
               <S/>
               <w msd="Slzem" lemma="Slovenija">Sloveniji</w>
               <S/>
               <w msd="Dm" lemma="pri">pri</w>
               <S/>
               <w msd="Pdnmem" lemma="pooblaščen">pooblaščenem</w>
               <S/>
               <w msd="Somem" lemma="uvoznik">uvozniku</w>
               <S/>
               <w msd="Sozmr" lemma="vrtnica">vrtnic</w>
               <S/>
               <w msd="Ppnmer" lemma="tuj">tujega</w>
               <S/>
               <w msd="Somer" lemma="gojitelj">gojitelja</w>
               <c>.</c>
               <S/>
            </s>
            <s>
               <w msd="Rsn" lemma="lahko">Lahko</w>
               <S/>
               <w msd="Vp" lemma="pa">pa</w>
               <S/>
               <w msd="Ggdsdm" lemma="zasaditi">zasadite</w>
               <S/>
               <w msd="L" lemma="tudi">tudi</w>
               <S/>
               <w msd="Ppnzet" lemma="podoben">podobno</w>
               <S/>
               <w msd="Ppnzet" lemma="plezav">plezavo</w>
               <S/>
               <w msd="Sozet" lemma="vrtnica">vrtnico</w>
               <S/>
               <w msd="Sozer" lemma="sorta">sorte</w>
               <S/>
               <c>'</c>
               <w msd="N" lemma="santana">Santana</w>
               <c>'</c>
               <c>.</c>
            </s>
         </p>
         <p xml:id="F0001024.000738">
            <s>
               <w msd="O" lemma="št.">Št.</w>
               <w msd="Kag" lemma="4">4</w>
               <c>:</c>
            </s>
         </p>
         <p xml:id="F0001024.000757">
            <s>
               <w msd="Somei" lemma="R">R</w>
               <c>&amp;</c>
               <w msd="Dt" lemma="v">V</w>
               <S/>
               <w msd="Ppnmeid" lemma="zelenjaven">Zelenjavni</w>
               <S/>
               <w msd="Somei" lemma="vrt">vrt</w>
            </s>
         </p>
         <p xml:id="F0001024.000769">
            <s>
               <w msd="Sosei" lemma="poletje">Poletje</w>
               <S/>
               <w msd="Dm" lemma="na">na</w>
               <S/>
               <w msd="Ppnmem" lemma="zelenjaven">zelenjavnem</w>
               <S/>
               <w msd="Somem" lemma="vrt">vrtu</w>
               <S/>
               <w msd="Ggvste" lemma="pomeniti">pomeni</w>
               <S/>
               <w msd="Rsn" lemma="nekoliko">nekoliko</w>
               <S/>
               <w msd="Soser" lemma="zatišje">zatišja</w>
               <c>,</c>
               <S/>
               <w msd="Rsn" lemma="kar">kar</w>
               <S/>
               <w msd="Zp------k" lemma="se">se</w>
               <S/>
               <w msd="Soser" lemma="sejanje">sejanja</w>
               <S/>
               <w msd="Vp" lemma="in">in</w>
               <S/>
               <w msd="Soser" lemma="sajenje">sajenja</w>
               <S/>
               <w msd="Ggnste" lemma="tikati">tiče</w>
               <c>,</c>
               <S/>
               <w msd="L" lemma="sicer">sicer</w>
               <S/>
               <w msd="Vp" lemma="pa">pa</w>
               <S/>
               <w msd="Gp-ste-n" lemma="biti">je</w>
               <S/>
               <w msd="Zk-sei" lemma="ta">to</w>
               <S/>
               <w msd="Somei" lemma="čas">čas</w>
               <S/>
               <w msd="Ppnmer" lemma="pester">pestrega</w>
               <S/>
               <w msd="Somer" lemma="pridelek">pridelka</w>
               <c>,</c>
               <S/>
               <w msd="Vd" lemma="ki">ki</w>
               <S/>
               <w msd="Gp-spm-n" lemma="biti">smo</w>
               <S/>
               <w msd="Zotmet--k" lemma="on">ga</w>
               <S/>
               <w msd="Ggdd-mm" lemma="zastaviti">zastavili</w>
               <S/>
               <w msd="Sozmt" lemma="spomlad">spomladi</w>
               <c>.</c>
               <S/>
            </s>
            <s>
               <w msd="Sommi" lemma="polet">Poleti</w>
               <S/>
               <w msd="Ggnspm" lemma="sejati">sejemo</w>
               <S/>
               <w msd="Sozet" lemma="endivija">endivijo</w>
               <S/>
               <w msd="Vp" lemma="in">in</w>
               <S/>
               <w msd="Sometn" lemma="radič">radič</w>
               <S/>
               <w msd="Vp" lemma="ali">ali</w>
               <S/>
               <w msd="Ggdspm" lemma="posaditi">posadimo</w>
               <S/>
               <w msd="Pdnzmt" lemma="kupljen">kupljene</w>
               <S/>
               <w msd="Sozmt" lemma="sadika">sadike</w>
               <c>.</c>
               <S/>
            </s>
            <s>
               <w msd="Dt" lemma="v">V</w>
               <S/>
               <w msd="Sozet" lemma="zemlja">zemljo</w>
               <S/>
               <w msd="Ggdspm" lemma="dati">damo</w>
               <S/>
               <w msd="Sozmt" lemma="sadika">sadike</w>
               <S/>
               <w msd="Ppnmer" lemma="listnat">listnatega</w>
               <S/>
               <w msd="Somer" lemma="ohrovt">ohrovta</w>
               <c>,</c>
               <S/>
               <w msd="Ppnmeid" lemma="brstičen">brstični</w>
               <S/>
               <w msd="Somei" lemma="ohrovt">ohrovt</w>
               <c>,</c>
               <S/>
               <w msd="Vd" lemma="ki">ki</w>
               <S/>
               <w msd="Ggnste" lemma="rasti">raste</w>
               <S/>
               <w msd="Rsr" lemma="počasi">počasneje</w>
               <c>,</c>
               <S/>
               <w msd="Vp" lemma="pa">pa</w>
               <S/>
               <w msd="Ggdspm" lemma="posaditi">posadimo</w>
               <S/>
               <w msd="L" lemma="že">že</w>
               <S/>
               <w msd="Rsr" lemma="prej">prej</w>
               <c>.</c>
               <S/>
            </s>
            <s>
               <w msd="Dr" lemma="konec">Konec</w>
               <S/>
               <w msd="Soser" lemma="poletje">poletja</w>
               <S/>
               <w msd="Zp------k" lemma="se">se</w>
               <S/>
               <w msd="Rsn" lemma="lahko">lahko</w>
               <S/>
               <w msd="Ggdspm" lemma="odločiti">odločimo</w>
               <S/>
               <w msd="Dt" lemma="za">za</w>
               <S/>
               <w msd="Rsn" lemma="nekaj">nekaj</w>
               <S/>
               <w msd="Sozmr" lemma="sadika">sadik</w>
               <S/>
               <w msd="Ppnmer" lemma="kitajski">kitajskega</w>
               <S/>
               <w msd="Somer" lemma="kapus">kapusa</w>
               <S/>
               <w msd="Vp" lemma="ali">ali</w>
               <S/>
               <w msd="Rsr" lemma="manj">manj</w>
               <S/>
               <w msd="Pdnmer" lemma="znan">znanega</w>
               <S/>
               <w msd="Somer" lemma="sorodnik">sorodnika</w>
               <S/>
               <w msd="Somer" lemma="pakčoj">pakčoja</w>
               <c>;</c>
               <S/>
               <w msd="Sozmi" lemma="rastlina">rastline</w>
               <S/>
               <w msd="Rsn" lemma="lahko">lahko</w>
               <S/>
               <w msd="L" lemma="tudi">tudi</w>
               <S/>
               <w msd="Ggdspm" lemma="posejati">posejemo</w>
               <S/>
               <w msd="Vp" lemma="in">in</w>
               <S/>
               <w msd="Zotmmt--k" lemma="on">jih</w>
               <S/>
               <w msd="Rsr" lemma="kasno">kasneje</w>
               <S/>
               <w msd="Ggdspm" lemma="razredčiti">razredčimo</w>
               <c>.</c>
               <S/>
            </s>
         </p>
         <p xml:id="F0001024.000770">
            <s>
               <w msd="L" lemma="še">Še</w>
               <S/>
               <w msd="Do" lemma="pred">pred</w>
               <S/>
               <w msd="Ppnmmd" lemma="koledarski">koledarskim</w>
               <S/>
               <w msd="Someo" lemma="začetek">začetkom</w>
               <S/>
               <w msd="Sozer" lemma="jesen">jeseni</w>
               <S/>
               <w msd="Ggdspm" lemma="pripraviti">pripravimo</w>
               <S/>
               <w msd="Rsn" lemma="nekaj">nekaj</w>
               <S/>
               <w msd="Sozmr" lemma="gredica">gredic</w>
               <S/>
               <w msd="Dt" lemma="za">za</w>
               <S/>
               <w msd="Kbvzer" lemma="prvi">prve</w>
               <S/>
               <w msd="Sozer" lemma="solatnica">solatnice</w>
               <S/>
               <w msd="Ppnset" lemma="naslednji">naslednje</w>
               <S/>
               <w msd="Soset" lemma="leto">leto</w>
               <c>.</c>
               <S/>
            </s>
            <s>
               <w msd="Rsn" lemma="gosto">Gosto</w>
               <S/>
               <w msd="Ggdspm" lemma="posejati">posejemo</w>
               <S/>
               <w msd="Sozet" lemma="blitva">blitvo</w>
               <c>,</c>
               <S/>
               <w msd="Slmei" lemma="radič">radič</w>
               <c>,</c>
               <S/>
               <w msd="Ppnzet" lemma="prezimen">prezimno</w>
               <S/>
               <w msd="Sozet" lemma="sorta">sorto</w>
               <S/>
               <w msd="Sozer" lemma="špinača">špinače</w>
               <c>,</c>
               <S/>
               <w msd="L" lemma="predvsem">predvsem</w>
               <S/>
               <w msd="Vp" lemma="pa">pa</w>
               <S/>
               <w msd="Somei" lemma="motovilec">motovilec</w>
               <c>.</c>
               <S/>
            </s>
            <s>
               <w msd="Pdnmein" lemma="zaščiten">Zaščiten</w>
               <S/>
               <w msd="Do" lemma="z">s</w>
               <S/>
               <w msd="Sozeo" lemma="folija">folijo</w>
               <S/>
               <w msd="Gp-pte-n" lemma="biti">bo</w>
               <S/>
               <w msd="Ggdd-em" lemma="zrasti">zrasel</w>
               <S/>
               <w msd="Rsn" lemma="dovolj">dovolj</w>
               <S/>
               <w msd="Ppnmein" lemma="velik">velik</w>
               <c>,</c>
               <S/>
               <w msd="Vd" lemma="da">da</w>
               <S/>
               <w msd="Gp-ppm-n" lemma="biti">bomo</w>
               <S/>
               <w msd="L" lemma="že">že</w>
               <S/>
               <w msd="Somer" lemma="marec">marca</w>
               <S/>
               <w msd="Rsn" lemma="lahko">lahko</w>
               <S/>
               <w msd="Ggnd-mm" lemma="pripravljati">pripravljali</w>
               <S/>
               <w msd="Kbvzmt" lemma="prvi">prve</w>
               <S/>
               <w msd="Sozer" lemma="solata">solate</w>
               <c>.</c>
            </s>
         </p>
         <p xml:id="F0001024.000786">
            <s>
               <w msd="Sosei" lemma="besedilo">Besedilo</w>
               <c>:</c>
               <S/>
               <w msd="Slzei" lemma="Ana">Ana</w>
               <S/>
               <w msd="Slzei" lemma="Marija">Marija</w>
               <S/>
               <w msd="Slmei" lemma="Hernaus">Hernaus</w>
            </s>
         </p>
         <p xml:id="F0001024.000790">
            <s>
               <w msd="L" lemma="ne">Ne</w>
               <S/>
               <w msd="Gp-ppm-n" lemma="biti">bomo</w>
               <S/>
               <w msd="Zp---d--k" lemma="se">si</w>
               <S/>
               <w msd="Ggdd-mm" lemma="omisliti">omislili</w>
               <S/>
               <w msd="Sozmt" lemma="jata">jate</w>
               <S/>
               <w msd="Sozer" lemma="kokoš">kokoši</w>
               <c>.</c>
               <S/>
            </s>
            <s>
               <w msd="Rsn" lemma="dovolj">Dovolj</w>
               <S/>
               <w msd="Gp-ptd-n" lemma="biti">bosta</w>
               <S/>
               <w msd="Sozei" lemma="kokoš">kokoš</w>
               <S/>
               <w msd="Vp" lemma="ali">ali</w>
               <S/>
               <w msd="Kbgzdi" lemma="dva">dve</w>
               <S/>
               <w msd="Vp" lemma="in">in</w>
               <S/>
               <w msd="L" lemma="morda">morda</w>
               <S/>
               <w msd="Sometn" lemma="petelin">petelin</w>
               <c>,</c>
               <S/>
               <w msd="Vd" lemma="da">da</w>
               <S/>
               <w msd="Zotmdt--k" lemma="on">ju</w>
               <S/>
               <w msd="Gp-pte-n" lemma="biti">bo</w>
               <S/>
               <w msd="Ggnd-em" lemma="nadzorovati">nadzoroval</w>
               <c>,</c>
               <S/>
               <w msd="Vp" lemma="in">in</w>
               <S/>
               <w msd="Dm" lemma="ob">ob</w>
               <S/>
               <w msd="Zotmem" lemma="on">njem</w>
               <S/>
               <w msd="L" lemma="ne">ne</w>
               <S/>
               <w msd="Gp-ptd-n" lemma="biti">bosta</w>
               <S/>
               <w msd="Ggnd-mm" lemma="čutiti">čutili</w>
               <S/>
               <w msd="Sozmt" lemma="želja">želje</w>
               <c>,</c>
               <S/>
               <w msd="Ggnn" lemma="uhajati">uhajati</w>
               <S/>
               <w msd="Dt" lemma="na">na</w>
               <S/>
               <w msd="Sommr" lemma="sosed">sosedov</w>
               <S/>
               <w msd="Sometn" lemma="vrt">vrt</w>
               <c>.</c>
               <S/>
            </s>
            <s>
               <w msd="L" lemma="prav">Prav</w>
               <S/>
               <w msd="Rsn" lemma="tako">tako</w>
               <S/>
               <w msd="Zp---d--k" lemma="se">si</w>
               <S/>
               <w msd="L" lemma="ne">ne</w>
               <S/>
               <w msd="Gp-ppm-n" lemma="biti">bomo</w>
               <S/>
               <w msd="Ggdd-mm" lemma="izbrati">izbrali</w>
               <S/>
               <w msd="Ppnzmr" lemma="velik">velikih</w>
               <S/>
               <w msd="Ppnzmr" lemma="pasemski">pasemskih</w>
               <S/>
               <w msd="Sozmr" lemma="kokoš">kokoši</w>
               <c>,</c>
               <S/>
               <w msd="Vd" lemma="ki">ki</w>
               <S/>
               <w msd="Ggnstm" lemma="potrebovati">potrebujejo</w>
               <S/>
               <w msd="Rsn" lemma="veliko">veliko</w>
               <S/>
               <w msd="Somer" lemma="prostor">prostora</w>
               <c>.</c>
               <S/>
            </s>
            <s>
               <w msd="Sommi" lemma="žlahtnitelj">Žlahtnitelji</w>
               <S/>
               <w msd="Sozer" lemma="perjad">perjadi</w>
               <S/>
               <w msd="Ggnstm" lemma="ponujati">ponujajo</w>
               <S/>
               <w msd="Sozet" lemma="množica">množico</w>
               <S/>
               <w msd="Ppnzmr" lemma="majhen">majhnih</w>
               <c>,</c>
               <S/>
               <w msd="Ppnzmr" lemma="ljubek">ljubkih</w>
               <S/>
               <w msd="Sozmr" lemma="pasma">pasem</w>
               <S/>
               <w msd="Sozmr" lemma="kokoš">kokoši</w>
               <c>,</c>
               <S/>
               <w msd="Vd" lemma="ki">ki</w>
               <S/>
               <w msd="Gp-stm-n" lemma="biti">so</w>
               <S/>
               <w msd="Vd" lemma="kot">kot</w>
               <S/>
               <w msd="Rsn" lemma="nalašč">nalašč</w>
               <S/>
               <w msd="Dt" lemma="za">za</w>
               <S/>
               <w msd="Ppnmmt" lemma="majhen">majhne</w>
               <S/>
               <w msd="Sommt" lemma="vrt">vrtove</w>
               <c>,</c>
               <S/>
               <w msd="Dm" lemma="v">v</w>
               <S/>
               <w msd="Zv-mmm" lemma="kateri">katerih</w>
               <S/>
               <w msd="L" lemma="ne">ne</w>
               <S/>
               <w msd="Gp-ptm-n" lemma="biti">bodo</w>
               <S/>
               <w msd="L" lemma="le">le</w>
               <S/>
               <w msd="Ppnzmi" lemma="koristen">koristne</w>
               <c>,</c>
               <S/>
               <w msd="Vp" lemma="temveč">temveč</w>
               <S/>
               <w msd="L" lemma="tudi">tudi</w>
               <S/>
               <w msd="Ppnmetn" lemma="lep">lep</w>
               <S/>
               <w msd="Sometn" lemma="okras">okras</w>
               <c>.</c>
            </s>
         </p>
      </body>
   </text>
</TEI>