<?xml version="1.0" encoding="UTF-8"?>
<TEI xmlns="http://www.tei-c.org/ns/1.0" xml:id="F0001185" xml:lang="sl">
   <teiHeader>
      <fileDesc>
         <titleStmt>
            <title>ccKRES: Kmetovalec (2002-01)</title>
            <funder>Operacijo delno financira Evropska unija iz Evropskega socialnega sklada ter Ministrstvo za šolstvo in šport. Operacija se izvaja v okviru Operativnega programa razvoja človeških virov za obdobje 2007-2013, razvojne prioritete: razvoj človeških virov in vseživljenjskega učenja; prednostne usmeritve: izboljšanje kakovosti in učinkovitosti sistemov izobraževanja in usposabljanja 2007-2013.</funder>
         </titleStmt>
         <editionStmt>
            <edition>1.0</edition>
         </editionStmt>
         <extent>207 besed</extent>
         <publicationStmt>
            <idno>km1_02</idno>
            <availability status="free">
               <p xml:lang="sl">Avtorske pravice za to izdajo ureja licenca <ref target="http://creativecommons.org/licenses/by-nc/2.5/si/">Creative Commons Priznanje avtorstva-Nekomercialno 2.5 Slovenija</ref>.</p>
               <p xml:lang="en">This work is licenced under the <ref target="http://creativecommons.org/licenses/by-nc/2.5/si/deed.en">Creative Commons Attribution-Noncommercial 2.5 Slovenia</ref>.</p>
            </availability>
            <date>2012-05-06</date>
         </publicationStmt>
         <sourceDesc>
            <bibl>
               <title>Kmetovalec</title>
               <author n="???">neznani novinar</author>
               <date>2002-01</date>
               <publisher n="drugo">Kmetijska založba</publisher>
               <note type="sourceLang">sl</note>
            </bibl>
         </sourceDesc>
      </fileDesc>
      <encodingDesc>
         <projectDesc>
            <p xml:lang="sl">Glej <ref target="http://www.korpus-kres.net/">www.korpus-kres.net</ref> oz. <ref target="http://nl.ijs.si/ssj/">nl.ijs.si/ssj</ref>.</p>
            <p xml:lang="en">See <ref target="http://www.korpus-kres.net/">www.korpus-kres.net</ref> or <ref target="http://nl.ijs.si/ssj/">nl.ijs.si/ssj</ref>.</p>
         </projectDesc>
         <samplingDecl>
            <p xml:lang="sl">
            Besedila in odstavki v korpusu KRES so bili vzorčeni iz
            Gigafide tako, da smo dobili 100-milijonski referenčni
            korpus, v katerem so besedila uravnotežena po vnaprej
            določenih taksonomskih deležih in po podatkih o branosti
            vira (časopisi, revije, novičarski portali).  Korpus
            ccKRES nato, z namenom, da je lahko dostopen po licenci CC,
            vsebuje 10 % naključno vzorčenih odstavkov besedil iz
            korpusa KRES, torej 10 milijonov besed.
	    Več o sestavi korpusa lahko preberete na 
            <ref target="http://www.korpus-kres.net/">www.korpus-kres.net</ref> oz.
            <ref target="http://nl.ijs.si/ssj/">nl.ijs.si/ssj</ref>.
	  </p>
            <p xml:lang="en">
            Texts and paragraphs in the KRES corpus have been sampled from the 
	    Gigafida corpus. The result of the sampling is a 100-million-word 
	    reference corpus. The texts in KRES are balanced according to the 
	    predetermined categories, with particular consideration being paid to 
	    the data on the popularity of the source (newspapers, magazines, 
	    Internet news sites). 
	    To enable free (CC) distribution of the corpus, the ccKRES corpus contains 
	    10% of randomly sampled paragraphs from KRES, i.e. contains 10 million words.
	    For more information about the contents of the corpus, 
	    see <ref target="http://www.korpus-kres.net/">www.korpus-kres.net</ref>
	    and <ref target="http://nl.ijs.si/ssj/">nl.ijs.si/ssj</ref>.
	  </p>
         </samplingDecl>
         <tagsDecl>
            <namespace name="http://www.tei-c.org/ns/1.0">
               <tagUsage gi="p" occurs="11"/>
               <tagUsage gi="s" occurs="14"/>
               <tagUsage gi="c" occurs="49"/>
               <tagUsage gi="S" occurs="197"/>
               <tagUsage gi="w" occurs="207"/>
            </namespace>
         </tagsDecl>
         <classDecl>
            <taxonomy xml:id="SSJ">
               <category xml:id="SSJ.T">
                  <catDesc>tisk</catDesc>
                  <category xml:id="SSJ.T.K">
                     <catDesc>knjižno</catDesc>
                     <category xml:id="SSJ.T.K.L">
                        <catDesc>leposlovno</catDesc>
                     </category>
                     <category xml:id="SSJ.T.K.S">
                        <catDesc>strokovno</catDesc>
                     </category>
                  </category>
                  <category xml:id="SSJ.T.P">
                     <catDesc>periodično</catDesc>
                     <category xml:id="SSJ.T.P.C">
                        <catDesc>časopis</catDesc>
                     </category>
                     <category xml:id="SSJ.T.P.R">
                        <catDesc>revija</catDesc>
                     </category>
                  </category>
                  <category xml:id="SSJ.T.D">
                     <catDesc>drugo</catDesc>
                  </category>
               </category>
               <category xml:id="SSJ.I">
                  <catDesc>internet</catDesc>
               </category>
            </taxonomy>
         </classDecl>
      </encodingDesc>
      <profileDesc>
         <textClass>
            <catRef target="#SSJ.T.P.R"/>
         </textClass>
      </profileDesc>
   </teiHeader>
   <text xml:id="F0001185." xml:lang="sl">
      <body>
         <p xml:id="F0001185.000053">
            <s>
               <w msd="Gp-ste-n" lemma="biti">Je</w>
               <S/>
               <w msd="Dm" lemma="v">v</w>
               <S/>
               <w msd="Sozem" lemma="silaža">silaži</w>
               <S/>
               <w msd="Ppnzei" lemma="nezaželen">nezaželena</w>
               <S/>
               <w msd="Vp" lemma="in">in</w>
               <S/>
               <w msd="Gp-ste-n" lemma="biti">je</w>
               <S/>
               <w msd="Somei" lemma="znak">znak</w>
               <S/>
               <w msd="Ppnser" lemma="nepravilen">nepravilnega</w>
               <S/>
               <w msd="Soser" lemma="vrenje">vrenja</w>
               <c>.</c>
               <S/>
            </s>
         </p>
         <p xml:id="F0001185.000118">
            <s>
               <w msd="Sozei" lemma="preglednica">Preglednica</w>
               <S/>
               <w msd="Kag" lemma="3">3</w>
               <c>.</c>
               <S/>
            </s>
            <s>
               <w msd="Ppnzei" lemma="optimalen">Optimalna</w>
               <S/>
               <w msd="Sozei" lemma="vsebnost">vsebnost</w>
               <S/>
               <w msd="Sozer" lemma="sečnina">sečnine</w>
               <S/>
               <w msd="Dm" lemma="v">v</w>
               <S/>
               <w msd="Sosem" lemma="mleko">mleku</w>
               <S/>
               <c>(</c>
               <w msd="Somei" lemma="mg">mg</w>
               <c>/</c>
               <w msd="Kag" lemma="100">100</w>
               <S/>
               <w msd="Somei" lemma="ml">ml</w>
               <c>)</c>
            </s>
         </p>
         <p xml:id="F0001185.000183">
            <s>
               <w msd="Dm" lemma="na">Na</w>
               <S/>
               <w msd="Ppnmem" lemma="nacionalen">nacionalnem</w>
               <S/>
               <w msd="Somem" lemma="nivo">nivoju</w>
               <S/>
               <w msd="Ggnstm" lemma="morati">morajo</w>
               <S/>
               <w msd="Rsn" lemma="vse">vse</w>
               <S/>
               <w msd="Pdnzmi" lemma="zainteresiran">zainteresirane</w>
               <S/>
               <w msd="Sozmt" lemma="stran">strani</w>
               <S/>
               <w msd="Ggvn" lemma="upoštevati">upoštevati</w>
               <S/>
               <w msd="Ppnmmt" lemma="nacionalen">nacionalne</w>
               <S/>
               <w msd="Sommt" lemma="standard">standarde</w>
               <S/>
               <w msd="Vp" lemma="in">in</w>
               <S/>
               <w msd="Ppnzet" lemma="nacionalen">nacionalno</w>
               <S/>
               <w msd="Ppnzet" lemma="certifikacijski">certifikacijsko</w>
               <S/>
               <w msd="Sozet" lemma="shema">shemo</w>
               <c>,</c>
               <S/>
               <w msd="Vd" lemma="ki">ki</w>
               <S/>
               <w msd="Ggnste" lemma="morati">mora</w>
               <S/>
               <w msd="Gp-n" lemma="biti">biti</w>
               <S/>
               <w msd="Dm" lemma="v">v</w>
               <S/>
               <w msd="Somem" lemma="sklad">skladu</w>
               <S/>
               <w msd="Do" lemma="z">s</w>
               <S/>
               <w msd="Ppnmmo" lemma="strog">strogimi</w>
               <S/>
               <w msd="Ppnmmo" lemma="mednaroden">mednarodnimi</w>
               <S/>
               <w msd="Sommo" lemma="predpis">predpisi</w>
               <S/>
               <w msd="Slmei" lemma="PEFC">PEFC</w>
               <c>.</c>
               <S/>
            </s>
            <s>
               <w msd="Ppnsmi" lemma="certifikacijski">Certifikacijska</w>
               <S/>
               <w msd="Sosmi" lemma="telo">telesa</w>
               <c>,</c>
               <S/>
               <w msd="Pdnzei" lemma="pooblaščen">pooblaščena</w>
               <S/>
               <w msd="Dr" lemma="z">s</w>
               <S/>
               <w msd="Sozer" lemma="stran">strani</w>
               <S/>
               <w msd="Ppnser" lemma="nacionalen">nacionalnega</w>
               <S/>
               <w msd="Ppnser" lemma="akreditacijski">akreditacijskega</w>
               <S/>
               <w msd="Soser" lemma="telo">telesa</w>
               <c>,</c>
               <S/>
               <w msd="Ggnstm" lemma="morati">morajo</w>
               <S/>
               <w msd="Ggdn" lemma="certificirati">certificirati</w>
               <S/>
               <w msd="Zc-mmt" lemma="ves">vse</w>
               <S/>
               <w msd="Sommt" lemma="gozd">gozdove</w>
               <S/>
               <w msd="Dm" lemma="po">po</w>
               <S/>
               <w msd="Ppnzem" lemma="nacionalen">nacionalni</w>
               <S/>
               <w msd="Ppnzem" lemma="certifikacijski">certifikacijski</w>
               <S/>
               <w msd="Sozem" lemma="shema">shemi</w>
               <c>,</c>
               <S/>
               <w msd="Ggnste" lemma="slediti">sledi</w>
               <S/>
               <w msd="Vp" lemma="pa">pa</w>
               <S/>
               <w msd="Sozei" lemma="pridobitev">pridobitev</w>
               <S/>
               <w msd="Somer" lemma="logotip">logotipa</w>
               <S/>
               <w msd="Slmei" lemma="PEFC">PEFC</w>
               <c>.</c>
            </s>
         </p>
         <p xml:id="F0001185.000252">
            <s>
               <w msd="O" lemma="št.">Št.</w>
               <S/>
               <w msd="Ppnzer" lemma="poskusovkontrolen">poskusovKontrolne</w>
               <S/>
               <w msd="Sozer" lemma="skupineskupina">skupineSkupine</w>
               <S/>
               <w msd="Do" lemma="z">z</w>
               <S/>
               <w msd="Someo" lemma="dodatek">dodatkom</w>
               <S/>
               <w msd="Somer" lemma="probios">Probiosa</w>
               <c>*</c>
               <w msd="Sosei" lemma="izboljšanje">Izboljšanje</w>
               <S/>
               <w msd="Somer" lemma="rezultat">rezultata</w>
               <S/>
               <w msd="Dm" lemma="v">v</w>
               <S/>
               <c>%</c>
               <w msd="Ppnzem" lemma="povprečen">Povprečni</w>
               <S/>
               <w msd="Ppnmetd" lemma="dneven">dnevni</w>
               <S/>
               <w msd="Somei" lemma="prirast">prirast</w>
               <S/>
               <c>(</c>
               <w msd="Somei" lemma="kg">kg</w>
               <c>)</c>
               <w msd="Kag" lemma="170,870,925,7konzumacijska">170,870,925,7Konzumacijska</w>
               <S/>
               <w msd="Sozei" lemma="sposobnost">sposobnost</w>
               <S/>
               <c>(</c>
               <w msd="Dm" lemma="na">na</w>
               <S/>
               <w msd="Sozem" lemma="osnova">osnovi</w>
               <S/>
               <w msd="Slmei" lemma="SS">SS</w>
               <c>;</c>
               <S/>
               <w msd="Ppnzmi" lemma="suh">suhe</w>
               <S/>
               <w msd="Sozer" lemma="snov">snovi</w>
               <c>)</c>
               <S/>
               <w msd="Kag" lemma="122,142,025,6pojav">122,142,025,6Pojav</w>
               <S/>
               <w msd="Sozmi" lemma="driska">driske</w>
               <S/>
               <c>(</c>
               <c>%</c>
               <c>)</c>
               <w msd="Kag" lemma="838,123,937,3izgube">838,123,937,3Izgube</w>
               <S/>
               <c>(</c>
               <c>%</c>
               <c>)</c>
               <w msd="Kag" lemma="79,97,227,3">79,97,227,3</w>
               <c>*</c>
               <S/>
               <w msd="Somei" lemma="dodatek">dodatek</w>
               <S/>
               <w msd="Ppnmer" lemma="topen">topnega</w>
               <S/>
               <w msd="Somer" lemma="prašek">praška</w>
               <S/>
               <w msd="Somei" lemma="probios">Probios</w>
               <c>,</c>
               <S/>
               <w msd="Ppnmer" lemma="topen">topnega</w>
               <S/>
               <w msd="Somer" lemma="prašek">praška</w>
               <S/>
               <w msd="Dm" lemma="v">v</w>
               <S/>
               <w msd="Ppnmem" lemma="mlečen">mlečnem</w>
               <S/>
               <w msd="Somem" lemma="nadomestek">nadomestku</w>
               <S/>
               <w msd="Vp" lemma="in">in</w>
               <c>/</c>
               <w msd="Vp" lemma="ali">ali</w>
               <S/>
               <w msd="Somei" lemma="probios">Probios</w>
               <c>,</c>
               <S/>
               <w msd="Somer" lemma="gel">gela</w>
               <S/>
               <w msd="Do" lemma="z">z</w>
               <S/>
               <w msd="Sommo" lemma="vitamin">vitamini</w>
               <S/>
               <w msd="Dt" lemma="za">za</w>
               <S/>
               <w msd="Soset" lemma="govedo">govedo</w>
               <S/>
               <w msd="Sometn" lemma="probios">Probios</w>
               <S/>
               <w msd="Dm" lemma="ob">ob</w>
               <S/>
               <w msd="Sosem" lemma="rojstvo">rojstvu</w>
            </s>
         </p>
         <p xml:id="F0001185.000326">
            <s>
               <w msd="Sozei" lemma="varnost">Varnost</w>
               <S/>
               <w msd="Dm" lemma="na">na</w>
               <S/>
               <w msd="Sozem" lemma="cesta">cesti</w>
            </s>
         </p>
         <p xml:id="F0001185.000432">
            <s>
               <c>-</c>
               <S/>
               <w msd="Gp-ste-d" lemma="biti">ni</w>
               <S/>
               <w msd="Soser" lemma="varovanje">varovanja</w>
               <S/>
               <w msd="Ppnmmr" lemma="posamezen">posameznih</w>
               <S/>
               <w msd="Sommr" lemma="nož">nožev</w>
            </s>
         </p>
         <p xml:id="F0001185.000562">
            <s>
               <w msd="Vp" lemma="in">In</w>
               <S/>
               <w msd="L" lemma="še">še</w>
               <S/>
               <w msd="Rsn" lemma="nekaj">nekaj</w>
               <S/>
               <w msd="Pdnmmr" lemma="nagrajen">nagrajenih</w>
               <S/>
               <w msd="Sozmr" lemma="ideja">idej</w>
               <S/>
               <w msd="Dr" lemma="z">z</w>
               <S/>
               <w msd="Ppnmmr" lemma="mednaroden">mednarodnih</w>
               <S/>
               <w msd="Sommr" lemma="dan">dni</w>
               <S/>
               <c>»</c>
               <w msd="Sommi" lemma="gost">Gostje</w>
               <S/>
               <w msd="Dm" lemma="na">na</w>
               <S/>
               <w msd="Sozem" lemma="kmetija">kmetiji</w>
               <c>«</c>
               <S/>
               <w msd="Dm" lemma="v">v</w>
               <S/>
               <w msd="Somem" lemma="kempten">Kemptnu</w>
               <S/>
               <w msd="Dm" lemma="v">v</w>
               <S/>
               <w msd="Slzem" lemma="Nemčija">Nemčiji</w>
            </s>
         </p>
         <p xml:id="F0001185.000609">
            <s>
               <c>•</c>
               <S/>
               <w msd="Ppnzei" lemma="zimski">zimska</w>
               <S/>
               <w msd="Sozei" lemma="pridelava">pridelava</w>
               <c>:</c>
               <S/>
               <w msd="Slmei" lemma="nansen">nansen</w>
               <c>,</c>
               <S/>
               <w msd="Ppnzei" lemma="zimski">zimska</w>
               <S/>
               <w msd="Sozei" lemma="rjavka">rjavka</w>
               <c>,</c>
               <S/>
               <w msd="Sozei" lemma="vegorka">vegorka</w>
               <c>,</c>
               <S/>
               <w msd="Sozei" lemma="posavka">posavka</w>
               <c>,</c>
               <S/>
               <c>(</c>
               <w msd="Slmei" lemma="SCP">SCP</w>
               <S/>
               <w msd="Kag" lemma="120">120</w>
               <c>)</c>
               <c>.</c>
            </s>
         </p>
         <p xml:id="F0001185.000636">
            <s>
               <w msd="Sozei" lemma="poraba">Poraba</w>
               <S/>
               <w msd="Soser" lemma="seme">semena</w>
               <S/>
               <w msd="Dm" lemma="pri">pri</w>
               <S/>
               <w msd="Sozem" lemma="vzgoja">vzgoji</w>
               <S/>
               <w msd="Dr" lemma="iz">iz</w>
               <S/>
               <w msd="Sozmr" lemma="sadika">sadik</w>
               <S/>
               <w msd="Gp-ste-n" lemma="biti">je</w>
               <S/>
               <w msd="Kag" lemma="0,2">0,2</w>
               <S/>
               <w msd="Dr" lemma="do">do</w>
               <S/>
               <w msd="Kag" lemma="0,5">0,5</w>
               <S/>
               <w msd="Somei" lemma="kg">kg</w>
               <c>/</c>
               <w msd="Somei" lemma="ha">ha</w>
               <S/>
               <c>-</c>
               <S/>
               <w msd="L" lemma="več">več</w>
               <S/>
               <w msd="Soser" lemma="seme">semena</w>
               <S/>
               <w msd="Ggnspm" lemma="potrebovati">potrebujemo</w>
               <S/>
               <w msd="Dm" lemma="pri">pri</w>
               <S/>
               <w msd="Rsn" lemma="zelo">zelo</w>
               <S/>
               <w msd="Rsn" lemma="zgodnje">zgodnje</w>
               <S/>
               <w msd="Ppnzmm" lemma="spomladanski">spomladanskih</w>
               <S/>
               <w msd="Sozmm" lemma="setev">setvah</w>
               <S/>
               <w msd="Dr" lemma="zaradi">zaradi</w>
               <S/>
               <w msd="Ppnzmr" lemma="nizek">nizkih</w>
               <S/>
               <w msd="Sozmr" lemma="temperatura">temperatur</w>
               <S/>
               <w msd="Dm" lemma="ob">ob</w>
               <S/>
               <w msd="Sosem" lemma="kaljenje">kaljenju</w>
               <S/>
               <w msd="Vp" lemma="in">in</w>
               <S/>
               <w msd="Rsn" lemma="poleti">poleti</w>
               <c>,</c>
               <S/>
               <w msd="Vd" lemma="ker">ker</w>
               <S/>
               <w msd="Gp-stm-n" lemma="biti">so</w>
               <S/>
               <w msd="Sozmi" lemma="temperatura">temperature</w>
               <S/>
               <w msd="Dt" lemma="za">za</w>
               <S/>
               <w msd="Soset" lemma="kaljenje">kaljenje</w>
               <S/>
               <w msd="Sozer" lemma="solata">solate</w>
               <S/>
               <w msd="Ppnzmi" lemma="previsok">previsoke</w>
               <c>.</c>
               <S/>
            </s>
            <s>
               <w msd="Dt" lemma="za">Za</w>
               <S/>
               <w msd="Ppnzet" lemma="direkten">direktno</w>
               <S/>
               <w msd="Sozet" lemma="setev">setev</w>
               <S/>
               <w msd="Ggnspm" lemma="potrebovati">potrebujemo</w>
               <S/>
               <w msd="Kag" lemma="2">2</w>
               <S/>
               <c>-</c>
               <S/>
               <w msd="Kag" lemma="3">3</w>
               <S/>
               <w msd="Somei" lemma="kg">kg</w>
               <S/>
               <w msd="Soser" lemma="seme">semena</w>
               <S/>
               <w msd="Dt" lemma="na">na</w>
               <S/>
               <w msd="Sometn" lemma="hektar">hektar</w>
               <S/>
               <c>-</c>
               <S/>
               <w msd="Ppnsei" lemma="odvisen">odvisno</w>
               <S/>
               <w msd="Dr" lemma="od">od</w>
               <S/>
               <w msd="Ppnzer" lemma="absoluten">absolutne</w>
               <S/>
               <w msd="Sozer" lemma="teža">teže</w>
               <S/>
               <w msd="Soser" lemma="seme">semena</w>
               <S/>
               <w msd="Vp" lemma="in">in</w>
               <S/>
               <w msd="Dr" lemma="od">od</w>
               <S/>
               <w msd="Ppnzer" lemma="medvrsten">medvrstne</w>
               <S/>
               <w msd="Sozer" lemma="razdalja">razdalje</w>
               <S/>
               <w msd="Vp" lemma="ter">ter</w>
               <S/>
               <w msd="Somer" lemma="termin">termina</w>
               <S/>
               <w msd="Sozer" lemma="setev">setve</w>
               <c>.</c>
            </s>
         </p>
         <p xml:id="F0001185.000655">
            <s>
               <w msd="Sozet" lemma="solata">Solato</w>
               <S/>
               <w msd="Ggnspm" lemma="saditi">sadimo</w>
               <S/>
               <w msd="Dm" lemma="na">na</w>
               <S/>
               <w msd="Kav" lemma="2.">2.</w>
               <S/>
               <w msd="Vp" lemma="ali">ali</w>
               <S/>
               <w msd="Dt" lemma="na">na</w>
               <S/>
               <w msd="Kav" lemma="3.">3.</w>
               <S/>
               <w msd="Sozet" lemma="poljina">poljino</w>
               <c>.</c>
            </s>
         </p>
         <p xml:id="F0001185.000705">
            <s>
               <w msd="Kbvmei" lemma="prvi">Prvi</w>
               <S/>
               <w msd="Somei" lemma="vtis">vtis</w>
               <c>:</c>
               <S/>
               <w msd="Ppnmeid" lemma="dvoriščen">dvoriščni</w>
               <S/>
               <w msd="Somei" lemma="nakladalnik">nakladalnik</w>
            </s>
         </p>
      </body>
   </text>
</TEI>