<?xml version="1.0" encoding="UTF-8"?>
<TEI xmlns="http://www.tei-c.org/ns/1.0" xml:id="F0001506" xml:lang="sl">
   <teiHeader>
      <fileDesc>
         <titleStmt>
            <title>ccKRES: Joker (2006-08-01)</title>
            <funder>Operacijo delno financira Evropska unija iz Evropskega socialnega sklada ter Ministrstvo za šolstvo in šport. Operacija se izvaja v okviru Operativnega programa razvoja človeških virov za obdobje 2007-2013, razvojne prioritete: razvoj človeških virov in vseživljenjskega učenja; prednostne usmeritve: izboljšanje kakovosti in učinkovitosti sistemov izobraževanja in usposabljanja 2007-2013.</funder>
         </titleStmt>
         <editionStmt>
            <edition>1.0</edition>
         </editionStmt>
         <extent>772 besed</extent>
         <publicationStmt>
            <idno>A0000470</idno>
            <availability status="free">
               <p xml:lang="sl">Avtorske pravice za to izdajo ureja licenca <ref target="http://creativecommons.org/licenses/by-nc/2.5/si/">Creative Commons Priznanje avtorstva-Nekomercialno 2.5 Slovenija</ref>.</p>
               <p xml:lang="en">This work is licenced under the <ref target="http://creativecommons.org/licenses/by-nc/2.5/si/deed.en">Creative Commons Attribution-Noncommercial 2.5 Slovenia</ref>.</p>
            </availability>
            <date>2012-05-06</date>
         </publicationStmt>
         <sourceDesc>
            <bibl>
               <title>Joker</title>
               <author n="???">neznani novinar</author>
               <date>2006-08-01</date>
               <publisher n="drugo">Alpress</publisher>
               <note type="sourceLang">sl</note>
            </bibl>
         </sourceDesc>
      </fileDesc>
      <encodingDesc>
         <projectDesc>
            <p xml:lang="sl">Glej <ref target="http://www.korpus-kres.net/">www.korpus-kres.net</ref> oz. <ref target="http://nl.ijs.si/ssj/">nl.ijs.si/ssj</ref>.</p>
            <p xml:lang="en">See <ref target="http://www.korpus-kres.net/">www.korpus-kres.net</ref> or <ref target="http://nl.ijs.si/ssj/">nl.ijs.si/ssj</ref>.</p>
         </projectDesc>
         <samplingDecl>
            <p xml:lang="sl">
            Besedila in odstavki v korpusu KRES so bili vzorčeni iz
            Gigafide tako, da smo dobili 100-milijonski referenčni
            korpus, v katerem so besedila uravnotežena po vnaprej
            določenih taksonomskih deležih in po podatkih o branosti
            vira (časopisi, revije, novičarski portali).  Korpus
            ccKRES nato, z namenom, da je lahko dostopen po licenci CC,
            vsebuje 10 % naključno vzorčenih odstavkov besedil iz
            korpusa KRES, torej 10 milijonov besed.
	    Več o sestavi korpusa lahko preberete na 
            <ref target="http://www.korpus-kres.net/">www.korpus-kres.net</ref> oz.
            <ref target="http://nl.ijs.si/ssj/">nl.ijs.si/ssj</ref>.
	  </p>
            <p xml:lang="en">
            Texts and paragraphs in the KRES corpus have been sampled from the 
	    Gigafida corpus. The result of the sampling is a 100-million-word 
	    reference corpus. The texts in KRES are balanced according to the 
	    predetermined categories, with particular consideration being paid to 
	    the data on the popularity of the source (newspapers, magazines, 
	    Internet news sites). 
	    To enable free (CC) distribution of the corpus, the ccKRES corpus contains 
	    10% of randomly sampled paragraphs from KRES, i.e. contains 10 million words.
	    For more information about the contents of the corpus, 
	    see <ref target="http://www.korpus-kres.net/">www.korpus-kres.net</ref>
	    and <ref target="http://nl.ijs.si/ssj/">nl.ijs.si/ssj</ref>.
	  </p>
         </samplingDecl>
         <tagsDecl>
            <namespace name="http://www.tei-c.org/ns/1.0">
               <tagUsage gi="c" occurs="161"/>
               <tagUsage gi="p" occurs="77"/>
               <tagUsage gi="s" occurs="99"/>
               <tagUsage gi="S" occurs="707"/>
               <tagUsage gi="w" occurs="772"/>
            </namespace>
         </tagsDecl>
         <classDecl>
            <taxonomy xml:id="SSJ">
               <category xml:id="SSJ.T">
                  <catDesc>tisk</catDesc>
                  <category xml:id="SSJ.T.K">
                     <catDesc>knjižno</catDesc>
                     <category xml:id="SSJ.T.K.L">
                        <catDesc>leposlovno</catDesc>
                     </category>
                     <category xml:id="SSJ.T.K.S">
                        <catDesc>strokovno</catDesc>
                     </category>
                  </category>
                  <category xml:id="SSJ.T.P">
                     <catDesc>periodično</catDesc>
                     <category xml:id="SSJ.T.P.C">
                        <catDesc>časopis</catDesc>
                     </category>
                     <category xml:id="SSJ.T.P.R">
                        <catDesc>revija</catDesc>
                     </category>
                  </category>
                  <category xml:id="SSJ.T.D">
                     <catDesc>drugo</catDesc>
                  </category>
               </category>
               <category xml:id="SSJ.I">
                  <catDesc>internet</catDesc>
               </category>
            </taxonomy>
         </classDecl>
      </encodingDesc>
      <profileDesc>
         <textClass>
            <catRef target="#SSJ.T.P.R"/>
         </textClass>
      </profileDesc>
   </teiHeader>
   <text xml:id="F0001506." xml:lang="sl">
      <body>
         <p xml:id="F0001506.000009">
            <s>
               <w msd="Somei" lemma="vedež">vedež</w>
            </s>
         </p>
         <p xml:id="F0001506.000143">
            <s>
               <w msd="Soser" lemma="poglavje">poglavja</w>
               <S/>
               <w msd="Somer" lemma="članek">članka</w>
            </s>
         </p>
         <p xml:id="F0001506.000176">
            <s>
               <w msd="Ggdste" lemma="urediti">Uredi</w>
               <S/>
               <w msd="Sometn" lemma="seznam">seznam</w>
            </s>
         </p>
         <p xml:id="F0001506.000261">
            <s>
               <w msd="Somei" lemma="uvodnjak">uvodnjak</w>
               <S/>
               <c>(</c>
               <w msd="Kag" lemma="25">25</w>
               <c>)</c>
            </s>
         </p>
         <p xml:id="F0001506.000270">
            <s>
               <w msd="Kag" lemma="1280x960">1280x960</w>
            </s>
         </p>
         <p xml:id="F0001506.000284">
            <s>
               <w msd="Kag" lemma="1024x786">1024x786</w>
            </s>
         </p>
         <p xml:id="F0001506.000410">
            <s>
               <w msd="Pdnsei" lemma="objavljen">objavljeno</w>
               <c>:</c>
               <S/>
               <w msd="Somei" lemma="joker">Joker</w>
               <S/>
               <w msd="Kag" lemma="100">100</w>
            </s>
         </p>
         <p xml:id="F0001506.000430">
            <s>
               <w msd="Somei" lemma="preostalnik">PREOSTALNIK</w>
            </s>
         </p>
         <p xml:id="F0001506.000500">
            <s>
               <w msd="Somei" lemma="oktober">Oktober</w>
               <S/>
               <w msd="Kag" lemma="00">00</w>
               <c>,</c>
               <S/>
               <w msd="Somei" lemma="j87">J87</w>
               <c>:</c>
               <S/>
               <w msd="Slmei" lemma="JCT">JCT</w>
               <S/>
               <w msd="Ggdste" lemma="napovedati">napove</w>
               <S/>
               <w msd="Somei" lemma="vstop">vstop</w>
               <S/>
               <w msd="Dt" lemma="v">v</w>
               <S/>
               <w msd="Sozet" lemma="politika">politiko</w>
               <S/>
               <w msd="Do" lemma="z">s</w>
               <S/>
               <w msd="Sozeo" lemma="stranka">Stranko</w>
               <S/>
               <w msd="Ppnzer" lemma="slovenski">slovenske</w>
               <S/>
               <w msd="Sozer" lemma="erekcija">erekcije</w>
               <S/>
               <c>(</c>
               <w msd="Slmei" lemma="SSE">SSE</w>
               <S/>
               <w msd="Somei" lemma="3d">3D</w>
               <S/>
               <w msd="Rsn" lemma="zdaj">Zdaj</w>
               <c>!</c>
               <c>)</c>
            </s>
         </p>
         <p xml:id="F0001506.000517">
            <s>
               <w msd="Rsn" lemma="nekoč">Nekoč</w>
               <c>:</c>
               <S/>
               <w msd="Dm" lemma="v">v</w>
               <S/>
               <w msd="Sozem" lemma="vlada">vladi</w>
               <S/>
               <w msd="Ggdspm" lemma="doseči">dosežemo</w>
               <S/>
               <w msd="Ppnmetd" lemma="dopolnilen">dopolnilni</w>
               <S/>
               <w msd="Sometn" lemma="odstavek">odstavek</w>
               <S/>
               <w msd="Ppnmer" lemma="šolski">šolskega</w>
               <S/>
               <w msd="Somer" lemma="program">programa</w>
               <c>,</c>
               <S/>
               <w msd="Vd" lemma="ki">ki</w>
               <S/>
               <w msd="Ggvste" lemma="praviti">pravi</w>
               <c>,</c>
               <S/>
               <w msd="Vd" lemma="da">da</w>
               <S/>
               <w msd="Gp-ste-n" lemma="biti">je</w>
               <S/>
               <w msd="Dt" lemma="na">na</w>
               <S/>
               <w msd="Sometn" lemma="dan">dan</w>
               <S/>
               <w msd="Somer" lemma="izid">izida</w>
               <S/>
               <w msd="Sozer" lemma="revija">revije</w>
               <S/>
               <w msd="Somei" lemma="joker">Joker</w>
               <c>,</c>
               <S/>
               <w msd="Vp" lemma="torej">torej</w>
               <S/>
               <w msd="Kbvmet" lemma="petnajsti">petnajstega</w>
               <S/>
               <w msd="Dm" lemma="v">v</w>
               <S/>
               <w msd="Somem" lemma="mesec">mesecu</w>
               <c>,</c>
               <S/>
               <w msd="Pdnsei" lemma="prepovedan">prepovedano</w>
               <S/>
               <w msd="Zz-zet" lemma="kakršenkoli">kakršnokoli</w>
               <S/>
               <w msd="Sosei" lemma="preverjanje">preverjanje</w>
               <S/>
               <w msd="Soser" lemma="znanje">znanja</w>
               <S/>
               <w msd="Vp" lemma="in">in</w>
               <S/>
               <w msd="Slmei" lemma="mal">mal</w>
               <c>-</c>
               <w msd="Sosei" lemma="tretiranje">tretiranje</w>
               <S/>
               <w msd="Sozer" lemma="mladež">mladeži</w>
               <c>.</c>
               <S/>
            </s>
            <s>
               <w msd="Ppnmetd" lemma="zahvalen">Zahvalni</w>
               <S/>
               <w msd="Sometn" lemma="dan">dan</w>
               <S/>
               <w msd="Ggdste" lemma="postati">postane</w>
               <S/>
               <w msd="Dm" lemma="pri">pri</w>
               <S/>
               <w msd="Sommi" lemma="dec">deci</w>
               <S/>
               <w msd="Sommr" lemma="joker">Jokerjev</w>
               <S/>
               <w msd="Somei" lemma="dan">dan</w>
               <c>.</c>
            </s>
         </p>
         <p xml:id="F0001506.000613">
            <s>
               <w msd="Sommi" lemma="kronik">kroniki</w>
            </s>
         </p>
         <p xml:id="F0001506.000670">
            <s>
               <w msd="Sommi" lemma="testis">testisi</w>
            </s>
         </p>
         <p xml:id="F0001506.000689">
            <s>
               <w msd="Slmei" lemma="multinovela">multinovela</w>
            </s>
         </p>
         <p xml:id="F0001506.000839">
            <s>
               <w msd="Somei" lemma="iskalnik">ISKALNIK</w>
               <c>:</c>
            </s>
         </p>
         <p xml:id="F0001506.000863">
            <s>
               <w msd="Slmei" lemma="Skyline">Skyline</w>
               <S/>
               <w msd="Vp" lemma="in">in</w>
               <S/>
               <w msd="Sozet" lemma="rit">rit</w>
               <S/>
               <w msd="Dr" lemma="od">od</w>
               <S/>
               <w msd="Somer" lemma="rx7">rx7</w>
               <c>.</c>
            </s>
         </p>
         <p xml:id="F0001506.000974">
            <s>
               <w msd="Somei" lemma="kontakt">kontakt</w>
            </s>
         </p>
         <p xml:id="F0001506.001010">
            <s>
               <w msd="Somei" lemma="iskalnik">ISKALNIK</w>
               <c>:</c>
            </s>
         </p>
         <p xml:id="F0001506.001046">
            <s>
               <w msd="Sommi" lemma="kronik">kroniki</w>
            </s>
         </p>
         <p xml:id="F0001506.001053">
            <s>
               <w msd="Dm" lemma="po">po</w>
               <S/>
               <w msd="Sozem" lemma="vsebina">vsebini</w>
               <S/>
               <w msd="Dm" lemma="po">po</w>
               <S/>
               <w msd="Sosem" lemma="idje">idju</w>
            </s>
         </p>
         <p xml:id="F0001506.001098">
            <s>
               <w msd="Vd" lemma="če">Če</w>
               <S/>
               <w msd="Dm" lemma="v">v</w>
               <S/>
               <w msd="Slzmm" lemma="ZDA">ZDA</w>
               <c>,</c>
               <S/>
               <w msd="Ppnmem" lemma="advokatski">advokatskem</w>
               <S/>
               <w msd="Somem" lemma="raj">raju</w>
               <c>,</c>
               <S/>
               <w msd="Zv-zei" lemma="kak">kaka</w>
               <S/>
               <w msd="Sozei" lemma="firma">firma</w>
               <S/>
               <w msd="Rsn" lemma="kaj">kaj</w>
               <S/>
               <w msd="Ggdste" lemma="zajebati">zajebe</w>
               <S/>
               <w msd="Vp" lemma="in">in</w>
               <S/>
               <w msd="Do" lemma="z">s</w>
               <S/>
               <w msd="Zk-seo" lemma="ta">tem</w>
               <S/>
               <w msd="Rsn" lemma="tako">tako</w>
               <S/>
               <w msd="Vp" lemma="ali">ali</w>
               <S/>
               <w msd="Rsn" lemma="drugače">drugače</w>
               <S/>
               <w msd="Ggdste" lemma="oškodovati">oškoduje</w>
               <S/>
               <w msd="Zstseiem" lemma="njegov">njegovo</w>
               <S/>
               <w msd="Soset" lemma="visočanstvo">visočanstvo</w>
               <S/>
               <w msd="Somer" lemma="potrošnik">potrošnika</w>
               <c>,</c>
               <S/>
               <w msd="Zotzet--z" lemma="name">nanjo</w>
               <S/>
               <w msd="Dm" lemma="pri">pri</w>
               <S/>
               <w msd="Sozem" lemma="priča">priči</w>
               <S/>
               <w msd="Ggdstm" lemma="planiti">planejo</w>
               <S/>
               <w msd="Ppnmmi" lemma="mrhovinarski">mrhovinarski</w>
               <S/>
               <w msd="Sommi" lemma="odvetnik">odvetniki</w>
               <c>,</c>
               <S/>
               <w msd="L" lemma="seveda">seveda</w>
               <S/>
               <w msd="Dm" lemma="v">v</w>
               <S/>
               <w msd="Sosem" lemma="ime">imenu</w>
               <S/>
               <w msd="Dr" lemma="od">od</w>
               <S/>
               <w msd="Ppnmmr" lemma="nečloveški">nečloveških</w>
               <S/>
               <w msd="Sommr" lemma="kapitalist">kapitalistov</w>
               <S/>
               <w msd="Ppnzer" lemma="opetnajsten">opetnajstene</w>
               <S/>
               <w msd="Sozer" lemma="javnost">javnosti</w>
               <c>.</c>
               <S/>
            </s>
            <s>
               <w msd="Rsn" lemma="vkup">Vkup</w>
               <S/>
               <w msd="Ggdstm" lemma="sklicati">skličejo</w>
               <S/>
               <w msd="Sometn" lemma="nebroj">nebroj</w>
               <S/>
               <w msd="Sommr" lemma="strokovnjak">strokovnjakov</w>
               <S/>
               <w msd="Dr" lemma="z">z</w>
               <S/>
               <w msd="Zc-zmr" lemma="ves">vseh</w>
               <S/>
               <w msd="Sosmr" lemma="področje">področij</w>
               <c>,</c>
               <S/>
               <w msd="Rsn" lemma="ponavadi">ponavadi</w>
               <S/>
               <w msd="Do" lemma="z">z</w>
               <S/>
               <w msd="Sozeo" lemma="diploma">diplomo</w>
               <S/>
               <w msd="Sozer" lemma="univerza">univerze</w>
               <S/>
               <w msd="Dm" lemma="na">na</w>
               <S/>
               <w msd="Ppnmmm" lemma="kajmanski">Kajmanskih</w>
               <S/>
               <w msd="Sommm" lemma="otok">otokih</w>
               <c>,</c>
               <S/>
               <w msd="Rsn" lemma="medtem">medtem</w>
               <S/>
               <w msd="Vd" lemma="ko">ko</w>
               <S/>
               <w msd="Pdnzmi" lemma="opeharjen">opeharjene</w>
               <S/>
               <w msd="Sozmi" lemma="stranka">stranke</w>
               <S/>
               <w msd="Ggnstm" lemma="pridobivati">pridobivajo</w>
               <S/>
               <w msd="Rsn" lemma="aktivno">aktivno</w>
               <c>,</c>
               <S/>
               <w msd="L" lemma="celo">celo</w>
               <S/>
               <w msd="Do" lemma="z">s</w>
               <S/>
               <w msd="Ppnmmo" lemma="televizijski">televizijskimi</w>
               <S/>
               <w msd="Sommo" lemma="oglas">oglasi</w>
               <c>.</c>
               <S/>
            </s>
            <s>
               <w msd="Vd" lemma="ako">Ako</w>
               <S/>
               <w msd="Zp------k" lemma="se">se</w>
               <S/>
               <w msd="Ggdste" lemma="primeriti">primeri</w>
               <c>,</c>
               <S/>
               <w msd="Vd" lemma="da">da</w>
               <S/>
               <w msd="Gp-ste-n" lemma="biti">je</w>
               <S/>
               <w msd="Somei" lemma="izdelovalec">izdelovalec</w>
               <S/>
               <w msd="Somer" lemma="čips">čipsa</w>
               <S/>
               <w msd="Rsn" lemma="pomotoma">pomotoma</w>
               <S/>
               <w msd="Ggdd-em" lemma="pozabiti">pozabil</w>
               <S/>
               <w msd="Ggdn" lemma="napisati">napisati</w>
               <S/>
               <w msd="Dt" lemma="na">na</w>
               <S/>
               <w msd="Sozet" lemma="vrečka">vrečko</w>
               <c>,</c>
               <S/>
               <w msd="Vd" lemma="da">da</w>
               <S/>
               <w msd="Sozei" lemma="embalaža">embalaža</w>
               <S/>
               <w msd="Gp-ste-d" lemma="biti">ni</w>
               <S/>
               <w msd="Ppnzei" lemma="užiten">užitna</w>
               <c>,</c>
               <S/>
               <w msd="Zp------k" lemma="se">se</w>
               <S/>
               <w msd="Rsn" lemma="takoj">takoj</w>
               <S/>
               <w msd="Ggdstm" lemma="najti">najdejo</w>
               <S/>
               <w msd="Sommi" lemma="pravdar">pravdarji</w>
               <c>,</c>
               <S/>
               <w msd="Vd" lemma="ki">ki</w>
               <S/>
               <w msd="Rsn" lemma="skupno">skupno</w>
               <S/>
               <w msd="Ggnstm" lemma="tožiti">tožijo</w>
               <S/>
               <w msd="Sozet" lemma="tovarna">tovarno</w>
               <c>,</c>
               <S/>
               <w msd="Vd" lemma="ker">ker</w>
               <S/>
               <w msd="Zp---d--k" lemma="se">si</w>
               <S/>
               <w msd="Gp-ste-n" lemma="biti">je</w>
               <S/>
               <w msd="Kbg-mi" lemma="pet">pet</w>
               <S/>
               <w msd="Sommr" lemma="sinček">sinčkov</w>
               <S/>
               <w msd="Sommr" lemma="debilček">debilčkov</w>
               <S/>
               <w msd="Ggdd-es" lemma="zbasati">zbasalo</w>
               <S/>
               <w msd="Sommt" lemma="škrnicelj">škrniclje</w>
               <S/>
               <w msd="Dt" lemma="v">v</w>
               <S/>
               <w msd="Sommt" lemma="goltanec">goltance</w>
               <c>.</c>
               <S/>
            </s>
            <s>
               <c>(</c>
               <w msd="Rsn" lemma="zato">Zato</w>
               <S/>
               <w msd="Dm" lemma="na">na</w>
               <S/>
               <w msd="Sozem" lemma="večina">večini</w>
               <S/>
               <w msd="Ppnzer" lemma="ameriški">ameriške</w>
               <S/>
               <w msd="Sozer" lemma="embalaža">embalaže</w>
               <S/>
               <w msd="Dr" lemma="brez">brez</w>
               <S/>
               <w msd="Somer" lemma="hec">heca</w>
               <S/>
               <w msd="Ggdsdm" lemma="najti">najdete</w>
               <S/>
               <w msd="Sometn" lemma="kup">kup</w>
               <S/>
               <w msd="Ppnsmr" lemma="oslovski">oslovskih</w>
               <S/>
               <w msd="Sosmr" lemma="navodilo">navodil</w>
               <S/>
               <w msd="Vp" lemma="in">in</w>
               <S/>
               <w msd="Sosmr" lemma="priporočilo">priporočil</w>
               <c>,</c>
               <S/>
               <w msd="Dt" lemma="v">v</w>
               <S/>
               <w msd="Zv-zer" lemma="kateri">katere</w>
               <S/>
               <w msd="Ppnzer" lemma="telesen">telesne</w>
               <S/>
               <w msd="Sozer" lemma="orifika">orifike</w>
               <S/>
               <w msd="Zp---d--k" lemma="se">si</w>
               <S/>
               <w msd="Sozmt" lemma="zadeva">zadeve</w>
               <S/>
               <w msd="L" lemma="nikarte">nikarte</w>
               <S/>
               <w msd="Ggvn" lemma="potiskati">potiskati</w>
               <c>.</c>
               <c>)</c>
               <S/>
            </s>
            <s>
               <w msd="Rsn" lemma="nakar">Nakar</w>
               <S/>
               <w msd="Zp------k" lemma="se">se</w>
               <S/>
               <w msd="Dt" lemma="na">na</w>
               <S/>
               <w msd="Sozet" lemma="prijava">prijavo</w>
               <S/>
               <w msd="Ggdste" lemma="obesiti">obesi</w>
               <S/>
               <w msd="L" lemma="še">še</w>
               <S/>
               <w msd="Sometn" lemma="milijavžent">milijavžent</w>
               <S/>
               <w msd="Sommr" lemma="kupec">kupcev</w>
               <c>,</c>
               <S/>
               <w msd="Vd" lemma="ki">ki</w>
               <S/>
               <w msd="Ggnstm" lemma="terjati">terjajo</w>
               <S/>
               <w msd="Sozet" lemma="poravnava">poravnavo</w>
               <S/>
               <w msd="Dt" lemma="za">za</w>
               <S/>
               <w msd="Ppnzet" lemma="potencialen">potencialno</w>
               <S/>
               <w msd="Sozet" lemma="nevarnost">nevarnost</w>
               <c>,</c>
               <S/>
               <w msd="Dm" lemma="v">v</w>
               <S/>
               <w msd="Zv-zem" lemma="kateri">kateri</w>
               <S/>
               <w msd="Gp-stm-n" lemma="biti">so</w>
               <S/>
               <w msd="Zp------k" lemma="se">se</w>
               <S/>
               <w msd="Gp-d-ez" lemma="biti">bila</w>
               <S/>
               <w msd="Rsn" lemma="nezavedno">nezavedno</w>
               <S/>
               <w msd="Ggdd-ez" lemma="znajti">znašla</w>
               <S/>
               <w msd="Zstzeim" lemma="njihov">njihova</w>
               <S/>
               <w msd="Sosmt" lemma="prebavilo">prebavila</w>
               <c>.</c>
               <S/>
            </s>
            <s>
               <w msd="Sozmi" lemma="tožba">Tožbe</w>
               <S/>
               <w msd="Dm" lemma="v">v</w>
               <S/>
               <w msd="Sosem" lemma="ime">imenu</w>
               <S/>
               <w msd="Rsn" lemma="nekaj">nekaj</w>
               <S/>
               <w msd="Kbg-mt" lemma="deset">deset</w>
               <S/>
               <w msd="Kbvmmr" lemma="tisoči">tisočih</w>
               <S/>
               <w msd="Vp" lemma="zato">zato</w>
               <S/>
               <w msd="Gp-stm-d" lemma="biti">niso</w>
               <S/>
               <w msd="Zl-zei" lemma="noben">nobena</w>
               <S/>
               <w msd="Sozei" lemma="redkost">redkost</w>
               <S/>
               <w msd="Vp" lemma="in">in</w>
               <S/>
               <w msd="Sozer" lemma="družba">družbe</w>
               <c>,</c>
               <S/>
               <w msd="Vd" lemma="ki">ki</w>
               <S/>
               <w msd="Gp-stm-n" lemma="biti">so</w>
               <S/>
               <w msd="Rss" lemma="najbolj">najbolj</w>
               <S/>
               <w msd="Dm" lemma="na">na</w>
               <S/>
               <w msd="Somem" lemma="udar">udaru</w>
               <c>,</c>
               <S/>
               <w msd="Ggdvpm" lemma="reči">recimo</w>
               <S/>
               <w msd="Ppnzmi" lemma="farmacevtski">farmacevtske</w>
               <c>,</c>
               <S/>
               <w msd="Ggnstm-n" lemma="imeti">imajo</w>
               <S/>
               <w msd="Dt" lemma="v">v</w>
               <S/>
               <w msd="Zk-met" lemma="ta">ta</w>
               <S/>
               <w msd="Sometn" lemma="namen">namen</w>
               <S/>
               <w msd="L" lemma="itak">itak</w>
               <S/>
               <w msd="Pdnsmi" lemma="sklenjen">sklenjena</w>
               <S/>
               <w msd="Soser" lemma="zavarovanje">zavarovanja</w>
               <S/>
               <w msd="Vp" lemma="ter">ter</w>
               <S/>
               <w msd="Pdnmmt" lemma="ustanovljen">ustanovljene</w>
               <S/>
               <w msd="Ppnmmt" lemma="milijarden">milijardne</w>
               <S/>
               <w msd="Ppnmmt" lemma="rizičen">rizične</w>
               <S/>
               <w msd="Sommt" lemma="sklad">sklade</w>
               <c>.</c>
               <S/>
            </s>
            <s>
               <w msd="Dm" lemma="v">V</w>
               <S/>
               <w msd="Zk-mem" lemma="tak">takem</w>
               <S/>
               <w msd="Somem" lemma="sistem">sistemu</w>
               <c>,</c>
               <S/>
               <w msd="Rsn" lemma="jasno">jasno</w>
               <c>,</c>
               <S/>
               <w msd="Gp-ste-d" lemma="biti">ni</w>
               <S/>
               <w msd="Ppnzei" lemma="varen">varna</w>
               <S/>
               <w msd="Zl-zei" lemma="noben">nobena</w>
               <S/>
               <w msd="Sozei" lemma="branža">branža</w>
               <c>.</c>
               <S/>
            </s>
            <s>
               <w msd="Ggnstm" lemma="tožiti">Tožijo</w>
               <S/>
               <w msd="Sommt" lemma="tobakar">tobakarje</w>
               <c>,</c>
               <S/>
               <w msd="Sommt" lemma="avtomobilar">avtomobilarje</w>
               <c>,</c>
               <S/>
               <w msd="Sommt" lemma="perutninar">perutninarje</w>
               <c>,</c>
               <S/>
               <w msd="Sommt" lemma="ceglar">ceglarje</w>
               <S/>
               <w msd="Vp" lemma="in">in</w>
               <S/>
               <w msd="L" lemma="še">še</w>
               <S/>
               <w msd="Gp-g" lemma="biti">bi</w>
               <S/>
               <w msd="Rsn" lemma="lahko">lahko</w>
               <S/>
               <w msd="Ggnd-em" lemma="naštevati">našteval</w>
               <c>.</c>
            </s>
         </p>
         <p xml:id="F0001506.001159">
            <s>
               <w msd="Somei" lemma="preostalnik">PREOSTALNIK</w>
            </s>
         </p>
         <p xml:id="F0001506.001188">
            <s>
               <w msd="Soset" lemma="igrovje">igrovje</w>
               <S/>
               <c>(</c>
               <w msd="Somei" lemma="PC">PC</w>
               <c>,</c>
               <S/>
               <w msd="Somei" lemma="konzolec">konzolec</w>
               <c>)</c>
            </s>
         </p>
         <p xml:id="F0001506.001484">
            <s>
               <w msd="Somei" lemma="pisatelj">Pisatelj</w>
               <c>:</c>
               <S/>
               <w msd="Slmei" lemma="David">David</w>
               <S/>
               <w msd="Slmei" lemma="Tomšič">Tomšič</w>
            </s>
         </p>
         <p xml:id="F0001506.001655">
            <s>
               <c>(</c>
               <w msd="Ppnzei" lemma="naslednji">naslednja</w>
               <S/>
               <w msd="Ggdste" lemma="iziti">izide</w>
               <S/>
               <w msd="Kag" lemma="15.3.2006">15.3.2006</w>
               <c>)</c>
            </s>
         </p>
         <p xml:id="F0001506.001666">
            <s>
               <w msd="Sommi" lemma="netek">netki</w>
               <S/>
               <c>(</c>
               <w msd="Kag" lemma="10">10</w>
               <c>)</c>
            </s>
         </p>
         <p xml:id="F0001506.001727">
            <s>
               <w msd="Ppnmeid" lemma="mali">mali</w>
               <S/>
               <w msd="Sommi" lemma="oglas">oglasi</w>
            </s>
         </p>
         <p xml:id="F0001506.001772">
            <s>
               <c>(</c>
               <w msd="Sommi" lemma="palček">Palčki</w>
               <S/>
               <w msd="Ggnstm" lemma="iskati">iščejo</w>
               <S/>
               <w msd="L" lemma="le">le</w>
               <S/>
               <w msd="Kbgmmt" lemma="štirje">štiri</w>
               <c>-</c>
               <S/>
               <w msd="Vp" lemma="ali">ali</w>
               <S/>
               <w msd="Ppnzer" lemma="veččrkoven">veččrkovne</w>
               <S/>
               <w msd="Sozer" lemma="zasnova">zasnove</w>
               <c>.</c>
               <c>)</c>
            </s>
         </p>
         <p xml:id="F0001506.001781">
            <s>
               <w msd="Soser" lemma="oznanilo">oznanila</w>
            </s>
         </p>
         <p xml:id="F0001506.001922">
            <s>
               <w msd="Sozer" lemma="zakonitost">Zakonitosti</w>
               <S/>
               <w msd="Sozer" lemma="jagrščina">jagrščine</w>
            </s>
         </p>
         <p xml:id="F0001506.001926">
            <s>
               <w msd="Ggnvdm" lemma="pisati">pišite</w>
               <S/>
               <w msd="Slmei" lemma="nam">nam</w>
               <S/>
               <c>|</c>
               <S/>
               <w msd="Sozei" lemma="revija">revija</w>
               <S/>
               <w msd="Somei" lemma="joker">Joker</w>
            </s>
         </p>
         <p xml:id="F0001506.002038">
            <s>
               <w msd="Pdnsei" lemma="objavljen">objavljeno</w>
               <c>:</c>
               <S/>
               <w msd="Somei" lemma="joker">Joker</w>
               <S/>
               <w msd="Kag" lemma="138">138</w>
            </s>
         </p>
         <p xml:id="F0001506.002049">
            <s>
               <w msd="Somei" lemma="copyright">Copyright</w>
               <S/>
               <c>©</c>
               <S/>
               <w msd="Somei" lemma="joker">Joker</w>
               <c>,</c>
               <S/>
               <w msd="Kav" lemma="2006.">2006.</w>
               <S/>
               <w msd="Zc-zmt" lemma="ves">Vse</w>
               <S/>
               <w msd="Sozmi" lemma="pravica">pravice</w>
               <S/>
               <w msd="Pdnzmi" lemma="pridržan">pridržane</w>
               <c>.</c>
            </s>
         </p>
         <p xml:id="F0001506.002160">
            <s>
               <w msd="Rsn" lemma="domov">domov</w>
               <S/>
               <c>"</c>
               <S/>
               <w msd="Sommi" lemma="članek">članki</w>
               <S/>
               <c>"</c>
               <S/>
               <w msd="Ggdd-mm" lemma="ostati">ostali</w>
               <S/>
               <w msd="Sommi" lemma="članek">članki</w>
               <S/>
               <c>-</c>
               <S/>
               <w msd="Sosei" lemma="igrovje">igrovje</w>
               <S/>
               <c>"</c>
               <S/>
               <w msd="Ppnmeid" lemma="prašičji">Prašičji</w>
               <S/>
               <w msd="Somei" lemma="švic">švic</w>
               <S/>
               <w msd="Dm" lemma="na">na</w>
               <S/>
               <w msd="Somem" lemma="sneg">snegu</w>
            </s>
         </p>
         <p xml:id="F0001506.002209">
            <s>
               <w msd="Ppnmed" lemma="normalen">Normalnemu</w>
               <S/>
               <w msd="Somed" lemma="človeček">človečku</w>
               <S/>
               <w msd="Dr" lemma="brez">brez</w>
               <S/>
               <w msd="Ppnmer" lemma="zenovski">zenovskega</w>
               <S/>
               <w msd="Somer" lemma="trening">treninga</w>
               <S/>
               <w msd="Ggdste" lemma="vzeti">vzame</w>
               <S/>
               <w msd="Somei" lemma="dih">dih</w>
               <S/>
               <w msd="L" lemma="že">že</w>
               <S/>
               <w msd="Somei" lemma="pogled">pogled</w>
               <S/>
               <w msd="Dr" lemma="z">z</w>
               <S/>
               <w msd="Somer" lemma="vrh">vrha</w>
               <S/>
               <w msd="Sozer" lemma="skakalnica">skakalnice</w>
               <c>.</c>
               <S/>
            </s>
            <s>
               <w msd="Zk-mmi" lemma="tale">Tile</w>
               <S/>
               <w msd="Sommi" lemma="pob">pobje</w>
               <S/>
               <w msd="Gp-stm-n" lemma="biti">so</w>
               <S/>
               <w msd="Sommi" lemma="car">carji</w>
               <S/>
               <w msd="Do" lemma="z">z</w>
               <S/>
               <w msd="Ppnsmo" lemma="medeninast">medeninastimi</w>
               <S/>
               <w msd="Sosmo" lemma="jajce">jajci</w>
               <c>.</c>
            </s>
         </p>
         <p xml:id="F0001506.002228">
            <s>
               <w msd="Ppnzei" lemma="prihodnji">prihodnja</w>
               <S/>
               <w msd="Sozei" lemma="številka">številka</w>
            </s>
         </p>
         <p xml:id="F0001506.002245">
            <s>
               <w msd="Dm" lemma="po">po</w>
               <S/>
               <w msd="Sozem" lemma="vsebina">vsebini</w>
               <S/>
               <w msd="Dm" lemma="po">po</w>
               <S/>
               <w msd="Sosem" lemma="idje">idju</w>
            </s>
         </p>
         <p xml:id="F0001506.002328">
            <s>
               <w msd="Sommi" lemma="plošček">ploščki</w>
            </s>
         </p>
         <p xml:id="F0001506.002386">
            <s>
               <w msd="Psnmein" lemma="Rtlov">RTLov</w>
               <S/>
               <w msd="Sommr" lemma="otrok">otrok</w>
               <c>,</c>
               <S/>
               <w msd="Vd" lemma="ki">ki</w>
               <S/>
               <w msd="Gp-stm-n" lemma="biti">so</w>
               <S/>
               <w msd="Zotmet--k" lemma="on">ga</w>
               <S/>
               <w msd="Ggdd-mm" lemma="razviti">razvili</w>
               <S/>
               <w msd="Dm" lemma="pri">pri</w>
               <S/>
               <w msd="Kag" lemma="49">49</w>
               <S/>
               <w msd="Slmei" lemma="Games">Games</w>
               <c>,</c>
               <S/>
               <w msd="Ggnste" lemma="ubirati">ubira</w>
               <S/>
               <w msd="Rsn" lemma="nekolikanj">nekolikanj</w>
               <S/>
               <w msd="Ppnzet" lemma="drugačen">drugačno</w>
               <S/>
               <w msd="Sozet" lemma="nota">noto</w>
               <S/>
               <w msd="Dr" lemma="od">od</w>
               <S/>
               <w msd="Somer" lemma="meier">Meierja</w>
               <c>.</c>
               <S/>
            </s>
            <s>
               <w msd="Pdnmein" lemma="naphan">Naphan</w>
               <S/>
               <w msd="Gp-ste-n" lemma="biti">je</w>
               <S/>
               <w msd="Vp" lemma="namreč">namreč</w>
               <S/>
               <w msd="Do" lemma="z">z</w>
               <S/>
               <w msd="Ppnzmo" lemma="raznovrsten">raznovrstnimi</w>
               <S/>
               <w msd="Sozmo" lemma="možnost">možnostmi</w>
               <c>,</c>
               <S/>
               <w msd="Vd" lemma="ki">ki</w>
               <S/>
               <w msd="Gp-g" lemma="biti">bi</w>
               <S/>
               <w msd="L" lemma="sicer">sicer</w>
               <S/>
               <w msd="Dt" lemma="na">na</w>
               <S/>
               <w msd="Zc-met" lemma="vsak">vsak</w>
               <S/>
               <w msd="Sometn" lemma="način">način</w>
               <S/>
               <w msd="Ggnd-mz" lemma="soditi">sodile</w>
               <S/>
               <w msd="Dt" lemma="v">v</w>
               <S/>
               <w msd="Ppnzet" lemma="sleheren">sleherno</w>
               <S/>
               <w msd="Ppnsei" lemma="alspek">alspko</w>
               <S/>
               <w msd="Sosei" lemma="smučanje">smučanje</w>
               <c>.</c>
               <S/>
            </s>
            <s>
               <w msd="L" lemma="že">Že</w>
               <S/>
               <w msd="Ppnmeid" lemma="karieren">karierni</w>
               <S/>
               <w msd="Somei" lemma="način">način</w>
               <S/>
               <w msd="Gp-ste-n" lemma="biti">je</w>
               <S/>
               <w msd="Rsn" lemma="nekaj">nekaj</w>
               <S/>
               <w msd="Ppnser" lemma="poseben">posebnega</w>
               <c>,</c>
               <S/>
               <w msd="Vp" lemma="saj">saj</w>
               <S/>
               <w msd="Sozei" lemma="fora">fora</w>
               <S/>
               <w msd="Gp-ste-d" lemma="biti">ni</w>
               <S/>
               <w msd="L" lemma="le">le</w>
               <S/>
               <w msd="Dm" lemma="v">v</w>
               <S/>
               <w msd="Sosem" lemma="dričanje">dričanju</w>
               <S/>
               <w msd="Dm" lemma="po">po</w>
               <S/>
               <w msd="Pdnzmm" lemma="zasnežen">zasneženih</w>
               <S/>
               <w msd="Sozmm" lemma="strmina">strminah</w>
               <c>,</c>
               <S/>
               <w msd="Vp" lemma="temveč">temveč</w>
               <S/>
               <w msd="Dt" lemma="za">za</w>
               <S/>
               <w msd="Zp-met" lemma="svoj">svojega</w>
               <S/>
               <w msd="Sometd" lemma="smučar">smučarja</w>
               <S/>
               <w msd="Ggnspm" lemma="najemati">najemamo</w>
               <S/>
               <w msd="Rsn" lemma="različno">različno</w>
               <S/>
               <w msd="Ppnmmt" lemma="kakovosten">kakovostne</w>
               <S/>
               <w msd="Sommt" lemma="trener">trenerje</w>
               <c>,</c>
               <S/>
               <w msd="Vd" lemma="ki">ki</w>
               <S/>
               <w msd="Ggdstm" lemma="poskrbeti">poskrbijo</w>
               <c>,</c>
               <S/>
               <w msd="Vd" lemma="da">da</w>
               <S/>
               <w msd="Zp------k" lemma="se">se</w>
               <S/>
               <w msd="Somed" lemma="možicelj">možiclju</w>
               <S/>
               <w msd="Dm" lemma="pri">pri</w>
               <S/>
               <w msd="Sommm" lemma="trening">treningih</w>
               <S/>
               <w msd="Sozmr" lemma="lastnost">lastnosti</w>
               <S/>
               <w msd="Rsn" lemma="pridno">pridno</w>
               <S/>
               <w msd="Ggnstm" lemma="višati">višajo</w>
               <c>.</c>
               <S/>
            </s>
            <s>
               <w msd="Rsn" lemma="potem">Potem</w>
               <S/>
               <w msd="Gp-ste-n" lemma="biti">je</w>
               <S/>
               <w msd="Rsn" lemma="tu">tu</w>
               <S/>
               <w msd="Sosei" lemma="voskanje">voskanje</w>
               <S/>
               <w msd="Sozmt" lemma="smuč">smuči</w>
               <c>,</c>
               <S/>
               <w msd="Vd" lemma="ki">ki</w>
               <S/>
               <w msd="Rsn" lemma="lahko">lahko</w>
               <S/>
               <w msd="Ggdste" lemma="pridodati">pridoda</w>
               <S/>
               <w msd="Zv-met" lemma="kak">kak</w>
               <S/>
               <w msd="Sometn" lemma="kilometer">kilometer</w>
               <S/>
               <w msd="Sozer" lemma="hitrost">hitrosti</w>
               <S/>
               <c>(</c>
               <w msd="Ggdspm" lemma="poprijeti">poprimemo</w>
               <S/>
               <w msd="Ppnmmi" lemma="sam">sami</w>
               <S/>
               <w msd="Vp" lemma="ali">ali</w>
               <S/>
               <w msd="Ggdspm" lemma="najeti">najamemo</w>
               <S/>
               <w msd="Somer" lemma="voskač">voskača</w>
               <c>)</c>
               <c>,</c>
               <S/>
               <w msd="Vd" lemma="dočim">dočim</w>
               <S/>
               <w msd="Zp------k" lemma="se">se</w>
               <S/>
               <w msd="Dm" lemma="ob">ob</w>
               <S/>
               <w msd="Ppnzmm" lemma="dober">dobrih</w>
               <S/>
               <w msd="Sozmm" lemma="uvrstitev">uvrstitvah</w>
               <S/>
               <w msd="Ggdste" lemma="odebeleti">odebeli</w>
               <S/>
               <w msd="Zspzeim" lemma="naš">naša</w>
               <S/>
               <w msd="Sozei" lemma="denarnica">denarnica</w>
               <c>,</c>
               <S/>
               <w msd="Rsn" lemma="kar">kar</w>
               <S/>
               <w msd="Ggdspm" lemma="porabiti">porabimo</w>
               <S/>
               <w msd="Dt" lemma="za">za</w>
               <S/>
               <w msd="Sometn" lemma="nakup">nakup</w>
               <S/>
               <w msd="Sozer" lemma="oprema">opreme</w>
               <c>,</c>
               <S/>
               <w msd="Dr" lemma="od">od</w>
               <S/>
               <w msd="Pppzmr" lemma="dober">boljših</w>
               <S/>
               <w msd="Sozmr" lemma="smuč">smuči</w>
               <S/>
               <w msd="Dr" lemma="prek">prek</w>
               <S/>
               <w msd="Sosmr" lemma="očala">očal</w>
               <S/>
               <w msd="Vp" lemma="in">in</w>
               <S/>
               <w msd="Sozet" lemma="cot">cot</w>
               <S/>
               <w msd="Dr" lemma="do">do</w>
               <S/>
               <w msd="Sozer" lemma="čelada">čelade</w>
               <c>.</c>
               <S/>
            </s>
            <s>
               <w msd="Dm" lemma="ob">Ob</w>
               <S/>
               <w msd="Zk-sem" lemma="ta">tem</w>
               <S/>
               <w msd="Sosei" lemma="vzdušje">vzdušje</w>
               <S/>
               <w msd="Gp-ste-d" lemma="biti">ni</w>
               <S/>
               <w msd="Somei" lemma="švoh">švoh</w>
               <c>,</c>
               <S/>
               <w msd="Vp" lemma="saj">saj</w>
               <S/>
               <w msd="Ppnmeid" lemma="ski">Ski</w>
               <S/>
               <w msd="Slmei" lemma="Alpin">Alpin</w>
               <S/>
               <w msd="Kag" lemma="2005">2005</w>
               <S/>
               <w msd="Dt" lemma="za">za</w>
               <S/>
               <w msd="Soset" lemma="vzdušje">vzdušje</w>
               <S/>
               <w msd="Dm" lemma="ob">ob</w>
               <S/>
               <w msd="Sozem" lemma="proga">progi</w>
               <S/>
               <w msd="Ggdste" lemma="poskrbeti">poskrbi</w>
               <S/>
               <w msd="Rsr" lemma="dobro">bolje</w>
               <S/>
               <w msd="Dr" lemma="od">od</w>
               <S/>
               <w msd="Psnmer" lemma="Jowoodov">Jowoodovega</w>
               <S/>
               <w msd="Slmer" lemma="Hermann">Hermanna</w>
               <c>,</c>
               <S/>
               <w msd="Sozei" lemma="množica">Množica</w>
               <S/>
               <w msd="Ggnste" lemma="vreščati">vrešči</w>
               <c>,</c>
               <S/>
               <w msd="L" lemma="zlasti">zlasti</w>
               <S/>
               <w msd="Vd" lemma="ko">ko</w>
               <S/>
               <w msd="Zp------k" lemma="se">se</w>
               <S/>
               <w msd="Ggnspm" lemma="spopadati">spopadamo</w>
               <S/>
               <w msd="Do" lemma="z">z</w>
               <S/>
               <w msd="Ppsmmd" lemma="dober">najboljšim</w>
               <S/>
               <w msd="Someo" lemma="čas">časom</w>
               <c>,</c>
               <S/>
               <w msd="Vp" lemma="in">in</w>
               <S/>
               <w msd="Pdnmdi" lemma="vdelan">vdelana</w>
               <S/>
               <w msd="Gp-std-n" lemma="biti">sta</w>
               <S/>
               <w msd="Somdi" lemma="komentator">komentatorja</w>
               <c>.</c>
               <S/>
            </s>
            <s>
               <w msd="Gp-std-n" lemma="biti">Sta</w>
               <S/>
               <w msd="L" lemma="sicer">sicer</w>
               <S/>
               <w msd="Somei" lemma="malček">malček</w>
               <S/>
               <w msd="Ppnzei" lemma="glup">glupa</w>
               <S/>
               <w msd="Vp" lemma="in">in</w>
               <S/>
               <w msd="Ppnzei" lemma="redkobeseden">redkobesedna</w>
               <c>,</c>
               <S/>
               <w msd="Vp" lemma="a">a</w>
               <S/>
               <w msd="Vp" lemma="vendarle">vendarle</w>
               <S/>
               <w msd="Ggnstd" lemma="znati">znata</w>
               <S/>
               <w msd="Ggdn" lemma="navreči">navreči</w>
               <S/>
               <w msd="Rsn" lemma="kako">kako</w>
               <S/>
               <w msd="Rsn" lemma="pikro">pikro</w>
               <c>,</c>
               <S/>
               <w msd="Rsn" lemma="hkrati">hkrati</w>
               <S/>
               <w msd="Vp" lemma="pa">pa</w>
               <S/>
               <w msd="Rsn" lemma="sem">sem</w>
               <S/>
               <w msd="Vp" lemma="ter">ter</w>
               <S/>
               <w msd="Rsn" lemma="tja">tja</w>
               <S/>
               <w msd="Ggvstd" lemma="podati">podata</w>
               <S/>
               <w msd="Ppnzet" lemma="uporaben">uporabno</w>
               <S/>
               <w msd="Sozet" lemma="informacija">informacijo</w>
               <S/>
               <w msd="Dm" lemma="o">o</w>
               <S/>
               <w msd="Zk-sem" lemma="ta">tem</w>
               <c>,</c>
               <S/>
               <w msd="Rsn" lemma="kaj">kaj</w>
               <S/>
               <w msd="Ggvsdm" lemma="početi">počnete</w>
               <S/>
               <w msd="Rsn" lemma="narobe">narobe</w>
               <c>.</c>
            </s>
         </p>
         <p xml:id="F0001506.002436">
            <s>
               <w msd="Somei" lemma="uvod">Uvod</w>
            </s>
         </p>
         <p xml:id="F0001506.002488">
            <s>
               <w msd="Ggdd-mm" lemma="ostati">ostali</w>
               <S/>
               <w msd="Sommi" lemma="članek">članki</w>
               <S/>
               <c>-</c>
               <S/>
               <w msd="Soset" lemma="igrovje">igrovje</w>
            </s>
         </p>
         <p xml:id="F0001506.002541">
            <s>
               <w msd="Soset" lemma="igrovje">igrovje</w>
               <S/>
               <c>(</c>
               <w msd="Somei" lemma="PC">PC</w>
               <c>,</c>
               <S/>
               <w msd="Somei" lemma="konzolec">konzolec</w>
               <c>)</c>
            </s>
         </p>
         <p xml:id="F0001506.002668">
            <s>
               <w msd="Soset" lemma="igrovje">igrovje</w>
               <S/>
               <c>(</c>
               <w msd="Somei" lemma="PC">PC</w>
               <c>,</c>
               <S/>
               <w msd="Somei" lemma="konzolec">konzolec</w>
               <c>)</c>
            </s>
         </p>
         <p xml:id="F0001506.002845">
            <s>
               <w msd="Sommi" lemma="kronik">kroniki</w>
            </s>
         </p>
         <p xml:id="F0001506.003124">
            <s>
               <w msd="Somei" lemma="uvod">Uvod</w>
            </s>
         </p>
         <p xml:id="F0001506.003143">
            <s>
               <w msd="Sozei" lemma="naročilnica">naročilnica</w>
            </s>
         </p>
         <p xml:id="F0001506.003154">
            <s>
               <w msd="Slmei" lemma="multinovela">multinovela</w>
            </s>
         </p>
         <p xml:id="F0001506.003162">
            <s>
               <w msd="N" lemma="wikand">Wikand</w>
               <S/>
               <w msd="N" lemma="the">the</w>
               <S/>
               <w msd="N" lemma="fable">Fable</w>
               <S/>
               <w msd="N" lemma="of">of</w>
               <S/>
               <w msd="N" lemma="souls">Souls</w>
            </s>
         </p>
         <p xml:id="F0001506.003163">
            <s>
               <w msd="N" lemma="www.bigfishgames.com/downloads/">www.bigfishgames.com/downloads/</w>
               <w msd="N" lemma="wik">wik</w>
               <c>/</c>
            </s>
         </p>
         <p xml:id="F0001506.003223">
            <s>
               <w msd="Slmei" lemma="Warren">Warren</w>
               <S/>
               <w msd="Slmei" lemma="Spector">Spector</w>
               <c>,</c>
            </s>
         </p>
         <p xml:id="F0001506.003279">
            <s>
               <w msd="Ggdd-mm" lemma="ostati">ostali</w>
               <S/>
               <w msd="Sommi" lemma="članek">članki</w>
               <S/>
               <c>-</c>
               <S/>
               <w msd="Sosei" lemma="igrovje">igrovje</w>
            </s>
         </p>
         <p xml:id="F0001506.003449">
            <s>
               <w msd="N" lemma="http://www.dyadin.com">http://www.dyadin.com</w>
            </s>
         </p>
         <p xml:id="F0001506.003485">
            <s>
               <w msd="Ppnmeid" lemma="všečen">všečni</w>
               <S/>
               <w msd="Somei" lemma="linolej">linolej</w>
            </s>
         </p>
         <p xml:id="F0001506.003510">
            <s>
               <w msd="Slmei" lemma="Greg">Greg</w>
               <S/>
               <w msd="Slmei" lemma="Costikyan">Costikyan</w>
               <c>,</c>
               <S/>
               <w msd="Slzei" lemma="Nokia">Nokia</w>
            </s>
         </p>
         <p xml:id="F0001506.003541">
            <s>
               <w msd="Rsn" lemma="domov">domov</w>
               <S/>
               <c>"</c>
               <S/>
               <w msd="Sommi" lemma="članek">članki</w>
               <S/>
               <c>"</c>
               <S/>
               <w msd="Ggdd-mm" lemma="ostati">ostali</w>
               <S/>
               <w msd="Sommi" lemma="članek">članki</w>
               <S/>
               <c>-</c>
               <S/>
               <w msd="Sosei" lemma="igrovje">igrovje</w>
               <S/>
               <c>"</c>
               <S/>
               <w msd="Ppnmetd" lemma="epski">Epski</w>
               <S/>
               <w msd="Sometn" lemma="pohod">pohod</w>
               <S/>
               <w msd="Dt" lemma="na">na</w>
               <S/>
               <w msd="Ppnmetd" lemma="grafičen">grafični</w>
               <S/>
               <w msd="Sometn" lemma="tron">tron</w>
               <S/>
               <w msd="Kag" lemma="3.0">3.0</w>
            </s>
         </p>
         <p xml:id="F0001506.003586">
            <s>
               <w msd="Dm" lemma="na">Na</w>
               <S/>
               <w msd="Sosem" lemma="mesto">mestu</w>
               <S/>
               <w msd="Gp-ste-n" lemma="biti">je</w>
               <S/>
               <w msd="L" lemma="kakopak">kakopak</w>
               <S/>
               <w msd="Sosei" lemma="vprašanje">vprašanje</w>
               <c>,</c>
               <S/>
               <w msd="Zv-zmi" lemma="kateri">katere</w>
               <S/>
               <w msd="Gp-stm-n" lemma="biti">so</w>
               <S/>
               <w msd="Gp-d-mz" lemma="biti">bile</w>
               <S/>
               <w msd="Ppnzmi" lemma="magičen">magične</w>
               <S/>
               <w msd="Sozmi" lemma="beseda">besede</w>
               <S/>
               <w msd="Vp" lemma="in">in</w>
               <S/>
               <w msd="Sozmi" lemma="sličica">sličice</w>
               <c>,</c>
               <S/>
               <w msd="Do" lemma="z">s</w>
               <S/>
               <w msd="Zv-zmo" lemma="kateri">katerimi</w>
               <S/>
               <w msd="Gp-ste-n" lemma="biti">je</w>
               <S/>
               <w msd="Slmei" lemma="Tim">Tim</w>
               <S/>
               <w msd="Do" lemma="z">s</w>
               <S/>
               <w msd="Sozeo" lemma="kompanija">kompanijo</w>
               <S/>
               <w msd="Ggdd-em" lemma="omrežiti">omrežil</w>
               <S/>
               <w msd="Ppnsmt" lemma="visokozveneč">visokozveneča</w>
               <S/>
               <w msd="Sosmt" lemma="ime">imena</w>
               <S/>
               <w msd="Ppnzer" lemma="igričarski">igričarske</w>
               <S/>
               <w msd="Sozer" lemma="industrija">industrije</w>
               <c>.</c>
               <S/>
            </s>
            <s>
               <w msd="Vp" lemma="in">In</w>
               <S/>
               <w msd="Zv-zmt" lemma="kakšen">kakšne</w>
               <S/>
               <w msd="Sozmt" lemma="posledica">posledice</w>
               <S/>
               <w msd="Gp-pte-n" lemma="biti">bo</w>
               <S/>
               <w msd="Zk-sei" lemma="ta">to</w>
               <S/>
               <w msd="Ggnd-es" lemma="imeti">imelo</w>
               <S/>
               <w msd="Dt" lemma="na">na</w>
               <S/>
               <w msd="Sozet" lemma="prihodnost">prihodnost</w>
               <S/>
               <w msd="Sozer" lemma="proizvodnja">proizvodnje</w>
               <S/>
               <c>(</c>
               <w msd="Zp------k" lemma="se">se</w>
               <S/>
               <w msd="Ggvste" lemma="slišati">sliši</w>
               <S/>
               <w msd="Rsn" lemma="umazano">umazano</w>
               <c>?</c>
               <c>)</c>
               <S/>
               <w msd="Sozmr" lemma="igra">iger</w>
               <c>.</c>
               <S/>
            </s>
            <s>
               <w msd="Dt" lemma="za">Za</w>
               <S/>
               <w msd="Sometn" lemma="začetek">začetek</w>
               <S/>
               <w msd="Ggnste" lemma="veljati">velja</w>
               <S/>
               <w msd="Ggdn" lemma="izvesti">izvesti</w>
               <S/>
               <w msd="Sometn" lemma="grob">grob</w>
               <S/>
               <w msd="Sometn" lemma="vpogled">vpogled</w>
               <S/>
               <w msd="Dt" lemma="v">v</w>
               <S/>
               <w msd="Soset" lemma="drobovje">drobovje</w>
               <S/>
               <w msd="Rsn" lemma="trenutno">trenutno</w>
               <S/>
               <w msd="Rss" lemma="najbolj">najbolj</w>
               <S/>
               <w msd="Rsn" lemma="brutalno">brutalno</w>
               <S/>
               <w msd="Ppnmer" lemma="zmogljiv">zmogljivega</w>
               <S/>
               <w msd="Ppnmer" lemma="grafičen">grafičnega</w>
               <S/>
               <w msd="Somer" lemma="pogon">pogona</w>
               <S/>
               <w msd="Dm" lemma="na">na</w>
               <S/>
               <w msd="Sosem" lemma="obličje">obličju</w>
               <S/>
               <w msd="Sozer" lemma="zemlja">Zemlje</w>
               <c>,</c>
               <S/>
               <w msd="L" lemma="že">že</w>
               <S/>
               <w msd="Rsn" lemma="zato">zato</w>
               <c>,</c>
               <S/>
               <w msd="Vd" lemma="da">da</w>
               <S/>
               <w msd="Zp------k" lemma="se">se</w>
               <S/>
               <w msd="Rsn" lemma="okvirno">okvirno</w>
               <S/>
               <w msd="Ggdspm" lemma="seznaniti">seznanimo</w>
               <S/>
               <w msd="Do" lemma="z">s</w>
               <S/>
               <w msd="Sozmo" lemma="tehnologija">tehnologijami</w>
               <c>,</c>
               <S/>
               <w msd="Vd" lemma="ki">ki</w>
               <S/>
               <w msd="Gp-ptm-n" lemma="biti">bodo</w>
               <S/>
               <w msd="Dm" lemma="v">v</w>
               <S/>
               <w msd="Ppnmem" lemma="splošen">splošnem</w>
               <S/>
               <w msd="Ggnd-mz" lemma="krojiti">krojile</w>
               <S/>
               <w msd="Sozet" lemma="slika">sliko</w>
               <S/>
               <w msd="Ppnzmr" lemma="prihodnji">prihodnjih</w>
               <S/>
               <w msd="Sozmr" lemma="igra">iger</w>
               <c>.</c>
               <S/>
            </s>
            <s>
               <w msd="Dm" lemma="pri">Pri</w>
               <S/>
               <w msd="Zk-sem" lemma="ta">tem</w>
               <S/>
               <w msd="Ggvste" lemma="iti">gre</w>
               <S/>
               <w msd="Rsn" lemma="koj">koj</w>
               <S/>
               <w msd="Ggdn" lemma="povedati">povedati</w>
               <c>,</c>
               <S/>
               <w msd="Vd" lemma="da">da</w>
               <S/>
               <w msd="Gp-ste-n" lemma="biti">je</w>
               <S/>
               <w msd="Somei" lemma="namen">namen</w>
               <S/>
               <w msd="Somer" lemma="članek">članka</w>
               <S/>
               <w msd="Ppnmetn" lemma="splošen">splošen</w>
               <S/>
               <w msd="Sometn" lemma="pregled">pregled</w>
               <S/>
               <w msd="Ppnzmr" lemma="nov">novih</w>
               <S/>
               <w msd="Sozmr" lemma="funkcija">funkcij</w>
               <S/>
               <w msd="Vp" lemma="in">in</w>
               <S/>
               <w msd="Zstmeim" lemma="njihov">njihov</w>
               <S/>
               <w msd="Sometn" lemma="vpliv">vpliv</w>
               <S/>
               <w msd="Dt" lemma="na">na</w>
               <S/>
               <w msd="Pdnsmt" lemma="izrisan">izrisana</w>
               <S/>
               <w msd="Sosmt" lemma="čudesa">čudesa</w>
               <c>,</c>
               <S/>
               <w msd="Rsn" lemma="medtem">medtem</w>
               <S/>
               <w msd="Vd" lemma="ko">ko</w>
               <S/>
               <w msd="Zp------k" lemma="se">se</w>
               <S/>
               <w msd="Gp-ppm-n" lemma="biti">bomo</w>
               <S/>
               <w msd="Sozmd" lemma="podrobnost">podrobnostim</w>
               <S/>
               <w msd="L" lemma="nemara">nemara</w>
               <S/>
               <w msd="Ggdd-mm" lemma="posvetiti">posvetili</w>
               <S/>
               <w msd="Rsn" lemma="takrat">takrat</w>
               <c>,</c>
               <S/>
               <w msd="Vd" lemma="ko">ko</w>
               <S/>
               <w msd="Gp-ptm-n" lemma="biti">bodo</w>
               <S/>
               <w msd="Zk-zmt" lemma="ta">te</w>
               <S/>
               <w msd="Sozmt" lemma="reč">reči</w>
               <S/>
               <w msd="Rsn" lemma="dejansko">dejansko</w>
               <S/>
               <w msd="Rsn" lemma="zunaj">zunaj</w>
               <c>.</c>
               <S/>
            </s>
            <s>
               <w msd="Rsn" lemma="takrat">Takrat</w>
               <S/>
               <w msd="Gp-pte-n" lemma="biti">bo</w>
               <S/>
               <w msd="Rsr" lemma="jasno">jasneje</w>
               <c>,</c>
               <S/>
               <w msd="Dt" lemma="na">na</w>
               <S/>
               <w msd="Zv-met" lemma="kakšen">kakšen</w>
               <S/>
               <w msd="Sometn" lemma="način">način</w>
               <S/>
               <w msd="Zotmmt--k" lemma="on">jih</w>
               <S/>
               <w msd="Ppnmmi" lemma="posamezen">posamezni</w>
               <S/>
               <w msd="Ppnmmi" lemma="grafičen">grafični</w>
               <S/>
               <w msd="Sommi" lemma="pogon">pogoni</w>
               <S/>
               <w msd="Ggnstm" lemma="izvajati">izvajajo</w>
               <c>.</c>
            </s>
         </p>
         <p xml:id="F0001506.003592">
            <s>
               <w msd="Ppnzei" lemma="izrisovalen">Izrisovalna</w>
               <S/>
               <w msd="Soser" lemma="črevce">črevca</w>
            </s>
         </p>
         <p xml:id="F0001506.003593">
            <s>
               <w msd="Ppnzei" lemma="kanadski">Kanadska</w>
               <S/>
               <w msd="Sozei" lemma="ruleta">ruleta</w>
            </s>
         </p>
         <p xml:id="F0001506.003812">
            <s>
               <w msd="Pdnmmi" lemma="ostal">ostali</w>
               <S/>
               <w msd="Sommi" lemma="članek">članki</w>
            </s>
         </p>
         <p xml:id="F0001506.003834">
            <s>
               <w msd="Pdnsei" lemma="objavljen">objavljeno</w>
               <c>:</c>
               <S/>
               <w msd="Somei" lemma="joker">Joker</w>
               <S/>
               <w msd="Kag" lemma="145">145</w>
            </s>
         </p>
         <p xml:id="F0001506.003951">
            <s>
               <w msd="Sommi" lemma="članek">ČLANKI</w>
            </s>
         </p>
         <p xml:id="F0001506.003960">
            <s>
               <w msd="Pdnsei" lemma="objavljen">objavljeno</w>
               <c>:</c>
               <S/>
               <w msd="Somei" lemma="joker">Joker</w>
               <S/>
               <w msd="Kag" lemma="145">145</w>
            </s>
         </p>
         <p xml:id="F0001506.003992">
            <s>
               <w msd="Sommi" lemma="članek">ČLANKI</w>
            </s>
         </p>
         <p xml:id="F0001506.004060">
            <s>
               <w msd="Soset" lemma="igrovje">igrovje</w>
               <S/>
               <c>(</c>
               <w msd="Somei" lemma="PC">PC</w>
               <c>,</c>
               <S/>
               <w msd="Somei" lemma="konzolec">konzolec</w>
               <c>)</c>
            </s>
         </p>
         <p xml:id="F0001506.004178">
            <s>
               <w msd="Somei" lemma="magazin">MAGAZIN</w>
            </s>
         </p>
         <p xml:id="F0001506.004195">
            <s>
               <w msd="Somei" lemma="kontakt">kontakt</w>
            </s>
         </p>
         <p xml:id="F0001506.004260">
            <s>
               <w msd="Somei" lemma="magazin">MAGAZIN</w>
            </s>
         </p>
         <p xml:id="F0001506.004279">
            <s>
               <w msd="Dm" lemma="po">po</w>
               <S/>
               <w msd="Sozem" lemma="vsebina">vsebini</w>
               <S/>
               <w msd="Dm" lemma="po">po</w>
               <S/>
               <w msd="Sosem" lemma="idje">idju</w>
            </s>
         </p>
         <p xml:id="F0001506.004297">
            <s>
               <w msd="Ggnvdm" lemma="pisati">pišite</w>
               <S/>
               <w msd="Slmei" lemma="nam">nam</w>
               <S/>
               <c>|</c>
               <S/>
               <w msd="Sozei" lemma="revija">revija</w>
               <S/>
               <w msd="Somei" lemma="joker">Joker</w>
            </s>
         </p>
         <p xml:id="F0001506.004369">
            <s>
               <w msd="Pdnsei" lemma="objavljen">objavljeno</w>
               <c>:</c>
               <S/>
               <w msd="Somei" lemma="joker">Joker</w>
               <S/>
               <w msd="Kag" lemma="146">146</w>
            </s>
         </p>
         <p xml:id="F0001506.004442">
            <s>
               <c>(</c>
               <w msd="Sommi" lemma="palček">Palčki</w>
               <S/>
               <w msd="Ggnstm" lemma="iskati">iščejo</w>
               <S/>
               <w msd="L" lemma="le">le</w>
               <S/>
               <w msd="Kbgmmt" lemma="štirje">štiri</w>
               <c>-</c>
               <S/>
               <w msd="Vp" lemma="ali">ali</w>
               <S/>
               <w msd="Ppnzer" lemma="veččrkoven">veččrkovne</w>
               <S/>
               <w msd="Sozer" lemma="zasnova">zasnove</w>
               <c>.</c>
               <c>)</c>
            </s>
         </p>
         <p xml:id="F0001506.004697">
            <s>
               <w msd="Dr" lemma="poleg">Poleg</w>
               <S/>
               <w msd="Zk-ser" lemma="ta">tega</w>
               <S/>
               <w msd="Zp------k" lemma="se">se</w>
               <S/>
               <w msd="Dm" lemma="na">na</w>
               <S/>
               <w msd="Somem" lemma="internet">internetu</w>
               <S/>
               <w msd="Ggdste" lemma="najti">najde</w>
               <S/>
               <w msd="Ppnmetn" lemma="cel">cel</w>
               <S/>
               <w msd="Sometn" lemma="koš">koš</w>
               <S/>
               <w msd="Ppnmmr" lemma="zastonjski">zastonjskih</w>
               <S/>
               <w msd="Sommr" lemma="dodatek">dodatkov</w>
               <c>,</c>
               <S/>
               <w msd="Vd" lemma="ki">ki</w>
               <S/>
               <w msd="Zp------k" lemma="se">se</w>
               <S/>
               <w msd="Zotzmt--k" lemma="on">jih</w>
               <S/>
               <w msd="L" lemma="vsekakor">vsekakor</w>
               <S/>
               <w msd="Ggvste" lemma="splačati">splača</w>
               <S/>
               <w msd="Ggdn" lemma="preizkusiti">preizkusiti</w>
               <c>,</c>
               <S/>
               <w msd="Vp" lemma="saj">saj</w>
               <S/>
               <w msd="Gp-stm-n" lemma="biti">so</w>
               <S/>
               <w msd="Zn-mmi" lemma="nekateri">nekateri</w>
               <S/>
               <w msd="Ppnset" lemma="svetloben">svetlobno</w>
               <S/>
               <w msd="Soset" lemma="leto">leto</w>
               <S/>
               <w msd="Do" lemma="pred">pred</w>
               <S/>
               <w msd="Zk-mmo" lemma="tisti">tistimi</w>
               <c>,</c>
               <S/>
               <w msd="Vd" lemma="ki">ki</w>
               <S/>
               <w msd="Zotmmt--k" lemma="on">jih</w>
               <S/>
               <w msd="Ggdspm" lemma="dobiti">dobimo</w>
               <S/>
               <w msd="Rsn" lemma="zraven">zraven</w>
               <S/>
               <w msd="Somer" lemma="simulator">simulatorja</w>
               <c>.</c>
               <S/>
            </s>
            <s>
               <w msd="Ggdn" lemma="najti">Najti</w>
               <S/>
               <w msd="Gp-ste-n" lemma="biti">je</w>
               <S/>
               <w msd="Rsn" lemma="moč">moč</w>
               <S/>
               <w msd="Ppnsmt" lemma="raznovrsten">raznovrstna</w>
               <S/>
               <w msd="Sosmt" lemma="letalo">letala</w>
               <S/>
               <w msd="Vp" lemma="in">in</w>
               <S/>
               <w msd="Sommt" lemma="helikopter">helikopterje</w>
               <c>,</c>
               <S/>
               <w msd="Sozmt" lemma="preobleka">preobleke</w>
               <c>,</c>
               <S/>
               <w msd="Ppnzmt" lemma="dodaten">dodatne</w>
               <S/>
               <w msd="Sozer" lemma="kabina">kabine</w>
               <S/>
               <c>(</c>
               <w msd="Sommt" lemma="panel">panele</w>
               <c>)</c>
               <c>,</c>
               <S/>
               <w msd="Soser" lemma="letališče">letališča</w>
               <S/>
               <w msd="Vp" lemma="in">in</w>
               <S/>
               <w msd="Sozer" lemma="pokrajina">pokrajine</w>
               <c>.</c>
               <S/>
            </s>
            <s>
               <w msd="Rsn" lemma="tu">Tu</w>
               <S/>
               <w msd="Ggnspe-d" lemma="imeti">nimam</w>
               <S/>
               <w msd="Rsn" lemma="kaj">kaj</w>
               <S/>
               <w msd="Ggnn" lemma="filozofirati">filozofirati</w>
               <c>,</c>
               <S/>
               <w msd="Vp" lemma="saj">saj</w>
               <S/>
               <w msd="Gp-ste-n" lemma="biti">je</w>
               <S/>
               <w msd="Zk-zmr" lemma="tak">takih</w>
               <S/>
               <w msd="L" lemma="vsaj">vsaj</w>
               <S/>
               <w msd="Dt" lemma="za">za</w>
               <S/>
               <w msd="Rsn" lemma="pol">pol</w>
               <S/>
               <w msd="Somer" lemma="štirilijon">štirilijona</w>
               <S/>
               <w msd="Vp" lemma="in">in</w>
               <S/>
               <w msd="Zc-mei" lemma="vsak">vsak</w>
               <S/>
               <w msd="Gp-pte-n" lemma="biti">bo</w>
               <S/>
               <w msd="Ggdd-em" lemma="najti">našel</w>
               <S/>
               <w msd="Zv-set" lemma="kaj">kaj</w>
               <S/>
               <w msd="Zp---t--z" lemma="zase">zase</w>
               <c>.</c>
               <S/>
            </s>
            <s>
               <w msd="L" lemma="le">Le</w>
               <S/>
               <w msd="Ggdvdm" lemma="obiskati">obiščite</w>
               <S/>
               <w msd="N" lemma="www.avsim.com">www.avsim.com</w>
               <c>,</c>
               <S/>
               <w msd="N" lemma="www.flyawaysimulation.com">www.flyawaysimulation.com</w>
               <S/>
               <w msd="Vp" lemma="in">in</w>
               <S/>
               <w msd="N" lemma="www.flightsim.com">www.flightsim.com</w>
               <S/>
               <w msd="Vp" lemma="ali">ali</w>
               <S/>
               <w msd="Ggnsdm" lemma="zaprežati">zaprežite</w>
               <S/>
               <w msd="Slmei" lemma="Google">Google</w>
               <c>.</c>
               <S/>
            </s>
            <s>
               <w msd="Ggvste" lemma="splačati">Splača</w>
               <S/>
               <w msd="Zp------k" lemma="se">se</w>
               <c>.</c>
            </s>
         </p>
         <p xml:id="F0001506.004711">
            <s>
               <w msd="Ggdd-mm" lemma="ostati">ostali</w>
               <S/>
               <w msd="Sommi" lemma="članek">članki</w>
               <S/>
               <c>-</c>
               <S/>
               <w msd="Soset" lemma="igrovje">igrovje</w>
            </s>
         </p>
         <p xml:id="F0001506.004794">
            <s>
               <w msd="Rsn" lemma="živo">Živo</w>
               <S/>
               <w msd="Ppnset" lemma="virtualen">virtualno</w>
               <S/>
               <w msd="Soset" lemma="nebo">nebo</w>
            </s>
         </p>
         <p xml:id="F0001506.004819">
            <s>
               <w msd="Somei" lemma="iskalnik">ISKALNIK</w>
               <c>:</c>
            </s>
         </p>
         <p xml:id="F0001506.004833">
            <s>
               <w msd="Ppnmmi" lemma="velik">Veliki</w>
               <S/>
               <w msd="Sommi" lemma="tič">tiči</w>
            </s>
         </p>
         <p xml:id="F0001506.004837">
            <s>
               <w msd="Sozer" lemma="močskupnost">Močskupnosti</w>
            </s>
         </p>
         <p xml:id="F0001506.004865">
            <s>
               <w msd="Ppnzer" lemma="domač">Domače</w>
               <S/>
               <w msd="Ppnmmt" lemma="star">stare</w>
               <S/>
               <w msd="Sozmi" lemma="gate">gate</w>
            </s>
         </p>
      </body>
   </text>
</TEI>