<?xml version="1.0" encoding="UTF-8"?>
<TEI xmlns="http://www.tei-c.org/ns/1.0" xml:id="F0002208" xml:lang="sl">
   <teiHeader>
      <fileDesc>
         <titleStmt>
            <title>ccKRES: Kmečki glas (2001-06)</title>
            <funder>Operacijo delno financira Evropska unija iz Evropskega socialnega sklada ter Ministrstvo za šolstvo in šport. Operacija se izvaja v okviru Operativnega programa razvoja človeških virov za obdobje 2007-2013, razvojne prioritete: razvoj človeških virov in vseživljenjskega učenja; prednostne usmeritve: izboljšanje kakovosti in učinkovitosti sistemov izobraževanja in usposabljanja 2007-2013.</funder>
         </titleStmt>
         <editionStmt>
            <edition>1.0</edition>
         </editionStmt>
         <extent>327 besed</extent>
         <publicationStmt>
            <idno>23_01</idno>
            <availability status="free">
               <p xml:lang="sl">Avtorske pravice za to izdajo ureja licenca <ref target="http://creativecommons.org/licenses/by-nc/2.5/si/">Creative Commons Priznanje avtorstva-Nekomercialno 2.5 Slovenija</ref>.</p>
               <p xml:lang="en">This work is licenced under the <ref target="http://creativecommons.org/licenses/by-nc/2.5/si/deed.en">Creative Commons Attribution-Noncommercial 2.5 Slovenia</ref>.</p>
            </availability>
            <date>2012-05-06</date>
         </publicationStmt>
         <sourceDesc>
            <bibl>
               <title>Kmečki glas</title>
               <author n="???">neznani novinar</author>
               <date>2001-06</date>
               <publisher n="drugo">Kmečki glas</publisher>
               <note type="sourceLang">sl</note>
            </bibl>
         </sourceDesc>
      </fileDesc>
      <encodingDesc>
         <projectDesc>
            <p xml:lang="sl">Glej <ref target="http://www.korpus-kres.net/">www.korpus-kres.net</ref> oz. <ref target="http://nl.ijs.si/ssj/">nl.ijs.si/ssj</ref>.</p>
            <p xml:lang="en">See <ref target="http://www.korpus-kres.net/">www.korpus-kres.net</ref> or <ref target="http://nl.ijs.si/ssj/">nl.ijs.si/ssj</ref>.</p>
         </projectDesc>
         <samplingDecl>
            <p xml:lang="sl">
            Besedila in odstavki v korpusu KRES so bili vzorčeni iz
            Gigafide tako, da smo dobili 100-milijonski referenčni
            korpus, v katerem so besedila uravnotežena po vnaprej
            določenih taksonomskih deležih in po podatkih o branosti
            vira (časopisi, revije, novičarski portali).  Korpus
            ccKRES nato, z namenom, da je lahko dostopen po licenci CC,
            vsebuje 10 % naključno vzorčenih odstavkov besedil iz
            korpusa KRES, torej 10 milijonov besed.
	    Več o sestavi korpusa lahko preberete na 
            <ref target="http://www.korpus-kres.net/">www.korpus-kres.net</ref> oz.
            <ref target="http://nl.ijs.si/ssj/">nl.ijs.si/ssj</ref>.
	  </p>
            <p xml:lang="en">
            Texts and paragraphs in the KRES corpus have been sampled from the 
	    Gigafida corpus. The result of the sampling is a 100-million-word 
	    reference corpus. The texts in KRES are balanced according to the 
	    predetermined categories, with particular consideration being paid to 
	    the data on the popularity of the source (newspapers, magazines, 
	    Internet news sites). 
	    To enable free (CC) distribution of the corpus, the ccKRES corpus contains 
	    10% of randomly sampled paragraphs from KRES, i.e. contains 10 million words.
	    For more information about the contents of the corpus, 
	    see <ref target="http://www.korpus-kres.net/">www.korpus-kres.net</ref>
	    and <ref target="http://nl.ijs.si/ssj/">nl.ijs.si/ssj</ref>.
	  </p>
         </samplingDecl>
         <tagsDecl>
            <namespace name="http://www.tei-c.org/ns/1.0">
               <tagUsage gi="c" occurs="69"/>
               <tagUsage gi="p" occurs="15"/>
               <tagUsage gi="s" occurs="24"/>
               <tagUsage gi="S" occurs="353"/>
               <tagUsage gi="w" occurs="327"/>
            </namespace>
         </tagsDecl>
         <classDecl>
            <taxonomy xml:id="SSJ">
               <category xml:id="SSJ.T">
                  <catDesc>tisk</catDesc>
                  <category xml:id="SSJ.T.K">
                     <catDesc>knjižno</catDesc>
                     <category xml:id="SSJ.T.K.L">
                        <catDesc>leposlovno</catDesc>
                     </category>
                     <category xml:id="SSJ.T.K.S">
                        <catDesc>strokovno</catDesc>
                     </category>
                  </category>
                  <category xml:id="SSJ.T.P">
                     <catDesc>periodično</catDesc>
                     <category xml:id="SSJ.T.P.C">
                        <catDesc>časopis</catDesc>
                     </category>
                     <category xml:id="SSJ.T.P.R">
                        <catDesc>revija</catDesc>
                     </category>
                  </category>
                  <category xml:id="SSJ.T.D">
                     <catDesc>drugo</catDesc>
                  </category>
               </category>
               <category xml:id="SSJ.I">
                  <catDesc>internet</catDesc>
               </category>
            </taxonomy>
         </classDecl>
      </encodingDesc>
      <profileDesc>
         <textClass>
            <catRef target="#SSJ.T.P.C"/>
         </textClass>
      </profileDesc>
   </teiHeader>
   <text xml:id="F0002208." xml:lang="sl">
      <body>
         <p xml:id="F0002208.000213">
            <s>
               <w msd="Slzmr" lemma="IDA">ID</w>
               <S/>
               <w msd="Sosei" lemma="ime">IME</w>
               <S/>
               <w msd="Slmei" lemma="Pv12">Pv12</w>
               <S/>
               <w msd="Slzmr" lemma="IDA">ID</w>
               <S/>
               <w msd="Sosei" lemma="ime">IME</w>
               <S/>
               <w msd="Slmei" lemma="Pv12">Pv12</w>
               <S/>
               <w msd="Slzmr" lemma="IDA">ID</w>
               <S/>
               <w msd="Sosei" lemma="ime">IME</w>
               <S/>
               <w msd="Slmei" lemma="PV12">PV12</w>
               <S/>
               <w msd="Slzmr" lemma="IDA">ID</w>
               <S/>
               <w msd="Sosei" lemma="ime">IME</w>
               <S/>
               <w msd="Slmei" lemma="PV12">PV12</w>
            </s>
         </p>
         <p xml:id="F0002208.000220">
            <s>
               <w msd="Kag" lemma="720368">720368</w>
               <S/>
               <w msd="Slmei" lemma="Horwein">Horwein</w>
               <S/>
               <w msd="Kag" lemma="145,0">145,0</w>
               <S/>
               <w msd="Kag" lemma="720422">720422</w>
               <S/>
               <w msd="Slmei" lemma="Ivry">Ivry</w>
               <S/>
               <w msd="Kag" lemma="127,0">127,0</w>
               <S/>
               <w msd="Kag" lemma="120830">120830</w>
               <S/>
               <w msd="Slmei" lemma="Zvonko">Zvonko</w>
               <S/>
               <w msd="Kag" lemma="150,6">150,6</w>
               <S/>
               <w msd="Kag" lemma="720298">720298</w>
               <S/>
               <w msd="Somei" lemma="zeus">Zeus</w>
               <S/>
               <w msd="Kag" lemma="151,7">151,7</w>
            </s>
         </p>
         <p xml:id="F0002208.000288">
            <s>
               <w msd="Somei" lemma="traktor">Traktor</w>
            </s>
         </p>
         <p xml:id="F0002208.000425">
            <s>
               <w msd="Kag" lemma="11.25">11.25</w>
               <S/>
               <w msd="Somei" lemma="kofer">Kofer</w>
               <S/>
               <c>-</c>
               <S/>
               <w msd="Kag" lemma="11.50">11.50</w>
               <S/>
               <w msd="Sozei" lemma="glasba">Glasba</w>
               <S/>
               <c>-</c>
               <S/>
               <w msd="Kag" lemma="12.00">12.00</w>
               <S/>
               <w msd="Ppnzei" lemma="obalen">Obalna</w>
               <S/>
               <w msd="Sozei" lemma="straža">straža</w>
               <S/>
               <c>-</c>
               <S/>
               <w msd="Kag" lemma="12.35">12.35</w>
               <S/>
               <w msd="Ppnmmi" lemma="erdejski">Erdejski</w>
               <S/>
               <w msd="Sommi" lemma="ples">plesi</w>
               <S/>
               <c>-</c>
               <S/>
               <w msd="Kag" lemma="13.00">13.00</w>
               <S/>
               <w msd="Somei" lemma="dnevnik">Dnevnik</w>
               <S/>
               <c>-</c>
               <S/>
               <w msd="Kag" lemma="14.00">14.00</w>
               <S/>
               <w msd="Ppnmeid" lemma="glaven">Glavni</w>
               <S/>
               <w msd="Somei" lemma="trg">trg</w>
               <S/>
               <c>-</c>
               <S/>
               <w msd="Kag" lemma="15.30">15.30</w>
               <S/>
               <w msd="Ppnsei" lemma="ažuren">Ažurno</w>
               <S/>
               <c>-</c>
               <S/>
               <w msd="Kag" lemma="17.50">17.50</w>
               <S/>
               <w msd="Slmei" lemma="Musica">Musica</w>
               <S/>
               <w msd="Slzei" lemma="Historica">Historica</w>
               <S/>
               <c>-</c>
               <S/>
               <w msd="Kag" lemma="18.05">18.05</w>
               <S/>
               <w msd="Slmei" lemma="Mediamix">Mediamix</w>
               <S/>
               <c>-</c>
               <S/>
               <w msd="Kag" lemma="18.30">18.30</w>
               <S/>
               <w msd="Rsn" lemma="nekje">Nekje</w>
               <S/>
               <w msd="Vp" lemma="in">in</w>
               <S/>
               <w msd="Rsn" lemma="nekoč">nekoč</w>
               <S/>
               <c>-</c>
               <S/>
               <w msd="Kag" lemma="19.00">19.00</w>
               <S/>
               <w msd="Somei" lemma="razgovor">Razgovor</w>
               <S/>
               <w msd="Do" lemma="z">z</w>
               <S/>
               <w msd="Somei" lemma="min">min</w>
               <c>.</c>
               <S/>
            </s>
            <s>
               <w msd="O" lemma="preds.">Preds.</w>
               <S/>
               <w msd="O" lemma="V.">V.</w>
               <S/>
               <w msd="Slmmd" lemma="Orban">Orbanom</w>
               <S/>
               <c>-</c>
               <S/>
               <w msd="Kag" lemma="19.30">19.30</w>
               <S/>
               <w msd="Ppnzei" lemma="glasben">Glasbena</w>
               <S/>
               <w msd="Sozei" lemma="veriga">veriga</w>
               <S/>
               <c>-</c>
               <S/>
               <w msd="Kag" lemma="19.45">19.45</w>
               <S/>
               <w msd="Sozei" lemma="pravljica">Pravljica</w>
               <S/>
               <c>-</c>
               <S/>
               <w msd="Kag" lemma="20.00">20.00</w>
               <S/>
               <w msd="Somei" lemma="dnevnik">Dnevnik</w>
               <S/>
               <c>-</c>
               <S/>
               <w msd="Kag" lemma="20.45">20.45</w>
               <S/>
               <w msd="O" lemma="madž.">Madž.</w>
               <S/>
               <w msd="Dm" lemma="na">na</w>
               <S/>
               <w msd="Somem" lemma="konec">koncu</w>
               <S/>
               <w msd="O" lemma="tisočl.">tisočl.</w>
               <c>-</c>
               <S/>
               <w msd="Kag" lemma="21.40">21.40</w>
               <S/>
               <w msd="Sozer" lemma="avantura">Avanture</w>
               <S/>
               <w msd="Dm" lemma="v">v</w>
               <S/>
               <w msd="Sozem" lemma="književnost">književnosti</w>
               <S/>
               <c>-</c>
               <S/>
               <w msd="Kag" lemma="22.45">22.45</w>
               <S/>
               <w msd="Somei" lemma="zaključek">Zaključek</w>
               <S/>
               <c>-</c>
               <S/>
               <w msd="Kag" lemma="23.45">23.45</w>
               <S/>
               <w msd="Sozer" lemma="sanja">Sanje</w>
               <S/>
               <w msd="Gp-spe-n" lemma="biti">sem</w>
               <S/>
               <w msd="Zop-ei" lemma="jaz">jaz</w>
               <S/>
               <c>-</c>
               <S/>
               <w msd="Kag" lemma="1.20">1.20</w>
               <S/>
               <w msd="Ppnmetd" lemma="nočen">Nočni</w>
               <S/>
               <w msd="Sometn" lemma="izbor">izbor</w>
               <c>.</c>
               <S/>
            </s>
         </p>
         <p xml:id="F0002208.001055">
            <s>
               <w msd="Kav" lemma="11.">11.</w>
               <S/>
               <w msd="Somer" lemma="junij">junija</w>
               <S/>
               <w msd="Ggdste" lemma="vziti">vzide</w>
               <S/>
               <w msd="Sosei" lemma="sonce">sonce</w>
               <S/>
               <w msd="Dm" lemma="ob">ob</w>
               <S/>
               <w msd="Kag" lemma="5.11">5.11</w>
               <S/>
               <w msd="Vp" lemma="in">in</w>
               <S/>
               <w msd="Ggdste" lemma="zaiti">zaide</w>
               <S/>
               <w msd="Dt" lemma="ob">ob</w>
               <S/>
               <w msd="Kag" lemma="20.53">20.53</w>
               <c>.</c>
            </s>
         </p>
         <p xml:id="F0002208.001333">
            <s>
               <w msd="Somei" lemma="mesec">Mesec</w>
               <S/>
               <w msd="Somei" lemma="maj">maj</w>
               <S/>
               <w msd="Kag" lemma="2001">2001</w>
               <S/>
               <w msd="Zp------k" lemma="se">se</w>
               <S/>
               <w msd="Gp-pte-n" lemma="biti">bo</w>
               <S/>
               <w msd="Dm" lemma="na">na</w>
               <S/>
               <w msd="Zspsemm" lemma="naš">našem</w>
               <S/>
               <w msd="Sosem" lemma="podeželje">podeželju</w>
               <S/>
               <w msd="Ggdd-em" lemma="zapisati">zapisal</w>
               <S/>
               <w msd="Vd" lemma="kot">kot</w>
               <S/>
               <w msd="Ppnmein" lemma="črn">črn</w>
               <S/>
               <w msd="Somei" lemma="mesec">mesec</w>
               <c>,</c>
               <S/>
               <w msd="Vp" lemma="saj">saj</w>
               <S/>
               <w msd="Gp-ste-n" lemma="biti">je</w>
               <S/>
               <w msd="Ggdd-em" lemma="vzeti">vzel</w>
               <S/>
               <w msd="Rsn" lemma="veliko">veliko</w>
               <S/>
               <w msd="Sosmr" lemma="življenje">življenj</w>
               <c>,</c>
               <S/>
               <w msd="Vp" lemma="in">in</w>
               <S/>
               <w msd="Zk-sei" lemma="ta">to</w>
               <S/>
               <w msd="Sosmr" lemma="življenje">življenj</w>
               <S/>
               <w msd="Ppnmmr" lemma="mlad">mladih</w>
               <S/>
               <w msd="Sommr" lemma="fant">fantov</w>
               <S/>
               <w msd="Dm" lemma="na">na</w>
               <S/>
               <w msd="Somem" lemma="prag">pragu</w>
               <S/>
               <w msd="Ppnser" lemma="ustvarjalen">ustvarjalnega</w>
               <S/>
               <w msd="Soser" lemma="življenje">življenja</w>
               <c>.</c>
               <S/>
            </s>
            <s>
               <w msd="Dd" lemma="k">K</w>
               <S/>
               <w msd="Zk-sed" lemma="ta">temu</w>
               <S/>
               <w msd="Gp-ste-n" lemma="biti">je</w>
               <S/>
               <w msd="Dr" lemma="poleg">poleg</w>
               <S/>
               <w msd="Ppnzmr" lemma="nesrečen">nesrečnih</w>
               <S/>
               <w msd="Sozmr" lemma="okoliščina">okoliščin</w>
               <S/>
               <w msd="Rsn" lemma="veliko">veliko</w>
               <S/>
               <w msd="Ggdd-ez" lemma="pripomoči">pripomogla</w>
               <S/>
               <w msd="Ppnzei" lemma="prevelik">prevelika</w>
               <S/>
               <w msd="Sozei" lemma="hitrost">hitrost</w>
               <S/>
               <w msd="Dm" lemma="v">v</w>
               <S/>
               <w msd="Sommm" lemma="avtomobil">avtomobilih</w>
               <S/>
               <w msd="Vp" lemma="in">in</w>
               <S/>
               <w msd="Dm" lemma="na">na</w>
               <S/>
               <w msd="Sommm" lemma="motor">motorjih</w>
               <c>.</c>
               <S/>
            </s>
            <s>
               <w msd="Vp" lemma="zato">Zato</w>
               <S/>
               <w msd="Gp-g" lemma="biti">bi</w>
               <S/>
               <w msd="Rsn" lemma="rad">rada</w>
               <S/>
               <w msd="Zod-md" lemma="ti">vam</w>
               <c>,</c>
               <S/>
               <w msd="Zspmeom" lemma="naš">našim</w>
               <S/>
               <w msd="Ppnmmd" lemma="mlad">mladim</w>
               <S/>
               <w msd="Sommd" lemma="bralec">bralcem</w>
               <c>,</c>
               <S/>
               <w msd="Ggdd-ez" lemma="zapisati">zapisala</w>
               <c>,</c>
               <S/>
               <w msd="Vd" lemma="da">da</w>
               <S/>
               <w msd="Somei" lemma="pregovor">pregovor</w>
               <S/>
               <w msd="Slmei" lemma="HITI">HITI</w>
               <S/>
               <w msd="Rsn" lemma="počasi">POČASI</w>
               <c>,</c>
               <S/>
               <w msd="Gp-ste-d" lemma="biti">ni</w>
               <S/>
               <w msd="Dr" lemma="iz">iz</w>
               <S/>
               <w msd="Sozer" lemma="trta">trte</w>
               <S/>
               <w msd="Slmei" lemma="zvit">zvit</w>
               <c>.</c>
               <S/>
            </s>
            <s>
               <w msd="Rsn" lemma="vedno">Vedno</w>
               <c>,</c>
               <S/>
               <w msd="Vd" lemma="ko">ko</w>
               <S/>
               <w msd="Zp------k" lemma="se">se</w>
               <S/>
               <w msd="Zod-md" lemma="ti">vam</w>
               <S/>
               <w msd="Rss" lemma="najbolj">najbolj</w>
               <S/>
               <w msd="Ggnste" lemma="muditi">mudi</w>
               <c>,</c>
               <S/>
               <w msd="Zp------k" lemma="se">se</w>
               <S/>
               <w msd="Ggdvdm" lemma="usesti">usedite</w>
               <S/>
               <w msd="Vp" lemma="in">in</w>
               <S/>
               <w msd="Ggdvdm" lemma="počakati">počakajte</w>
               <c>,</c>
               <S/>
               <w msd="Vd" lemma="da">da</w>
               <S/>
               <w msd="Zp------k" lemma="se">se</w>
               <S/>
               <w msd="Zod-md" lemma="ti">vam</w>
               <S/>
               <w msd="Ggdste" lemma="nehati">neha</w>
               <S/>
               <w msd="Ggnn" lemma="muditi">muditi</w>
               <c>.</c>
               <S/>
            </s>
            <s>
               <w msd="Rsr" lemma="dobro">Bolje</w>
               <S/>
               <w msd="Gp-ste-n" lemma="biti">je</w>
               <S/>
               <w msd="Vp" lemma="namreč">namreč</w>
               <S/>
               <w msd="Dt" lemma="na">na</w>
               <S/>
               <w msd="Sometn" lemma="cilj">cilj</w>
               <S/>
               <w msd="Ggdn" lemma="priti">priti</w>
               <S/>
               <w msd="Do" lemma="z">z</w>
               <S/>
               <w msd="Sozeo" lemma="zamuda">zamudo</w>
               <S/>
               <w msd="Vd" lemma="kot">kot</w>
               <S/>
               <w msd="Rsn" lemma="nikoli">nikoli</w>
               <S/>
               <w msd="Vp" lemma="in">in</w>
               <S/>
               <w msd="L" lemma="nikar">nikar</w>
               <S/>
               <w msd="Zp------k" lemma="se">se</w>
               <S/>
               <w msd="L" lemma="ne">ne</w>
               <S/>
               <w msd="Ggdsdm" lemma="pustiti">pustite</w>
               <S/>
               <w msd="Ggdn" lemma="izzvati">izzvati</w>
               <S/>
               <w msd="Kbzmmd" lemma="drug">drugim</w>
               <S/>
               <w msd="Sommd" lemma="voznik">voznikom</w>
               <c>,</c>
               <S/>
               <w msd="Vd" lemma="ki">ki</w>
               <S/>
               <w msd="Ggnstm" lemma="tiščati">tiščijo</w>
               <S/>
               <w msd="Sometn" lemma="pedal">pedal</w>
               <S/>
               <w msd="Dt" lemma="za">za</w>
               <S/>
               <w msd="Sometn" lemma="plin">plin</w>
               <c>,</c>
               <S/>
               <w msd="Ggnstm" lemma="prehitevati">prehitevajo</w>
               <S/>
               <w msd="Dt" lemma="v">v</w>
               <S/>
               <w msd="Sozmt" lemma="škarje">škarje</w>
               <S/>
               <w msd="Vp" lemma="in">in</w>
               <S/>
               <w msd="Rsn" lemma="komaj">komaj</w>
               <S/>
               <w msd="Ggnstm" lemma="loviti">lovijo</w>
               <S/>
               <w msd="Zp-met" lemma="svoj">svoj</w>
               <S/>
               <w msd="Sometn" lemma="avto">avto</w>
               <S/>
               <w msd="Dm" lemma="v">v</w>
               <S/>
               <w msd="Sommm" lemma="ovinek">ovinkih</w>
               <c>.</c>
               <S/>
            </s>
            <s>
               <w msd="Rsn" lemma="žal">Žal</w>
               <S/>
               <w msd="Zk-mmi" lemma="tisti">tisti</w>
               <c>,</c>
               <S/>
               <w msd="Vd" lemma="ki">ki</w>
               <S/>
               <w msd="Ggnstm" lemma="hoditi">hodijo</w>
               <S/>
               <w msd="Dm" lemma="po">po</w>
               <S/>
               <w msd="Ppnzem" lemma="tanek">tanki</w>
               <S/>
               <w msd="Sozem" lemma="brv">brvi</w>
               <S/>
               <w msd="Soser" lemma="življenje">življenja</w>
               <c>,</c>
               <S/>
               <w msd="Rsn" lemma="včasih">včasih</w>
               <S/>
               <w msd="L" lemma="tudi">tudi</w>
               <S/>
               <w msd="Ggdstm" lemma="zdrsniti">zdrsnejo</w>
               <S/>
               <w msd="Dt" lemma="v">v</w>
               <S/>
               <w msd="Sozet" lemma="smrt">smrt</w>
               <S/>
               <w msd="Vp" lemma="ali">ali</w>
               <S/>
               <w msd="Sozei" lemma="invalidnost">invalidnost</w>
               <c>.</c>
               <S/>
            </s>
            <s>
               <w msd="Zl-zer" lemma="noben">Nobene</w>
               <S/>
               <w msd="Dr" lemma="od">od</w>
               <S/>
               <w msd="Zk-mmr" lemma="ta">teh</w>
               <S/>
               <w msd="Zod-md" lemma="ti">vam</w>
               <S/>
               <w msd="L" lemma="ne">ne</w>
               <S/>
               <w msd="Ggnspm" lemma="želeti">želimo</w>
               <c>,</c>
               <S/>
               <w msd="Vp" lemma="zato">zato</w>
               <S/>
               <w msd="Gp-vdm" lemma="biti">bodite</w>
               <S/>
               <w msd="Dm" lemma="na">na</w>
               <S/>
               <w msd="Sozem" lemma="cesta">cesti</w>
               <S/>
               <w msd="Ppnmmi" lemma="pameten">pametni</w>
               <S/>
               <w msd="Dt" lemma="za">za</w>
               <S/>
               <w msd="Kbgmdt" lemma="dva">dva</w>
               <c>.</c>
               <S/>
            </s>
         </p>
         <p xml:id="F0002208.001381">
            <s>
               <c>•</c>
               <S/>
               <w msd="Ggnd-mm" lemma="imeti">Imeli</w>
               <S/>
               <w msd="Gp-ppm-n" lemma="biti">bomo</w>
               <S/>
               <w msd="Ppnmein" lemma="odgovoren">odgovoren</w>
               <S/>
               <w msd="Sometn" lemma="odnos">odnos</w>
               <S/>
               <w msd="Dr" lemma="do">do</w>
               <S/>
               <w msd="Zc-smr" lemma="ves">vseh</w>
               <S/>
               <w msd="Ppnsmr" lemma="živ">živih</w>
               <S/>
               <w msd="Sosmr" lemma="bitje">bitij</w>
               <c>!</c>
               <S/>
            </s>
         </p>
         <p xml:id="F0002208.001640">
            <s>
               <w msd="Ggdspe" lemma="pokimati">Pokimam</w>
               <c>.</c>
               <S/>
            </s>
            <s>
               <w msd="L" lemma="tudi">Tudi</w>
               <S/>
               <w msd="Ppnmein" lemma="sam">sam</w>
               <S/>
               <w msd="Ggnspe" lemma="vedeti">vem</w>
               <c>,</c>
               <S/>
               <w msd="Vd" lemma="da">da</w>
               <S/>
               <w msd="Gp-ptm-n" lemma="biti">bodo</w>
               <S/>
               <w msd="Soset" lemma="seno">seno</w>
               <S/>
               <w msd="Ggnd-mm" lemma="spravljati">spravljali</w>
               <S/>
               <w msd="Rsn" lemma="domov">domov</w>
               <S/>
               <w msd="L" lemma="šele">šele</w>
               <S/>
               <w msd="Rsn" lemma="pozno">pozno</w>
               <S/>
               <w msd="Rsn" lemma="popoldne">popoldne</w>
               <c>.</c>
               <S/>
            </s>
            <s>
               <w msd="Dr" lemma="iz">Iz</w>
               <S/>
               <w msd="Sozmr" lemma="prsi">prsi</w>
               <S/>
               <w msd="Zp------k" lemma="se">se</w>
               <S/>
               <w msd="Zop-ed--k" lemma="jaz">mi</w>
               <S/>
               <w msd="Ggdste" lemma="izviti">izvije</w>
               <S/>
               <w msd="Ppnmetn" lemma="globok">globok</w>
               <S/>
               <w msd="Sometn" lemma="vzdih">vzdih</w>
               <c>.</c>
               <S/>
            </s>
         </p>
         <p xml:id="F0002208.001643">
            <s>
               <w msd="Rd" lemma="molče">Molče</w>
               <S/>
               <w msd="Ggdspe" lemma="pokimati">pokimam</w>
               <c>.</c>
               <S/>
            </s>
         </p>
         <p xml:id="F0002208.001674">
            <s>
               <w msd="Zc-mdd" lemma="oba">Obema</w>
               <S/>
               <w msd="Gp-stm-n" lemma="biti">so</w>
               <S/>
               <w msd="Ggdd-mm" lemma="potrgati">potrgali</w>
               <S/>
               <w msd="Sozmt" lemma="korenina">korenine</w>
               <c>.</c>
               <S/>
            </s>
         </p>
         <p xml:id="F0002208.001696">
            <s>
               <w msd="Somei" lemma="TV">TV</w>
               <S/>
               <w msd="Krg" lemma="III">III</w>
               <S/>
            </s>
         </p>
         <p xml:id="F0002208.001705">
            <s>
               <w msd="Kag" lemma="14.05">14.05</w>
               <S/>
               <w msd="Sommi" lemma="kenguru">Kenguruji</w>
               <S/>
               <w msd="Sommi" lemma="košarkar">košarkarji</w>
               <S/>
               <c>-</c>
               <S/>
               <w msd="Kag" lemma="14.30">14.30</w>
               <S/>
               <w msd="Slmei" lemma="Pinky">Pinky</w>
               <S/>
               <w msd="Vp" lemma="in">in</w>
               <S/>
               <w msd="Slmei" lemma="Brain">Brain</w>
               <S/>
               <c>-</c>
               <S/>
               <w msd="Kag" lemma="14.55">14.55</w>
               <S/>
               <w msd="Slzei" lemma="Felicity">Felicity</w>
               <S/>
               <c>-</c>
               <S/>
               <w msd="Kag" lemma="15.40">15.40</w>
               <S/>
               <w msd="Ppnzei" lemma="obalen">Obalna</w>
               <S/>
               <w msd="Sozei" lemma="straža">straža</w>
               <S/>
               <w msd="Slmmi" lemma="Havaji">Havaji</w>
               <S/>
               <c>-</c>
               <S/>
               <w msd="Kag" lemma="16.25">16.25</w>
               <S/>
               <w msd="Sozei" lemma="urgenca">Urgenca</w>
               <S/>
               <c>-</c>
               <S/>
               <w msd="Kag" lemma="17.10">17.10</w>
               <S/>
               <w msd="Somei" lemma="princ">Princ</w>
               <S/>
               <w msd="Do" lemma="z">z</w>
               <S/>
               <w msd="Ppnmetn" lemma="bel">Bel</w>
               <S/>
               <w msd="Slmei" lemma="Aira">Aira</w>
               <S/>
               <c>-</c>
               <S/>
               <w msd="Kag" lemma="17.35">17.35</w>
               <S/>
               <w msd="Ppnmein" lemma="sam">Sam</w>
               <S/>
               <w msd="Zp-met" lemma="svoj">svoj</w>
               <S/>
               <w msd="Somei" lemma="mojster">mojster</w>
               <S/>
               <c>-</c>
               <S/>
               <w msd="Kag" lemma="18.30">18.30</w>
               <S/>
               <w msd="Slmei" lemma="Taxi">Taxi</w>
               <S/>
               <w msd="Slmei" lemma="Orange">Orange</w>
               <S/>
               <c>-</c>
               <S/>
               <w msd="Kag" lemma="19.30">19.30</w>
               <S/>
               <w msd="Somei" lemma="čas">Čas</w>
               <S/>
               <w msd="Dm" lemma="v">v</w>
               <S/>
               <w msd="Sozem" lemma="slika">sliki</w>
               <S/>
               <w msd="Vp" lemma="in">in</w>
               <S/>
               <w msd="Sozei" lemma="kultura">kultura</w>
               <S/>
               <c>-</c>
               <S/>
               <w msd="Kag" lemma="20.00">20.00</w>
               <S/>
               <w msd="Somei" lemma="šport">Šport</w>
               <S/>
               <c>-</c>
               <S/>
               <w msd="Kag" lemma="20.15">20.15</w>
               <S/>
               <w msd="Somei" lemma="taxi">Taxi</w>
               <S/>
               <w msd="Slmei" lemma="Orange">Orange</w>
               <S/>
               <c>-</c>
               <S/>
               <w msd="Kag" lemma="21.10">21.10</w>
               <S/>
               <w msd="Slmei" lemma="Doc">Doc</w>
               <S/>
               <w msd="Slmei" lemma="Hollywood">Hollywood</w>
               <c>,</c>
               <S/>
               <w msd="Somei" lemma="film">film</w>
               <S/>
               <c>-</c>
               <S/>
               <w msd="Kag" lemma="22.50">22.50</w>
               <S/>
               <w msd="Sozei" lemma="prinašalka">Prinašalka</w>
               <S/>
               <w msd="Sozer" lemma="smrt">smrti</w>
               <c>,</c>
               <S/>
               <w msd="Somei" lemma="film">film</w>
               <S/>
               <c>-</c>
               <S/>
               <w msd="Kag" lemma="0.05">0.05</w>
               <S/>
               <w msd="Slmei" lemma="Nikita">Nikita</w>
               <S/>
               <c>-</c>
               <S/>
               <w msd="Kag" lemma="0.50">0.50</w>
               <S/>
               <w msd="Slmei" lemma="Anthony">Anthony</w>
               <S/>
               <w msd="Slmei" lemma="Dellaventura">Dellaventura</w>
               <c>,</c>
               <S/>
               <w msd="Ppnmeid" lemma="zaseben">zasebni</w>
               <S/>
               <w msd="Somei" lemma="detektiv">detektiv</w>
               <c>.</c>
               <S/>
            </s>
         </p>
         <p xml:id="F0002208.002028">
            <s>
               <c>-</c>
               <S/>
               <w msd="Sozei" lemma="dolžina">dolžina</w>
               <S/>
               <w msd="Do" lemma="med">med</w>
               <S/>
               <w msd="Ggvste" lemma="zglobiti">zglobi</w>
            </s>
         </p>
         <p xml:id="F0002208.002291">
            <s>
               <w msd="Slmei" lemma="TNP">TNP</w>
            </s>
         </p>
         <p xml:id="F0002208.002366">
            <s>
               <w msd="Sosmi" lemma="jabolko">JABOLKA</w>
               <S/>
               <w msd="Kag" lemma="80150">80150</w>
               <S/>
               <w msd="Kag" lemma="70120">70120</w>
               <S/>
               <w msd="Kag" lemma="100300">100300</w>
               <S/>
               <w msd="Kag" lemma="100150">100150</w>
               <S/>
               <w msd="Kag" lemma="140200">140200</w>
               <S/>
               <w msd="Kag" lemma="100350">100350</w>
               <S/>
               <w msd="Kag" lemma="100150">100150</w>
               <S/>
               <w msd="Kag" lemma="80150">80150</w>
            </s>
         </p>
      </body>
   </text>
</TEI>