<?xml version="1.0" encoding="UTF-8"?>
<TEI xmlns="http://www.tei-c.org/ns/1.0" xml:id="F0000616" xml:lang="sl">
   <teiHeader>
      <fileDesc>
         <titleStmt>
            <title>ccKRES: Državni zbor Republike Slovenije. ZVPot. (1998)</title>
            <funder>Operacijo delno financira Evropska unija iz Evropskega socialnega sklada ter Ministrstvo za šolstvo in šport. Operacija se izvaja v okviru Operativnega programa razvoja človeških virov za obdobje 2007-2013, razvojne prioritete: razvoj človeških virov in vseživljenjskega učenja; prednostne usmeritve: izboljšanje kakovosti in učinkovitosti sistemov izobraževanja in usposabljanja 2007-2013.</funder>
         </titleStmt>
         <editionStmt>
            <edition>1.0</edition>
         </editionStmt>
         <extent>678 besed</extent>
         <publicationStmt>
            <idno>A0050533</idno>
            <availability status="free">
               <p xml:lang="sl">Avtorske pravice za to izdajo ureja licenca <ref target="http://creativecommons.org/licenses/by-nc/2.5/si/">Creative Commons Priznanje avtorstva-Nekomercialno 2.5 Slovenija</ref>.</p>
               <p xml:lang="en">This work is licenced under the <ref target="http://creativecommons.org/licenses/by-nc/2.5/si/deed.en">Creative Commons Attribution-Noncommercial 2.5 Slovenia</ref>.</p>
            </availability>
            <date>2012-05-06</date>
         </publicationStmt>
         <sourceDesc>
            <bibl>
               <pubPlace>Ljubljana</pubPlace>
               <title>ZVPot</title>
               <author>Državni zbor Republike Slovenije</author>
               <date>1998</date>
               <publisher n="Državni zbor Republike Slovenije">Državni zbor Republike Slovenije</publisher>
               <note type="sourceLang"/>
            </bibl>
         </sourceDesc>
      </fileDesc>
      <encodingDesc>
         <projectDesc>
            <p xml:lang="sl">Glej <ref target="http://www.korpus-kres.net/">www.korpus-kres.net</ref> oz. <ref target="http://nl.ijs.si/ssj/">nl.ijs.si/ssj</ref>.</p>
            <p xml:lang="en">See <ref target="http://www.korpus-kres.net/">www.korpus-kres.net</ref> or <ref target="http://nl.ijs.si/ssj/">nl.ijs.si/ssj</ref>.</p>
         </projectDesc>
         <samplingDecl>
            <p xml:lang="sl">
            Besedila in odstavki v korpusu KRES so bili vzorčeni iz
            Gigafide tako, da smo dobili 100-milijonski referenčni
            korpus, v katerem so besedila uravnotežena po vnaprej
            določenih taksonomskih deležih in po podatkih o branosti
            vira (časopisi, revije, novičarski portali).  Korpus
            ccKRES nato, z namenom, da je lahko dostopen po licenci CC,
            vsebuje 10 % naključno vzorčenih odstavkov besedil iz
            korpusa KRES, torej 10 milijonov besed.
	    Več o sestavi korpusa lahko preberete na 
            <ref target="http://www.korpus-kres.net/">www.korpus-kres.net</ref> oz.
            <ref target="http://nl.ijs.si/ssj/">nl.ijs.si/ssj</ref>.
	  </p>
            <p xml:lang="en">
            Texts and paragraphs in the KRES corpus have been sampled from the 
	    Gigafida corpus. The result of the sampling is a 100-million-word 
	    reference corpus. The texts in KRES are balanced according to the 
	    predetermined categories, with particular consideration being paid to 
	    the data on the popularity of the source (newspapers, magazines, 
	    Internet news sites). 
	    To enable free (CC) distribution of the corpus, the ccKRES corpus contains 
	    10% of randomly sampled paragraphs from KRES, i.e. contains 10 million words.
	    For more information about the contents of the corpus, 
	    see <ref target="http://www.korpus-kres.net/">www.korpus-kres.net</ref>
	    and <ref target="http://nl.ijs.si/ssj/">nl.ijs.si/ssj</ref>.
	  </p>
         </samplingDecl>
         <tagsDecl>
            <namespace name="http://www.tei-c.org/ns/1.0">
               <tagUsage gi="p" occurs="37"/>
               <tagUsage gi="s" occurs="40"/>
               <tagUsage gi="S" occurs="642"/>
               <tagUsage gi="w" occurs="678"/>
               <tagUsage gi="c" occurs="116"/>
            </namespace>
         </tagsDecl>
         <classDecl>
            <taxonomy xml:id="SSJ">
               <category xml:id="SSJ.T">
                  <catDesc>tisk</catDesc>
                  <category xml:id="SSJ.T.K">
                     <catDesc>knjižno</catDesc>
                     <category xml:id="SSJ.T.K.L">
                        <catDesc>leposlovno</catDesc>
                     </category>
                     <category xml:id="SSJ.T.K.S">
                        <catDesc>strokovno</catDesc>
                     </category>
                  </category>
                  <category xml:id="SSJ.T.P">
                     <catDesc>periodično</catDesc>
                     <category xml:id="SSJ.T.P.C">
                        <catDesc>časopis</catDesc>
                     </category>
                     <category xml:id="SSJ.T.P.R">
                        <catDesc>revija</catDesc>
                     </category>
                  </category>
                  <category xml:id="SSJ.T.D">
                     <catDesc>drugo</catDesc>
                  </category>
               </category>
               <category xml:id="SSJ.I">
                  <catDesc>internet</catDesc>
               </category>
            </taxonomy>
         </classDecl>
      </encodingDesc>
      <profileDesc>
         <textClass>
            <catRef target="#SSJ.T.D"/>
         </textClass>
      </profileDesc>
   </teiHeader>
   <text xml:id="F0000616." xml:lang="sl">
      <body>
         <p xml:id="F0000616.000013">
            <s>
               <w msd="Soser" lemma="podjetje">Podjetja</w>
               <S/>
               <w msd="Vp" lemma="in">in</w>
               <S/>
               <w msd="Kbzzmt" lemma="drug">druge</w>
               <S/>
               <w msd="Sozmt" lemma="organizacija">organizacije</w>
               <c>,</c>
               <S/>
               <w msd="Vd" lemma="ki">ki</w>
               <S/>
               <w msd="Ggnstm" lemma="zagotavljati">zagotavljajo</w>
               <S/>
               <w msd="Sommd" lemma="potrošnik">potrošnikom</w>
               <S/>
               <w msd="Ppnzmt" lemma="javen">javne</w>
               <S/>
               <w msd="Sozmt" lemma="storitev">storitve</w>
               <S/>
               <w msd="Vp" lemma="in">in</w>
               <S/>
               <w msd="Sozmi" lemma="dobrina">dobrine</w>
               <c>,</c>
               <S/>
               <w msd="Gp-stm-n" lemma="biti">so</w>
               <S/>
               <w msd="Ppnmmi" lemma="dolžen">dolžni</w>
               <S/>
               <w msd="Ggdn" lemma="zagotoviti">zagotoviti</w>
               <S/>
               <w msd="Rsn" lemma="redno">redno</w>
               <S/>
               <w msd="Vp" lemma="in">in</w>
               <S/>
               <w msd="Ppnset" lemma="kakovosten">kakovostno</w>
               <S/>
               <w msd="Soset" lemma="opravljanje">opravljanje</w>
               <S/>
               <w msd="Sozmr" lemma="storitev">storitev</w>
               <S/>
               <w msd="Vp" lemma="ter">ter</w>
               <S/>
               <w msd="Ggnn" lemma="skrbeti">skrbeti</w>
               <S/>
               <w msd="Dt" lemma="za">za</w>
               <S/>
               <w msd="Ppnmetn" lemma="ustrezen">ustrezen</w>
               <S/>
               <w msd="Sometn" lemma="razvoj">razvoj</w>
               <S/>
               <w msd="Vp" lemma="in">in</w>
               <S/>
               <w msd="Sometn" lemma="dvig">dvig</w>
               <S/>
               <w msd="Sozer" lemma="kakovost">kakovosti</w>
               <S/>
               <w msd="Sozmr" lemma="storitev">storitev</w>
               <c>.</c>
            </s>
         </p>
         <p xml:id="F0000616.000029">
            <s>
               <w msd="Somei" lemma="izdelek">Izdelek</w>
               <S/>
               <w msd="Gp-ste-n" lemma="biti">je</w>
               <S/>
               <w msd="Somei" lemma="dan">dan</w>
               <S/>
               <w msd="Dt" lemma="v">v</w>
               <S/>
               <w msd="Sometn" lemma="promet">promet</w>
               <S/>
               <w msd="Dm" lemma="v">v</w>
               <S/>
               <w msd="Somem" lemma="trenutek">trenutku</w>
               <c>,</c>
               <S/>
               <w msd="Vd" lemma="ko">ko</w>
               <S/>
               <w msd="Zotmet--k" lemma="on">ga</w>
               <S/>
               <w msd="Gp-ste-n" lemma="biti">je</w>
               <S/>
               <w msd="Somei" lemma="proizvajalec">proizvajalec</w>
               <S/>
               <w msd="L" lemma="ne">ne</w>
               <S/>
               <w msd="Rsn" lemma="glede">glede</w>
               <S/>
               <w msd="Dt" lemma="na">na</w>
               <S/>
               <w msd="Ppnmetd" lemma="praven">pravni</w>
               <S/>
               <w msd="Sometn" lemma="naslov">naslov</w>
               <S/>
               <w msd="Ggdd-em" lemma="dati">dal</w>
               <S/>
               <w msd="Dt" lemma="na">na</w>
               <S/>
               <w msd="Sozet" lemma="razpolaga">razpolago</w>
               <S/>
               <w msd="Vp" lemma="ali">ali</w>
               <S/>
               <w msd="Dt" lemma="v">v</w>
               <S/>
               <w msd="Sozet" lemma="uporaba">uporabo</w>
               <S/>
               <w msd="Vp" lemma="oziroma">oziroma</w>
               <S/>
               <w msd="Zotmet--k" lemma="on">ga</w>
               <S/>
               <w msd="Gp-ste-n" lemma="biti">je</w>
               <S/>
               <w msd="Ggdd-em" lemma="odposlati">odposlal</w>
               <c>.</c>
            </s>
         </p>
         <p xml:id="F0000616.000031">
            <s>
               <w msd="Somei" lemma="proizvajalec">Proizvajalec</w>
               <S/>
               <w msd="Gp-ste-n" lemma="biti">je</w>
               <S/>
               <w msd="Ppnmein" lemma="odgovoren">odgovoren</w>
               <S/>
               <w msd="Dt" lemma="za">za</w>
               <S/>
               <w msd="Sozet" lemma="škoda">škodo</w>
               <c>,</c>
               <S/>
               <w msd="Vd" lemma="ki">ki</w>
               <S/>
               <w msd="Zotzet--k" lemma="on">jo</w>
               <S/>
               <w msd="Gp-ste-n" lemma="biti">je</w>
               <S/>
               <w msd="Ggdd-em" lemma="povzročiti">povzročil</w>
               <S/>
               <w msd="Somei" lemma="izdelek">izdelek</w>
               <S/>
               <w msd="Do" lemma="z">z</w>
               <S/>
               <w msd="Sozeo" lemma="napaka">napako</w>
               <c>,</c>
               <S/>
               <w msd="Kbg-mt" lemma="deset">deset</w>
               <S/>
               <w msd="Sosmr" lemma="leto">let</w>
               <S/>
               <w msd="Dr" lemma="od">od</w>
               <S/>
               <w msd="Somer" lemma="dan">dneva</w>
               <c>,</c>
               <S/>
               <w msd="Vd" lemma="ko">ko</w>
               <S/>
               <w msd="Gp-ste-n" lemma="biti">je</w>
               <S/>
               <w msd="Zk-mei" lemma="ta">ta</w>
               <S/>
               <w msd="Somei" lemma="izdelek">izdelek</w>
               <S/>
               <w msd="Ggdd-em" lemma="dati">dal</w>
               <S/>
               <w msd="Dt" lemma="v">v</w>
               <S/>
               <w msd="Sometn" lemma="promet">promet</w>
               <c>.</c>
            </s>
         </p>
         <p xml:id="F0000616.000046">
            <s>
               <w msd="Ppnsei" lemma="nedostojen">Nedostojno</w>
               <S/>
               <w msd="Sosei" lemma="oglaševanje">oglaševanje</w>
               <S/>
               <w msd="Soser" lemma="blago">blaga</w>
               <S/>
               <w msd="Vp" lemma="in">in</w>
               <S/>
               <w msd="Sozei" lemma="storitev">storitev</w>
               <S/>
               <w msd="Ggvste" lemma="pomeniti">pomeni</w>
               <S/>
               <w msd="Soset" lemma="oglaševanje">oglaševanje</w>
               <c>,</c>
               <S/>
               <w msd="Vd" lemma="ki">ki</w>
               <S/>
               <w msd="Ggnste" lemma="vsebovati">vsebuje</w>
               <S/>
               <w msd="Sozmt" lemma="sestavina">sestavine</w>
               <c>,</c>
               <S/>
               <w msd="Vd" lemma="ki">ki</w>
               <S/>
               <w msd="Gp-stm-n" lemma="biti">so</w>
               <S/>
               <w msd="Ppnzmi" lemma="žaljiv">žaljive</w>
               <S/>
               <w msd="Vp" lemma="ali">ali</w>
               <S/>
               <w msd="Gp-g" lemma="biti">bi</w>
               <S/>
               <w msd="Rsn" lemma="lahko">lahko</w>
               <S/>
               <w msd="Gp-d-mz" lemma="biti">bile</w>
               <S/>
               <w msd="Ppnzmi" lemma="žaljiv">žaljive</w>
               <S/>
               <w msd="Dt" lemma="za">za</w>
               <S/>
               <w msd="Sommt" lemma="potrošnik">potrošnike</w>
               <c>,</c>
               <S/>
               <w msd="Sommt" lemma="bralec">bralce</w>
               <c>,</c>
               <S/>
               <w msd="Sommt" lemma="poslušalec">poslušalce</w>
               <S/>
               <w msd="Vp" lemma="in">in</w>
               <S/>
               <w msd="Sommt" lemma="gledalec">gledalce</w>
               <c>,</c>
               <S/>
               <w msd="Vp" lemma="ali">ali</w>
               <S/>
               <w msd="Sozmt" lemma="sestavina">sestavine</w>
               <c>,</c>
               <S/>
               <w msd="Vd" lemma="ki">ki</w>
               <S/>
               <w msd="Ggnstm" lemma="nasprotovati">nasprotujejo</w>
               <S/>
               <w msd="Ggnd-mm" lemma="morati">morali</w>
               <S/>
               <w msd="Vp" lemma="in">in</w>
               <S/>
               <w msd="Gp-ste-n" lemma="biti">je</w>
               <S/>
               <w msd="Vd" lemma="kot">kot</w>
               <S/>
               <w msd="Ppnsei" lemma="nedostojen">nedostojno</w>
               <S/>
               <w msd="Vp" lemma="oziroma">oziroma</w>
               <S/>
               <w msd="Pdnsei" lemma="zavajujoč">zavajujoče</w>
               <S/>
               <w msd="Pdnsei" lemma="opredeljen">opredeljeno</w>
               <S/>
               <w msd="Dm" lemma="v">v</w>
               <S/>
               <w msd="Somem" lemma="kodeks">kodeksu</w>
               <S/>
               <w msd="Ppnzer" lemma="slovenski">Slovenske</w>
               <S/>
               <w msd="Ppnzer" lemma="oglaševalski">oglaševalske</w>
               <S/>
               <w msd="Sozer" lemma="zbornica">zbornice</w>
               <c>.</c>
            </s>
         </p>
         <p xml:id="F0000616.000047">
            <s>
               <w msd="Pdnsei" lemma="zavajajoč">Zavajajoče</w>
               <S/>
               <w msd="Sosei" lemma="oglaševanje">oglaševanje</w>
               <S/>
               <w msd="Ggvste" lemma="pomeniti">pomeni</w>
               <S/>
               <w msd="Zz-zet" lemma="kakršenkoli">kakršnokoli</w>
               <S/>
               <w msd="Soset" lemma="oglaševanje">oglaševanje</w>
               <c>,</c>
               <S/>
               <w msd="Vd" lemma="ki">ki</w>
               <S/>
               <w msd="Dt" lemma="na">na</w>
               <S/>
               <w msd="Zz-met" lemma="kakršenkoli">kakršenkoli</w>
               <S/>
               <w msd="Sometn" lemma="način">način</w>
               <c>,</c>
               <S/>
               <w msd="Rsn" lemma="vključno">vključno</w>
               <S/>
               <w msd="Do" lemma="z">s</w>
               <S/>
               <w msd="Sozeo" lemma="predstavitev">predstavitvijo</w>
               <S/>
               <w msd="Somer" lemma="izdelek">izdelka</w>
               <S/>
               <w msd="Vp" lemma="ali">ali</w>
               <S/>
               <w msd="Sozer" lemma="storitev">storitve</w>
               <c>,</c>
               <S/>
               <w msd="Ggnste" lemma="zavajati">zavaja</w>
               <S/>
               <w msd="Vp" lemma="ali">ali</w>
               <S/>
               <w msd="Rsn" lemma="lahko">lahko</w>
               <S/>
               <w msd="Ggnste" lemma="zavajati">zavaja</w>
               <S/>
               <w msd="Sometd" lemma="potrošnik">potrošnika</w>
               <c>.</c>
               <S/>
            </s>
            <s>
               <w msd="Pdnsei" lemma="zavajajoč">Zavajajoče</w>
               <S/>
               <w msd="Sosei" lemma="oglaševanje">oglaševanje</w>
               <S/>
               <w msd="Gp-ste-n" lemma="biti">je</w>
               <S/>
               <w msd="L" lemma="zlasti">zlasti</w>
               <S/>
               <w msd="Sosei" lemma="oglaševanje">oglaševanje</w>
               <c>,</c>
               <S/>
               <w msd="Vd" lemma="ki">ki</w>
               <S/>
               <w msd="Ggnste" lemma="izkoriščati">izkorišča</w>
               <S/>
               <w msd="Vp" lemma="ali">ali</w>
               <S/>
               <w msd="Gp-g" lemma="biti">bi</w>
               <S/>
               <w msd="Rsn" lemma="lahko">lahko</w>
               <S/>
               <w msd="Ggnd-es" lemma="izkoriščati">izkoriščalo</w>
               <S/>
               <w msd="Psnzet" lemma="potrošnikov">potrošnikovo</w>
               <S/>
               <w msd="Sozet" lemma="neizkušenost">neizkušenost</w>
               <S/>
               <w msd="Vp" lemma="in">in</w>
               <S/>
               <w msd="Soset" lemma="neznanje">neznanje</w>
               <S/>
               <w msd="Dt" lemma="v">v</w>
               <S/>
               <w msd="Ppnmmt" lemma="dobičkonosen">dobičkonosne</w>
               <S/>
               <w msd="Sommt" lemma="namen">namene</w>
               <c>,</c>
               <S/>
               <w msd="Vd" lemma="ki">ki</w>
               <S/>
               <w msd="Ggnste" lemma="vsebovati">vsebuje</w>
               <S/>
               <w msd="Sozmt" lemma="nejasnost">nejasnosti</w>
               <c>,</c>
               <S/>
               <w msd="Ppnzei" lemma="čezmeren">čezmerna</w>
               <S/>
               <w msd="Soser" lemma="pretiravanje">pretiravanja</w>
               <S/>
               <w msd="Vp" lemma="ali">ali</w>
               <S/>
               <w msd="Kbzmmt" lemma="drug">druge</w>
               <S/>
               <w msd="Ppnzmt" lemma="podoben">podobne</w>
               <S/>
               <w msd="Sozmt" lemma="sestavina">sestavine</w>
               <c>,</c>
               <S/>
               <w msd="Vd" lemma="ki">ki</w>
               <S/>
               <w msd="Sometd" lemma="potrošnik">potrošnika</w>
               <S/>
               <w msd="Ggnstm" lemma="zavajati">zavajajo</w>
               <S/>
               <w msd="Vp" lemma="ali">ali</w>
               <S/>
               <w msd="Gp-g" lemma="biti">bi</w>
               <S/>
               <w msd="Zotmet--k" lemma="on">ga</w>
               <S/>
               <w msd="Rsn" lemma="lahko">lahko</w>
               <S/>
               <w msd="Ggnd-mz" lemma="zavajati">zavajale</w>
               <c>.</c>
            </s>
         </p>
         <p xml:id="F0000616.000060">
            <s>
               <w msd="L" lemma="tudi">Tudi</w>
               <S/>
               <w msd="Dm" lemma="po">po</w>
               <S/>
               <w msd="Sosem" lemma="prenehanje">prenehanju</w>
               <S/>
               <w msd="Sozer" lemma="proizvodnja">proizvodnje</w>
               <S/>
               <w msd="Pdnmer" lemma="določen">določenega</w>
               <S/>
               <w msd="Soser" lemma="blago">blaga</w>
               <S/>
               <w msd="Gp-ste-n" lemma="biti">je</w>
               <S/>
               <w msd="Somei" lemma="proizvajalec">proizvajalec</w>
               <S/>
               <w msd="Slmei" lemma="dolžan">dolžan</w>
               <S/>
               <w msd="Somed" lemma="potrošnik">potrošniku</w>
               <S/>
               <w msd="Ggnn" lemma="zagotavljati">zagotavljati</w>
               <S/>
               <w msd="Soset" lemma="vzdrževanje">vzdrževanje</w>
               <c>,</c>
               <S/>
               <w msd="Ppnmmt" lemma="nadomesten">nadomestne</w>
               <S/>
               <w msd="Sommt" lemma="del">dele</w>
               <S/>
               <w msd="Vp" lemma="in">in</w>
               <S/>
               <w msd="Ppnmmt" lemma="priklopen">priklopne</w>
               <S/>
               <w msd="Sommt" lemma="aparat">aparate</w>
               <c>.</c>
            </s>
         </p>
         <p xml:id="F0000616.000061">
            <s>
               <w msd="Sozmt" lemma="pravica">Pravice</w>
               <S/>
               <w msd="Dr" lemma="iz">iz</w>
               <S/>
               <w msd="Sozer" lemma="garancija">garancije</w>
               <S/>
               <w msd="Rsn" lemma="lahko">lahko</w>
               <S/>
               <w msd="Somei" lemma="potrošnik">potrošnik</w>
               <S/>
               <w msd="Ggnste" lemma="uveljavljati">uveljavlja</w>
               <S/>
               <w msd="L" lemma="tudi">tudi</w>
               <S/>
               <w msd="Dd" lemma="proti">proti</w>
               <S/>
               <w msd="Somed" lemma="prodajalec">prodajalcu</w>
               <c>.</c>
            </s>
         </p>
         <p xml:id="F0000616.000074">
            <s>
               <w msd="Somei" lemma="proizvajalec">Proizvajalec</w>
               <S/>
               <w msd="Ggnste-n" lemma="imeti">ima</w>
               <S/>
               <w msd="Sozmt" lemma="obveznost">obveznosti</w>
               <S/>
               <w msd="Dm" lemma="po">po</w>
               <S/>
               <w msd="Somem" lemma="zakon">zakonu</w>
               <S/>
               <w msd="L" lemma="tudi">tudi</w>
               <c>,</c>
               <S/>
               <w msd="Vd" lemma="če">če</w>
               <S/>
               <w msd="Sozei" lemma="garancija">garancija</w>
               <S/>
               <w msd="Gp-ste-d" lemma="biti">ni</w>
               <S/>
               <w msd="Ppnzei" lemma="obvezen">obvezna</w>
               <c>,</c>
               <S/>
               <w msd="Vp" lemma="pa">pa</w>
               <S/>
               <w msd="Zotzet--k" lemma="on">jo</w>
               <S/>
               <w msd="Gp-ste-n" lemma="biti">je</w>
               <S/>
               <w msd="Rsn" lemma="javno">javno</w>
               <S/>
               <w msd="Ggnd-em" lemma="obljubljati">obljubljal</w>
               <c>.</c>
            </s>
         </p>
         <p xml:id="F0000616.000088">
            <s>
               <w msd="Ppnmmi" lemma="pogodben">Pogodbeni</w>
               <S/>
               <w msd="Sommi" lemma="pogoj">pogoji</w>
               <S/>
               <w msd="Dr" lemma="iz">iz</w>
               <S/>
               <w msd="Ppnmer" lemma="prejšnji">prejšnjega</w>
               <S/>
               <w msd="Somer" lemma="odstavek">odstavka</w>
               <S/>
               <w msd="Gp-stm-n" lemma="biti">so</w>
               <S/>
               <w msd="Ppnmmi" lemma="ničen">nični</w>
               <c>.</c>
            </s>
         </p>
         <p xml:id="F0000616.000096">
            <s>
               <w msd="Vd" lemma="če">Če</w>
               <S/>
               <w msd="Gp-stm-n" lemma="biti">so</w>
               <S/>
               <w msd="Pdnmmi" lemma="izpolnjen">izpolnjeni</w>
               <S/>
               <w msd="Sommi" lemma="pogoj">pogoji</w>
               <S/>
               <w msd="Dr" lemma="iz">iz</w>
               <S/>
               <w msd="Kbvmer" lemma="prvi">prvega</w>
               <S/>
               <w msd="Somer" lemma="odstavek">odstavka</w>
               <S/>
               <w msd="Zk-mer" lemma="ta">tega</w>
               <S/>
               <w msd="Somer" lemma="člen">člena</w>
               <c>,</c>
               <S/>
               <w msd="Zp------k" lemma="se">se</w>
               <S/>
               <w msd="Ggnste" lemma="šteti">šteje</w>
               <S/>
               <w msd="Dt" lemma="za">za</w>
               <S/>
               <w msd="Ppnmetn" lemma="nepošten">nepošten</w>
               <S/>
               <w msd="Ppnmetd" lemma="pogodben">pogodbeni</w>
               <S/>
               <w msd="Sometn" lemma="pogoj">pogoj</w>
               <S/>
               <w msd="L" lemma="zlasti">zlasti</w>
               <S/>
               <w msd="Sozei" lemma="določba">določba</w>
               <c>:</c>
            </s>
         </p>
         <p xml:id="F0000616.000105">
            <s>
               <c>-</c>
               <S/>
               <w msd="Do" lemma="z">s</w>
               <S/>
               <w msd="Zv-zeo" lemma="kateri">katero</w>
               <S/>
               <w msd="Rsn" lemma="lahko">lahko</w>
               <S/>
               <w msd="Sosei" lemma="podjetje">podjetje</w>
               <S/>
               <w msd="Ggdste" lemma="prenesti">prenese</w>
               <S/>
               <w msd="Zp-zmt" lemma="svoj">svoje</w>
               <S/>
               <w msd="Ppnzmt" lemma="pogodben">pogodbene</w>
               <S/>
               <w msd="Sozmt" lemma="obveznost">obveznosti</w>
               <S/>
               <w msd="Dt" lemma="na">na</w>
               <S/>
               <w msd="Kbvzet" lemma="tretji">tretjo</w>
               <S/>
               <w msd="Sozet" lemma="oseba">osebo</w>
               <c>,</c>
               <S/>
               <w msd="Vd" lemma="ki">ki</w>
               <S/>
               <w msd="Dm" lemma="v">v</w>
               <S/>
               <w msd="Sozem" lemma="pogodba">pogodbi</w>
               <S/>
               <w msd="Gp-ste-d" lemma="biti">ni</w>
               <S/>
               <w msd="Gp-d-ez" lemma="biti">bila</w>
               <S/>
               <w msd="Pdnzei" lemma="naveden">navedena</w>
               <S/>
               <w msd="Dm" lemma="po">po</w>
               <S/>
               <w msd="Sosem" lemma="ime">imenu</w>
               <c>;</c>
            </s>
         </p>
         <p xml:id="F0000616.000107">
            <s>
               <w msd="Krv" lemma="VI.">VI.</w>
               <S/>
            </s>
            <s>
               <w msd="Sozei" lemma="prodaja">PRODAJA</w>
               <S/>
               <w msd="Soser" lemma="blago">BLAGA</w>
               <S/>
               <w msd="Vp" lemma="in">IN</w>
               <S/>
               <w msd="Sosei" lemma="opravljanje">OPRAVLJANJE</w>
               <S/>
               <w msd="Sozmr" lemma="storitev">STORITEV</w>
            </s>
         </p>
         <p xml:id="F0000616.000122">
            <s>
               <w msd="Sosei" lemma="blago">Blago</w>
               <c>,</c>
               <S/>
               <w msd="Vd" lemma="ki">ki</w>
               <S/>
               <w msd="Gp-ste-n" lemma="biti">je</w>
               <S/>
               <w msd="Dm" lemma="na">na</w>
               <S/>
               <w msd="Sozem" lemma="razprodaja">razprodaji</w>
               <c>,</c>
               <S/>
               <w msd="Ggnste" lemma="morati">mora</w>
               <S/>
               <w msd="Gp-n" lemma="biti">biti</w>
               <S/>
               <w msd="Pdnsei" lemma="označen">označeno</w>
               <S/>
               <w msd="Do" lemma="z">s</w>
               <S/>
               <w msd="Sozeo" lemma="cena">ceno</w>
               <S/>
               <w msd="Do" lemma="pred">pred</w>
               <S/>
               <w msd="Soseo" lemma="znižanje">znižanjem</w>
               <S/>
               <w msd="Vp" lemma="in">in</w>
               <S/>
               <w msd="Do" lemma="z">z</w>
               <S/>
               <w msd="Pdnzeo" lemma="znižan">znižano</w>
               <S/>
               <w msd="Sozeo" lemma="cena">ceno</w>
               <c>.</c>
            </s>
         </p>
         <p xml:id="F0000616.000132">
            <s>
               <w msd="Vd" lemma="če">Če</w>
               <S/>
               <w msd="Rsn" lemma="blago">blago</w>
               <S/>
               <w msd="Dr" lemma="zaradi">zaradi</w>
               <S/>
               <w msd="Zp-zmr" lemma="svoj">svojih</w>
               <S/>
               <w msd="Sozmr" lemma="lastnost">lastnosti</w>
               <S/>
               <w msd="Gp-ste-d" lemma="biti">ni</w>
               <S/>
               <w msd="Rsn" lemma="primerno">primerno</w>
               <S/>
               <w msd="Dt" lemma="za">za</w>
               <S/>
               <w msd="Ppnzet" lemma="običajen">običajno</w>
               <S/>
               <w msd="Sozet" lemma="uporaba">uporabo</w>
               <c>,</c>
               <S/>
               <w msd="Zotmet--k" lemma="on">ga</w>
               <S/>
               <w msd="Sosei" lemma="podjetje">podjetje</w>
               <S/>
               <w msd="L" lemma="ne">ne</w>
               <S/>
               <w msd="Ggnste" lemma="smeti">sme</w>
               <S/>
               <w msd="Ggdn" lemma="dati">dati</w>
               <S/>
               <w msd="Dt" lemma="v">v</w>
               <S/>
               <w msd="Sozet" lemma="prodaja">prodajo</w>
               <S/>
               <w msd="Vp" lemma="oziroma">oziroma</w>
               <S/>
               <w msd="Ggnste" lemma="morati">mora</w>
               <S/>
               <w msd="Ggdn" lemma="ustaviti">ustaviti</w>
               <S/>
               <w msd="Zstzetem" lemma="njegov">njegovo</w>
               <S/>
               <w msd="Sozet" lemma="prodaja">prodajo</w>
               <S/>
               <w msd="Vp" lemma="ali">ali</w>
               <S/>
               <w msd="Dm" lemma="na">na</w>
               <S/>
               <w msd="Zotmem" lemma="on">njem</w>
               <S/>
               <w msd="Ggdn" lemma="označiti">označiti</w>
               <c>,</c>
               <S/>
               <w msd="Dt" lemma="za">za</w>
               <S/>
               <w msd="Zv-mmt" lemma="kateri">katere</w>
               <S/>
               <w msd="Sommt" lemma="namen">namene</w>
               <S/>
               <w msd="Gp-ste-n" lemma="biti">je</w>
               <S/>
               <w msd="Rsn" lemma="uporabno">uporabno</w>
               <S/>
               <w msd="L" lemma="tudi">tudi</w>
               <S/>
               <w msd="Do" lemma="z">s</w>
               <S/>
               <w msd="Zk-zmo" lemma="ta">temi</w>
               <S/>
               <w msd="Sozmo" lemma="lastnost">lastnostmi</w>
               <c>.</c>
            </s>
         </p>
         <p xml:id="F0000616.000138">
            <s>
               <w msd="Sosem" lemma="blago">Blagu</w>
               <c>,</c>
               <S/>
               <w msd="Dm" lemma="pri">pri</w>
               <S/>
               <w msd="Zv-mem" lemma="kateri">katerem</w>
               <S/>
               <w msd="Gp-ste-n" lemma="biti">je</w>
               <S/>
               <w msd="Dt" lemma="za">za</w>
               <S/>
               <w msd="Zstzetem" lemma="njegov">njegovo</w>
               <S/>
               <w msd="Ppnzet" lemma="pravilen">pravilno</w>
               <S/>
               <w msd="Sozet" lemma="uporaba">uporabo</w>
               <S/>
               <w msd="Ppnmein" lemma="potreben">potreben</w>
               <S/>
               <w msd="Ppnmein" lemma="določen">določen</w>
               <S/>
               <w msd="Somei" lemma="postopek">postopek</w>
               <S/>
               <w msd="Vp" lemma="oziroma">oziroma</w>
               <S/>
               <w msd="Gp-g" lemma="biti">bi</w>
               <S/>
               <w msd="Somei" lemma="potrošnik">potrošnik</w>
               <S/>
               <w msd="Do" lemma="z">z</w>
               <S/>
               <w msd="Zstzeoem" lemma="njegov">njegovo</w>
               <S/>
               <w msd="Ppnzeo" lemma="napačen">napačno</w>
               <S/>
               <w msd="Sozeo" lemma="uporaba">uporabo</w>
               <S/>
               <w msd="Rsn" lemma="lahko">lahko</w>
               <S/>
               <w msd="Ggdd-em" lemma="povzročiti">povzročil</w>
               <S/>
               <w msd="Sozet" lemma="nevarnost">nevarnost</w>
               <S/>
               <w msd="Zp---t--z" lemma="zase">zase</w>
               <S/>
               <w msd="Vp" lemma="ali">ali</w>
               <S/>
               <w msd="Dt" lemma="za">za</w>
               <S/>
               <w msd="Kbzmmt" lemma="drug">druge</w>
               <S/>
               <w msd="Vp" lemma="ali">ali</w>
               <S/>
               <w msd="Ggdd-em" lemma="onesnažiti">onesnažil</w>
               <S/>
               <w msd="Soset" lemma="okolje">okolje</w>
               <c>,</c>
               <S/>
               <w msd="Ggnste" lemma="morati">mora</w>
               <S/>
               <w msd="Sosei" lemma="podjetje">podjetje</w>
               <S/>
               <w msd="Ggdn" lemma="priložiti">priložiti</w>
               <S/>
               <w msd="Soset" lemma="navodilo">navodilo</w>
               <S/>
               <w msd="Dt" lemma="za">za</w>
               <S/>
               <w msd="Sozet" lemma="uporaba">uporabo</w>
               <c>.</c>
            </s>
         </p>
         <p xml:id="F0000616.000153">
            <s>
               <w msd="Kav" lemma="38.">38.</w>
               <S/>
               <w msd="Somei" lemma="člen">člen</w>
            </s>
         </p>
         <p xml:id="F0000616.000160">
            <s>
               <w msd="Vd" lemma="če">Če</w>
               <S/>
               <w msd="Sosei" lemma="podjetje">podjetje</w>
               <S/>
               <w msd="Ggdste" lemma="uničiti">uniči</w>
               <S/>
               <w msd="Vp" lemma="ali">ali</w>
               <S/>
               <w msd="Ggdste" lemma="izgubiti">izgubi</w>
               <S/>
               <w msd="Sometn" lemma="proizvod">proizvod</w>
               <c>,</c>
               <S/>
               <w msd="Vd" lemma="ki">ki</w>
               <S/>
               <w msd="Zotmed--k" lemma="on">mu</w>
               <S/>
               <w msd="Gp-ste-n" lemma="biti">je</w>
               <S/>
               <w msd="Gp-d-em" lemma="biti">bil</w>
               <S/>
               <w msd="Somei" lemma="dan">dan</w>
               <S/>
               <w msd="Dt" lemma="v">v</w>
               <S/>
               <w msd="Soset" lemma="popravilo">popravilo</w>
               <c>,</c>
               <S/>
               <w msd="Soset" lemma="vzdrževanje">vzdrževanje</w>
               <S/>
               <w msd="Vp" lemma="ali">ali</w>
               <S/>
               <w msd="Sozet" lemma="dodelava">dodelavo</w>
               <c>,</c>
               <S/>
               <w msd="Gp-ste-n" lemma="biti">je</w>
               <S/>
               <w msd="Ppnsei" lemma="dolžen">dolžno</w>
               <S/>
               <w msd="Somed" lemma="potrošnik">potrošniku</w>
               <S/>
               <w msd="Dm" lemma="po">po</w>
               <S/>
               <w msd="Zstzemem" lemma="njegov">njegovi</w>
               <S/>
               <w msd="Sozem" lemma="izbira">izbiri</w>
               <S/>
               <w msd="Ggdn" lemma="izročiti">izročiti</w>
               <S/>
               <w msd="Dm" lemma="v">v</w>
               <S/>
               <w msd="Kbg-mm" lemma="osem">osmih</w>
               <S/>
               <w msd="Sommm" lemma="dan">dneh</w>
               <S/>
               <w msd="Ppnmetn" lemma="nov">nov</w>
               <S/>
               <w msd="Zn-mei" lemma="enak">enak</w>
               <S/>
               <w msd="Sometn" lemma="proizvod">proizvod</w>
               <S/>
               <w msd="Vp" lemma="ali">ali</w>
               <S/>
               <w msd="Zotmed--k" lemma="on">mu</w>
               <S/>
               <w msd="Rsn" lemma="takoj">takoj</w>
               <S/>
               <w msd="Ggdn" lemma="plačati">plačati</w>
               <S/>
               <w msd="Sozet" lemma="odškodnina">odškodnino</w>
               <S/>
               <w msd="Dm" lemma="v">v</w>
               <S/>
               <w msd="Sozem" lemma="višina">višini</w>
               <S/>
               <w msd="Ppnzer" lemma="drobnoprodajen">drobnoprodajne</w>
               <S/>
               <w msd="Sozer" lemma="cena">cene</w>
               <S/>
               <w msd="Ppnmer" lemma="nov">novega</w>
               <S/>
               <w msd="Somer" lemma="proizvod">proizvoda</w>
               <c>.</c>
            </s>
         </p>
         <p xml:id="F0000616.000162">
            <s>
               <w msd="Kav" lemma="3.">3.</w>
               <S/>
            </s>
            <s>
               <w msd="Sosei" lemma="predplačilo">Predplačilo</w>
            </s>
         </p>
         <p xml:id="F0000616.000166">
            <s>
               <w msd="Kav" lemma="42.">42.</w>
               <S/>
               <w msd="Somei" lemma="člen">člen</w>
            </s>
         </p>
         <p xml:id="F0000616.000174">
            <s>
               <w msd="Vd" lemma="če">Če</w>
               <S/>
               <w msd="Gp-ste-n" lemma="biti">je</w>
               <S/>
               <w msd="Somei" lemma="potrošnik">potrošnik</w>
               <S/>
               <w msd="Dm" lemma="v">v</w>
               <S/>
               <w msd="Somem" lemma="primer">primeru</w>
               <S/>
               <w msd="Dr" lemma="iz">iz</w>
               <S/>
               <w msd="Ppnmer" lemma="prejšnji">prejšnjega</w>
               <S/>
               <w msd="Somer" lemma="člen">člena</w>
               <S/>
               <w msd="Sosem" lemma="podjetje">podjetju</w>
               <S/>
               <w msd="Ggdd-em" lemma="sporočiti">sporočil</w>
               <c>,</c>
               <S/>
               <w msd="Vd" lemma="da">da</w>
               <S/>
               <w msd="Dr" lemma="od">od</w>
               <S/>
               <w msd="Sozer" lemma="pogodba">pogodbe</w>
               <S/>
               <w msd="Somer" lemma="odstop">odstopa</w>
               <c>,</c>
               <S/>
               <w msd="Zotmed--k" lemma="on">mu</w>
               <S/>
               <w msd="Ggnste" lemma="morati">mora</w>
               <S/>
               <w msd="Soset" lemma="podjetje">podjetje</w>
               <S/>
               <w msd="Rsn" lemma="takoj">takoj</w>
               <S/>
               <w msd="Ggdn" lemma="vrniti">vrniti</w>
               <S/>
               <w msd="L" lemma="že">že</w>
               <S/>
               <w msd="Pdnzet" lemma="plačan">plačano</w>
               <S/>
               <w msd="Sozet" lemma="kupnina">kupnino</w>
               <c>.</c>
            </s>
         </p>
         <p xml:id="F0000616.000182">
            <s>
               <w msd="Dt" lemma="za">Za</w>
               <S/>
               <w msd="Soset" lemma="vračilo">vračilo</w>
               <S/>
               <w msd="L" lemma="že">že</w>
               <S/>
               <w msd="Pdnzmt" lemma="plačan">plačane</w>
               <S/>
               <w msd="Sozmi" lemma="kupnina">kupnine</w>
               <S/>
               <w msd="Zp------k" lemma="se">se</w>
               <S/>
               <w msd="Ggnstm" lemma="uporabljati">uporabljajo</w>
               <S/>
               <w msd="Sozmi" lemma="določba">določbe</w>
               <S/>
               <w msd="Kav" lemma="44.">44.</w>
               <S/>
               <w msd="Somer" lemma="člen">člena</w>
               <S/>
               <w msd="Zk-mer" lemma="ta">tega</w>
               <S/>
               <w msd="Somer" lemma="zakon">zakona</w>
               <c>.</c>
            </s>
         </p>
         <p xml:id="F0000616.000185">
            <s>
               <w msd="Kav" lemma="48.">48.</w>
               <S/>
               <w msd="Somei" lemma="člen">člen</w>
            </s>
         </p>
         <p xml:id="F0000616.000201">
            <s>
               <w msd="Dm" lemma="v">V</w>
               <S/>
               <w msd="Sommm" lemma="primer">primerih</w>
               <S/>
               <w msd="Dr" lemma="iz">iz</w>
               <S/>
               <w msd="Kbzmer" lemma="drug">drugega</w>
               <S/>
               <w msd="Vp" lemma="in">in</w>
               <S/>
               <w msd="Kbvmer" lemma="tretji">tretjega</w>
               <S/>
               <w msd="Somer" lemma="odstavek">odstavka</w>
               <S/>
               <w msd="Zk-mer" lemma="ta">tega</w>
               <S/>
               <w msd="Somer" lemma="člen">člena</w>
               <S/>
               <w msd="Rsn" lemma="lahko">lahko</w>
               <S/>
               <w msd="Somei" lemma="prodajalec">prodajalec</w>
               <c>,</c>
               <S/>
               <w msd="Dr" lemma="namesto">namesto</w>
               <S/>
               <w msd="Vd" lemma="da">da</w>
               <S/>
               <w msd="Gp-g" lemma="biti">bi</w>
               <S/>
               <w msd="Ggdd-em" lemma="odstopiti">odstopil</w>
               <S/>
               <w msd="Dr" lemma="od">od</w>
               <S/>
               <w msd="Sozer" lemma="pogodba">pogodbe</w>
               <c>,</c>
               <S/>
               <w msd="Ggvste" lemma="zahtevati">zahteva</w>
               <S/>
               <w msd="Dr" lemma="od">od</w>
               <S/>
               <w msd="Somer" lemma="potrošnik">potrošnika</w>
               <c>,</c>
               <S/>
               <w msd="Vd" lemma="da">da</w>
               <S/>
               <w msd="Sozei" lemma="plača">plača</w>
               <S/>
               <w msd="Zc-mei" lemma="ves">ves</w>
               <S/>
               <w msd="Sometn" lemma="ostanek">ostanek</w>
               <S/>
               <w msd="Sozer" lemma="kupnina">kupnine</w>
               <c>,</c>
               <S/>
               <w msd="Vp" lemma="vendar">vendar</w>
               <S/>
               <w msd="Zotmed--k" lemma="on">mu</w>
               <S/>
               <w msd="Ggnste" lemma="morati">mora</w>
               <S/>
               <w msd="Do" lemma="pred">pred</w>
               <S/>
               <w msd="Zk-seo" lemma="ta">tem</w>
               <S/>
               <w msd="Ggdn" lemma="pustiti">pustiti</w>
               <S/>
               <w msd="Ppnmetn" lemma="dodaten">dodaten</w>
               <S/>
               <w msd="Ppnmetd" lemma="petnajstdneven">petnajstdnevni</w>
               <S/>
               <w msd="Somei" lemma="rok">rok</w>
               <c>.</c>
            </s>
         </p>
         <p xml:id="F0000616.000202">
            <s>
               <w msd="Kav" lemma="53.">53.</w>
               <S/>
               <w msd="Somei" lemma="člen">člen</w>
            </s>
         </p>
         <p xml:id="F0000616.000216">
            <s>
               <w msd="Kav" lemma="57.">57.</w>
               <S/>
               <w msd="Somei" lemma="člen">člen</w>
            </s>
         </p>
         <p xml:id="F0000616.000224">
            <s>
               <c>-</c>
               <S/>
               <w msd="Ppnmein" lemma="točen">točen</w>
               <S/>
               <w msd="Somei" lemma="opis">opis</w>
               <S/>
               <w msd="Sozer" lemma="pravica">pravice</w>
               <c>,</c>
               <S/>
               <w msd="Vd" lemma="ki">ki</w>
               <S/>
               <w msd="Zotzet--k" lemma="on">jo</w>
               <S/>
               <w msd="Ggdste" lemma="pridobiti">pridobi</w>
               <S/>
               <w msd="Somei" lemma="potrošnik">potrošnik</w>
               <c>,</c>
               <S/>
               <w msd="L" lemma="zlasti">zlasti</w>
               <S/>
               <w msd="Sozet" lemma="narava">naravo</w>
               <S/>
               <w msd="Sozer" lemma="pravica">pravice</w>
               <S/>
               <w msd="Vp" lemma="in">in</w>
               <S/>
               <w msd="Ppnmein" lemma="točen">točen</w>
               <S/>
               <w msd="Sometn" lemma="čas">čas</w>
               <c>,</c>
               <S/>
               <w msd="Dm" lemma="v">v</w>
               <S/>
               <w msd="Zv-mem" lemma="kateri">katerem</w>
               <S/>
               <w msd="Somei" lemma="potrošnik">potrošnik</w>
               <S/>
               <w msd="Ppnmeid" lemma="turističen">turistični</w>
               <S/>
               <w msd="Somei" lemma="objekt">objekt</w>
               <S/>
               <w msd="Rsn" lemma="lahko">lahko</w>
               <S/>
               <w msd="Ggnste" lemma="uporabljati">uporablja</w>
               <c>;</c>
            </s>
         </p>
         <p xml:id="F0000616.000226">
            <s>
               <c>-</c>
               <S/>
               <w msd="Dm" lemma="v">v</w>
               <S/>
               <w msd="Somem" lemma="primer">primeru</w>
               <c>,</c>
               <S/>
               <w msd="Vd" lemma="ko">ko</w>
               <S/>
               <w msd="Ppnmeid" lemma="turističen">turistični</w>
               <S/>
               <w msd="Somei" lemma="objekt">objekt</w>
               <S/>
               <w msd="Dm" lemma="v">v</w>
               <S/>
               <w msd="Somem" lemma="čas">času</w>
               <S/>
               <w msd="Sozer" lemma="sklenitev">sklenitve</w>
               <S/>
               <w msd="Sozer" lemma="pogodba">pogodbe</w>
               <S/>
               <w msd="L" lemma="še">še</w>
               <S/>
               <w msd="Gp-ste-d" lemma="biti">ni</w>
               <S/>
               <w msd="Pdnmein" lemma="dograjen">dograjen</w>
               <c>,</c>
               <S/>
               <w msd="Ppnmmt" lemma="točen">točne</w>
               <S/>
               <w msd="Sommt" lemma="podatek">podatke</w>
               <S/>
               <w msd="Dm" lemma="o">o</w>
               <S/>
               <w msd="Sosem" lemma="stanje">stanju</w>
               <S/>
               <w msd="Sozer" lemma="gradnja">gradnje</w>
               <S/>
               <w msd="Vp" lemma="ali">ali</w>
               <S/>
               <w msd="Dm" lemma="o">o</w>
               <S/>
               <w msd="Somem" lemma="rok">roku</w>
               <c>,</c>
               <S/>
               <w msd="Vd" lemma="ko">ko</w>
               <S/>
               <w msd="Zotmet--k" lemma="on">ga</w>
               <S/>
               <w msd="Gp-pte-n" lemma="biti">bo</w>
               <S/>
               <w msd="Rsn" lemma="predvidoma">predvidoma</w>
               <S/>
               <w msd="Ppnsei" lemma="mogoč">mogoče</w>
               <S/>
               <w msd="Ggdn" lemma="začeti">začeti</w>
               <S/>
               <w msd="Ggnn" lemma="uporabljati">uporabljati</w>
               <c>;</c>
            </s>
         </p>
         <p xml:id="F0000616.000245">
            <s>
               <w msd="Kav" lemma="63.">63.</w>
               <S/>
               <w msd="Somei" lemma="člen">člen</w>
            </s>
         </p>
         <p xml:id="F0000616.000269">
            <s>
               <c>-</c>
               <S/>
               <w msd="Ppnmeid" lemma="okviren">okvirni</w>
               <S/>
               <w msd="Somei" lemma="obseg">obseg</w>
               <S/>
               <w msd="Sosmr" lemma="sredstvo">sredstev</w>
               <S/>
               <w msd="Dt" lemma="za">za</w>
               <S/>
               <w msd="Sozet" lemma="izvedba">izvedbo</w>
               <S/>
               <w msd="Sozmr" lemma="naloga">nalog</w>
               <S/>
               <w msd="Dr" lemma="iz">iz</w>
               <S/>
               <w msd="Ppnmer" lemma="nacionalen">nacionalnega</w>
               <S/>
               <w msd="Somer" lemma="program">programa</w>
               <c>,</c>
            </s>
         </p>
         <p xml:id="F0000616.000275">
            <s>
               <w msd="Dm" lemma="v">V</w>
               <S/>
               <w msd="Ppnmem" lemma="javen">javnem</w>
               <S/>
               <w msd="Somem" lemma="razpis">razpisu</w>
               <S/>
               <w msd="Dt" lemma="za">za</w>
               <S/>
               <w msd="Sozet" lemma="podelitev">podelitev</w>
               <S/>
               <w msd="Sozer" lemma="koncesija">koncesije</w>
               <S/>
               <w msd="Zp------k" lemma="se">se</w>
               <S/>
               <w msd="Ggdstm" lemma="navesti">navedejo</w>
               <S/>
               <w msd="L" lemma="zlasti">zlasti</w>
               <c>:</c>
            </s>
         </p>
         <p xml:id="F0000616.000282">
            <s>
               <w msd="Do" lemma="z">S</w>
               <S/>
               <w msd="Sozeo" lemma="pogodba">pogodbo</w>
               <S/>
               <w msd="Zp------k" lemma="se">se</w>
               <S/>
               <w msd="Ggdstm" lemma="urediti">uredijo</w>
               <S/>
               <w msd="L" lemma="zlasti">zlasti</w>
               <c>:</c>
            </s>
         </p>
         <p xml:id="F0000616.000284">
            <s>
               <c>-</c>
               <S/>
               <w msd="Somei" lemma="začetek">začetek</w>
               <S/>
               <w msd="Soser" lemma="izvajanje">izvajanja</w>
               <S/>
               <w msd="Ppnzer" lemma="javen">javne</w>
               <S/>
               <w msd="Sozer" lemma="služba">službe</w>
               <c>,</c>
            </s>
         </p>
         <p xml:id="F0000616.000287">
            <s>
               <w msd="Sozei" lemma="pogodba">Pogodba</w>
               <S/>
               <w msd="Zp------k" lemma="se">se</w>
               <S/>
               <w msd="Ggdste" lemma="skleniti">sklene</w>
               <S/>
               <w msd="Dm" lemma="v">v</w>
               <S/>
               <w msd="Ppnzem" lemma="pisen">pisni</w>
               <S/>
               <w msd="Sozem" lemma="oblika">obliki</w>
               <c>.</c>
            </s>
         </p>
         <p xml:id="F0000616.000304">
            <s>
               <c>-</c>
               <S/>
               <w msd="Sosei" lemma="podjetje">podjetje</w>
               <S/>
               <w msd="Dm" lemma="pri">pri</w>
               <S/>
               <w msd="Sozem" lemma="prodaja">prodaji</w>
               <S/>
               <w msd="Soser" lemma="blago">blaga</w>
               <S/>
               <w msd="Somem" lemma="potrošnik">potrošniku</w>
               <S/>
               <w msd="Gp-ste-d" lemma="biti">ni</w>
               <S/>
               <w msd="Soset" lemma="zagotovilo">zagotovilo</w>
               <S/>
               <w msd="Sozer" lemma="deklaracija">deklaracije</w>
               <c>,</c>
               <S/>
               <w msd="Sommr" lemma="certifikat">certifikatov</w>
               <c>,</c>
               <S/>
               <w msd="Ppnmer" lemma="garancijski">garancijskega</w>
               <S/>
               <w msd="Somer" lemma="list">lista</w>
               <c>,</c>
               <S/>
               <w msd="Ppnser" lemma="tehničen">tehničnega</w>
               <S/>
               <w msd="Soser" lemma="navodilo">navodila</w>
               <c>,</c>
               <S/>
               <w msd="Somer" lemma="seznam">seznama</w>
               <S/>
               <w msd="Pdnmmr" lemma="pooblaščen">pooblaščenih</w>
               <S/>
               <w msd="Sommr" lemma="servis">servisov</w>
               <S/>
               <w msd="Vp" lemma="oziroma">oziroma</w>
               <S/>
               <w msd="Kbzmmr" lemma="drug">drugih</w>
               <S/>
               <w msd="Ppnmmr" lemma="spremen">spremnih</w>
               <S/>
               <w msd="Sommr" lemma="dokument">dokumentov</w>
               <S/>
               <c>(</c>
               <w msd="Kav" lemma="34.">34.</w>
               <S/>
               <w msd="Somei" lemma="člen">člen</w>
               <c>)</c>
            </s>
         </p>
         <p xml:id="F0000616.000311">
            <s>
               <w msd="Krv" lemma="X.">X.</w>
               <S/>
               <w msd="Ppnsei" lemma="premoženjskopraven">PREMOŽENJSKOPRAVNO</w>
               <S/>
               <w msd="Sosei" lemma="varstvo">VARSTVO</w>
            </s>
         </p>
         <p xml:id="F0000616.000318">
            <s>
               <w msd="Sozer" lemma="organizacija">Organizacije</w>
               <S/>
               <w msd="Dr" lemma="iz">iz</w>
               <S/>
               <w msd="Ppnmer" lemma="predhoden">predhodnega</w>
               <S/>
               <w msd="Somer" lemma="člen">člena</w>
               <S/>
               <w msd="Rsn" lemma="lahko">lahko</w>
               <S/>
               <w msd="Ggdstm" lemma="vložiti">vložijo</w>
               <S/>
               <w msd="Sozet" lemma="tožba">tožbo</w>
               <c>,</c>
               <S/>
               <w msd="Do" lemma="z">s</w>
               <S/>
               <w msd="Zv-zeo" lemma="kateri">katero</w>
               <S/>
               <w msd="Ggvstm" lemma="zahtevati">zahtevajo</w>
               <S/>
               <w msd="Sozet" lemma="ugotovitev">ugotovitev</w>
               <S/>
               <w msd="Sozmt" lemma="neveljavnost">neveljavnosti</w>
               <S/>
               <w msd="Pdnzmr" lemma="določen">določenih</w>
               <S/>
               <w msd="Sozmr" lemma="pogodba">pogodb</w>
               <c>,</c>
               <S/>
               <w msd="Vd" lemma="ki">ki</w>
               <S/>
               <w msd="Zotmmt--k" lemma="on">jih</w>
               <S/>
               <w msd="Somei" lemma="toženec">toženec</w>
               <S/>
               <w msd="Ggnste" lemma="sklepati">sklepa</w>
               <S/>
               <w msd="Do" lemma="z">s</w>
               <S/>
               <w msd="Sommo" lemma="potrošnik">potrošniki</w>
               <c>,</c>
               <S/>
               <w msd="Ppnsmr" lemma="posamezen">posameznih</w>
               <S/>
               <w msd="Sosmr" lemma="določilo">določil</w>
               <S/>
               <w msd="Zk-mmr" lemma="ta">teh</w>
               <S/>
               <w msd="Sozmr" lemma="pogodba">pogodb</w>
               <S/>
               <w msd="Vp" lemma="ali">ali</w>
               <S/>
               <w msd="Ppnmmr" lemma="splošen">splošnih</w>
               <S/>
               <w msd="Sommr" lemma="pogoj">pogojev</w>
               <S/>
               <w msd="Soser" lemma="poslovanje">poslovanja</w>
               <c>,</c>
               <S/>
               <w msd="Pdnmmr" lemma="vključen">vključenih</w>
               <S/>
               <w msd="Dt" lemma="v">v</w>
               <S/>
               <w msd="Zk-zer" lemma="ta">te</w>
               <S/>
               <w msd="Sozmt" lemma="pogodba">pogodbe</w>
               <c>.</c>
            </s>
         </p>
         <p xml:id="F0000616.000335">
            <s>
               <w msd="Do" lemma="z">Z</w>
               <S/>
               <w msd="Someo" lemma="dan">dnem</w>
               <c>,</c>
               <S/>
               <w msd="Vd" lemma="ko">ko</w>
               <S/>
               <w msd="Ggdste" lemma="začeti">začne</w>
               <S/>
               <w msd="Ggnn" lemma="veljati">veljati</w>
               <S/>
               <w msd="Zk-mei" lemma="ta">ta</w>
               <S/>
               <w msd="Sometn" lemma="zakon">zakon</w>
               <c>,</c>
               <S/>
               <w msd="Zp------k" lemma="se">se</w>
               <S/>
               <w msd="Ggdstm" lemma="prenehati">prenehajo</w>
               <S/>
               <w msd="Ggnn" lemma="uporabljati">uporabljati</w>
               <S/>
               <w msd="Ggdste" lemma="členiti">členi</w>
               <S/>
               <w msd="Kag" lemma="10">10</w>
               <S/>
               <w msd="Dr" lemma="do">do</w>
               <S/>
               <w msd="Kag" lemma="19">19</w>
               <c>,</c>
               <S/>
               <w msd="Kav" lemma="35.">35.</w>
               <c>,</c>
               <S/>
               <w msd="Kav" lemma="36.">36.</w>
               <c>,</c>
               <S/>
               <w msd="Kav" lemma="38.">38.</w>
               <c>,</c>
               <S/>
               <w msd="Kav" lemma="42.">42.</w>
               <c>,</c>
               <S/>
               <w msd="Kav" lemma="43.">43.</w>
               <c>,</c>
               <S/>
               <w msd="Kav" lemma="46.">46.</w>
               <S/>
               <w msd="Vp" lemma="in">in</w>
               <S/>
               <w msd="Kav" lemma="47.">47.</w>
               <S/>
               <w msd="Somei" lemma="člen">člen</w>
               <S/>
               <w msd="Somer" lemma="zakon">zakona</w>
               <S/>
               <w msd="Dm" lemma="o">o</w>
               <S/>
               <w msd="Sozem" lemma="trgovina">trgovini</w>
               <S/>
               <c>(</c>
               <w msd="Ppnmeid" lemma="uraden">Uradni</w>
               <S/>
               <w msd="Somei" lemma="list">list</w>
               <S/>
               <w msd="Slzer" lemma="SFRJ">SFRJ</w>
               <c>,</c>
               <S/>
               <w msd="O" lemma="št.">št.</w>
               <S/>
               <w msd="Kag" lemma="46">46</w>
               <c>/</c>
               <w msd="Kag" lemma="90">90</w>
               <c>)</c>
               <c>,</c>
               <S/>
               <w msd="Sommi" lemma="člen">členi</w>
               <S/>
               <w msd="Dr" lemma="od">od</w>
               <S/>
               <w msd="Kav" lemma="23.">23.</w>
               <S/>
               <w msd="Dr" lemma="do">do</w>
               <S/>
               <w msd="Kav" lemma="30.">30.</w>
               <S/>
               <w msd="Somer" lemma="člen">člena</w>
               <S/>
               <w msd="Somer" lemma="zakon">zakona</w>
               <S/>
               <w msd="Dm" lemma="o">o</w>
               <S/>
               <w msd="Ppnmem" lemma="blagoven">blagovnem</w>
               <S/>
               <w msd="Somem" lemma="promet">prometu</w>
               <S/>
               <c>(</c>
               <w msd="Ppnmeid" lemma="uraden">Uradni</w>
               <S/>
               <w msd="Somei" lemma="list">list</w>
               <S/>
               <w msd="Slzer" lemma="RS">RS</w>
               <c>,</c>
               <S/>
               <w msd="O" lemma="št.">št.</w>
               <S/>
               <w msd="Kag" lemma="21">21</w>
               <c>/</c>
               <w msd="Kag" lemma="77">77</w>
               <S/>
               <w msd="Vp" lemma="in">in</w>
               <S/>
               <w msd="Kag" lemma="29">29</w>
               <c>/</c>
               <w msd="Kag" lemma="86">86</w>
               <c>)</c>
               <S/>
               <w msd="Vp" lemma="in">in</w>
               <S/>
               <w msd="Kav" lemma="62.">62.</w>
               <S/>
               <w msd="Dr" lemma="do">do</w>
               <S/>
               <w msd="Kav" lemma="64.">64.</w>
               <S/>
               <w msd="Somei" lemma="člen">člen</w>
               <S/>
               <w msd="Somer" lemma="zakon">zakona</w>
               <S/>
               <w msd="Dm" lemma="o">o</w>
               <S/>
               <w msd="Sozem" lemma="standardizacija">standardizaciji</w>
               <S/>
               <c>(</c>
               <w msd="Ppnmeid" lemma="uraden">Uradni</w>
               <S/>
               <w msd="Somei" lemma="list">list</w>
               <S/>
               <w msd="Slzer" lemma="SFRJ">SFRJ</w>
               <c>,</c>
               <S/>
               <w msd="O" lemma="št.">št.</w>
               <S/>
               <w msd="Kag" lemma="37">37</w>
               <c>/</c>
               <w msd="Kag" lemma="88">88</w>
               <c>,</c>
               <S/>
               <w msd="Kag" lemma="23">23</w>
               <c>/</c>
               <w msd="Kag" lemma="91">91</w>
               <S/>
               <w msd="Vp" lemma="in">in</w>
               <S/>
               <w msd="Kag" lemma="55">55</w>
               <c>/</c>
               <w msd="Kag" lemma="91">91</w>
               <S/>
               <c>-</c>
               <S/>
               <w msd="Slmei" lemma="popr">popr</w>
               <c>.</c>
               <c>)</c>
               <c>.</c>
            </s>
         </p>
      </body>
   </text>
</TEI>