<?xml version="1.0" encoding="UTF-8"?>
<TEI xmlns="http://www.tei-c.org/ns/1.0" xml:id="F0001525" xml:lang="sl">
   <teiHeader>
      <fileDesc>
         <titleStmt>
            <title>ccKRES: Državni zbor Republike Slovenije. UKLPP. (1995)</title>
            <funder>Operacijo delno financira Evropska unija iz Evropskega socialnega sklada ter Ministrstvo za šolstvo in šport. Operacija se izvaja v okviru Operativnega programa razvoja človeških virov za obdobje 2007-2013, razvojne prioritete: razvoj človeških virov in vseživljenjskega učenja; prednostne usmeritve: izboljšanje kakovosti in učinkovitosti sistemov izobraževanja in usposabljanja 2007-2013.</funder>
         </titleStmt>
         <editionStmt>
            <edition>1.0</edition>
         </editionStmt>
         <extent>224 besed</extent>
         <publicationStmt>
            <idno>A0050707</idno>
            <availability status="free">
               <p xml:lang="sl">Avtorske pravice za to izdajo ureja licenca <ref target="http://creativecommons.org/licenses/by-nc/2.5/si/">Creative Commons Priznanje avtorstva-Nekomercialno 2.5 Slovenija</ref>.</p>
               <p xml:lang="en">This work is licenced under the <ref target="http://creativecommons.org/licenses/by-nc/2.5/si/deed.en">Creative Commons Attribution-Noncommercial 2.5 Slovenia</ref>.</p>
            </availability>
            <date>2012-05-06</date>
         </publicationStmt>
         <sourceDesc>
            <bibl>
               <pubPlace>Ljubljana</pubPlace>
               <title>UKLPP</title>
               <author>Državni zbor Republike Slovenije</author>
               <date>1995</date>
               <publisher n="Državni zbor Republike Slovenije">Državni zbor Republike Slovenije</publisher>
               <note type="sourceLang"/>
            </bibl>
         </sourceDesc>
      </fileDesc>
      <encodingDesc>
         <projectDesc>
            <p xml:lang="sl">Glej <ref target="http://www.korpus-kres.net/">www.korpus-kres.net</ref> oz. <ref target="http://nl.ijs.si/ssj/">nl.ijs.si/ssj</ref>.</p>
            <p xml:lang="en">See <ref target="http://www.korpus-kres.net/">www.korpus-kres.net</ref> or <ref target="http://nl.ijs.si/ssj/">nl.ijs.si/ssj</ref>.</p>
         </projectDesc>
         <samplingDecl>
            <p xml:lang="sl">
            Besedila in odstavki v korpusu KRES so bili vzorčeni iz
            Gigafide tako, da smo dobili 100-milijonski referenčni
            korpus, v katerem so besedila uravnotežena po vnaprej
            določenih taksonomskih deležih in po podatkih o branosti
            vira (časopisi, revije, novičarski portali).  Korpus
            ccKRES nato, z namenom, da je lahko dostopen po licenci CC,
            vsebuje 10 % naključno vzorčenih odstavkov besedil iz
            korpusa KRES, torej 10 milijonov besed.
	    Več o sestavi korpusa lahko preberete na 
            <ref target="http://www.korpus-kres.net/">www.korpus-kres.net</ref> oz.
            <ref target="http://nl.ijs.si/ssj/">nl.ijs.si/ssj</ref>.
	  </p>
            <p xml:lang="en">
            Texts and paragraphs in the KRES corpus have been sampled from the 
	    Gigafida corpus. The result of the sampling is a 100-million-word 
	    reference corpus. The texts in KRES are balanced according to the 
	    predetermined categories, with particular consideration being paid to 
	    the data on the popularity of the source (newspapers, magazines, 
	    Internet news sites). 
	    To enable free (CC) distribution of the corpus, the ccKRES corpus contains 
	    10% of randomly sampled paragraphs from KRES, i.e. contains 10 million words.
	    For more information about the contents of the corpus, 
	    see <ref target="http://www.korpus-kres.net/">www.korpus-kres.net</ref>
	    and <ref target="http://nl.ijs.si/ssj/">nl.ijs.si/ssj</ref>.
	  </p>
         </samplingDecl>
         <tagsDecl>
            <namespace name="http://www.tei-c.org/ns/1.0">
               <tagUsage gi="c" occurs="42"/>
               <tagUsage gi="p" occurs="18"/>
               <tagUsage gi="s" occurs="20"/>
               <tagUsage gi="S" occurs="220"/>
               <tagUsage gi="w" occurs="224"/>
            </namespace>
         </tagsDecl>
         <classDecl>
            <taxonomy xml:id="SSJ">
               <category xml:id="SSJ.T">
                  <catDesc>tisk</catDesc>
                  <category xml:id="SSJ.T.K">
                     <catDesc>knjižno</catDesc>
                     <category xml:id="SSJ.T.K.L">
                        <catDesc>leposlovno</catDesc>
                     </category>
                     <category xml:id="SSJ.T.K.S">
                        <catDesc>strokovno</catDesc>
                     </category>
                  </category>
                  <category xml:id="SSJ.T.P">
                     <catDesc>periodično</catDesc>
                     <category xml:id="SSJ.T.P.C">
                        <catDesc>časopis</catDesc>
                     </category>
                     <category xml:id="SSJ.T.P.R">
                        <catDesc>revija</catDesc>
                     </category>
                  </category>
                  <category xml:id="SSJ.T.D">
                     <catDesc>drugo</catDesc>
                  </category>
               </category>
               <category xml:id="SSJ.I">
                  <catDesc>internet</catDesc>
               </category>
            </taxonomy>
         </classDecl>
      </encodingDesc>
      <profileDesc>
         <textClass>
            <catRef target="#SSJ.T.D"/>
         </textClass>
      </profileDesc>
   </teiHeader>
   <text xml:id="F0001525." xml:lang="sl">
      <body>
         <p xml:id="F0001525.000011">
            <s>
               <c>-</c>
               <S/>
               <w msd="Sosmi" lemma="sredstvo">sredstva</w>
               <c>,</c>
               <S/>
               <w msd="Vd" lemma="ki">ki</w>
               <S/>
               <w msd="Zotmmt--k" lemma="on">jih</w>
               <S/>
               <w msd="Somei" lemma="sklad">Sklad</w>
               <S/>
               <w msd="Sozer" lemma="republika">Republike</w>
               <S/>
               <w msd="Slzer" lemma="Slovenija">Slovenije</w>
               <S/>
               <w msd="Dt" lemma="za">za</w>
               <S/>
               <w msd="Sometn" lemma="razvoj">razvoj</w>
               <S/>
               <w msd="Ggdste" lemma="pridobiti">pridobi</w>
               <S/>
               <w msd="Do" lemma="z">s</w>
               <S/>
               <w msd="Sozeo" lemma="prodaja">prodajo</w>
               <S/>
               <w msd="Rsn" lemma="poslovno">poslovno</w>
               <S/>
               <w msd="Ppnsmr" lemma="nepotreben">nepotrebnih</w>
               <S/>
               <w msd="Sosmr" lemma="sredstvo">sredstev</w>
               <c>,</c>
               <S/>
               <w msd="Ppnzmr" lemma="materialen">materialnih</w>
               <S/>
               <w msd="Sozmr" lemma="naložba">naložb</w>
               <c>,</c>
               <S/>
               <w msd="Ppnzmr" lemma="dolgoročen">dolgoročnih</w>
               <S/>
               <w msd="Ppnzmr" lemma="finančen">finančnih</w>
               <S/>
               <w msd="Sozmr" lemma="naložba">naložb</w>
               <S/>
               <w msd="Vp" lemma="ter">ter</w>
               <S/>
               <w msd="Sozet" lemma="prodaja">prodajo</w>
               <S/>
               <w msd="Vp" lemma="oziroma">oziroma</w>
               <S/>
               <w msd="Sozet" lemma="izterjava">izterjavo</w>
               <S/>
               <w msd="Sozmr" lemma="terjatev">terjatev</w>
               <S/>
               <w msd="Dr" lemma="iz">iz</w>
               <S/>
               <w msd="Soser" lemma="poslovanje">poslovanja</w>
               <S/>
               <w msd="Dm" lemma="v">v</w>
               <S/>
               <w msd="Kbzzmm" lemma="drug">drugih</w>
               <S/>
               <w msd="Sozmm" lemma="republika">republikah</w>
               <S/>
               <w msd="Ppnzer" lemma="bivši">bivše</w>
               <S/>
               <w msd="Slzer" lemma="Jugoslavija">Jugoslavije</w>
               <c>,</c>
               <S/>
               <w msd="Vd" lemma="ki">ki</w>
               <S/>
               <w msd="Gp-stm-n" lemma="biti">so</w>
               <S/>
               <w msd="Zotzmt--k" lemma="on">jih</w>
               <S/>
               <w msd="Soser" lemma="podjetje">podjetja</w>
               <S/>
               <w msd="Dm" lemma="v">v</w>
               <S/>
               <w msd="Sommm" lemma="postopek">postopkih</w>
               <S/>
               <w msd="Ppnser" lemma="lastninski">lastninskega</w>
               <S/>
               <w msd="Soser" lemma="preoblikovanje">preoblikovanja</w>
               <S/>
               <w msd="Do" lemma="z">s</w>
               <S/>
               <w msd="Sozeo" lemma="pogodba">pogodbo</w>
               <S/>
               <w msd="Ggdd-ez" lemma="prenesti">prenesla</w>
               <S/>
               <w msd="Dt" lemma="na">na</w>
               <S/>
               <w msd="Sometn" lemma="sklad">Sklad</w>
               <S/>
               <w msd="Sozer" lemma="republika">Republike</w>
               <S/>
               <w msd="Slzer" lemma="Slovenija">Slovenije</w>
               <S/>
               <w msd="Dt" lemma="za">za</w>
               <S/>
               <w msd="Sometn" lemma="razvoj">razvoj</w>
               <c>.</c>
            </s>
         </p>
         <p xml:id="F0001525.000022">
            <s>
               <c>-</c>
               <S/>
               <w msd="Somei" lemma="sklad">Sklad</w>
               <S/>
               <w msd="Dt" lemma="za">za</w>
               <S/>
               <w msd="Soset" lemma="poplačilo">poplačilo</w>
               <S/>
               <w msd="Ppnzer" lemma="vojen">vojne</w>
               <S/>
               <w msd="Sozer" lemma="odškodnina">odškodnine</w>
               <c>,</c>
               <S/>
               <w msd="Pdnmein" lemma="ustanovljen">ustanovljen</w>
               <S/>
               <w msd="Do" lemma="z">s</w>
               <S/>
               <w msd="Ppnmeo" lemma="poseben">posebnim</w>
               <S/>
               <w msd="Someo" lemma="zakon">zakonom</w>
               <c>;</c>
            </s>
         </p>
         <p xml:id="F0001525.000027">
            <s>
               <w msd="Dm" lemma="o">O</w>
               <S/>
               <w msd="Sozem" lemma="uporaba">uporabi</w>
               <S/>
               <w msd="Soser" lemma="delo">dela</w>
               <S/>
               <w msd="Sozer" lemma="kupnina">kupnine</w>
               <S/>
               <w msd="Pdnser" lemma="namenjen">namenjenega</w>
               <S/>
               <w msd="Dt" lemma="za">za</w>
               <c>:</c>
            </s>
         </p>
         <p xml:id="F0001525.000031">
            <s>
               <c>-</c>
               <S/>
               <w msd="Sozer" lemma="investicija">investicije</w>
               <S/>
               <w msd="Dt" lemma="v">v</w>
               <S/>
               <w msd="Ppnmeid" lemma="javen">javni</w>
               <S/>
               <w msd="Somei" lemma="sektor">sektor</w>
               <S/>
               <w msd="Soser" lemma="gospodarstvo">gospodarstva</w>
               <S/>
               <w msd="Ggnstd" lemma="odločati">odločata</w>
               <S/>
               <w msd="Rsn" lemma="neposredno">neposredno</w>
               <S/>
               <w msd="Ppnmmi" lemma="pristojen">pristojni</w>
               <S/>
               <w msd="Sosmo" lemma="ministrstvo">ministrstvi</w>
               <c>,</c>
               <S/>
               <w msd="Vp" lemma="in">in</w>
               <S/>
               <w msd="L" lemma="sicer">sicer</w>
               <c>:</c>
            </s>
         </p>
         <p xml:id="F0001525.000033">
            <s>
               <c>-</c>
               <S/>
               <w msd="Dm" lemma="o">o</w>
               <S/>
               <w msd="Sozem" lemma="uporaba">uporabi</w>
               <S/>
               <w msd="Vp" lemma="oziroma">oziroma</w>
               <S/>
               <w msd="Sozem" lemma="dodelitev">dodelitvi</w>
               <S/>
               <w msd="Sosmr" lemma="sredstvo">sredstev</w>
               <S/>
               <w msd="Dt" lemma="za">za</w>
               <S/>
               <w msd="Soset" lemma="spodbujanje">spodbujanje</w>
               <S/>
               <w msd="Vp" lemma="in">in</w>
               <S/>
               <w msd="Soset" lemma="kreditiranje">kreditiranje</w>
               <S/>
               <w msd="Somer" lemma="izvoz">izvoza</w>
               <S/>
               <w msd="Vp" lemma="ter">ter</w>
               <S/>
               <w msd="Sosem" lemma="ustvarjanje">ustvarjanju</w>
               <S/>
               <w msd="Ppnzer" lemma="gospodarski">gospodarske</w>
               <S/>
               <w msd="Sozer" lemma="osnova">osnove</w>
               <S/>
               <w msd="Dt" lemma="za">za</w>
               <S/>
               <w msd="Ppnmetd" lemma="avtohton">avtohtoni</w>
               <S/>
               <w msd="Ppnzem" lemma="naroden">narodni</w>
               <S/>
               <w msd="Sozer" lemma="skupnost">skupnosti</w>
               <S/>
               <c>-</c>
               <S/>
               <w msd="Sosei" lemma="ministrstvo">ministrstvo</w>
               <c>,</c>
               <S/>
               <w msd="Ppnsei" lemma="pristojen">pristojno</w>
               <S/>
               <w msd="Dt" lemma="za">za</w>
               <S/>
               <w msd="Ppnmmt" lemma="ekonomski">ekonomske</w>
               <S/>
               <w msd="Sommt" lemma="odnos">odnose</w>
               <S/>
               <w msd="Vp" lemma="in">in</w>
               <S/>
               <w msd="Sometn" lemma="razvoj">razvoj</w>
               <c>.</c>
            </s>
         </p>
         <p xml:id="F0001525.000046">
            <s>
               <c>-</c>
               <S/>
               <w msd="Dt" lemma="za">za</w>
               <S/>
               <w msd="Sozet" lemma="sanacija">sanacijo</w>
               <S/>
               <w msd="Sosmr" lemma="podjetje">podjetij</w>
               <S/>
               <w msd="Vp" lemma="in">in</w>
               <S/>
               <w msd="Soser" lemma="gospodarstvo">gospodarstva</w>
               <S/>
               <w msd="Zp------k" lemma="se">se</w>
               <S/>
               <w msd="Ggdste" lemma="nameniti">nameni</w>
               <S/>
               <w msd="Kag" lemma="13">13</w>
               <S/>
               <c>%</c>
               <S/>
               <w msd="Sozer" lemma="kupnina">kupnine</w>
               <c>;</c>
            </s>
         </p>
         <p xml:id="F0001525.000050">
            <s>
               <c>-</c>
               <S/>
               <w msd="Dt" lemma="za">za</w>
               <S/>
               <w msd="Sozet" lemma="poravnava">poravnavo</w>
               <S/>
               <w msd="Sozer" lemma="obveznost">obveznosti</w>
               <S/>
               <w msd="Sommd" lemma="upravičenec">upravičencem</w>
               <S/>
               <w msd="Dm" lemma="po">po</w>
               <S/>
               <w msd="Somem" lemma="zakon">zakonu</w>
               <S/>
               <w msd="Dm" lemma="o">o</w>
               <S/>
               <w msd="Sozem" lemma="denacionalizacija">denacionalizaciji</w>
               <S/>
               <w msd="Zp------k" lemma="se">se</w>
               <S/>
               <w msd="Ggdste" lemma="nameniti">nameni</w>
               <S/>
               <w msd="Kag" lemma="7">7</w>
               <S/>
               <c>%</c>
               <S/>
               <w msd="Sozer" lemma="kupnina">kupnine</w>
               <c>.</c>
            </s>
         </p>
         <p xml:id="F0001525.000089">
            <s>
               <c>-</c>
               <S/>
               <w msd="Dr" lemma="iz">iz</w>
               <S/>
               <w msd="Sommr" lemma="prihodek">prihodkov</w>
               <c>,</c>
               <S/>
               <w msd="Pdnmmr" lemma="ustvarjen">ustvarjenih</w>
               <S/>
               <w msd="Do" lemma="z">z</w>
               <S/>
               <w msd="Ppnseo" lemma="lasten">lastnim</w>
               <S/>
               <w msd="Soseo" lemma="poslovanje">poslovanjem</w>
               <c>;</c>
            </s>
         </p>
         <p xml:id="F0001525.000091">
            <s>
               <w msd="Somei" lemma="sklad">Sklad</w>
               <S/>
               <w msd="Pdnsmt" lemma="zbran">zbrana</w>
               <S/>
               <w msd="Sosmt" lemma="sredstvo">sredstva</w>
               <S/>
               <w msd="Dm" lemma="v">v</w>
               <S/>
               <w msd="Zn-sem" lemma="enak">enakem</w>
               <S/>
               <w msd="Somem" lemma="delež">deležu</w>
               <S/>
               <w msd="Ggnste" lemma="dodeljevati">dodeljuje</w>
               <S/>
               <w msd="Sosem" lemma="spodbujanje">spodbujanju</w>
               <S/>
               <w msd="Pdnmer" lemma="uravnotežen">uravnoteženega</w>
               <S/>
               <w msd="Ppnmer" lemma="regionalen">regionalnega</w>
               <S/>
               <w msd="Somer" lemma="razvoj">razvoja</w>
               <S/>
               <w msd="Vp" lemma="in">in</w>
               <S/>
               <w msd="Sosem" lemma="ohranjanje">ohranjanju</w>
               <S/>
               <w msd="Sozer" lemma="poseljenost">poseljenosti</w>
               <S/>
               <w msd="Ppnser" lemma="slovenski">slovenskega</w>
               <S/>
               <w msd="Soser" lemma="podeželje">podeželja</w>
               <c>.</c>
            </s>
         </p>
         <p xml:id="F0001525.000093">
            <s>
               <w msd="Ppnmeid" lemma="osnoven">Osnovni</w>
               <S/>
               <w msd="Somei" lemma="kapital">kapital</w>
               <S/>
               <w msd="Somer" lemma="sklad">Sklada</w>
               <S/>
               <w msd="Ggnste" lemma="znašati">znaša</w>
               <S/>
               <w msd="Kag" lemma="1.500.000">1.500.000</w>
               <S/>
               <w msd="Sommr" lemma="tolar">tolarjev</w>
               <c>.</c>
               <S/>
            </s>
            <s>
               <w msd="Somei" lemma="imetnik">Imetnik</w>
               <S/>
               <w msd="Ppnmer" lemma="edin">edinega</w>
               <S/>
               <w msd="Ppnmer" lemma="posloven">poslovnega</w>
               <S/>
               <w msd="Somer" lemma="delež">deleža</w>
               <S/>
               <w msd="Dm" lemma="ob">ob</w>
               <S/>
               <w msd="Sozem" lemma="ustanovitev">ustanovitvi</w>
               <S/>
               <w msd="Gp-ste-n" lemma="biti">je</w>
               <S/>
               <w msd="Sozei" lemma="republika">Republika</w>
               <S/>
               <w msd="Slzei" lemma="Slovenija">Slovenija</w>
               <c>.</c>
            </s>
         </p>
         <p xml:id="F0001525.000096">
            <s>
               <w msd="Somei" lemma="dobiček">Dobiček</w>
               <c>,</c>
               <S/>
               <w msd="Vd" lemma="ki">ki</w>
               <S/>
               <w msd="Zotmet--k" lemma="on">ga</w>
               <S/>
               <w msd="Do" lemma="z">s</w>
               <S/>
               <w msd="Zp-seo" lemma="svoj">svojim</w>
               <S/>
               <w msd="Soseo" lemma="poslovanje">poslovanjem</w>
               <S/>
               <w msd="Ggdste" lemma="ustvariti">ustvari</w>
               <S/>
               <w msd="Somei" lemma="sklad">Sklad</w>
               <S/>
               <w msd="Zp------k" lemma="se">se</w>
               <S/>
               <w msd="Ggdste" lemma="nameniti">nameni</w>
               <S/>
               <w msd="Sosed" lemma="spodbujanje">spodbujanju</w>
               <S/>
               <w msd="Pdnmer" lemma="uravnotežen">uravnoteženega</w>
               <S/>
               <w msd="Ppnmer" lemma="regionalen">regionalnega</w>
               <S/>
               <w msd="Somer" lemma="razvoj">razvoja</w>
               <S/>
               <w msd="Vp" lemma="in">in</w>
               <S/>
               <w msd="Sosem" lemma="ohranjanje">ohranjanju</w>
               <S/>
               <w msd="Sozer" lemma="poseljenost">poseljenosti</w>
               <S/>
               <w msd="Ppnser" lemma="slovenski">slovenskega</w>
               <S/>
               <w msd="Soser" lemma="podeželje">podeželja</w>
               <c>,</c>
               <S/>
               <w msd="Vd" lemma="kakor">kakor</w>
               <S/>
               <w msd="L" lemma="tudi">tudi</w>
               <S/>
               <w msd="Dt" lemma="za">za</w>
               <S/>
               <w msd="Soset" lemma="povečanje">povečanje</w>
               <S/>
               <w msd="Ppnmer" lemma="osnoven">osnovnega</w>
               <S/>
               <w msd="Somer" lemma="kapital">kapitala</w>
               <S/>
               <w msd="Somer" lemma="sklad">Sklada</w>
               <c>.</c>
               <S/>
            </s>
            <s>
               <w msd="Sozei" lemma="razporeditev">Razporeditev</w>
               <S/>
               <w msd="Somer" lemma="dobiček">dobička</w>
               <S/>
               <w msd="Ggdste" lemma="določiti">določi</w>
               <S/>
               <w msd="Sometn" lemma="statut">statut</w>
               <S/>
               <w msd="Somer" lemma="sklad">Sklada</w>
               <c>.</c>
            </s>
         </p>
         <p xml:id="F0001525.000100">
            <s>
               <c>-</c>
               <S/>
               <w msd="Ggnste" lemma="dajati">daje</w>
               <S/>
               <w msd="Sozmt" lemma="garancija">garancije</w>
               <S/>
               <w msd="Dt" lemma="za">za</w>
               <S/>
               <w msd="Ppnmmt" lemma="bančen">bančne</w>
               <S/>
               <w msd="Sommt" lemma="kredit">kredite</w>
               <c>.</c>
            </s>
         </p>
         <p xml:id="F0001525.000113">
            <s>
               <c>-</c>
               <S/>
               <w msd="Ggnste" lemma="odločati">odloča</w>
               <S/>
               <w msd="Dm" lemma="o">o</w>
               <S/>
               <w msd="Sosem" lemma="povečanje">povečanju</w>
               <S/>
               <w msd="Vp" lemma="in">in</w>
               <S/>
               <w msd="Sosem" lemma="zmanjšanje">zmanjšanju</w>
               <S/>
               <w msd="Somer" lemma="kapital">kapitala</w>
               <S/>
               <w msd="Somer" lemma="sklad">Sklada</w>
               <c>;</c>
            </s>
         </p>
         <p xml:id="F0001525.000114">
            <s>
               <c>-</c>
               <S/>
               <w msd="Ggnste" lemma="odločati">odloča</w>
               <S/>
               <w msd="Dm" lemma="o">o</w>
               <S/>
               <w msd="Kbzzmm" lemma="drug">drugih</w>
               <S/>
               <w msd="Sozmm" lemma="zadeva">zadevah</w>
               <c>,</c>
               <S/>
               <w msd="Pdnzmr" lemma="določen">določenih</w>
               <S/>
               <w msd="Do" lemma="z">s</w>
               <S/>
               <w msd="Someo" lemma="statut">statutom</w>
               <S/>
               <w msd="Somer" lemma="sklad">Sklada</w>
               <S/>
               <w msd="Vp" lemma="in">in</w>
               <S/>
               <w msd="Someo" lemma="zakon">zakonom</w>
               <c>.</c>
            </s>
         </p>
         <p xml:id="F0001525.000134">
            <s>
               <c>-</c>
               <S/>
               <w msd="Sozei" lemma="druga">druga</w>
               <S/>
               <w msd="Pppzei" lemma="pomemben">pomembnejša</w>
               <S/>
               <w msd="Sosmi" lemma="vprašanje">vprašanja</w>
               <S/>
               <w msd="Dm" lemma="v">v</w>
               <S/>
               <w msd="Sozem" lemma="zveza">zvezi</w>
               <S/>
               <w msd="Do" lemma="z">s</w>
               <S/>
               <w msd="Soseo" lemma="poslovanje">poslovanjem</w>
               <S/>
               <w msd="Somer" lemma="sklad">Sklada</w>
               <c>.</c>
            </s>
         </p>
         <p xml:id="F0001525.000138">
            <s>
               <w msd="Kav" lemma="27.">27.</w>
               <S/>
               <w msd="Somei" lemma="člen">člen</w>
            </s>
         </p>
         <p xml:id="F0001525.000140">
            <s>
               <w msd="Kav" lemma="28.">28.</w>
               <S/>
               <w msd="Somei" lemma="člen">člen</w>
            </s>
         </p>
         <p xml:id="F0001525.000142">
            <s>
               <w msd="Kav" lemma="29.">29.</w>
               <S/>
               <w msd="Somei" lemma="člen">člen</w>
            </s>
         </p>
      </body>
   </text>
</TEI>