<?xml version="1.0" encoding="UTF-8"?>
<TEI xmlns="http://www.tei-c.org/ns/1.0" xml:id="F0000155" xml:lang="sl">
   <teiHeader>
      <fileDesc>
         <titleStmt>
            <title>ccKRES: Večer (1999-03-12)</title>
            <funder>Operacijo delno financira Evropska unija iz Evropskega socialnega sklada ter Ministrstvo za šolstvo in šport. Operacija se izvaja v okviru Operativnega programa razvoja človeških virov za obdobje 2007-2013, razvojne prioritete: razvoj človeških virov in vseživljenjskega učenja; prednostne usmeritve: izboljšanje kakovosti in učinkovitosti sistemov izobraževanja in usposabljanja 2007-2013.</funder>
         </titleStmt>
         <editionStmt>
            <edition>1.0</edition>
         </editionStmt>
         <extent>192 besed</extent>
         <publicationStmt>
            <idno>A0000108</idno>
            <availability status="free">
               <p xml:lang="sl">Avtorske pravice za to izdajo ureja licenca <ref target="http://creativecommons.org/licenses/by-nc/2.5/si/">Creative Commons Priznanje avtorstva-Nekomercialno 2.5 Slovenija</ref>.</p>
               <p xml:lang="en">This work is licenced under the <ref target="http://creativecommons.org/licenses/by-nc/2.5/si/deed.en">Creative Commons Attribution-Noncommercial 2.5 Slovenia</ref>.</p>
            </availability>
            <date>2012-05-06</date>
         </publicationStmt>
         <sourceDesc>
            <bibl>
               <title>Večer</title>
               <author n="???">neznani novinar</author>
               <date>1999-03-12</date>
               <publisher n="Večer">Večer</publisher>
               <note type="sourceLang">sl</note>
            </bibl>
         </sourceDesc>
      </fileDesc>
      <encodingDesc>
         <projectDesc>
            <p xml:lang="sl">Glej <ref target="http://www.korpus-kres.net/">www.korpus-kres.net</ref> oz. <ref target="http://nl.ijs.si/ssj/">nl.ijs.si/ssj</ref>.</p>
            <p xml:lang="en">See <ref target="http://www.korpus-kres.net/">www.korpus-kres.net</ref> or <ref target="http://nl.ijs.si/ssj/">nl.ijs.si/ssj</ref>.</p>
         </projectDesc>
         <samplingDecl>
            <p xml:lang="sl">
            Besedila in odstavki v korpusu KRES so bili vzorčeni iz
            Gigafide tako, da smo dobili 100-milijonski referenčni
            korpus, v katerem so besedila uravnotežena po vnaprej
            določenih taksonomskih deležih in po podatkih o branosti
            vira (časopisi, revije, novičarski portali).  Korpus
            ccKRES nato, z namenom, da je lahko dostopen po licenci CC,
            vsebuje 10 % naključno vzorčenih odstavkov besedil iz
            korpusa KRES, torej 10 milijonov besed.
	    Več o sestavi korpusa lahko preberete na 
            <ref target="http://www.korpus-kres.net/">www.korpus-kres.net</ref> oz.
            <ref target="http://nl.ijs.si/ssj/">nl.ijs.si/ssj</ref>.
	  </p>
            <p xml:lang="en">
            Texts and paragraphs in the KRES corpus have been sampled from the 
	    Gigafida corpus. The result of the sampling is a 100-million-word 
	    reference corpus. The texts in KRES are balanced according to the 
	    predetermined categories, with particular consideration being paid to 
	    the data on the popularity of the source (newspapers, magazines, 
	    Internet news sites). 
	    To enable free (CC) distribution of the corpus, the ccKRES corpus contains 
	    10% of randomly sampled paragraphs from KRES, i.e. contains 10 million words.
	    For more information about the contents of the corpus, 
	    see <ref target="http://www.korpus-kres.net/">www.korpus-kres.net</ref>
	    and <ref target="http://nl.ijs.si/ssj/">nl.ijs.si/ssj</ref>.
	  </p>
         </samplingDecl>
         <tagsDecl>
            <namespace name="http://www.tei-c.org/ns/1.0">
               <tagUsage gi="c" occurs="27"/>
               <tagUsage gi="p" occurs="7"/>
               <tagUsage gi="s" occurs="13"/>
               <tagUsage gi="S" occurs="187"/>
               <tagUsage gi="w" occurs="192"/>
            </namespace>
         </tagsDecl>
         <classDecl>
            <taxonomy xml:id="SSJ">
               <category xml:id="SSJ.T">
                  <catDesc>tisk</catDesc>
                  <category xml:id="SSJ.T.K">
                     <catDesc>knjižno</catDesc>
                     <category xml:id="SSJ.T.K.L">
                        <catDesc>leposlovno</catDesc>
                     </category>
                     <category xml:id="SSJ.T.K.S">
                        <catDesc>strokovno</catDesc>
                     </category>
                  </category>
                  <category xml:id="SSJ.T.P">
                     <catDesc>periodično</catDesc>
                     <category xml:id="SSJ.T.P.C">
                        <catDesc>časopis</catDesc>
                     </category>
                     <category xml:id="SSJ.T.P.R">
                        <catDesc>revija</catDesc>
                     </category>
                  </category>
                  <category xml:id="SSJ.T.D">
                     <catDesc>drugo</catDesc>
                  </category>
               </category>
               <category xml:id="SSJ.I">
                  <catDesc>internet</catDesc>
               </category>
            </taxonomy>
         </classDecl>
      </encodingDesc>
      <profileDesc>
         <textClass>
            <catRef target="#SSJ.T.P.C"/>
         </textClass>
      </profileDesc>
      <revisionDesc>
         <change>
            <date when="1999-04-21">1999-04-21</date>
            <label>STEJOZN v0.500</label>
            <name>Amebis</name>
         </change>
      </revisionDesc>
   </teiHeader>
   <text xml:id="F0000155." xml:lang="sl">
      <body>
         <p xml:id="F0000155.000232">
            <s>
               <w msd="Dr" lemma="do">Do</w>
               <S/>
               <w msd="Somer" lemma="začetek">začetka</w>
               <S/>
               <w msd="Ppnmer" lemma="letošnji">letošnjega</w>
               <S/>
               <w msd="Somer" lemma="marec">marca</w>
               <S/>
               <w msd="Gp-stm-n" lemma="biti">so</w>
               <S/>
               <w msd="Ggdd-mm" lemma="izdati">izdali</w>
               <S/>
               <w msd="L" lemma="tudi">tudi</w>
               <S/>
               <w msd="Kag" lemma="1651">1651</w>
               <S/>
               <w msd="Ppnzmr" lemma="nov">novih</w>
               <S/>
               <w msd="Ppnzmr" lemma="oseben">osebnih</w>
               <S/>
               <w msd="Sozmr" lemma="izkaznica">izkaznic</w>
               <c>,</c>
               <S/>
               <w msd="Vd" lemma="ki">ki</w>
               <S/>
               <w msd="Gp-stm-n" lemma="biti">so</w>
               <S/>
               <w msd="Ggdd-mz" lemma="priti">prišle</w>
               <S/>
               <w msd="Dm" lemma="v">v</w>
               <S/>
               <w msd="Zspzemm" lemma="naš">naši</w>
               <S/>
               <w msd="Sozem" lemma="država">državi</w>
               <S/>
               <w msd="Dt" lemma="v">v</w>
               <S/>
               <w msd="Sozet" lemma="veljava">veljavo</w>
               <S/>
               <w msd="Rsn" lemma="lani">lani</w>
               <c>.</c>
               <S/>
            </s>
            <s>
               <w msd="Dm" lemma="na">Na</w>
               <S/>
               <w msd="Sosem" lemma="območje">območju</w>
               <S/>
               <w msd="Slmei" lemma="UO">UO</w>
               <S/>
               <w msd="Slmei" lemma="Šentjur">Šentjur</w>
               <S/>
               <w msd="Zp------k" lemma="se">se</w>
               <S/>
               <w msd="Gp-ste-n" lemma="biti">je</w>
               <S/>
               <w msd="Dm" lemma="v">v</w>
               <S/>
               <w msd="Pdnsem" lemma="minul">minulem</w>
               <S/>
               <w msd="Sosem" lemma="leto">letu</w>
               <S/>
               <w msd="Soset" lemma="rodilo">rodilo</w>
               <S/>
               <w msd="Kag" lemma="200">200</w>
               <S/>
               <w msd="Sommr" lemma="otrok">otrok</w>
               <c>,</c>
               <S/>
               <w msd="Kag" lemma="225">225</w>
               <S/>
               <w msd="Sommr" lemma="človek">ljudi</w>
               <S/>
               <w msd="Gp-ste-n" lemma="biti">je</w>
               <S/>
               <w msd="Ggdd-es" lemma="umreti">umrlo</w>
               <S/>
               <w msd="Vp" lemma="in">in</w>
               <S/>
               <w msd="Ggnd-mm" lemma="imeti">imeli</w>
               <S/>
               <w msd="Gp-stm-n" lemma="biti">so</w>
               <S/>
               <w msd="Kag" lemma="58">58</w>
               <S/>
               <w msd="Sozmr" lemma="poroka">porok</w>
               <c>.</c>
            </s>
         </p>
         <p xml:id="F0000155.000363">
            <s>
               <w msd="Sosei" lemma="gospodarstvo">GOSPODARSTVO</w>
            </s>
         </p>
         <p xml:id="F0000155.000461">
            <s>
               <w msd="Sozei" lemma="bojazen">Bojazen</w>
               <c>,</c>
               <S/>
               <w msd="Vd" lemma="da">da</w>
               <S/>
               <w msd="Gp-pte-n" lemma="biti">bo</w>
               <S/>
               <w msd="Rsn" lemma="pozicijsko">pozicijsko</w>
               <S/>
               <w msd="Ppnsei" lemma="glasovalen">glasovalno</w>
               <S/>
               <w msd="Sosei" lemma="kolesje">kolesje</w>
               <S/>
               <w msd="Dm" lemma="v">v</w>
               <S/>
               <w msd="Ppnmem" lemma="mesten">mestnem</w>
               <S/>
               <w msd="Somem" lemma="svet">svetu</w>
               <S/>
               <w msd="Ppnzer" lemma="mesten">mestne</w>
               <S/>
               <w msd="Sozer" lemma="občina">občine</w>
               <S/>
               <w msd="Slmei" lemma="Maribor">Maribor</w>
               <S/>
               <w msd="Do" lemma="z">s</w>
               <S/>
               <w msd="Zp-mmo" lemma="svoj">svojimi</w>
               <S/>
               <w msd="Kag" lemma="26">26</w>
               <S/>
               <w msd="Sommo" lemma="glas">glasovi</w>
               <S/>
               <w msd="Ggdd-es" lemma="izglasovati">izglasovalo</w>
               <S/>
               <w msd="L" lemma="prav">prav</w>
               <S/>
               <w msd="Zc-set" lemma="ves">vse</w>
               <c>,</c>
               <S/>
               <w msd="Zz-set" lemma="kar">kar</w>
               <S/>
               <w msd="Gp-pte-n" lemma="biti">bo</w>
               <S/>
               <w msd="Ggvd-em" lemma="predlagati">predlagal</w>
               <S/>
               <w msd="Somei" lemma="župan">župan</w>
               <c>,</c>
               <S/>
               <w msd="Gp-ste-n" lemma="biti">je</w>
               <c>,</c>
               <S/>
               <w msd="Vd" lemma="kot">kot</w>
               <S/>
               <w msd="Gp-ste-n" lemma="biti">je</w>
               <S/>
               <w msd="Ggdd-ez" lemma="pokazati">pokazala</w>
               <S/>
               <w msd="Ppnzei" lemma="nedaven">nedavna</w>
               <S/>
               <c>"</c>
               <w msd="Ppnzei" lemma="proračunski">proračunska</w>
               <c>"</c>
               <S/>
               <w msd="Sozei" lemma="seja">seja</w>
               <c>,</c>
               <S/>
               <w msd="Rsn" lemma="popolnoma">popolnoma</w>
               <S/>
               <w msd="Rsn" lemma="odveč">odveč</w>
               <c>.</c>
            </s>
         </p>
         <p xml:id="F0000155.000500">
            <s>
               <c>-</c>
               <S/>
               <w msd="Sommi" lemma="pragerčan">Pragerčani</w>
               <S/>
               <w msd="Ggnstm" lemma="groziti">grozijo</w>
               <c>.</c>
               <S/>
            </s>
            <s>
               <w msd="Ggdd-mm" lemma="zapreti">Zaprli</w>
               <S/>
               <w msd="Gp-ptm-n" lemma="biti">bodo</w>
               <S/>
               <w msd="Ppnzet" lemma="magistralen">magistralno</w>
               <S/>
               <w msd="Sozet" lemma="cesta">cesto</w>
               <c>.</c>
               <S/>
            </s>
            <s>
               <w msd="Ggnstm-n" lemma="hoteti">Hočejo</w>
               <S/>
               <w msd="Sometn" lemma="pločnik">pločnik</w>
               <c>.</c>
               <S/>
            </s>
            <s>
               <w msd="Zv-set" lemma="kaj">Kaj</w>
               <S/>
               <w msd="Gp-pdm-n" lemma="biti">boste</w>
               <S/>
               <w msd="Ggdd-mm" lemma="storiti">storili</w>
               <c>?</c>
            </s>
         </p>
         <p xml:id="F0000155.000667">
            <s>
               <w msd="Dt" lemma="v">V</w>
               <S/>
               <w msd="Sometn" lemma="torek">torek</w>
               <c>,</c>
               <S/>
               <w msd="Kav" lemma="2.">2.</w>
               <S/>
               <w msd="Kav" lemma="3.">3.</w>
               <S/>
               <w msd="Kag" lemma="1999">1999</w>
               <c>,</c>
               <S/>
               <w msd="Gp-ste-n" lemma="biti">je</w>
               <S/>
               <w msd="Gp-d-em" lemma="biti">bil</w>
               <S/>
               <w msd="Dm" lemma="v">v</w>
               <S/>
               <w msd="Somem" lemma="časnik">časniku</w>
               <S/>
               <w msd="Somei" lemma="večer">Večer</w>
               <S/>
               <w msd="Pdnmein" lemma="objavljen">objavljen</w>
               <S/>
               <w msd="Somei" lemma="članek">članek</w>
               <S/>
               <w msd="Dr" lemma="izpod">izpod</w>
               <S/>
               <w msd="Soser" lemma="pero">peresa</w>
               <S/>
               <w msd="Somer" lemma="novinar">novinarja</w>
               <S/>
               <w msd="Slmer" lemma="Jože">Jožeta</w>
               <S/>
               <w msd="Slmer" lemma="Rakuša">Rakuše</w>
               <S/>
               <w msd="Do" lemma="z">z</w>
               <S/>
               <w msd="Someo" lemma="naslov">naslovom</w>
               <S/>
               <w msd="Sommi" lemma="izgnanec">Izgnanci</w>
               <S/>
               <w msd="L" lemma="naj">naj</w>
               <S/>
               <w msd="Gp-g" lemma="biti">bi</w>
               <S/>
               <w msd="Rsn" lemma="nazadnje">nazadnje</w>
               <S/>
               <w msd="Gp-d-mm" lemma="biti">bili</w>
               <S/>
               <w msd="Sommi" lemma="begunec">begunci</w>
               <c>.</c>
               <S/>
            </s>
            <s>
               <w msd="Dm" lemma="v">V</w>
               <S/>
               <w msd="Somem" lemma="članek">članku</w>
               <S/>
               <w msd="Somei" lemma="novinar">novinar</w>
               <S/>
               <w msd="Rsn" lemma="obširno">obširno</w>
               <S/>
               <w msd="Ggnste" lemma="opisovati">opisuje</w>
               <S/>
               <w msd="Sommt" lemma="dogodek">dogodke</w>
               <S/>
               <w msd="Vp" lemma="in">in</w>
               <S/>
               <w msd="Sozmt" lemma="okoliščina">okoliščine</w>
               <S/>
               <w msd="Dm" lemma="v">v</w>
               <S/>
               <w msd="Ppnsem" lemma="medvojen">medvojnem</w>
               <S/>
               <w msd="Sosem" lemma="obdobje">obdobju</w>
               <c>,</c>
               <S/>
               <w msd="Vd" lemma="ki">ki</w>
               <S/>
               <w msd="Gp-stm-n" lemma="biti">so</w>
               <S/>
               <w msd="Gp-d-mm" lemma="biti">bili</w>
               <S/>
               <w msd="Sozei" lemma="podlaga">podlaga</w>
               <S/>
               <w msd="Dt" lemma="za">za</w>
               <S/>
               <w msd="Soset" lemma="priznanje">priznanje</w>
               <S/>
               <w msd="Somer" lemma="status">statusa</w>
               <S/>
               <w msd="Vp" lemma="in">in</w>
               <S/>
               <w msd="Sozmr" lemma="pravica">pravic</w>
               <S/>
               <w msd="Sozer" lemma="žrtev">žrtve</w>
               <S/>
               <w msd="Ppnser" lemma="vojen">vojnega</w>
               <S/>
               <w msd="Soser" lemma="nasilje">nasilja</w>
               <S/>
               <w msd="Sommd" lemma="član">članom</w>
               <S/>
               <w msd="Sozer" lemma="družina">družine</w>
               <S/>
               <w msd="Sozet" lemma="zelenka">Zelenko</w>
               <c>.</c>
               <S/>
            </s>
            <s>
               <w msd="Somei" lemma="članek">Članek</w>
               <S/>
               <w msd="Gp-ste-n" lemma="biti">je</w>
               <S/>
               <w msd="Pdnmein" lemma="napisan">napisan</w>
               <S/>
               <w msd="Rsn" lemma="izrazito">izrazito</w>
               <S/>
               <w msd="Rsn" lemma="enostransko">enostransko</w>
               <c>,</c>
               <S/>
               <w msd="Vp" lemma="saj">saj</w>
               <S/>
               <w msd="Somei" lemma="novinar">novinar</w>
               <S/>
               <w msd="L" lemma="ne">ne</w>
               <S/>
               <w msd="Ggdste" lemma="opisati">opiše</w>
               <S/>
               <w msd="L" lemma="tudi">tudi</w>
               <S/>
               <w msd="Kbzzmt" lemma="drug">druge</w>
               <S/>
               <w msd="Sozmt" lemma="plat">plati</w>
               <c>,</c>
               <S/>
               <w msd="Zk-zmi" lemma="tisti">tiste</w>
               <c>,</c>
               <S/>
               <w msd="Vd" lemma="ki">ki</w>
               <S/>
               <w msd="Zotzet--k" lemma="on">jo</w>
               <S/>
               <w msd="Gp-ste-n" lemma="biti">je</w>
               <S/>
               <w msd="Sosei" lemma="ministrstvo">ministrstvo</w>
               <S/>
               <w msd="Vd" lemma="kot">kot</w>
               <S/>
               <w msd="Ppnmeid" lemma="revizijski">revizijski</w>
               <S/>
               <w msd="Somei" lemma="organ">organ</w>
               <S/>
               <w msd="Rsn" lemma="podrobno">podrobno</w>
               <S/>
               <w msd="Ggdd-es" lemma="opisati">opisalo</w>
               <S/>
               <w msd="Dm" lemma="v">v</w>
               <S/>
               <w msd="Sozmm" lemma="odločba">odločbah</w>
               <S/>
               <w msd="Dm" lemma="o">o</w>
               <S/>
               <w msd="Sosem" lemma="priznanje">priznanju</w>
               <S/>
               <w msd="Somer" lemma="status">statusa</w>
               <S/>
               <w msd="Vp" lemma="in">in</w>
               <S/>
               <w msd="Sozmr" lemma="pravica">pravic</w>
               <S/>
               <w msd="Sozer" lemma="žrtev">žrtve</w>
               <S/>
               <w msd="Ppnser" lemma="vojen">vojnega</w>
               <S/>
               <w msd="Soser" lemma="nasilje">nasilja</w>
               <S/>
               <w msd="Sommd" lemma="član">članom</w>
               <S/>
               <w msd="Sozer" lemma="družina">družine</w>
               <S/>
               <w msd="Sozet" lemma="zelenka">Zelenko</w>
               <c>,</c>
               <S/>
               <w msd="Rsn" lemma="hkrati">hkrati</w>
               <S/>
               <w msd="Vp" lemma="pa">pa</w>
               <S/>
               <w msd="Ggnste" lemma="navajati">navaja</w>
               <S/>
               <w msd="Ppnmmt" lemma="neresničen">neresnične</w>
               <S/>
               <w msd="Sommt" lemma="podatek">podatke</w>
               <S/>
               <w msd="Dm" lemma="o">o</w>
               <S/>
               <w msd="Sozem" lemma="nedoslednost">nedoslednosti</w>
               <S/>
               <w msd="Soser" lemma="ministrstvo">ministrstva</w>
               <S/>
               <w msd="Dm" lemma="pri">pri</w>
               <S/>
               <w msd="Sosem" lemma="odločanje">odločanju</w>
               <S/>
               <w msd="Dm" lemma="o">o</w>
               <S/>
               <w msd="Sosem" lemma="priznanje">priznanju</w>
               <S/>
               <w msd="Pdnmer" lemma="omenjen">omenjenega</w>
               <S/>
               <w msd="Somer" lemma="status">statusa</w>
               <S/>
               <c>.</c>
            </s>
         </p>
         <p xml:id="F0000155.001106">
            <s>
               <w msd="Slzei" lemma="AVSTRIJA">AVSTRIJA</w>
               <S/>
               <w msd="Kag" lemma="2">2</w>
            </s>
         </p>
         <p xml:id="F0000155.001179">
            <s>
               <w msd="Ppnmein" lemma="smešen">Smešen</w>
               <S/>
               <w msd="Somei" lemma="strah">strah</w>
               <S/>
               <w msd="Do" lemma="pred">pred</w>
               <S/>
               <w msd="Sozeo" lemma="slovenizacija">slovenizacijo</w>
               <S/>
               <w msd="Slzer" lemma="Koroška">Koroške</w>
            </s>
         </p>
      </body>
   </text>
</TEI>