<?xml version="1.0" encoding="UTF-8"?>
<TEI xmlns="http://www.tei-c.org/ns/1.0" xml:id="F0001236" xml:lang="sl">
   <teiHeader>
      <fileDesc>
         <titleStmt>
            <title>ccKRES: Monitor (1996-01)</title>
            <funder>Operacijo delno financira Evropska unija iz Evropskega socialnega sklada ter Ministrstvo za šolstvo in šport. Operacija se izvaja v okviru Operativnega programa razvoja človeških virov za obdobje 2007-2013, razvojne prioritete: razvoj človeških virov in vseživljenjskega učenja; prednostne usmeritve: izboljšanje kakovosti in učinkovitosti sistemov izobraževanja in usposabljanja 2007-2013.</funder>
         </titleStmt>
         <editionStmt>
            <edition>1.0</edition>
         </editionStmt>
         <extent>378 besed</extent>
         <publicationStmt>
            <idno>mnt1_96</idno>
            <availability status="free">
               <p xml:lang="sl">Avtorske pravice za to izdajo ureja licenca <ref target="http://creativecommons.org/licenses/by-nc/2.5/si/">Creative Commons Priznanje avtorstva-Nekomercialno 2.5 Slovenija</ref>.</p>
               <p xml:lang="en">This work is licenced under the <ref target="http://creativecommons.org/licenses/by-nc/2.5/si/deed.en">Creative Commons Attribution-Noncommercial 2.5 Slovenia</ref>.</p>
            </availability>
            <date>2012-05-06</date>
         </publicationStmt>
         <sourceDesc>
            <bibl>
               <title>Monitor</title>
               <author n="???">neznani novinar</author>
               <date>1996-01</date>
               <publisher n="drugo">Infomediji</publisher>
               <note type="sourceLang">sl</note>
            </bibl>
         </sourceDesc>
      </fileDesc>
      <encodingDesc>
         <projectDesc>
            <p xml:lang="sl">Glej <ref target="http://www.korpus-kres.net/">www.korpus-kres.net</ref> oz. <ref target="http://nl.ijs.si/ssj/">nl.ijs.si/ssj</ref>.</p>
            <p xml:lang="en">See <ref target="http://www.korpus-kres.net/">www.korpus-kres.net</ref> or <ref target="http://nl.ijs.si/ssj/">nl.ijs.si/ssj</ref>.</p>
         </projectDesc>
         <samplingDecl>
            <p xml:lang="sl">
            Besedila in odstavki v korpusu KRES so bili vzorčeni iz
            Gigafide tako, da smo dobili 100-milijonski referenčni
            korpus, v katerem so besedila uravnotežena po vnaprej
            določenih taksonomskih deležih in po podatkih o branosti
            vira (časopisi, revije, novičarski portali).  Korpus
            ccKRES nato, z namenom, da je lahko dostopen po licenci CC,
            vsebuje 10 % naključno vzorčenih odstavkov besedil iz
            korpusa KRES, torej 10 milijonov besed.
	    Več o sestavi korpusa lahko preberete na 
            <ref target="http://www.korpus-kres.net/">www.korpus-kres.net</ref> oz.
            <ref target="http://nl.ijs.si/ssj/">nl.ijs.si/ssj</ref>.
	  </p>
            <p xml:lang="en">
            Texts and paragraphs in the KRES corpus have been sampled from the 
	    Gigafida corpus. The result of the sampling is a 100-million-word 
	    reference corpus. The texts in KRES are balanced according to the 
	    predetermined categories, with particular consideration being paid to 
	    the data on the popularity of the source (newspapers, magazines, 
	    Internet news sites). 
	    To enable free (CC) distribution of the corpus, the ccKRES corpus contains 
	    10% of randomly sampled paragraphs from KRES, i.e. contains 10 million words.
	    For more information about the contents of the corpus, 
	    see <ref target="http://www.korpus-kres.net/">www.korpus-kres.net</ref>
	    and <ref target="http://nl.ijs.si/ssj/">nl.ijs.si/ssj</ref>.
	  </p>
         </samplingDecl>
         <tagsDecl>
            <namespace name="http://www.tei-c.org/ns/1.0">
               <tagUsage gi="p" occurs="8"/>
               <tagUsage gi="s" occurs="27"/>
               <tagUsage gi="c" occurs="92"/>
               <tagUsage gi="S" occurs="368"/>
               <tagUsage gi="w" occurs="378"/>
            </namespace>
         </tagsDecl>
         <classDecl>
            <taxonomy xml:id="SSJ">
               <category xml:id="SSJ.T">
                  <catDesc>tisk</catDesc>
                  <category xml:id="SSJ.T.K">
                     <catDesc>knjižno</catDesc>
                     <category xml:id="SSJ.T.K.L">
                        <catDesc>leposlovno</catDesc>
                     </category>
                     <category xml:id="SSJ.T.K.S">
                        <catDesc>strokovno</catDesc>
                     </category>
                  </category>
                  <category xml:id="SSJ.T.P">
                     <catDesc>periodično</catDesc>
                     <category xml:id="SSJ.T.P.C">
                        <catDesc>časopis</catDesc>
                     </category>
                     <category xml:id="SSJ.T.P.R">
                        <catDesc>revija</catDesc>
                     </category>
                  </category>
                  <category xml:id="SSJ.T.D">
                     <catDesc>drugo</catDesc>
                  </category>
               </category>
               <category xml:id="SSJ.I">
                  <catDesc>internet</catDesc>
               </category>
            </taxonomy>
         </classDecl>
      </encodingDesc>
      <profileDesc>
         <textClass>
            <catRef target="#SSJ.T.P.R"/>
         </textClass>
      </profileDesc>
   </teiHeader>
   <text xml:id="F0001236." xml:lang="sl">
      <body>
         <p xml:id="F0001236.000179">
            <s>
               <w msd="Rsn" lemma="interno">interno</w>
               <S/>
               <w msd="Kag" lemma="52">52</w>
            </s>
         </p>
         <p xml:id="F0001236.000645">
            <s>
               <w msd="Ppnzei" lemma="podatkoven">Podatkovna</w>
               <S/>
               <w msd="Sozei" lemma="raven">raven</w>
               <S/>
               <w msd="Gp-ste-n" lemma="biti">je</w>
               <S/>
               <w msd="Ppnzei" lemma="celičen">celična</w>
               <S/>
               <w msd="Sozei" lemma="hrbtenica">hrbtenica</w>
               <S/>
               <w msd="Dt" lemma="za">za</w>
               <S/>
               <w msd="Ppnset" lemma="blokoven">blokovno</w>
               <S/>
               <w msd="Soset" lemma="posredovanje">posredovanje</w>
               <c>,</c>
               <S/>
               <w msd="Pdnzei" lemma="sestavljen">sestavljena</w>
               <S/>
               <w msd="Dr" lemma="iz">iz</w>
               <S/>
               <w msd="Sozmr" lemma="naprava">naprav</w>
               <S/>
               <w msd="Soser" lemma="podjetje">podjetja</w>
               <S/>
               <w msd="Slmei" lemma="Newbridge">NewBridge</w>
               <c>,</c>
               <S/>
               <w msd="Pdnzmr" lemma="vgrajen">vgrajenih</w>
               <S/>
               <w msd="Dt" lemma="v">v</w>
               <S/>
               <w msd="Soser" lemma="vozlišče">vozlišča</w>
               <S/>
               <w msd="Dm" lemma="na">na</w>
               <S/>
               <w msd="Psnmmm" lemma="Telekomov">Telekomovih</w>
               <S/>
               <w msd="Ppnzmm" lemma="vozeln">vozelnih</w>
               <S/>
               <w msd="Sozmm" lemma="centrala">centralah</w>
               <c>.</c>
               <S/>
            </s>
            <s>
               <w msd="Sozei" lemma="hrbtenica">Hrbtenica</w>
               <S/>
               <c>»</c>
               <w msd="Somei" lemma="frame">frame</w>
               <S/>
               <w msd="Somei" lemma="relay">relay</w>
               <c>«</c>
               <S/>
               <w msd="Ggnste" lemma="omogočati">omogoča</w>
               <S/>
               <w msd="Sozet" lemma="ločitev">ločitev</w>
               <S/>
               <w msd="Ppnzer" lemma="fizičen">fizične</w>
               <S/>
               <w msd="Sozer" lemma="raven">ravni</w>
               <S/>
               <w msd="Sozmr" lemma="povezava">povezav</w>
               <S/>
               <c>(</c>
               <w msd="Sozei" lemma="raven">raven</w>
               <S/>
               <w msd="Kag" lemma="2">2</w>
               <S/>
               <w msd="Somer" lemma="model">modela</w>
               <S/>
               <w msd="Dt" lemma="za">za</w>
               <S/>
               <w msd="Soset" lemma="povezovanje">povezovanje</w>
               <S/>
               <w msd="Pdnmmr" lemma="odprt">odprtih</w>
               <S/>
               <w msd="Sommr" lemma="sistem">sistemov</w>
               <S/>
               <w msd="Sozer" lemma="os">OSI</w>
               <c>)</c>
               <S/>
               <w msd="Dr" lemma="od">od</w>
               <S/>
               <w msd="Ppnzer" lemma="logičen">logične</w>
               <S/>
               <w msd="Sozer" lemma="raven">ravni</w>
               <c>.</c>
               <S/>
            </s>
            <s>
               <w msd="Sozem" lemma="prednost">Prednosti</w>
               <S/>
               <w msd="Sozmi" lemma="hrbtenica">hrbtenice</w>
               <S/>
               <w msd="Gp-stm-n" lemma="biti">so</w>
               <S/>
               <w msd="Ppnzmi" lemma="številen">številne</w>
               <c>:</c>
               <S/>
               <w msd="Sosei" lemma="skrajšanje">skrajšanje</w>
               <S/>
               <w msd="Sozer" lemma="razdalja">razdalje</w>
               <S/>
               <w msd="Pdnzmr" lemma="najet">najetih</w>
               <S/>
               <w msd="Ppnmmr" lemma="bakren">bakrenih</w>
               <S/>
               <w msd="Sommr" lemma="vod">vodov</w>
               <S/>
               <w msd="Dr" lemma="do">do</w>
               <S/>
               <w msd="Ppnmmr" lemma="posamezen">posameznih</w>
               <S/>
               <w msd="Sommr" lemma="uporabnik">uporabnikov</w>
               <S/>
               <c>(</c>
               <w msd="Vp" lemma="in">in</w>
               <S/>
               <w msd="Do" lemma="z">s</w>
               <S/>
               <w msd="Zk-seo" lemma="ta">tem</w>
               <S/>
               <w msd="Pppzer" lemma="velik">večje</w>
               <S/>
               <w msd="Ppnzer" lemma="prenosen">prenosne</w>
               <S/>
               <w msd="Sozer" lemma="hitrost">hitrosti</w>
               <c>)</c>
               <c>,</c>
               <S/>
               <w msd="Sozei" lemma="možnost">možnost</w>
               <S/>
               <w msd="Ppnser" lemma="dinamičen">dinamičnega</w>
               <S/>
               <w msd="Soser" lemma="dodeljevanje">dodeljevanja</w>
               <S/>
               <w msd="Sozer" lemma="hitrost">hitrosti</w>
               <c>,</c>
               <S/>
               <w msd="Sozei" lemma="uporaba">uporaba</w>
               <S/>
               <w msd="Slmei" lemma="2mb">2Mb</w>
               <c>/</c>
               <w msd="Somei" lemma="s">s</w>
               <S/>
               <w msd="Ppnzmr" lemma="digitalen">digitalnih</w>
               <S/>
               <w msd="Sozmr" lemma="povezava">povezav</w>
               <S/>
               <w msd="Vp" lemma="in">in</w>
               <S/>
               <w msd="Pdnzei" lemma="zagotovljen">zagotovljena</w>
               <S/>
               <w msd="Sozei" lemma="prepustnost">prepustnost</w>
               <S/>
               <w msd="Zc-zer" lemma="vsak">vsake</w>
               <S/>
               <w msd="Ppnzer" lemma="končen">končne</w>
               <S/>
               <w msd="Sozer" lemma="lokacija">lokacije</w>
               <c>.</c>
            </s>
         </p>
         <p xml:id="F0001236.000949">
            <s>
               <w msd="Kag" lemma="36">36</w>
            </s>
         </p>
         <p xml:id="F0001236.001043">
            <s>
               <w msd="Zv-zei" lemma="kakšen">Kakšna</w>
               <S/>
               <w msd="L" lemma="naj">naj</w>
               <S/>
               <w msd="Gp-pte-n" lemma="biti">bo</w>
               <S/>
               <w msd="Sozei" lemma="baza">baza</w>
               <S/>
               <w msd="Sommr" lemma="podatek">podatkov</w>
               <S/>
               <w msd="Dt" lemma="za">za</w>
               <S/>
               <w msd="Soset" lemma="analiziranje">analiziranje</w>
               <S/>
               <w msd="Dt" lemma="v">v</w>
               <S/>
               <w msd="Rsn" lemma="živo">živo</w>
               <c>?</c>
               <S/>
            </s>
            <s>
               <w msd="Ggnvpm" lemma="izhajati">Izhajajmo</w>
               <S/>
               <w msd="Dr" lemma="iz">iz</w>
               <S/>
               <w msd="Zk-ser" lemma="ta">tega</w>
               <c>,</c>
               <S/>
               <w msd="Rsn" lemma="kako">kako</w>
               <S/>
               <w msd="Ggnste" lemma="razmišljati">razmišlja</w>
               <S/>
               <w msd="Vp" lemma="in">in</w>
               <S/>
               <w msd="Zv-set" lemma="kaj">kaj</w>
               <S/>
               <w msd="Ggnste" lemma="potrebovati">potrebuje</w>
               <S/>
               <w msd="Ppnmeid" lemma="posloven">poslovni</w>
               <S/>
               <w msd="Somei" lemma="analitik">analitik</w>
               <c>.</c>
               <S/>
            </s>
            <s>
               <w msd="Somei" lemma="analitik">Analitik</w>
               <S/>
               <w msd="Ggvste" lemma="videti">vidi</w>
               <S/>
               <w msd="Ppnmmt" lemma="posloven">poslovne</w>
               <S/>
               <w msd="Sommt" lemma="podatek">podatke</w>
               <S/>
               <w msd="Dm" lemma="v">v</w>
               <S/>
               <w msd="Somem" lemma="kontekst">kontekstu</w>
               <S/>
               <w msd="Ppnser" lemma="realen">realnega</w>
               <S/>
               <w msd="Soser" lemma="okolje">okolja</w>
               <c>.</c>
               <S/>
            </s>
            <s>
               <w msd="Ggvn" lemma="analizirati">Analizirati</w>
               <S/>
               <w msd="Ggdste" lemma="začeti">začne</w>
               <c>,</c>
               <S/>
               <w msd="Ggdvpm" lemma="reči">recimo</w>
               <c>,</c>
               <S/>
               <w msd="Dm" lemma="pri">pri</w>
               <S/>
               <w msd="Pdnmem" lemma="določen">določenem</w>
               <S/>
               <w msd="Somem" lemma="izdelek">izdelku</w>
               <S/>
               <w msd="Rsn" lemma="glede">glede</w>
               <S/>
               <w msd="Dt" lemma="na">na</w>
               <S/>
               <w msd="Ppnset" lemma="časoven">časovno</w>
               <S/>
               <w msd="Soset" lemma="obdobje">obdobje</w>
               <c>.</c>
               <S/>
            </s>
            <s>
               <w msd="Rsn" lemma="potem">Potem</w>
               <S/>
               <w msd="Ggnste" lemma="spreminjati">spreminja</w>
               <S/>
               <w msd="Ppnmeid" lemma="zoren">zorni</w>
               <S/>
               <w msd="Sometn" lemma="kot">kot</w>
               <c>,</c>
               <S/>
               <w msd="Dr" lemma="od">od</w>
               <S/>
               <w msd="Zk-ser" lemma="ta">tega</w>
               <c>,</c>
               <S/>
               <w msd="Rsn" lemma="kako">kako</w>
               <S/>
               <w msd="Rsn" lemma="dobro">dobro</w>
               <S/>
               <w msd="Zp------k" lemma="se">se</w>
               <S/>
               <w msd="Somei" lemma="izdelek">izdelek</w>
               <S/>
               <w msd="Ggnste" lemma="prodajati">prodaja</w>
               <c>,</c>
               <S/>
               <w msd="Dr" lemma="do">do</w>
               <S/>
               <w msd="Zk-ser" lemma="ta">tega</w>
               <c>,</c>
               <S/>
               <w msd="Rsn" lemma="kako">kako</w>
               <S/>
               <w msd="Gp-ste-n" lemma="biti">je</w>
               <S/>
               <w msd="Pdnmein" lemma="izdelan">izdelan</w>
               <c>,</c>
               <S/>
               <w msd="Vp" lemma="in">in</w>
               <S/>
               <w msd="Rsn" lemma="končno">končno</w>
               <S/>
               <w msd="Dr" lemma="do">do</w>
               <S/>
               <w msd="Zk-ser" lemma="ta">tega</w>
               <c>,</c>
               <S/>
               <w msd="Rsn" lemma="kako">kako</w>
               <S/>
               <w msd="Gp-ste-n" lemma="biti">je</w>
               <S/>
               <w msd="Pdnmein" lemma="prodajan">prodajan</w>
               <c>.</c>
               <S/>
            </s>
            <s>
               <w msd="Ppnmein" lemma="značilen">Značilen</w>
               <S/>
               <w msd="Somei" lemma="pogled">pogled</w>
               <S/>
               <w msd="Somer" lemma="analitik">analitika</w>
               <S/>
               <w msd="Dt" lemma="na">na</w>
               <S/>
               <w msd="Sommt" lemma="podatek">podatke</w>
               <S/>
               <w msd="Gp-ste-n" lemma="biti">je</w>
               <S/>
               <w msd="Rsn" lemma="torej">torej</w>
               <S/>
               <w msd="Ppnmein" lemma="večdimenzionalen">večdimenzionalen</w>
               <c>.</c>
               <S/>
            </s>
            <s>
               <w msd="Ppnmeid" lemma="relacijski">Relacijski</w>
               <S/>
               <w msd="Ppnmeid" lemma="podatkoven">podatkovni</w>
               <S/>
               <w msd="Somei" lemma="model">model</w>
               <S/>
               <w msd="Dm" lemma="v">v</w>
               <S/>
               <w msd="Sozem" lemma="oblika">obliki</w>
               <S/>
               <w msd="Ppnser" lemma="velik">velikega</w>
               <S/>
               <w msd="Soser" lemma="število">števila</w>
               <S/>
               <w msd="Ppnzmr" lemma="dvodimenzionalen">dvodimenzionalnih</w>
               <S/>
               <w msd="Sozmr" lemma="tabela">tabel</w>
               <S/>
               <w msd="Vp" lemma="in">in</w>
               <S/>
               <w msd="Sozmr" lemma="relacija">relacij</w>
               <S/>
               <w msd="Do" lemma="med">med</w>
               <S/>
               <w msd="Zotmmo" lemma="on">njimi</w>
               <S/>
               <w msd="Gp-ste-n" lemma="biti">je</w>
               <S/>
               <w msd="Rsn" lemma="zato">zato</w>
               <S/>
               <w msd="Ppnmein" lemma="nenaraven">nenaraven</w>
               <c>,</c>
               <S/>
               <w msd="L" lemma="predvsem">predvsem</w>
               <S/>
               <w msd="Vp" lemma="pa">pa</w>
               <S/>
               <w msd="Ppnmein" lemma="okoren">okoren</w>
               <S/>
               <w msd="Dt" lemma="za">za</w>
               <S/>
               <w msd="Ppnzet" lemma="analitičen">analitično</w>
               <S/>
               <w msd="Sozet" lemma="uporaba">uporabo</w>
               <c>.</c>
               <S/>
            </s>
         </p>
         <p xml:id="F0001236.001430">
            <s>
               <w msd="Somei" lemma="naslov">Naslov</w>
               <c>:</c>
               <S/>
               <w msd="Rsn" lemma="nekaj">Nekaj</w>
               <S/>
               <w msd="Ppnzmr" lemma="velik">velikih</w>
            </s>
         </p>
         <p xml:id="F0001236.001670">
            <s>
               <w msd="Sozmi" lemma="novost">Novosti</w>
            </s>
         </p>
         <p xml:id="F0001236.001848">
            <s>
               <w msd="Zv-sei" lemma="kaj">Kaj</w>
               <S/>
               <w msd="Vp" lemma="pa">pa</w>
               <c>,</c>
               <S/>
               <w msd="Vd" lemma="če">če</w>
               <S/>
               <w msd="Sosei" lemma="stanje">stanje</w>
               <S/>
               <w msd="Gp-ste-d" lemma="biti">ni</w>
               <S/>
               <w msd="L" lemma="ne">ne</w>
               <S/>
               <w msd="Rsn" lemma="končno">končno</w>
               <S/>
               <w msd="L" lemma="ne">ne</w>
               <S/>
               <w msd="Ppnsei" lemma="nadaljevalen">nadaljevalno</w>
               <c>?</c>
               <S/>
            </s>
            <s>
               <w msd="Dm" lemma="v">V</w>
               <S/>
               <w msd="Zk-mem" lemma="ta">tem</w>
               <S/>
               <w msd="Somem" lemma="primer">primeru</w>
               <S/>
               <w msd="Gp-pte-n" lemma="biti">bo</w>
               <S/>
               <c>(</c>
               <w msd="Ppnsei" lemma="idealen">idealno</w>
               <c>)</c>
               <S/>
               <w msd="Sosei" lemma="pravilo">pravilo</w>
               <S/>
               <w msd="Ggvd-es" lemma="svetovati">svetovalo</w>
               <c>,</c>
               <S/>
               <w msd="Vd" lemma="naj">naj</w>
               <S/>
               <w msd="Zp------k" lemma="se">se</w>
               <S/>
               <w msd="Ggdspm" lemma="ustaviti">ustavimo</w>
               <S/>
               <w msd="Vp" lemma="ali">ali</w>
               <S/>
               <w msd="Ggnspm" lemma="nadaljevati">nadaljujemo</w>
               <S/>
               <w msd="Rsn" lemma="gotovo">gotovo</w>
               <S/>
               <w msd="Gp-pte-n" lemma="biti">bo</w>
               <S/>
               <w msd="Ggvd-es" lemma="svetovati">svetovalo</w>
               <S/>
               <w msd="Pppzet" lemma="dober">boljšo</w>
               <S/>
               <w msd="Sozet" lemma="možnost">možnost</w>
               <c>.</c>
               <S/>
            </s>
            <s>
               <w msd="Vd" lemma="če">Če</w>
               <S/>
               <w msd="Zp------k" lemma="se">se</w>
               <S/>
               <w msd="Ggdspm" lemma="ustaviti">ustavimo</w>
               <c>,</c>
               <S/>
               <w msd="Ggdspm" lemma="dobiti">dobimo</w>
               <S/>
               <w msd="Somei" lemma="F">F</w>
               <c>(</c>
               <w msd="N" lemma="i">i</w>
               <c>)</c>
               <c>,</c>
               <S/>
               <w msd="Vd" lemma="če">če</w>
               <S/>
               <w msd="Ggnspm" lemma="nadaljevati">nadaljujemo</w>
               <c>,</c>
               <S/>
               <w msd="Rsn" lemma="toliko">toliko</w>
               <c>,</c>
               <S/>
               <w msd="Vd" lemma="kolikor">kolikor</w>
               <S/>
               <w msd="Zop-md" lemma="jaz">nam</w>
               <S/>
               <w msd="Ggdste" lemma="izračunati">izračuna</w>
               <S/>
               <w msd="Ppnzei" lemma="gornji">gornja</w>
               <S/>
               <w msd="Sozei" lemma="formula">formula</w>
               <c>.</c>
               <S/>
            </s>
            <s>
               <w msd="Zc-zmi" lemma="ves">Vse</w>
               <S/>
               <w msd="Kbgzmi" lemma="trije">tri</w>
               <S/>
               <w msd="Sozmt" lemma="možnost">možnosti</w>
               <S/>
               <w msd="Rsn" lemma="lahko">lahko</w>
               <S/>
               <w msd="Ggdspm" lemma="združiti">združimo</w>
               <S/>
               <w msd="Dt" lemma="v">v</w>
            </s>
         </p>
         <p xml:id="F0001236.001868">
            <s>
               <w msd="Dt" lemma="za">Za</w>
               <S/>
               <w msd="Sometn" lemma="zgled">zgled</w>
               <S/>
               <w msd="Vp" lemma="in">in</w>
               <S/>
               <w msd="Sozet" lemma="vaja">vajo</w>
               <S/>
               <w msd="Zp------k" lemma="se">se</w>
               <S/>
               <w msd="Ggdvpm" lemma="poigrati">poigrajmo</w>
               <S/>
               <w msd="Do" lemma="z">s</w>
               <S/>
               <w msd="Sozeo" lemma="predelava">predelavo</w>
               <S/>
               <w msd="Ppnzer" lemma="parkiren">parkirne</w>
               <S/>
               <w msd="Sozer" lemma="naloga">naloge</w>
               <c>.</c>
               <S/>
            </s>
            <s>
               <w msd="Rsn" lemma="kako">Kako</w>
               <S/>
               <w msd="Ggdn" lemma="ukiniti">ukiniti</w>
               <S/>
               <w msd="Ppnsmi" lemma="nadaljevalen">nadaljevalna</w>
               <S/>
               <w msd="Soser" lemma="stanje">stanja</w>
               <c>?</c>
               <S/>
            </s>
            <s>
               <w msd="Ppnsmi" lemma="nadaljevalen">Nadaljevalna</w>
               <S/>
               <w msd="Sosmi" lemma="stanje">stanja</w>
               <S/>
               <w msd="Dm" lemma="v">v</w>
               <S/>
               <w msd="Zk-zem" lemma="ta">tej</w>
               <S/>
               <w msd="Sozem" lemma="naloga">nalogi</w>
               <S/>
               <w msd="Gp-stm-n" lemma="biti">so</w>
               <S/>
               <c>(</c>
               <w msd="Somei" lemma="k">k</w>
               <c>,</c>
               <S/>
               <w msd="Kag" lemma="1">1</w>
               <c>)</c>
               <c>,</c>
               <S/>
               <w msd="Sosmi" lemma="stanje">stanja</w>
               <c>,</c>
               <S/>
               <w msd="Dm" lemma="v">v</w>
               <S/>
               <w msd="Zv-zmm" lemma="kateri">katerih</w>
               <S/>
               <w msd="Gp-ste-n" lemma="biti">je</w>
               <S/>
               <w msd="Ppnsei" lemma="parkiren">parkirno</w>
               <S/>
               <w msd="Sosei" lemma="mesto">mesto</w>
               <S/>
               <w msd="Dm" lemma="ob">ob</w>
               <S/>
               <w msd="Zop-mm" lemma="jaz">nas</w>
               <S/>
               <w msd="Pdnsei" lemma="zaseden">zasedeno</w>
               <c>.</c>
               <S/>
            </s>
            <s>
               <w msd="Ggdvpm" lemma="vprašati">Vprašajmo</w>
               <S/>
               <w msd="Zp------k" lemma="se">se</w>
               <S/>
               <w msd="Rsn" lemma="takole">takole</w>
               <c>:</c>
               <S/>
               <w msd="Gp-spm-n" lemma="biti">smo</w>
               <S/>
               <w msd="Dm" lemma="v">v</w>
               <S/>
               <w msd="Sosem" lemma="stanje">stanju</w>
               <S/>
               <c>(</c>
               <w msd="Somei" lemma="k">k</w>
               <c>,</c>
               <S/>
               <w msd="Kag" lemma="0">0</w>
               <c>)</c>
               <S/>
               <c>(</c>
               <w msd="Dm" lemma="v">v</w>
               <S/>
               <w msd="Zv-sem" lemma="kateri">katerem</w>
               <S/>
               <w msd="Zp------k" lemma="se">se</w>
               <S/>
               <w msd="Rsn" lemma="lahko">lahko</w>
               <S/>
               <w msd="Ggdspm" lemma="ustaviti">ustavimo</w>
               <c>,</c>
               <S/>
               <w msd="Vd" lemma="če">če</w>
               <S/>
               <w msd="Ggnspm" lemma="želeti">želimo</w>
               <c>)</c>
               <c>.</c>
               <S/>
            </s>
            <s>
               <w msd="Zv-zei" lemma="kakšen">Kakšna</w>
               <S/>
               <w msd="Gp-ste-n" lemma="biti">je</w>
               <S/>
               <w msd="Sozei" lemma="verjetnost">verjetnost</w>
               <c>,</c>
               <S/>
               <w msd="Vd" lemma="da">da</w>
               <S/>
               <w msd="Gp-pte-n" lemma="biti">bo</w>
               <S/>
               <w msd="Ppnsei" lemma="naslednji">naslednje</w>
               <S/>
               <w msd="Sosei" lemma="stanje">stanje</w>
               <c>,</c>
               <S/>
               <w msd="Dm" lemma="v">v</w>
               <S/>
               <w msd="Zv-sem" lemma="kateri">katerem</w>
               <S/>
               <w msd="Zp------k" lemma="se">se</w>
               <S/>
               <w msd="Gp-ppm-n" lemma="biti">bomo</w>
               <S/>
               <w msd="Rsn" lemma="lahko">lahko</w>
               <S/>
               <w msd="Ggdd-mm" lemma="ustaviti">ustavili</w>
               <c>,</c>
               <S/>
               <w msd="Soset" lemma="stanje">stanje</w>
               <S/>
               <c>(</c>
               <w msd="Somei" lemma="l">l</w>
               <c>,</c>
               <S/>
               <w msd="Kag" lemma="0">0</w>
               <c>)</c>
               <c>?</c>
               <S/>
            </s>
            <s>
               <w msd="Vd" lemma="če">Če</w>
               <S/>
               <w msd="Gp-ste-n" lemma="biti">je</w>
               <S/>
               <w msd="Somei" lemma="l">l</w>
               <S/>
               <w msd="Somei" lemma="k">k</w>
               <c>,</c>
               <S/>
               <w msd="Gp-ste-n" lemma="biti">je</w>
               <S/>
               <w msd="Sozei" lemma="verjetnost">verjetnost</w>
               <S/>
               <w msd="Zn-zei" lemma="enak">enaka</w>
               <S/>
               <w msd="Kag" lemma="0">0</w>
               <c>,</c>
               <S/>
               <w msd="Vd" lemma="ker">ker</w>
               <S/>
               <w msd="Zp------k" lemma="se">se</w>
               <S/>
               <w msd="L" lemma="ne">ne</w>
               <S/>
               <w msd="Gp-ppm-n" lemma="biti">bomo</w>
               <S/>
               <w msd="Ggnd-mm" lemma="voziti">vozili</w>
               <S/>
               <w msd="Rsn" lemma="nazaj">nazaj</w>
               <S/>
               <w msd="Vp" lemma="in">in</w>
               <S/>
               <w msd="L" lemma="tudi">tudi</w>
               <S/>
               <w msd="Dm" lemma="na">na</w>
               <S/>
               <w msd="Sosem" lemma="mesto">mestu</w>
               <S/>
               <w msd="L" lemma="ne">ne</w>
               <S/>
               <w msd="Gp-ppm-n" lemma="biti">bomo</w>
               <S/>
               <w msd="Ggnd-mm" lemma="stati">stali</w>
               <c>.</c>
               <S/>
            </s>
            <s>
               <w msd="Vd" lemma="če">Če</w>
               <S/>
               <w msd="Vp" lemma="pa">pa</w>
               <S/>
               <w msd="Gp-ste-n" lemma="biti">je</w>
               <S/>
               <w msd="Somei" lemma="l">l</w>
               <S/>
               <c>&gt;</c>
               <S/>
               <w msd="Somei" lemma="k">k</w>
               <c>,</c>
               <S/>
               <w msd="Ggnspm" lemma="morati">moramo</w>
               <S/>
               <w msd="Ggdn" lemma="izračunati">izračunati</w>
               <S/>
               <w msd="Sozet" lemma="verjetnost">verjetnost</w>
               <c>,</c>
               <S/>
               <w msd="Vd" lemma="da">da</w>
               <S/>
               <w msd="Gp-stm-n" lemma="biti">so</w>
               <S/>
               <w msd="Zc-mmi" lemma="ves">vsi</w>
               <S/>
               <w msd="Sommi" lemma="prostor">prostori</w>
               <S/>
               <w msd="Do" lemma="med">med</w>
               <S/>
               <w msd="Somei" lemma="k">k</w>
               <S/>
               <w msd="Vp" lemma="in">in</w>
               <S/>
               <w msd="Somei" lemma="l">l</w>
               <S/>
               <w msd="Pdnmmi" lemma="zaseden">zasedeni</w>
               <S/>
               <c>(</c>
               <w msd="Ppnsmi" lemma="nadaljevalen">nadaljevalna</w>
               <S/>
               <w msd="Sosmi" lemma="stanje">stanja</w>
               <c>)</c>
               <c>,</c>
               <S/>
               <w msd="Somei" lemma="prostor">prostor</w>
               <S/>
               <w msd="Somei" lemma="l">l</w>
               <S/>
               <w msd="Vp" lemma="pa">pa</w>
               <S/>
               <w msd="Ppnmein" lemma="prost">prost</w>
               <c>.</c>
               <S/>
            </s>
            <s>
               <w msd="Sozei" lemma="verjetnost">Verjetnost</w>
               <c>,</c>
               <S/>
               <w msd="Vd" lemma="da">da</w>
               <S/>
               <w msd="Gp-ste-n" lemma="biti">je</w>
               <S/>
               <w msd="Sosei" lemma="stanje">stanje</w>
               <S/>
               <w msd="Rsn" lemma="prosto">prosto</w>
               <c>,</c>
               <S/>
               <w msd="Gp-ste-n" lemma="biti">je</w>
               <S/>
               <w msd="Somei" lemma="p">p</w>
               <c>,</c>
               <S/>
               <w msd="Sosmr" lemma="stanje">stanj</w>
               <S/>
               <w msd="Do" lemma="med">med</w>
               <S/>
               <w msd="Somei" lemma="k">k</w>
               <S/>
               <w msd="Vp" lemma="in">in</w>
               <S/>
               <w msd="Somei" lemma="l">l</w>
               <S/>
               <w msd="Gp-ste-n" lemma="biti">je</w>
               <S/>
               <w msd="Somei" lemma="l">l</w>
               <S/>
               <w msd="Somei" lemma="k">k</w>
               <S/>
               <w msd="Kag" lemma="1">1</w>
               <S/>
               <w msd="Vp" lemma="in">in</w>
               <S/>
               <w msd="Zz-mei" lemma="kdor">kdor</w>
               <S/>
               <w msd="L" lemma="še">še</w>
               <S/>
               <w msd="Gp-ste-d" lemma="biti">ni</w>
               <S/>
               <w msd="Rsn" lemma="povsem">povsem</w>
               <S/>
               <w msd="Ggdd-em" lemma="pozabiti">pozabil</w>
               <S/>
               <w msd="Ppnmer" lemma="verjetnosten">verjetnostnega</w>
               <S/>
               <w msd="Somer" lemma="račun">računa</w>
               <c>,</c>
               <S/>
               <w msd="Ggnste" lemma="vedeti">ve</w>
               <c>,</c>
               <S/>
               <w msd="Vd" lemma="da">da</w>
               <S/>
               <w msd="Gp-ste-n" lemma="biti">je</w>
               <S/>
               <w msd="Sozei" lemma="verjetnost">verjetnost</w>
               <c>,</c>
               <S/>
               <w msd="Vd" lemma="ki">ki</w>
               <S/>
               <w msd="Zotzet--k" lemma="on">jo</w>
               <S/>
               <w msd="Ggnspm" lemma="iskati">iščemo</w>
               <c>,</c>
               <S/>
               <w msd="Zn-zei" lemma="enak">enaka</w>
               <S/>
               <w msd="Sometn" lemma="p">p</w>
               <c>(</c>
               <w msd="Kag" lemma="1">1</w>
               <S/>
               <w msd="Somei" lemma="p">p</w>
               <c>)</c>
               <w msd="Somei" lemma="l">l</w>
               <S/>
               <w msd="Dd" lemma="k">k</w>
               <S/>
               <w msd="Kag" lemma="1">1</w>
               <c>.</c>
               <S/>
            </s>
            <s>
               <w msd="Ggdspm" lemma="opustiti">Opustimo</w>
               <S/>
               <w msd="Ppnsmi" lemma="nadaljevalen">nadaljevalna</w>
               <S/>
               <w msd="Sosmt" lemma="stanje">stanja</w>
               <c>,</c>
               <S/>
               <w msd="Vp" lemma="torej">torej</w>
               <S/>
               <w msd="Zc-smi" lemma="ves">vsa</w>
               <S/>
               <w msd="Sosmi" lemma="stanje">stanja</w>
               <c>,</c>
               <S/>
               <w msd="Vd" lemma="ki">ki</w>
               <S/>
               <w msd="Ggnstm-n" lemma="imeti">imajo</w>
               <S/>
               <w msd="Dm" lemma="na">na</w>
               <S/>
               <w msd="Kbzsem" lemma="drug">drugem</w>
               <S/>
               <w msd="Sosem" lemma="mesto">mestu</w>
               <S/>
               <w msd="Slmei" lemma="enico">enico</w>
               <c>;</c>
               <S/>
               <w msd="Sozeo" lemma="ničla">ničlo</w>
               <S/>
               <w msd="Rsn" lemma="lahko">lahko</w>
               <S/>
               <w msd="Ggdspm" lemma="izpustiti">izpustimo</w>
               <S/>
               <w msd="Vp" lemma="in">in</w>
               <S/>
               <w msd="Ppnzei" lemma="nov">nova</w>
               <S/>
               <w msd="Sozei" lemma="naloga">naloga</w>
               <S/>
               <w msd="Gp-ste-n" lemma="biti">je</w>
            </s>
         </p>
      </body>
   </text>
</TEI>