<?xml version="1.0" encoding="UTF-8"?>
<TEI xmlns="http://www.tei-c.org/ns/1.0" xml:id="F0000333" xml:lang="sl">
   <teiHeader>
      <fileDesc>
         <titleStmt>
            <title>ccKRES: Val (2005-03)</title>
            <funder>Operacijo delno financira Evropska unija iz Evropskega socialnega sklada ter Ministrstvo za šolstvo in šport. Operacija se izvaja v okviru Operativnega programa razvoja človeških virov za obdobje 2007-2013, razvojne prioritete: razvoj človeških virov in vseživljenjskega učenja; prednostne usmeritve: izboljšanje kakovosti in učinkovitosti sistemov izobraževanja in usposabljanja 2007-2013.</funder>
         </titleStmt>
         <editionStmt>
            <edition>1.0</edition>
         </editionStmt>
         <extent>412 besed</extent>
         <publicationStmt>
            <idno>val3_05</idno>
            <availability status="free">
               <p xml:lang="sl">Avtorske pravice za to izdajo ureja licenca <ref target="http://creativecommons.org/licenses/by-nc/2.5/si/">Creative Commons Priznanje avtorstva-Nekomercialno 2.5 Slovenija</ref>.</p>
               <p xml:lang="en">This work is licenced under the <ref target="http://creativecommons.org/licenses/by-nc/2.5/si/deed.en">Creative Commons Attribution-Noncommercial 2.5 Slovenia</ref>.</p>
            </availability>
            <date>2012-05-06</date>
         </publicationStmt>
         <sourceDesc>
            <bibl>
               <title>Val</title>
               <author n="???">neznani novinar</author>
               <date>2005-03</date>
               <publisher n="drugo">REX</publisher>
               <note type="sourceLang">sl</note>
            </bibl>
         </sourceDesc>
      </fileDesc>
      <encodingDesc>
         <projectDesc>
            <p xml:lang="sl">Glej <ref target="http://www.korpus-kres.net/">www.korpus-kres.net</ref> oz. <ref target="http://nl.ijs.si/ssj/">nl.ijs.si/ssj</ref>.</p>
            <p xml:lang="en">See <ref target="http://www.korpus-kres.net/">www.korpus-kres.net</ref> or <ref target="http://nl.ijs.si/ssj/">nl.ijs.si/ssj</ref>.</p>
         </projectDesc>
         <samplingDecl>
            <p xml:lang="sl">
            Besedila in odstavki v korpusu KRES so bili vzorčeni iz
            Gigafide tako, da smo dobili 100-milijonski referenčni
            korpus, v katerem so besedila uravnotežena po vnaprej
            določenih taksonomskih deležih in po podatkih o branosti
            vira (časopisi, revije, novičarski portali).  Korpus
            ccKRES nato, z namenom, da je lahko dostopen po licenci CC,
            vsebuje 10 % naključno vzorčenih odstavkov besedil iz
            korpusa KRES, torej 10 milijonov besed.
	    Več o sestavi korpusa lahko preberete na 
            <ref target="http://www.korpus-kres.net/">www.korpus-kres.net</ref> oz.
            <ref target="http://nl.ijs.si/ssj/">nl.ijs.si/ssj</ref>.
	  </p>
            <p xml:lang="en">
            Texts and paragraphs in the KRES corpus have been sampled from the 
	    Gigafida corpus. The result of the sampling is a 100-million-word 
	    reference corpus. The texts in KRES are balanced according to the 
	    predetermined categories, with particular consideration being paid to 
	    the data on the popularity of the source (newspapers, magazines, 
	    Internet news sites). 
	    To enable free (CC) distribution of the corpus, the ccKRES corpus contains 
	    10% of randomly sampled paragraphs from KRES, i.e. contains 10 million words.
	    For more information about the contents of the corpus, 
	    see <ref target="http://www.korpus-kres.net/">www.korpus-kres.net</ref>
	    and <ref target="http://nl.ijs.si/ssj/">nl.ijs.si/ssj</ref>.
	  </p>
         </samplingDecl>
         <tagsDecl>
            <namespace name="http://www.tei-c.org/ns/1.0">
               <tagUsage gi="p" occurs="7"/>
               <tagUsage gi="s" occurs="23"/>
               <tagUsage gi="w" occurs="412"/>
               <tagUsage gi="S" occurs="403"/>
               <tagUsage gi="c" occurs="82"/>
            </namespace>
         </tagsDecl>
         <classDecl>
            <taxonomy xml:id="SSJ">
               <category xml:id="SSJ.T">
                  <catDesc>tisk</catDesc>
                  <category xml:id="SSJ.T.K">
                     <catDesc>knjižno</catDesc>
                     <category xml:id="SSJ.T.K.L">
                        <catDesc>leposlovno</catDesc>
                     </category>
                     <category xml:id="SSJ.T.K.S">
                        <catDesc>strokovno</catDesc>
                     </category>
                  </category>
                  <category xml:id="SSJ.T.P">
                     <catDesc>periodično</catDesc>
                     <category xml:id="SSJ.T.P.C">
                        <catDesc>časopis</catDesc>
                     </category>
                     <category xml:id="SSJ.T.P.R">
                        <catDesc>revija</catDesc>
                     </category>
                  </category>
                  <category xml:id="SSJ.T.D">
                     <catDesc>drugo</catDesc>
                  </category>
               </category>
               <category xml:id="SSJ.I">
                  <catDesc>internet</catDesc>
               </category>
            </taxonomy>
         </classDecl>
      </encodingDesc>
      <profileDesc>
         <textClass>
            <catRef target="#SSJ.T.P.R"/>
         </textClass>
      </profileDesc>
   </teiHeader>
   <text xml:id="F0000333." xml:lang="sl">
      <body>
         <p xml:id="F0000333.000157">
            <s>
               <w msd="L" lemma="tudi">Tudi</w>
               <S/>
               <w msd="Kag" lemma="42">42</w>
               <c>-</c>
               <w msd="Ppnmer" lemma="čeveljski">čeveljskega</w>
               <S/>
               <w msd="Somer" lemma="power">powerja</w>
               <S/>
               <w msd="Gp-ste-n" lemma="biti">je</w>
               <S/>
               <w msd="Ggnd-em" lemma="oblikovati">oblikoval</w>
               <S/>
               <w msd="Slmei" lemma="Tony">Tony</w>
               <S/>
               <w msd="Slzet" lemma="Catsra">Catsro</w>
               <c>,</c>
               <S/>
               <w msd="Vd" lemma="ki">ki</w>
               <S/>
               <w msd="Zotmed--k" lemma="on">mu</w>
               <S/>
               <w msd="Gp-ste-n" lemma="biti">je</w>
               <S/>
               <w msd="Ggdd-es" lemma="uspeti">uspelo</w>
               <S/>
               <w msd="Ggdn" lemma="združiti">združiti</w>
               <S/>
               <w msd="Zc-mmt" lemma="ves">vse</w>
               <S/>
               <w msd="Psnmmt" lemma="Elanov">Elanove</w>
               <S/>
               <w msd="Sommt" lemma="adut">adute</w>
               <S/>
               <w msd="Ppnzet" lemma="prostoren">prostorno</w>
               <S/>
               <w msd="Sozet" lemma="notranjost">notranjost</w>
               <c>,</c>
               <S/>
               <w msd="Rsn" lemma="premično">premično</w>
               <S/>
               <w msd="Ppnzet" lemma="trd">trdo</w>
               <S/>
               <w msd="Sozet" lemma="streha">streho</w>
               <S/>
               <c>(</c>
               <w msd="Somei" lemma="hardtop">hardtop</w>
               <c>)</c>
               <c>,</c>
               <S/>
               <w msd="Rsn" lemma="veliko">veliko</w>
               <S/>
               <w msd="Ppnzet" lemma="kopalen">kopalno</w>
               <S/>
               <w msd="Sozet" lemma="ploščad">ploščad</w>
               <S/>
               <w msd="Do" lemma="z">s</w>
               <S/>
               <w msd="Someo" lemma="tik">tikom</w>
               <c>,</c>
               <S/>
               <w msd="Ppnmetn" lemma="velik">velik</w>
               <S/>
               <w msd="Sometn" lemma="kokpit">kokpit</w>
               <S/>
               <w msd="Vp" lemma="in">in</w>
               <S/>
               <w msd="Psnmein" lemma="krmarjev">krmarjev</w>
               <S/>
               <w msd="Sometn" lemma="kotiček">kotiček</w>
               <c>,</c>
               <S/>
               <w msd="Ppnzet" lemma="izjemen">izjemno</w>
               <S/>
               <w msd="Sozet" lemma="razkošnost">razkošnost</w>
               <S/>
               <w msd="Vp" lemma="in">in</w>
               <S/>
               <w msd="Sozet" lemma="kakovost">kakovost</w>
               <c>,</c>
               <S/>
               <w msd="Sozet" lemma="varnost">varnost</w>
               <S/>
               <w msd="Vp" lemma="in">in</w>
               <S/>
               <w msd="Sozet" lemma="stabilnost">stabilnost</w>
               <c>.</c>
               <S/>
            </s>
         </p>
         <p xml:id="F0000333.000182">
            <s>
               <w msd="Somei" lemma="gn">GN</w>
               <c>/</c>
               <w msd="Somei" lemma="J">J</w>
               <S/>
               <w msd="Slmei" lemma="H05RN">H05RN</w>
               <c>-</c>
               <w msd="Somei" lemma="F">F</w>
            </s>
         </p>
         <p xml:id="F0000333.000559">
            <s>
               <w msd="Sozei" lemma="večina">Večina</w>
               <S/>
               <w msd="Sozmr" lemma="zvezda">zvezd</w>
               <S/>
               <w msd="Ppnzer" lemma="nočen">nočne</w>
               <S/>
               <w msd="Sozer" lemma="predstava">predstave</w>
               <S/>
               <w msd="Zp---d--k" lemma="se">si</w>
               <S/>
               <w msd="Gp-ste-n" lemma="biti">je</w>
               <S/>
               <w msd="Dt" lemma="za">za</w>
               <S/>
               <w msd="Sozet" lemma="preproga">preprogo</w>
               <S/>
               <w msd="Ggdd-ez" lemma="izbrati">izbrala</w>
               <S/>
               <w msd="L" lemma="prav">prav</w>
               <S/>
               <w msd="Sozet" lemma="gorgonija">gorgonijo</w>
               <c>,</c>
               <S/>
               <w msd="Rsr" lemma="raje">raje</w>
               <S/>
               <w msd="Rsn" lemma="dvobarvno">dvobarvno</w>
               <c>,</c>
               <S/>
               <w msd="L" lemma="sicer">sicer</w>
               <S/>
               <w msd="Vp" lemma="pa">pa</w>
               <S/>
               <w msd="Gp-ste-n" lemma="biti">je</w>
               <S/>
               <w msd="Gp-d-ez" lemma="biti">bila</w>
               <S/>
               <w msd="L" lemma="tudi">tudi</w>
               <S/>
               <w msd="Ppnzei" lemma="rdeč">rdeča</w>
               <S/>
               <w msd="Dm" lemma="v">v</w>
               <S/>
               <w msd="Somem" lemma="red">redu</w>
               <c>.</c>
               <S/>
            </s>
            <s>
               <w msd="L" lemma="le">Le</w>
               <S/>
               <w msd="Ppnzmi" lemma="izjemen">izjemne</w>
               <S/>
               <w msd="Gp-stm-n" lemma="biti">so</w>
               <S/>
               <w msd="Zp------k" lemma="se">se</w>
               <S/>
               <w msd="Ggdd-mz" lemma="zadovoljiti">zadovoljile</w>
               <S/>
               <w msd="Do" lemma="z">z</w>
               <S/>
               <w msd="Ppnmmo" lemma="rumen">rumenimi</w>
               <S/>
               <w msd="Sommo" lemma="grmiček">grmički</w>
               <S/>
               <w msd="Vp" lemma="in">in</w>
               <S/>
               <w msd="Sozmo" lemma="vejica">vejicami</w>
               <c>.</c>
               <S/>
            </s>
            <s>
               <w msd="Sozmi" lemma="rakovica">Rakovice</w>
               <S/>
               <w msd="Zc-zmr" lemma="ves">vseh</w>
               <S/>
               <w msd="Sozmr" lemma="velikost">velikosti</w>
               <S/>
               <w msd="Vp" lemma="in">in</w>
               <S/>
               <w msd="Sozmr" lemma="vrsta">vrst</w>
               <S/>
               <c>(</c>
               <w msd="Vd" lemma="čeprav">čeprav</w>
               <S/>
               <w msd="Gp-stm-n" lemma="biti">so</w>
               <S/>
               <w msd="Ggnd-mz" lemma="prevladovati">prevladovale</w>
               <S/>
               <w msd="Pppzmi" lemma="majhen">manjše</w>
               <c>)</c>
               <S/>
               <w msd="Gp-stm-n" lemma="biti">so</w>
               <S/>
               <w msd="Zp------k" lemma="se">se</w>
               <S/>
               <w msd="Rsn" lemma="pogumno">pogumno</w>
               <c>,</c>
               <S/>
               <w msd="Rsn" lemma="gibko">gibko</w>
               <S/>
               <w msd="Vp" lemma="in">in</w>
               <S/>
               <w msd="Rsn" lemma="zelo">zelo</w>
               <S/>
               <w msd="Rsn" lemma="elegantno">elegantno</w>
               <S/>
               <w msd="Ggnd-mz" lemma="sprehajati">sprehajale</w>
               <S/>
               <w msd="Dt" lemma="po">po</w>
               <S/>
               <w msd="Ppnsei" lemma="rdeč">rdeče</w>
               <c>-</c>
               <w msd="Ppnzmm" lemma="rumen">rumenih</w>
               <S/>
               <w msd="Sozmm" lemma="planjava">planjavah</w>
               <c>.</c>
               <S/>
            </s>
            <s>
               <w msd="Zstzmim" lemma="njihov">Njihove</w>
               <S/>
               <w msd="Sozmi" lemma="sestrična">sestrične</w>
               <S/>
               <w msd="Sozmi" lemma="kozica">kozice</w>
               <S/>
               <w msd="Zc-zmr" lemma="ves">vseh</w>
               <S/>
               <w msd="Sozmr" lemma="barva">barv</w>
               <c>,</c>
               <S/>
               <w msd="Sozmr" lemma="vrsta">vrst</w>
               <S/>
               <w msd="Vp" lemma="in">in</w>
               <S/>
               <w msd="Sozer" lemma="velikost">velikosti</w>
               <S/>
               <w msd="Gp-stm-d" lemma="biti">niso</w>
               <S/>
               <w msd="L" lemma="prav">prav</w>
               <S/>
               <w msd="Rsn" lemma="nič">nič</w>
               <S/>
               <w msd="Ggnd-mz" lemma="zaostajati">zaostajale</w>
               <c>.</c>
               <S/>
            </s>
            <s>
               <w msd="Rsn" lemma="tu">Tu</w>
               <S/>
               <w msd="Gp-stm-n" lemma="biti">so</w>
               <S/>
               <w msd="Gp-d-mm" lemma="biti">bili</w>
               <S/>
               <w msd="Ppnmmi" lemma="gol">goli</w>
               <S/>
               <w msd="Sommi" lemma="polž">polži</w>
               <c>,</c>
               <S/>
               <w msd="Sommi" lemma="samotarec">samotarci</w>
               <c>,</c>
               <S/>
               <w msd="Ppnmmi" lemma="morski">morski</w>
               <S/>
               <w msd="Sommi" lemma="pajek">pajki</w>
               <c>,</c>
               <S/>
               <w msd="Sommi" lemma="rak">raki</w>
               <S/>
               <w msd="Sommi" lemma="nagajivček">nagajivčki</w>
               <c>,</c>
               <S/>
               <w msd="Pdnzmt" lemma="našemljen">našemljene</w>
               <S/>
               <w msd="Sozmt" lemma="rakovica">rakovice</w>
               <c>,</c>
               <S/>
               <w msd="Sozmt" lemma="škarpoč">škarpoči</w>
               <c>,</c>
               <S/>
               <w msd="Zc-ser" lemma="ves">vsega</w>
               <S/>
               <w msd="Gp-ste-n" lemma="biti">je</w>
               <S/>
               <w msd="Gp-d-es" lemma="biti">bilo</w>
               <S/>
               <w msd="Dm" lemma="v">v</w>
               <S/>
               <w msd="Sosem" lemma="izobilje">izobilju</w>
               <c>.</c>
               <S/>
            </s>
            <s>
               <w msd="Zc-mei" lemma="vsakdo">Vsakdo</w>
               <S/>
               <w msd="Zp------k" lemma="se">se</w>
               <S/>
               <w msd="Gp-ste-n" lemma="biti">je</w>
               <S/>
               <w msd="Ggnd-em" lemma="truditi">trudil</w>
               <c>,</c>
               <S/>
               <w msd="Vd" lemma="da">da</w>
               <S/>
               <w msd="Gp-g" lemma="biti">bi</w>
               <S/>
               <w msd="Gp-d-em" lemma="biti">bil</w>
               <S/>
               <w msd="Ppnmein" lemma="opažen">opažen</w>
               <S/>
               <c>(</c>
               <w msd="Do" lemma="z">z</w>
               <S/>
               <w msd="Sozeo" lemma="izjema">izjemo</w>
               <S/>
               <w msd="Ppnzmr" lemma="sramežljiv">sramežljivih</w>
               <S/>
               <w msd="Ppnzmr" lemma="prozoren">prozornih</w>
               <S/>
               <w msd="Sozmr" lemma="kozica">kozic</w>
               <c>)</c>
               <c>,</c>
               <S/>
               <w msd="Zc-mei" lemma="vsakdo">vsakdo</w>
               <S/>
               <w msd="Gp-ste-n" lemma="biti">je</w>
               <S/>
               <w msd="Ggdd-em" lemma="dati">dal</w>
               <S/>
               <w msd="Ggnn" lemma="vedeti">vedeti</w>
               <c>,</c>
               <S/>
               <w msd="Vd" lemma="da">da</w>
               <S/>
               <w msd="Gp-ste-n" lemma="biti">je</w>
               <S/>
               <w msd="Ppnzei" lemma="velik">velika</w>
               <S/>
               <w msd="Sozei" lemma="zvezda">zvezda</w>
               <S/>
               <w msd="Somer" lemma="večer">večera</w>
               <S/>
               <w msd="Vp" lemma="in">in</w>
               <S/>
               <w msd="Zp------k" lemma="se">se</w>
               <S/>
               <w msd="L" lemma="ne">ne</w>
               <S/>
               <w msd="Gp-pte-n" lemma="biti">bo</w>
               <S/>
               <w msd="Rsn" lemma="kar">kar</w>
               <S/>
               <w msd="Rsn" lemma="tako">tako</w>
               <S/>
               <w msd="Ggdd-em" lemma="pustiti">pustil</w>
               <S/>
               <w msd="Ggvn" lemma="portretirati">portretirati</w>
               <c>.</c>
               <S/>
            </s>
            <s>
               <w msd="Sozem" lemma="škarpoč">Škarpoči</w>
               <S/>
               <w msd="Gp-stm-n" lemma="biti">so</w>
               <S/>
               <w msd="Gp-d-mm" lemma="biti">bili</w>
               <S/>
               <w msd="L" lemma="še">še</w>
               <S/>
               <w msd="Rss" lemma="najbolj">najbolj</w>
               <S/>
               <w msd="Ppnmmi" lemma="kooperativen">kooperativni</w>
               <c>,</c>
               <S/>
               <w msd="Rsn" lemma="živčno">živčno</w>
               <S/>
               <w msd="Gp-stm-n" lemma="biti">so</w>
               <S/>
               <w msd="Ggdd-mm" lemma="trzniti">trznili</w>
               <S/>
               <w msd="L" lemma="le">le</w>
               <c>,</c>
               <S/>
               <w msd="Vd" lemma="ko">ko</w>
               <S/>
               <w msd="Gp-spe-n" lemma="biti">sem</w>
               <S/>
               <w msd="Zp------k" lemma="se">se</w>
               <S/>
               <w msd="Zotmmd--k" lemma="on">jim</w>
               <S/>
               <w msd="Rsn" lemma="preveč">preveč</w>
               <S/>
               <w msd="Ggdd-ez" lemma="približati">približala</w>
               <c>.</c>
               <S/>
            </s>
            <s>
               <w msd="Zc-set" lemma="ves">Vse</w>
               <S/>
               <w msd="Kbzsei" lemma="drug">drugo</w>
               <c>,</c>
               <S/>
               <w msd="Zz-sei" lemma="kar">kar</w>
               <S/>
               <w msd="Gp-ste-n" lemma="biti">je</w>
               <S/>
               <w msd="Rsn" lemma="lahko">lahko</w>
               <S/>
               <w msd="Ggnd-es" lemma="lesti">lezlo</w>
               <c>,</c>
               <S/>
               <w msd="Gp-ste-n" lemma="biti">je</w>
               <S/>
               <w msd="Zp-zmt" lemma="svoj">svoje</w>
               <S/>
               <w msd="Ppnzmt" lemma="gibalen">gibalne</w>
               <S/>
               <w msd="Sozmt" lemma="sposobnost">sposobnosti</w>
               <S/>
               <w msd="Do" lemma="z">s</w>
               <S/>
               <w msd="Someo" lemma="prid">pridom</w>
               <S/>
               <w msd="Ggnd-es" lemma="uporabljati">uporabljalo</w>
               <c>.</c>
               <S/>
            </s>
            <s>
               <w msd="Zn-mmi" lemma="nekateri">Nekateri</w>
               <S/>
               <w msd="Gp-stm-n" lemma="biti">so</w>
               <S/>
               <w msd="Ggvd-mm" lemma="demonstrirati">demonstrirali</w>
               <S/>
               <w msd="Ppnzmt" lemma="akrobatski">akrobatske</w>
               <S/>
               <w msd="Sozmt" lemma="spretnost">spretnosti</w>
               <S/>
               <w msd="Dm" lemma="pri">pri</w>
               <S/>
               <w msd="Sosem" lemma="prehajanje">prehajanju</w>
               <S/>
               <w msd="Dr" lemma="z">z</w>
               <S/>
               <w msd="Kbzzer" lemma="en">ene</w>
               <S/>
               <w msd="Sozer" lemma="veja">veje</w>
               <S/>
               <w msd="Dt" lemma="na">na</w>
               <S/>
               <w msd="Kbzset" lemma="drug">drugo</w>
               <c>,</c>
               <S/>
               <w msd="Zn-mmi" lemma="nekateri">nekateri</w>
               <S/>
               <w msd="Gp-stm-n" lemma="biti">so</w>
               <S/>
               <w msd="L" lemma="prav">prav</w>
               <S/>
               <w msd="Rsn" lemma="nerodno">nerodno</w>
               <S/>
               <w msd="Ggdd-mm" lemma="pasti">padli</w>
               <S/>
               <w msd="Dt" lemma="na">na</w>
               <S/>
               <w msd="Ppnzet" lemma="spodnji">spodnjo</w>
               <S/>
               <w msd="Sozet" lemma="veja">vejo</w>
               <S/>
               <c>(</c>
               <w msd="Sommi" lemma="samotarec">samotarci</w>
               <S/>
               <w msd="Dt" lemma="na">na</w>
               <S/>
               <w msd="Sometn" lemma="primer">primer</w>
               <c>)</c>
               <c>,</c>
               <S/>
               <w msd="Pppzmt" lemma="majhen">manjše</w>
               <S/>
               <w msd="Sozmi" lemma="kozica">kozice</w>
               <S/>
               <w msd="Gp-stm-n" lemma="biti">so</w>
               <S/>
               <w msd="Pdnzmi" lemma="preplašen">preplašene</w>
               <S/>
               <w msd="Ggnd-mz" lemma="siliti">silile</w>
               <S/>
               <w msd="Dt" lemma="v">v</w>
               <S/>
               <w msd="Ppnmein" lemma="varen">varen</w>
               <S/>
               <w msd="Vp" lemma="in">in</w>
               <S/>
               <w msd="Rsn" lemma="čim">čim</w>
               <S/>
               <w msd="Rsr" lemma="bolj">bolj</w>
               <S/>
               <w msd="Ppnmein" lemma="temen">temen</w>
               <S/>
               <w msd="Somei" lemma="objem">objem</w>
               <S/>
               <w msd="Sozmr" lemma="vejica">vejic</w>
               <c>.</c>
               <S/>
            </s>
            <s>
               <w msd="Vp" lemma="saj">Saj</w>
               <S/>
               <w msd="Gp-spm-n" lemma="biti">smo</w>
               <S/>
               <w msd="Gp-d-mm" lemma="biti">bili</w>
               <S/>
               <w msd="Vp" lemma="vendar">vendar</w>
               <S/>
               <w msd="Dm" lemma="na">na</w>
               <S/>
               <w msd="Ppnzem" lemma="nočen">nočni</w>
               <S/>
               <w msd="Ppnzem" lemma="moden">modni</w>
               <S/>
               <w msd="Sozem" lemma="revija">reviji</w>
               <c>!</c>
               <S/>
            </s>
            <s>
               <w msd="Zopmdi" lemma="jaz">Midva</w>
               <S/>
               <w msd="Do" lemma="z">s</w>
               <S/>
               <w msd="Someo" lemma="kolega">kolegom</w>
               <S/>
               <w msd="Vp" lemma="pa">pa</w>
               <S/>
               <w msd="Do" lemma="z">z</w>
               <S/>
               <w msd="Sozeo" lemma="luč">lučjo</w>
               <c>!</c>
            </s>
         </p>
         <p xml:id="F0000333.000647">
            <s>
               <w msd="Kav" lemma="2.">2.</w>
               <S/>
            </s>
            <s>
               <w msd="Sosei" lemma="podjetje">Podjetje</w>
               <S/>
               <w msd="Slmei" lemma="Autronic">Autronic</w>
               <c>,</c>
               <S/>
               <w msd="O" lemma="d.">d.</w>
               <S/>
               <w msd="O" lemma="o.">o.</w>
               <S/>
               <w msd="O" lemma="o.">o.</w>
               <c>,</c>
               <S/>
               <w msd="Vd" lemma="ki">ki</w>
               <S/>
               <w msd="Ggnste-n" lemma="imeti">ima</w>
               <S/>
               <w msd="Sometn" lemma="sedež">sedež</w>
               <S/>
               <w msd="Dm" lemma="v">v</w>
               <S/>
               <w msd="Slzem" lemma="Ljubljana">Ljubljani</w>
               <c>,</c>
               <S/>
               <w msd="Ggnste" lemma="podarjati">podarja</w>
               <S/>
               <w msd="Ppnmetn" lemma="sodoben">sodoben</w>
               <S/>
               <w msd="Sometn" lemma="sprejemnik">sprejemnik</w>
               <S/>
               <w msd="Somei" lemma="GPS">GPS</w>
               <c>.</c>
               <S/>
            </s>
            <s>
               <w msd="Dm" lemma="pri">Pri</w>
               <S/>
               <w msd="Zotmmm" lemma="on">njih</w>
               <S/>
               <w msd="Gp-pdm-n" lemma="biti">boste</w>
               <S/>
               <w msd="Rsn" lemma="lahko">lahko</w>
               <S/>
               <w msd="Ggdd-mm" lemma="kupiti">kupili</w>
               <S/>
               <w msd="L" lemma="tudi">tudi</w>
               <S/>
               <w msd="Zc-zet" lemma="ves">vso</w>
               <S/>
               <w msd="Kbzzet" lemma="drug">drugo</w>
               <S/>
               <w msd="Ppnzet" lemma="navigacijski">navigacijsko</w>
               <S/>
               <w msd="Sozet" lemma="oprema">opremo</w>
               <c>.</c>
               <S/>
            </s>
         </p>
         <p xml:id="F0000333.000705">
            <s>
               <w msd="N" lemma="www.zabeomareyachting.si">www.zabeomareyachting.si</w>
            </s>
         </p>
         <p xml:id="F0000333.000712">
            <s>
               <w msd="Rsn" lemma="tako">Tako</w>
               <S/>
               <w msd="Vd" lemma="kot">kot</w>
               <S/>
               <w msd="Zc-zmi" lemma="ves">vse</w>
               <S/>
               <w msd="Zstzerm" lemma="njihov">njihove</w>
               <S/>
               <w msd="Sozer" lemma="jadrnica">jadrnice</w>
               <S/>
               <w msd="Zotzet--k" lemma="on">jo</w>
               <S/>
               <w msd="Gp-ste-n" lemma="biti">je</w>
               <S/>
               <w msd="Ggdd-em" lemma="narisati">narisal</w>
               <S/>
               <w msd="Slmei" lemma="Španec">Španec</w>
               <S/>
               <w msd="Slmei" lemma="XY">XY</w>
               <c>,</c>
               <S/>
               <w msd="L" lemma="sicer">sicer</w>
               <S/>
               <w msd="Pdnmeid" lemma="znan">znani</w>
               <S/>
               <w msd="Ppnmeid" lemma="olimpijski">olimpijski</w>
               <S/>
               <w msd="Somei" lemma="jadralec">jadralec</w>
               <c>.</c>
               <S/>
            </s>
            <s>
               <w msd="Ppnmmi" lemma="hišen">Hišni</w>
               <S/>
               <w msd="Sommi" lemma="inženir">inženirji</w>
               <S/>
               <w msd="Gp-stm-n" lemma="biti">so</w>
               <S/>
               <w msd="Zstzmtem" lemma="njegov">njegove</w>
               <S/>
               <w msd="Sommt" lemma="načrt">načrte</w>
               <S/>
               <w msd="Do" lemma="z">z</w>
               <S/>
               <w msd="Ppnzmo" lemma="računalniški">računalniškimi</w>
               <S/>
               <w msd="Sozmo" lemma="simulacija">simulacijami</w>
               <S/>
               <w msd="Ggnd-mm" lemma="obdelovati">obdelovali</w>
               <S/>
               <w msd="Rsn" lemma="toliko">toliko</w>
               <S/>
               <w msd="Somer" lemma="čas">časa</w>
               <c>,</c>
               <S/>
               <w msd="Vd" lemma="da">da</w>
               <S/>
               <w msd="Gp-stm-n" lemma="biti">so</w>
               <S/>
               <w msd="Ggdd-mm" lemma="dobiti">dobili</w>
               <S/>
               <w msd="Ppnmmt" lemma="optimalen">optimalne</w>
               <S/>
               <w msd="Sommt" lemma="odgovor">odgovore</w>
               <S/>
               <w msd="Dt" lemma="na">na</w>
               <S/>
               <w msd="Zp-smt" lemma="svoj">svoja</w>
               <S/>
               <w msd="Sosmt" lemma="vprašanje">vprašanja</w>
               <c>.</c>
               <S/>
            </s>
            <s>
               <w msd="Vp" lemma="in">In</w>
               <S/>
               <w msd="Rsn" lemma="tako">tako</w>
               <S/>
               <w msd="Gp-ste-n" lemma="biti">je</w>
               <S/>
               <w msd="Ggdd-ez" lemma="nastati">nastala</w>
               <S/>
               <w msd="Rsn" lemma="ro">ro</w>
               <S/>
               <w msd="Kag" lemma="340">340</w>
               <c>,</c>
               <S/>
               <w msd="Vd" lemma="ki">ki</w>
               <S/>
               <w msd="Dm" lemma="v">v</w>
               <S/>
               <w msd="Sozet" lemma="dolžina">dolžino</w>
               <S/>
               <w msd="Ggnste" lemma="meriti">meri</w>
               <S/>
               <w msd="Rsn" lemma="nekaj">nekaj</w>
               <S/>
               <w msd="Rsr" lemma="manj">manj</w>
               <S/>
               <w msd="Vd" lemma="kot">kot</w>
               <S/>
               <w msd="Kbg-mt" lemma="deset">deset</w>
               <S/>
               <w msd="Sommr" lemma="meter">metrov</w>
               <c>.</c>
            </s>
         </p>
         <p xml:id="F0000333.001461">
            <s>
               <w msd="Rsn" lemma="trenutno">Trenutno</w>
               <S/>
               <w msd="Zod-md" lemma="ti">vam</w>
               <S/>
               <w msd="Rsn" lemma="lahko">lahko</w>
               <S/>
               <w msd="Dt" lemma="v">v</w>
               <S/>
               <w msd="Sometn" lemma="purus">Purus</w>
               <S/>
               <w msd="Sozmt" lemma="marina">Marine</w>
               <S/>
               <w msd="Ggdstm" lemma="postreči">postrežejo</w>
               <S/>
               <w msd="Do" lemma="z">z</w>
               <S/>
               <w msd="Sozeo" lemma="obilica">obilico</w>
               <S/>
               <w msd="Sommr" lemma="podatek">podatkov</w>
               <S/>
               <w msd="Vp" lemma="in">in</w>
               <S/>
               <w msd="Ggdstm" lemma="pokazati">pokažejo</w>
               <S/>
               <w msd="Ppnmeid" lemma="osnoven">osnovni</w>
               <S/>
               <w msd="Somei" lemma="model">model</w>
               <S/>
               <w msd="Slmei" lemma="bowrider">bowrider</w>
               <S/>
               <w msd="Slmei" lemma="SX">SX</w>
               <S/>
               <w msd="Kag" lemma="170">170</w>
               <c>.</c>
               <S/>
            </s>
            <s>
               <w msd="Rsn" lemma="zelo">Zelo</w>
               <S/>
               <w msd="Zp------k" lemma="se">se</w>
               <S/>
               <w msd="Ggnstm" lemma="veseliti">veselijo</w>
               <S/>
               <w msd="Pdnmer" lemma="naročen">naročenega</w>
               <S/>
               <w msd="Somer" lemma="model">modela</w>
               <S/>
               <w msd="Slmei" lemma="GS">GS</w>
               <S/>
               <w msd="Kag" lemma="269">269</w>
               <c>,</c>
               <S/>
               <w msd="Vd" lemma="ki">ki</w>
               <S/>
               <w msd="Gp-stm-n" lemma="biti">so</w>
               <S/>
               <w msd="Zotmet--k" lemma="on">ga</w>
               <S/>
               <w msd="Rsn" lemma="prvič">prvič</w>
               <S/>
               <w msd="Ggdd-mm" lemma="predstaviti">predstavili</w>
               <S/>
               <w msd="Dm" lemma="na">na</w>
               <S/>
               <w msd="Somem" lemma="sejem">sejmu</w>
               <S/>
               <w msd="Somer" lemma="šport">športa</w>
               <S/>
               <w msd="Vp" lemma="in">in</w>
               <S/>
               <w msd="Sozer" lemma="navtika">navtike</w>
               <S/>
               <w msd="Dm" lemma="v">v</w>
               <S/>
               <w msd="Slmem" lemma="Zagreb">Zagrebu</w>
               <c>.</c>
               <S/>
            </s>
            <s>
               <w msd="Ppnmmi" lemma="osnoven">Osnovni</w>
               <S/>
               <w msd="Sommi" lemma="podatek">podatki</w>
               <S/>
               <w msd="Dt" lemma="za">za</w>
               <S/>
               <w msd="Sometn" lemma="gs">GS</w>
               <S/>
               <w msd="Kag" lemma="269">269</w>
               <c>:</c>
               <S/>
               <w msd="Ppnzei" lemma="skupen">skupna</w>
               <S/>
               <w msd="Sozei" lemma="dolžina">dolžina</w>
               <S/>
               <w msd="Kag" lemma="8,2">8,2</w>
               <S/>
               <w msd="Vp" lemma="in">in</w>
               <S/>
               <w msd="Sozei" lemma="širina">širina</w>
               <S/>
               <w msd="Kag" lemma="2,59">2,59</w>
               <S/>
               <w msd="Somer" lemma="meter">metra</w>
               <c>,</c>
               <S/>
               <w msd="Somei" lemma="motor">motor</w>
               <S/>
               <w msd="Slmei" lemma="volvo">volvo</w>
               <S/>
               <w msd="Somer" lemma="pent">penta</w>
               <S/>
               <w msd="Somei" lemma="dizel">dizel</w>
               <S/>
               <w msd="Do" lemma="z">z</w>
               <S/>
               <w msd="Sozeo" lemma="moč">močjo</w>
               <S/>
               <w msd="Kag" lemma="210">210</w>
               <S/>
               <w msd="Somei" lemma="km">KM</w>
               <c>,</c>
               <S/>
               <w msd="Somei" lemma="rezervoar">rezervoar</w>
               <S/>
               <w msd="Dt" lemma="za">za</w>
               <S/>
               <w msd="Soset" lemma="gorivo">gorivo</w>
               <S/>
               <w msd="Kag" lemma="270">270</w>
               <S/>
               <w msd="Sommr" lemma="liter">litrov</w>
               <c>,</c>
               <S/>
               <w msd="Sozei" lemma="teža">teža</w>
               <S/>
               <w msd="Kag" lemma="2800">2800</w>
               <S/>
               <w msd="Sommr" lemma="kilogram">kilogramov</w>
               <c>,</c>
               <S/>
               <w msd="Sozet" lemma="hitrost">hitrost</w>
               <S/>
               <w msd="Sozer" lemma="plovba">plovbe</w>
               <S/>
               <w msd="Dr" lemma="do">do</w>
               <S/>
               <w msd="Kag" lemma="30">30</w>
               <S/>
               <w msd="Somei" lemma="nm">NM</w>
               <c>/</c>
               <w msd="Somei" lemma="h">h</w>
               <c>,</c>
               <S/>
               <w msd="Rsn" lemma="povsem">povsem</w>
               <S/>
               <w msd="Pdnzei" lemma="opremljen">opremljena</w>
               <S/>
               <w msd="Sozei" lemma="kuhinja">kuhinja</w>
               <S/>
               <w msd="Vp" lemma="in">in</w>
               <S/>
               <w msd="Sozei" lemma="kopalnica">kopalnica</w>
               <S/>
               <w msd="Do" lemma="z">s</w>
               <S/>
               <w msd="Ppnzeo" lemma="topel">toplo</w>
               <S/>
               <w msd="Sozeo" lemma="voda">vodo</w>
               <c>,</c>
               <S/>
               <w msd="Ppnzet" lemma="mikrovaloven">mikrovalovno</w>
               <S/>
               <w msd="Sozet" lemma="pečica">pečico</w>
               <c>,</c>
               <S/>
               <w msd="Sommd" lemma="hladilnik">hladilnikom</w>
               <c>,</c>
               <S/>
               <w msd="Sommd" lemma="ledomat">ledomatom</w>
               <S/>
               <w msd="Vp" lemma="in">in</w>
               <S/>
               <w msd="Sommd" lemma="umivalnik">umivalnikom</w>
               <S/>
               <w msd="Dm" lemma="v">v</w>
               <S/>
               <w msd="Somem" lemma="kokpit">kokpitu</w>
               <c>,</c>
               <S/>
               <w msd="Slmei" lemma="bimini">bimini</w>
               <S/>
               <w msd="Somei" lemma="top">top</w>
               <c>,</c>
               <S/>
               <w msd="Sozei" lemma="prha">prha</w>
               <S/>
               <w msd="Dm" lemma="na">na</w>
               <S/>
               <w msd="Ppnzem" lemma="kopalen">kopalni</w>
               <S/>
               <w msd="Sozem" lemma="ploščad">ploščadi</w>
               <c>,</c>
               <S/>
               <w msd="Ppnzei" lemma="satelitski">satelitska</w>
               <S/>
               <w msd="Sozei" lemma="komunikacija">komunikacija</w>
               <S/>
               <w msd="Sozer" lemma="znamka">znamke</w>
               <S/>
               <w msd="Somei" lemma="seakey">SeaKey</w>
               <c>,</c>
               <S/>
               <w msd="Ppnmeid" lemma="satelitski">satelitski</w>
               <S/>
               <w msd="Somei" lemma="radio">radio</w>
               <S/>
               <w msd="Slmei" lemma="Sirius">Sirius</w>
               <c>,</c>
               <S/>
               <w msd="Somei" lemma="stereo">stereo</w>
               <S/>
               <w msd="Somei" lemma="CD">CD</w>
               <S/>
               <w msd="Slmei" lemma="Clarion">Clarion</w>
               <c>,</c>
               <S/>
               <w msd="Somei" lemma="trim">trim</w>
               <S/>
               <w msd="Slmei" lemma="tabs">tabs</w>
               <S/>
               <c>.</c>
               <c>.</c>
               <c>.</c>
            </s>
         </p>
      </body>
   </text>
</TEI>