<?xml version="1.0" encoding="UTF-8"?>
<TEI xmlns="http://www.tei-c.org/ns/1.0" xml:id="F0000608" xml:lang="sl">
   <teiHeader>
      <fileDesc>
         <titleStmt>
            <title>ccKRES: Kmečki glas (2001-07)</title>
            <funder>Operacijo delno financira Evropska unija iz Evropskega socialnega sklada ter Ministrstvo za šolstvo in šport. Operacija se izvaja v okviru Operativnega programa razvoja človeških virov za obdobje 2007-2013, razvojne prioritete: razvoj človeških virov in vseživljenjskega učenja; prednostne usmeritve: izboljšanje kakovosti in učinkovitosti sistemov izobraževanja in usposabljanja 2007-2013.</funder>
         </titleStmt>
         <editionStmt>
            <edition>1.0</edition>
         </editionStmt>
         <extent>393 besed</extent>
         <publicationStmt>
            <idno>30_01</idno>
            <availability status="free">
               <p xml:lang="sl">Avtorske pravice za to izdajo ureja licenca <ref target="http://creativecommons.org/licenses/by-nc/2.5/si/">Creative Commons Priznanje avtorstva-Nekomercialno 2.5 Slovenija</ref>.</p>
               <p xml:lang="en">This work is licenced under the <ref target="http://creativecommons.org/licenses/by-nc/2.5/si/deed.en">Creative Commons Attribution-Noncommercial 2.5 Slovenia</ref>.</p>
            </availability>
            <date>2012-05-06</date>
         </publicationStmt>
         <sourceDesc>
            <bibl>
               <title>Kmečki glas</title>
               <author n="???">neznani novinar</author>
               <date>2001-07</date>
               <publisher n="drugo">Kmečki glas</publisher>
               <note type="sourceLang">sl</note>
            </bibl>
         </sourceDesc>
      </fileDesc>
      <encodingDesc>
         <projectDesc>
            <p xml:lang="sl">Glej <ref target="http://www.korpus-kres.net/">www.korpus-kres.net</ref> oz. <ref target="http://nl.ijs.si/ssj/">nl.ijs.si/ssj</ref>.</p>
            <p xml:lang="en">See <ref target="http://www.korpus-kres.net/">www.korpus-kres.net</ref> or <ref target="http://nl.ijs.si/ssj/">nl.ijs.si/ssj</ref>.</p>
         </projectDesc>
         <samplingDecl>
            <p xml:lang="sl">
            Besedila in odstavki v korpusu KRES so bili vzorčeni iz
            Gigafide tako, da smo dobili 100-milijonski referenčni
            korpus, v katerem so besedila uravnotežena po vnaprej
            določenih taksonomskih deležih in po podatkih o branosti
            vira (časopisi, revije, novičarski portali).  Korpus
            ccKRES nato, z namenom, da je lahko dostopen po licenci CC,
            vsebuje 10 % naključno vzorčenih odstavkov besedil iz
            korpusa KRES, torej 10 milijonov besed.
	    Več o sestavi korpusa lahko preberete na 
            <ref target="http://www.korpus-kres.net/">www.korpus-kres.net</ref> oz.
            <ref target="http://nl.ijs.si/ssj/">nl.ijs.si/ssj</ref>.
	  </p>
            <p xml:lang="en">
            Texts and paragraphs in the KRES corpus have been sampled from the 
	    Gigafida corpus. The result of the sampling is a 100-million-word 
	    reference corpus. The texts in KRES are balanced according to the 
	    predetermined categories, with particular consideration being paid to 
	    the data on the popularity of the source (newspapers, magazines, 
	    Internet news sites). 
	    To enable free (CC) distribution of the corpus, the ccKRES corpus contains 
	    10% of randomly sampled paragraphs from KRES, i.e. contains 10 million words.
	    For more information about the contents of the corpus, 
	    see <ref target="http://www.korpus-kres.net/">www.korpus-kres.net</ref>
	    and <ref target="http://nl.ijs.si/ssj/">nl.ijs.si/ssj</ref>.
	  </p>
         </samplingDecl>
         <tagsDecl>
            <namespace name="http://www.tei-c.org/ns/1.0">
               <tagUsage gi="p" occurs="16"/>
               <tagUsage gi="s" occurs="34"/>
               <tagUsage gi="w" occurs="393"/>
               <tagUsage gi="c" occurs="97"/>
               <tagUsage gi="S" occurs="396"/>
            </namespace>
         </tagsDecl>
         <classDecl>
            <taxonomy xml:id="SSJ">
               <category xml:id="SSJ.T">
                  <catDesc>tisk</catDesc>
                  <category xml:id="SSJ.T.K">
                     <catDesc>knjižno</catDesc>
                     <category xml:id="SSJ.T.K.L">
                        <catDesc>leposlovno</catDesc>
                     </category>
                     <category xml:id="SSJ.T.K.S">
                        <catDesc>strokovno</catDesc>
                     </category>
                  </category>
                  <category xml:id="SSJ.T.P">
                     <catDesc>periodično</catDesc>
                     <category xml:id="SSJ.T.P.C">
                        <catDesc>časopis</catDesc>
                     </category>
                     <category xml:id="SSJ.T.P.R">
                        <catDesc>revija</catDesc>
                     </category>
                  </category>
                  <category xml:id="SSJ.T.D">
                     <catDesc>drugo</catDesc>
                  </category>
               </category>
               <category xml:id="SSJ.I">
                  <catDesc>internet</catDesc>
               </category>
            </taxonomy>
         </classDecl>
      </encodingDesc>
      <profileDesc>
         <textClass>
            <catRef target="#SSJ.T.P.C"/>
         </textClass>
      </profileDesc>
   </teiHeader>
   <text xml:id="F0000608." xml:lang="sl">
      <body>
         <p xml:id="F0000608.000086">
            <s>
               <w msd="Sozei" lemma="možnost">MOŽNOST</w>
               <S/>
               <w msd="Soser" lemma="kreditiranje">KREDITIRANJA</w>
               <c>-</c>
               <w msd="Ppnmeid" lemma="gotovinski">GOTOVINSKI</w>
               <S/>
               <w msd="Somei" lemma="popust">POPUST</w>
               <c>-</c>
               <w msd="Sozei" lemma="menjava">MENJAVA</w>
               <S/>
               <w msd="Rsn" lemma="staro">STARO</w>
               <S/>
               <w msd="Dt" lemma="za">ZA</w>
               <S/>
               <w msd="Ppnsei" lemma="nov">NOVO</w>
               <c>-</c>
               <w msd="Somei" lemma="servis">SERVIS</w>
               <c>.</c>
            </s>
         </p>
         <p xml:id="F0000608.000232">
            <s>
               <w msd="Somei" lemma="emu">EMU</w>
               <S/>
               <w msd="Somei" lemma="EUR">EUR</w>
               <S/>
               <w msd="Kag" lemma="1">1</w>
               <S/>
               <w msd="Kag" lemma="217.2416">217.2416</w>
               <S/>
               <w msd="Kag" lemma="217.8953">217.8953</w>
               <S/>
               <w msd="Kag" lemma="218.5490">218.5490</w>
            </s>
         </p>
         <p xml:id="F0000608.000701">
            <s>
               <w msd="Dr" lemma="od">Od</w>
               <S/>
               <w msd="Somer" lemma="čas">časa</w>
               <S/>
               <w msd="Dr" lemma="do">do</w>
               <S/>
               <w msd="Somer" lemma="čas">časa</w>
               <S/>
               <w msd="Vp" lemma="pa">pa</w>
               <S/>
               <w msd="Zop-mt" lemma="jaz">nas</w>
               <S/>
               <w msd="Vp" lemma="vendarle">vendarle</w>
               <S/>
               <w msd="Zv-mei" lemma="kdo">kdo</w>
               <S/>
               <w msd="Ggdste" lemma="spomniti">spomni</w>
               <c>,</c>
               <S/>
               <w msd="Vd" lemma="da">da</w>
               <S/>
               <w msd="Gp-ste-n" lemma="biti">je</w>
               <S/>
               <w msd="Sosei" lemma="življenje">življenje</w>
               <S/>
               <w msd="L" lemma="še">še</w>
               <S/>
               <w msd="Rsn" lemma="kje">kje</w>
               <S/>
               <w msd="Rsn" lemma="drugje">drugje</w>
               <c>,</c>
               <S/>
               <w msd="L" lemma="ne">ne</w>
               <S/>
               <w msd="L" lemma="le">le</w>
               <S/>
               <w msd="Dm" lemma="ob">ob</w>
               <S/>
               <w msd="Sozmm" lemma="avtocesta">avtocestah</w>
               <c>.</c>
               <S/>
            </s>
            <s>
               <c>»</c>
               <w msd="Gp-vdm" lemma="biti">Bodite</w>
               <S/>
               <w msd="Ppnmmi" lemma="naključen">naključni</w>
               <S/>
               <w msd="Somei" lemma="popotnik">popotnik</w>
               <S/>
               <w msd="Vp" lemma="in">in</w>
               <S/>
               <w msd="Zp------k" lemma="se">se</w>
               <S/>
               <w msd="Ggdvdm" lemma="ustaviti">ustavite</w>
               <S/>
               <w msd="Dm" lemma="na">na</w>
               <S/>
               <w msd="Ppnsem" lemma="sloparski">sloparskem</w>
               <S/>
               <w msd="Sosem" lemma="polje">polju</w>
               <c>,</c>
               <S/>
               <w msd="Vd" lemma="kjer">kjer</w>
               <S/>
               <w msd="Gp-ppm-n" lemma="biti">bomo</w>
               <S/>
               <w msd="Sommi" lemma="sloparec">Sloparci</w>
               <S/>
               <w msd="Ggdd-mm" lemma="obuditi">obudili</w>
               <S/>
               <w msd="Ppnmetn" lemma="star">star</w>
               <S/>
               <w msd="Sometn" lemma="običaj">običaj</w>
               <S/>
               <w msd="Sozer" lemma="žetev">žetve</w>
               <S/>
               <w msd="Vp" lemma="in">in</w>
               <S/>
               <w msd="Ggdd-mm" lemma="proslaviti">proslavili</w>
               <S/>
               <w msd="Ppnzet" lemma="nov">novo</w>
               <S/>
               <w msd="Ppnzet" lemma="cesten">cestno</w>
               <S/>
               <w msd="Sozet" lemma="povezava">povezavo</w>
               <S/>
               <w msd="Do" lemma="z">z</w>
               <S/>
               <w msd="Someo" lemma="rodik">Rodikom</w>
               <c>,</c>
               <c>«</c>
               <S/>
               <w msd="Gp-ste-n" lemma="biti">je</w>
               <S/>
               <w msd="Ggnd-es" lemma="pisati">pisalo</w>
               <S/>
               <w msd="Dm" lemma="na">na</w>
               <S/>
               <w msd="Sosem" lemma="vabilo">vabilu</w>
               <c>.</c>
               <S/>
            </s>
            <s>
               <w msd="Vp" lemma="in">In</w>
               <S/>
               <w msd="Ggdd-mm" lemma="odzvati">odzvali</w>
               <S/>
               <w msd="Gp-spm-n" lemma="biti">smo</w>
               <S/>
               <w msd="Zp------k" lemma="se">se</w>
               <c>.</c>
               <S/>
            </s>
         </p>
         <p xml:id="F0000608.001060">
            <s>
               <w msd="Somei" lemma="TV">TV</w>
               <S/>
               <w msd="Slzei" lemma="SLOVENIJA">SLOVENIJA</w>
            </s>
         </p>
         <p xml:id="F0000608.001127">
            <s>
               <w msd="Somei" lemma="xxxxxxx">xxxxxxx</w>
               <S/>
               <w msd="Somei" lemma="odkup">ODKUP</w>
               <S/>
               <w msd="Sozer" lemma="hlodovina">HLODOVINE</w>
               <c>;</c>
               <S/>
               <w msd="Sozei" lemma="češnja">ČEŠNJA</w>
               <c>,</c>
               <S/>
               <w msd="Sozei" lemma="hruška">HRUŠKA</w>
               <c>,</c>
               <S/>
               <w msd="Somei" lemma="oreh">OREH</w>
               <c>.</c>
               <S/>
            </s>
            <s>
               <w msd="Sosei" lemma="plačilo">Plačilo</w>
               <S/>
               <w msd="Rsn" lemma="takoj">takoj</w>
               <c>.</c>
               <S/>
            </s>
            <s>
               <w msd="O" lemma="tel.">Tel.</w>
               <c>:</c>
               <S/>
               <w msd="Kag" lemma="03">03</w>
               <c>/</c>
               <w msd="Kag" lemma="57">57</w>
               <S/>
               <w msd="Kag" lemma="25">25</w>
               <S/>
               <w msd="Kag" lemma="270">270</w>
               <c>,</c>
               <S/>
               <w msd="Somei" lemma="GSM">GSM</w>
               <c>:</c>
               <S/>
               <w msd="Kag" lemma="041">041</w>
               <c>/</c>
               <w msd="Kag" lemma="420">420</w>
               <S/>
               <w msd="Kag" lemma="111">111</w>
               <c>.</c>
               <S/>
            </s>
            <s>
               <c>-</c>
               <S/>
               <w msd="Kag" lemma="2036">2036</w>
            </s>
         </p>
         <p xml:id="F0000608.001220">
            <s>
               <w msd="Sozet" lemma="kosilnica">KOSILNICO</w>
               <S/>
               <w msd="Slmei" lemma="laverda">laverda</w>
               <S/>
               <w msd="Kag" lemma="12">12</w>
               <S/>
               <w msd="Somei" lemma="km">KM</w>
               <c>,</c>
               <S/>
               <w msd="Somei" lemma="obračalnik">obračalnik</w>
               <S/>
               <w msd="Somei" lemma="pajek">pajek</w>
               <S/>
               <w msd="Krg" lemma="II">II</w>
               <c>,</c>
               <S/>
               <w msd="Somei" lemma="puhalnik">puhalnik</w>
               <S/>
               <w msd="Dt" lemma="za">za</w>
               <S/>
               <w msd="Soset" lemma="seno">seno</w>
               <S/>
               <w msd="Vp" lemma="in">in</w>
               <S/>
               <w msd="Pdnmeid" lemma="tekoč">tekoči</w>
               <S/>
               <w msd="Sometn" lemma="trak">trak</w>
               <S/>
               <w msd="Dt" lemma="za">za</w>
               <S/>
               <w msd="Sozmt" lemma="steklenica">steklenice</w>
               <c>,</c>
               <S/>
               <w msd="Sozer" lemma="dolžina">dolžine</w>
               <S/>
               <w msd="Kag" lemma="3">3</w>
               <S/>
               <w msd="Somei" lemma="m">m</w>
               <c>,</c>
               <S/>
               <w msd="Rsn" lemma="zelo">zelo</w>
               <S/>
               <w msd="Rsn" lemma="ugodno">ugodno</w>
               <S/>
               <w msd="Ggdspe" lemma="prodati">prodam</w>
               <c>.</c>
               <S/>
            </s>
            <s>
               <w msd="Ggdspe" lemma="prodati">Prodam</w>
               <S/>
               <w msd="L" lemma="tudi">tudi</w>
               <S/>
               <w msd="Rsn" lemma="nekaj">nekaj</w>
               <S/>
               <w msd="Ppnzmr" lemma="plemenski">plemenskih</w>
               <S/>
               <w msd="Sozmr" lemma="ovca">ovc</w>
               <c>.</c>
               <S/>
            </s>
            <s>
               <w msd="O" lemma="tel.">Tel.</w>
               <c>:</c>
               <S/>
               <w msd="Kag" lemma="02">02</w>
               <c>/</c>
               <w msd="Kag" lemma="82">82</w>
               <S/>
               <w msd="Kag" lemma="35">35</w>
               <S/>
               <w msd="Kag" lemma="275">275</w>
               <c>,</c>
               <S/>
               <w msd="Rsn" lemma="zvečer">zvečer</w>
               <c>.</c>
               <S/>
            </s>
            <s>
               <c>-</c>
               <S/>
               <w msd="Kag" lemma="7608">7608</w>
            </s>
         </p>
         <p xml:id="F0000608.001293">
            <s>
               <w msd="Sozet" lemma="koza">KOZO</w>
               <S/>
               <w msd="Sozet" lemma="molznica">molznico</w>
               <S/>
               <w msd="Vp" lemma="in">in</w>
               <S/>
               <w msd="Ppnmer" lemma="dolgodlak">dolgodlakega</w>
               <S/>
               <w msd="Ppnmer" lemma="plemenski">plemenskega</w>
               <S/>
               <w msd="Somer" lemma="kozel">kozla</w>
               <c>,</c>
               <S/>
               <w msd="Ggdspe" lemma="prodati">prodam</w>
               <c>.</c>
               <S/>
            </s>
            <s>
               <w msd="O" lemma="tel.">Tel.</w>
               <c>:</c>
               <S/>
               <w msd="Kag" lemma="01">01</w>
               <c>/</c>
               <w msd="Kag" lemma="42">42</w>
               <S/>
               <w msd="Kag" lemma="82">82</w>
               <S/>
               <w msd="Kag" lemma="001">001</w>
               <c>,</c>
               <S/>
               <w msd="Kag" lemma="031">031</w>
               <c>/</c>
               <w msd="Kag" lemma="844">844</w>
               <S/>
               <w msd="Kag" lemma="945">945</w>
               <c>.</c>
               <S/>
            </s>
            <s>
               <c>-</c>
               <S/>
               <w msd="Kag" lemma="7509">7509</w>
            </s>
         </p>
         <p xml:id="F0000608.001326">
            <s>
               <w msd="Sozet" lemma="krava">KRAVO</w>
               <S/>
               <w msd="Ppnzet" lemma="sivorjav">sivorjavo</w>
               <c>,</c>
               <S/>
               <w msd="Sozet" lemma="prvesnica">prvesnico</w>
               <c>,</c>
               <S/>
               <w msd="Dm" lemma="v">v</w>
               <S/>
               <w msd="N" lemma="ap">AP</w>
               <S/>
               <w msd="Sozem" lemma="kontrola">kontroli</w>
               <S/>
               <w msd="Vp" lemma="in">in</w>
               <S/>
               <w msd="Rsr" lemma="več">več</w>
               <S/>
               <w msd="Sommr" lemma="bikec">bikcev</w>
               <c>,</c>
               <S/>
               <w msd="Ppnmmr" lemma="star">starih</w>
               <S/>
               <w msd="Kag" lemma="7">7</w>
               <S/>
               <w msd="Sommr" lemma="dan">dni</w>
               <c>,</c>
               <S/>
               <w msd="Ggdspe" lemma="prodati">prodam</w>
               <c>.</c>
               <S/>
            </s>
            <s>
               <w msd="O" lemma="tel.">Tel.</w>
               <c>:</c>
               <S/>
               <w msd="Kag" lemma="07">07</w>
               <c>/</c>
               <w msd="Kag" lemma="30">30</w>
               <S/>
               <w msd="Kag" lemma="40">40</w>
               <S/>
               <w msd="Kag" lemma="005">005</w>
               <c>.</c>
               <S/>
            </s>
            <s>
               <c>-</c>
               <S/>
               <w msd="Kag" lemma="7604">7604</w>
            </s>
         </p>
         <p xml:id="F0000608.001559">
            <s>
               <w msd="Somei" lemma="TV">TV</w>
               <S/>
               <w msd="Slzei" lemma="HRVAŠKA">HRVAŠKA</w>
            </s>
         </p>
         <p xml:id="F0000608.001663">
            <s>
               <w msd="Vp" lemma="ali">Ali</w>
               <S/>
               <w msd="Ggdsdm" lemma="uganiti">uganete</w>
               <c>,</c>
            </s>
         </p>
         <p xml:id="F0000608.001800">
            <s>
               <w msd="Slzei" lemma="Meta">Meta</w>
               <S/>
               <w msd="Slzei" lemma="Malus">Malus</w>
            </s>
         </p>
         <p xml:id="F0000608.001880">
            <s>
               <w msd="Ppnzei" lemma="posoški">Posoška</w>
               <S/>
               <w msd="Sozei" lemma="naložba">naložba</w>
               <S/>
               <w msd="Ggnste" lemma="spadati">spada</w>
               <S/>
               <w msd="Dt" lemma="v">v</w>
               <S/>
               <w msd="Sometn" lemma="okvir">okvir</w>
               <S/>
               <w msd="Ppnmer" lemma="slovenski">slovenskega</w>
               <S/>
               <w msd="Ppnmer" lemma="nacionalen">nacionalnega</w>
               <S/>
               <w msd="Somer" lemma="program">programa</w>
               <S/>
               <w msd="Soser" lemma="varstvo">varstva</w>
               <S/>
               <w msd="Soser" lemma="okolje">okolja</w>
               <c>,</c>
               <S/>
               <w msd="Vd" lemma="ki">ki</w>
               <S/>
               <w msd="Ggnste" lemma="predvidevati">predvideva</w>
               <S/>
               <w msd="Soset" lemma="izboljšanje">izboljšanje</w>
               <S/>
               <w msd="Soser" lemma="stanje">stanja</w>
               <S/>
               <w msd="Somer" lemma="vod">voda</w>
               <S/>
               <w msd="Dm" lemma="v">v</w>
               <S/>
               <w msd="Sosem" lemma="okolje">okolju</w>
               <c>,</c>
               <S/>
               <w msd="Sozet" lemma="uvedba">uvedbo</w>
               <S/>
               <w msd="Ppnmmr" lemma="sodoben">sodobnih</w>
               <S/>
               <w msd="Sommr" lemma="postopek">postopkov</w>
               <S/>
               <w msd="Soser" lemma="ravnanje">ravnanja</w>
               <S/>
               <w msd="Do" lemma="z">z</w>
               <S/>
               <w msd="Sommo" lemma="odpadek">odpadki</w>
               <c>,</c>
               <S/>
               <w msd="Soset" lemma="ohranjanje">ohranjanje</w>
               <S/>
               <w msd="Vp" lemma="in">in</w>
               <S/>
               <w msd="Soset" lemma="zavarovanje">zavarovanje</w>
               <S/>
               <w msd="Ppnzer" lemma="biološki">biološke</w>
               <S/>
               <w msd="Sozer" lemma="raznolikost">raznolikosti</w>
               <S/>
               <w msd="Vp" lemma="in">in</w>
               <S/>
               <w msd="Sometn" lemma="razvoj">razvoj</w>
               <S/>
               <w msd="Sozmr" lemma="institucija">institucij</w>
               <c>,</c>
               <S/>
               <w msd="Vd" lemma="ki">ki</w>
               <S/>
               <w msd="Ggnstm" lemma="skrbeti">skrbijo</w>
               <S/>
               <w msd="Dt" lemma="za">za</w>
               <S/>
               <w msd="Soset" lemma="varovanje">varovanje</w>
               <S/>
               <w msd="Soser" lemma="okolje">okolja</w>
               <c>.</c>
               <S/>
            </s>
            <s>
               <w msd="Dt" lemma="med">Med</w>
               <S/>
               <w msd="Ppnmmt" lemma="prednosten">prednostne</w>
               <S/>
               <w msd="Sommt" lemma="ukrep">ukrepe</w>
               <S/>
               <w msd="Ggnstm" lemma="uvrščati">uvrščajo</w>
               <S/>
               <w msd="Sozet" lemma="gradnja">gradnjo</w>
               <S/>
               <w msd="Sommr" lemma="sistem">sistemov</w>
               <S/>
               <w msd="Dt" lemma="za">za</w>
               <S/>
               <w msd="Soset" lemma="odvodnjavanje">odvodnjavanje</w>
               <S/>
               <w msd="Vp" lemma="in">in</w>
               <S/>
               <w msd="Soset" lemma="pridelovanje">pridelovanje</w>
               <S/>
               <w msd="Ppnzmr" lemma="odpaden">odpadnih</w>
               <S/>
               <w msd="Sozmr" lemma="voda">voda</w>
               <c>,</c>
               <S/>
               <w msd="Vp" lemma="saj">saj</w>
               <S/>
               <w msd="Gp-ste-n" lemma="biti">je</w>
               <S/>
               <w msd="L" lemma="samo">samo</w>
               <S/>
               <w msd="Kag" lemma="53">53</w>
               <S/>
               <w msd="Sommr" lemma="odstotek">odstotkov</w>
               <S/>
               <w msd="Sommr" lemma="prebivalec">prebivalcev</w>
               <S/>
               <w msd="Pdnmmr" lemma="priključen">priključenih</w>
               <S/>
               <w msd="Dt" lemma="na">na</w>
               <S/>
               <w msd="Ppnzet" lemma="javen">javno</w>
               <S/>
               <w msd="Sozet" lemma="kanalizacija">kanalizacijo</w>
               <S/>
               <w msd="Vp" lemma="in">in</w>
               <S/>
               <w msd="L" lemma="samo">samo</w>
               <S/>
               <w msd="Kag" lemma="30">30</w>
               <S/>
               <w msd="Sommr" lemma="odstotek">odstotkov</w>
               <S/>
               <w msd="Dt" lemma="na">na</w>
               <S/>
               <w msd="Ppnzmt" lemma="čistilen">čistilne</w>
               <S/>
               <w msd="Sozmt" lemma="naprava">naprave</w>
               <c>.</c>
               <S/>
            </s>
         </p>
         <p xml:id="F0000608.001970">
            <s>
               <w msd="Slzei" lemma="AVSTRIJA">AVSTRIJA</w>
            </s>
         </p>
         <p xml:id="F0000608.001991">
            <s>
               <w msd="Ppnmmi" lemma="strniščen">Strniščni</w>
               <S/>
               <w msd="Sommi" lemma="dosevek">dosevki</w>
               <S/>
               <w msd="Dm" lemma="po">po</w>
               <S/>
               <w msd="Sozem" lemma="vsebnost">vsebnosti</w>
               <S/>
               <w msd="Ggnd-em" lemma="hraniti">hranil</w>
               <S/>
               <w msd="Rsn" lemma="popolnoma">popolnoma</w>
               <S/>
               <w msd="L" lemma="ne">ne</w>
               <S/>
               <w msd="Ggnstm" lemma="ustrezati">ustrezajo</w>
               <S/>
               <w msd="Sozmd" lemma="potreba">potrebam</w>
               <S/>
               <w msd="Sozmr" lemma="žival">živali</w>
               <c>.</c>
               <S/>
            </s>
            <s>
               <w msd="Rsn" lemma="primerno">Primerno</w>
               <S/>
               <w msd="Gp-ste-n" lemma="biti">je</w>
               <c>,</c>
               <S/>
               <w msd="Vd" lemma="da">da</w>
               <S/>
               <w msd="Zotmmt--k" lemma="on">jih</w>
               <S/>
               <w msd="Ggvspm" lemma="kombinirati">kombiniramo</w>
               <S/>
               <w msd="Do" lemma="z">z</w>
               <S/>
               <w msd="Kbzzeo" lemma="drug">drugo</w>
               <S/>
               <w msd="Ppnzeo" lemma="voluminozen">voluminozno</w>
               <S/>
               <w msd="Sozeo" lemma="krma">krmo</w>
               <S/>
               <w msd="Vp" lemma="in">in</w>
               <S/>
               <w msd="Ppnmmo" lemma="močen">močnimi</w>
               <S/>
               <w msd="Sosmo" lemma="krmilo">krmili</w>
               <c>.</c>
               <S/>
            </s>
            <s>
               <w msd="Ppnmmi" lemma="jesenski">Jesenski</w>
               <S/>
               <w msd="Sommi" lemma="pridelek">pridelki</w>
               <S/>
               <w msd="Gp-stm-n" lemma="biti">so</w>
               <S/>
               <w msd="Pdnmmi" lemma="znan">znani</w>
               <S/>
               <w msd="Dm" lemma="po">po</w>
               <S/>
               <w msd="Ppnzem" lemma="nizek">nizki</w>
               <S/>
               <w msd="Sozem" lemma="vsebnost">vsebnosti</w>
               <S/>
               <w msd="Ppnzer" lemma="surov">surove</w>
               <S/>
               <w msd="Sozer" lemma="vlaknina">vlaknine</w>
               <c>,</c>
               <S/>
               <w msd="Ppnmem" lemma="nizek">nizkem</w>
               <S/>
               <w msd="Somem" lemma="delež">deležu</w>
               <S/>
               <w msd="Ppnzer" lemma="suh">suhe</w>
               <S/>
               <w msd="Sozer" lemma="snov">snovi</w>
               <S/>
               <w msd="Vp" lemma="in">in</w>
               <S/>
               <w msd="Do" lemma="z">z</w>
               <S/>
               <w msd="Rsn" lemma="relativno">relativno</w>
               <S/>
               <w msd="Ppnzeo" lemma="visok">visoko</w>
               <S/>
               <w msd="Sozeo" lemma="vsebnost">vsebnostjo</w>
               <S/>
               <w msd="Ppnzmr" lemma="surov">surovih</w>
               <S/>
               <w msd="Sozmr" lemma="beljakovina">beljakovin</w>
               <c>.</c>
               <S/>
            </s>
            <s>
               <w msd="Rsn" lemma="nujno">Nujno</w>
               <S/>
               <w msd="Gp-ste-n" lemma="biti">je</w>
               <c>,</c>
               <S/>
               <w msd="Vd" lemma="da">da</w>
               <S/>
               <w msd="Sometn" lemma="obrok">obrok</w>
               <S/>
               <w msd="Ggdspm" lemma="dopolniti">dopolnimo</w>
               <S/>
               <w msd="Do" lemma="z">s</w>
               <S/>
               <w msd="Soseo" lemma="seno">senom</w>
               <c>,</c>
               <S/>
               <w msd="Rsn" lemma="uvelo">uvelo</w>
               <S/>
               <w msd="Ppnzet" lemma="traven">travno</w>
               <S/>
               <w msd="Sozet" lemma="silaža">silažo</w>
               <S/>
               <w msd="Vp" lemma="ali">ali</w>
               <S/>
               <w msd="L" lemma="celo">celo</w>
               <S/>
               <w msd="Do" lemma="z">s</w>
               <S/>
               <w msd="Sozeo" lemma="slama">slamo</w>
               <c>.</c>
               <S/>
            </s>
            <s>
               <w msd="Do" lemma="z">S</w>
               <S/>
               <w msd="Zk-zeo" lemma="ta">to</w>
               <S/>
               <w msd="Sozeo" lemma="krma">krmo</w>
               <S/>
               <w msd="Ggdspm" lemma="nadoknaditi">nadoknadimo</w>
               <S/>
               <w msd="Soset" lemma="pomanjkanje">pomanjkanje</w>
               <S/>
               <w msd="Ppnzer" lemma="suh">suhe</w>
               <S/>
               <w msd="Sozer" lemma="snov">snovi</w>
               <S/>
               <w msd="Vp" lemma="in">in</w>
               <S/>
               <w msd="Ggdspm" lemma="izboljšati">izboljšamo</w>
               <S/>
               <w msd="Sozet" lemma="strukturnost">strukturnost</w>
               <S/>
               <w msd="Somer" lemma="obrok">obroka</w>
               <c>.</c>
               <S/>
            </s>
            <s>
               <w msd="Dt" lemma="za">Za</w>
               <S/>
               <w msd="Sozet" lemma="izravnava">izravnavo</w>
               <S/>
               <w msd="Soser" lemma="razmerje">razmerja</w>
               <S/>
               <w msd="Do" lemma="med">med</w>
               <S/>
               <w msd="Sozmo" lemma="beljakovina">beljakovinami</w>
               <S/>
               <w msd="Vp" lemma="in">in</w>
               <S/>
               <w msd="Sozeo" lemma="energija">energijo</w>
               <S/>
               <w msd="Dm" lemma="v">v</w>
               <S/>
               <w msd="Somem" lemma="obrok">obroku</w>
               <S/>
               <w msd="Vp" lemma="pa">pa</w>
               <S/>
               <w msd="Ggnspm" lemma="krmiti">krmimo</w>
               <S/>
               <w msd="Ppnzet" lemma="beljakovinski">beljakovinsko</w>
               <S/>
               <w msd="Ppnzet" lemma="reven">revno</w>
               <S/>
               <w msd="Vp" lemma="in">in</w>
               <S/>
               <w msd="Rsn" lemma="energetsko">energetsko</w>
               <S/>
               <w msd="Ppnzet" lemma="bogat">bogato</w>
               <S/>
               <w msd="Ppnzet" lemma="voluminozen">voluminozno</w>
               <S/>
               <w msd="Vp" lemma="in">in</w>
               <S/>
               <w msd="Ppnzet" lemma="močen">močno</w>
               <S/>
               <w msd="Sozet" lemma="krma">krmo</w>
               <c>:</c>
               <S/>
               <w msd="Ppnzet" lemma="koruzen">koruzno</w>
               <S/>
               <w msd="Sozet" lemma="silaža">silažo</w>
               <c>,</c>
               <S/>
               <w msd="Ppnmmt" lemma="pesen">pesne</w>
               <S/>
               <w msd="Sommt" lemma="rezanec">rezance</w>
               <S/>
               <w msd="Vp" lemma="in">in</w>
               <S/>
               <w msd="Soser" lemma="žito">žita</w>
               <c>.</c>
            </s>
         </p>
         <p xml:id="F0000608.002055">
            <s>
               <w msd="Kag" lemma="10.00">10.00</w>
               <S/>
               <w msd="Soser" lemma="poročilo">Poročila</w>
               <S/>
               <c>-</c>
               <S/>
               <w msd="Kag" lemma="10.05">10.05</w>
               <S/>
               <w msd="Dt" lemma="za">Za</w>
               <S/>
               <w msd="Sommt" lemma="otrok">otroke</w>
               <S/>
               <c>-</c>
               <S/>
               <w msd="Kag" lemma="12.00">12.00</w>
               <S/>
               <w msd="Somei" lemma="dnevnik">Dnevnik</w>
               <S/>
               <c>-</c>
               <S/>
               <w msd="Kag" lemma="12.40">12.40</w>
               <S/>
               <w msd="Zspzeim" lemma="naš">Naša</w>
               <S/>
               <w msd="Sozei" lemma="zemlja">zemlja</w>
               <S/>
               <c>-</c>
               <S/>
               <w msd="Kag" lemma="13.35">13.35</w>
               <S/>
               <w msd="Ppnmeid" lemma="poleten">Poletni</w>
               <S/>
               <w msd="Somei" lemma="retrovizor">retrovizor</w>
               <S/>
               <c>-</c>
               <S/>
               <w msd="Kag" lemma="15.40">15.40</w>
               <S/>
               <w msd="Slmei" lemma="Jug">Jug</w>
               <S/>
               <w msd="Slmer" lemma="Brooklyn">Brooklyna</w>
               <c>,</c>
               <S/>
               <w msd="Sozei" lemma="serija">serija</w>
               <S/>
               <c>-</c>
               <S/>
               <w msd="Kag" lemma="16.25">16.25</w>
               <S/>
               <w msd="Sozei" lemma="glasba">Glasba</w>
               <S/>
               <c>-</c>
               <S/>
               <w msd="Kag" lemma="16.35">16.35</w>
               <S/>
               <w msd="Dt" lemma="za">Za</w>
               <S/>
               <w msd="Sommt" lemma="otrok">otroke</w>
               <S/>
               <c>-</c>
               <S/>
               <w msd="Kag" lemma="17.05">17.05</w>
               <S/>
               <w msd="Slmei" lemma="Hugo">Hugo</w>
               <c>,</c>
               <S/>
               <w msd="Somei" lemma="TV">TV</w>
               <S/>
               <w msd="Sozei" lemma="igra">igra</w>
               <S/>
               <c>-</c>
               <S/>
               <w msd="Kag" lemma="17.30">17.30</w>
               <S/>
               <w msd="Slzei" lemma="Hrvaška">Hrvaška</w>
               <S/>
               <w msd="Rsn" lemma="danes">danes</w>
               <S/>
               <c>-</c>
               <S/>
               <w msd="Kag" lemma="18.00">18.00</w>
               <S/>
               <w msd="Ppnzei" lemma="izobraževalen">Izobraževalna</w>
               <S/>
               <w msd="O" lemma="odd.">odd.</w>
               <S/>
               <c>-</c>
               <S/>
               <w msd="Kag" lemma="18.35">18.35</w>
               <S/>
               <w msd="Sosei" lemma="kolo">Kolo</w>
               <S/>
               <w msd="Sozer" lemma="sreča">sreče</w>
               <S/>
               <c>-</c>
               <S/>
               <w msd="Kag" lemma="19.00">19.00</w>
               <S/>
               <w msd="Somei" lemma="kviz">Kviz</w>
               <S/>
               <c>-</c>
               <S/>
               <w msd="Kag" lemma="19.15">19.15</w>
               <S/>
               <w msd="Sozei" lemma="risanka">Risanka</w>
               <S/>
               <c>-</c>
               <S/>
               <w msd="Kag" lemma="19.30">19.30</w>
               <S/>
               <w msd="Somei" lemma="dnevnik">Dnevnik</w>
               <S/>
               <c>-</c>
               <S/>
               <w msd="Kag" lemma="20.15">20.15</w>
               <S/>
               <w msd="O" lemma="dok.">Dok.</w>
               <S/>
               <w msd="O" lemma="odd.">odd.</w>
               <S/>
               <c>-</c>
               <S/>
               <w msd="Kag" lemma="20.45">20.45</w>
               <S/>
               <w msd="Dm" lemma="v">V</w>
               <S/>
               <w msd="Ppnmem" lemma="velik">velikem</w>
               <S/>
               <w msd="Somem" lemma="plan">planu</w>
               <S/>
               <c>-</c>
               <S/>
               <w msd="Kag" lemma="22.30">22.30</w>
               <S/>
               <w msd="Sommi" lemma="odmev">Odmevi</w>
               <S/>
               <w msd="Somer" lemma="dan">dneva</w>
               <S/>
               <c>-</c>
               <S/>
               <w msd="Kag" lemma="22.50">22.50</w>
               <S/>
               <w msd="Ppnmeid" lemma="poleten">Poletni</w>
               <S/>
               <w msd="Somei" lemma="retrovizor">retrovizor</w>
               <S/>
               <c>-</c>
               <S/>
               <w msd="Kag" lemma="0.50">0.50</w>
               <S/>
               <w msd="Somei" lemma="film">Film</w>
               <S/>
               <c>-</c>
               <S/>
               <w msd="Kag" lemma="2.30">2.30</w>
               <S/>
               <w msd="Ppnmetd" lemma="nočen">Nočni</w>
               <S/>
               <w msd="Sometn" lemma="program">program</w>
               <c>.</c>
               <S/>
            </s>
         </p>
         <p xml:id="F0000608.002194">
            <s>
               <w msd="Ppnzei" lemma="kmetijski">Kmetijska</w>
               <S/>
               <w msd="Ppnzei" lemma="svetovalen">svetovalna</w>
               <S/>
               <w msd="Sozei" lemma="služba">služba</w>
               <S/>
               <w msd="Dm" lemma="v">v</w>
               <S/>
               <w msd="Zp-zmm" lemma="svoj">svojih</w>
               <S/>
               <w msd="Sozmm" lemma="publikacija">publikacijah</w>
               <S/>
               <w msd="Dm" lemma="pri">pri</w>
               <S/>
               <w msd="Sosem" lemma="obravnavanje">obravnavanju</w>
               <S/>
               <w msd="Ppnsmr" lemma="strokoven">strokovnih</w>
               <S/>
               <w msd="Sosmr" lemma="področje">področij</w>
               <S/>
               <w msd="Vp" lemma="in">in</w>
               <S/>
               <w msd="Zk-sem" lemma="ta">tem</w>
               <S/>
               <w msd="Rsn" lemma="običajno">običajno</w>
               <S/>
               <w msd="Ggdste" lemma="navesti">navede</w>
               <S/>
               <w msd="Ppnzet" lemma="praven">pravno</w>
               <S/>
               <w msd="Sozet" lemma="podlaga">podlago</w>
               <c>.</c>
               <S/>
            </s>
         </p>
      </body>
   </text>
</TEI>